{
"type": "FeatureCollection",
"name": "counties",
"crs": { "type": "name", "properties": { "name": "urn:ogc:def:crs:OGC:1.3:CRS84" } },
"features": [
{ "type": "Feature", "properties": { "county_name": "马山县" }, "geometry": { "type": "Polygon", "coordinates": [ [ [ 107.870701, 23.446106 ], [ 107.869462, 23.445398 ], [ 107.867443, 23.443402 ], [ 107.867434, 23.441961 ], [ 107.865727, 23.439812 ], [ 107.863864, 23.438391 ], [ 107.857505, 23.435259 ], [ 107.854707, 23.433484 ], [ 107.853382, 23.433104 ], [ 107.850211, 23.433823 ], [ 107.847232, 23.435441 ], [ 107.845465, 23.43605 ], [ 107.843698, 23.436169 ], [ 107.84226, 23.435214 ], [ 107.841602, 23.433422 ], [ 107.840416, 23.431725 ], [ 107.839142, 23.430193 ], [ 107.838189, 23.429223 ], [ 107.837003, 23.428272 ], [ 107.835323, 23.427663 ], [ 107.833721, 23.428704 ], [ 107.832188, 23.431005 ], [ 107.830958, 23.43216 ], [ 107.829711, 23.432744 ], [ 107.82713, 23.433521 ], [ 107.825077, 23.43198 ], [ 107.823553, 23.431084 ], [ 107.822288, 23.430186 ], [ 107.821041, 23.43021 ], [ 107.820045, 23.430694 ], [ 107.819066, 23.431638 ], [ 107.817092, 23.433065 ], [ 107.815983, 23.433748 ], [ 107.812787, 23.432975 ], [ 107.810301, 23.432842 ], [ 107.80875, 23.433279 ], [ 107.807364, 23.434581 ], [ 107.805805, 23.435163 ], [ 107.80363, 23.434744 ], [ 107.801456, 23.433467 ], [ 107.800355, 23.431886 ], [ 107.798483, 23.430891 ], [ 107.796308, 23.430616 ], [ 107.794289, 23.430627 ], [ 107.792729, 23.431064 ], [ 107.791031, 23.432361 ], [ 107.789497, 23.434948 ], [ 107.788249, 23.4361 ], [ 107.786706, 23.43697 ], [ 107.786765, 23.437496 ], [ 107.786555, 23.437534 ], [ 107.786313, 23.437404 ], [ 107.786205, 23.437111 ], [ 107.783603, 23.437842 ], [ 107.780196, 23.438717 ], [ 107.77802, 23.439446 ], [ 107.775687, 23.440176 ], [ 107.77384, 23.442477 ], [ 107.771993, 23.44621 ], [ 107.771221, 23.447794 ], [ 107.770137, 23.449089 ], [ 107.769062, 23.449806 ], [ 107.767804, 23.449665 ], [ 107.765939, 23.448668 ], [ 107.763588, 23.446676 ], [ 107.761878, 23.445531 ], [ 107.759536, 23.444533 ], [ 107.758286, 23.444247 ], [ 107.756273, 23.44411 ], [ 107.753461, 23.443401 ], [ 107.749259, 23.442693 ], [ 107.746759, 23.442844 ], [ 107.745049, 23.443568 ], [ 107.742887, 23.445152 ], [ 107.741333, 23.446597 ], [ 107.738241, 23.449325 ], [ 107.736852, 23.450902 ], [ 107.736861, 23.45205 ], [ 107.73812, 23.454343 ], [ 107.739067, 23.457924 ], [ 107.740639, 23.45979 ], [ 107.741577, 23.461366 ], [ 107.741586, 23.463662 ], [ 107.740665, 23.466101 ], [ 107.739736, 23.466964 ], [ 107.739128, 23.468257 ], [ 107.739597, 23.46969 ], [ 107.739302, 23.471845 ], [ 107.738529, 23.473991 ], [ 107.737869, 23.474526 ], [ 107.736063, 23.476144 ], [ 107.734664, 23.476716 ], [ 107.733735, 23.477432 ], [ 107.733118, 23.478289 ], [ 107.732971, 23.47958 ], [ 107.733752, 23.481571 ], [ 107.73516, 23.483564 ], [ 107.736411, 23.484702 ], [ 107.736724, 23.485705 ], [ 107.737036, 23.487699 ], [ 107.736576, 23.489559 ], [ 107.735803, 23.491128 ], [ 107.733953, 23.493129 ], [ 107.731634, 23.494705 ], [ 107.729766, 23.496429 ], [ 107.729471, 23.498709 ], [ 107.729627, 23.500567 ], [ 107.730262, 23.503419 ], [ 107.7312, 23.505697 ], [ 107.732095, 23.507024 ], [ 107.732738, 23.509667 ], [ 107.735483, 23.513391 ], [ 107.737159, 23.516971 ], [ 107.738133, 23.521053 ], [ 107.737652, 23.525309 ], [ 107.737247, 23.529595 ], [ 107.734824, 23.533243 ], [ 107.730628, 23.536755 ], [ 107.721279, 23.543087 ], [ 107.720306, 23.544548 ], [ 107.719385, 23.546687 ], [ 107.718151, 23.55126 ], [ 107.717386, 23.552693 ], [ 107.7163, 23.554048 ], [ 107.719568, 23.553171 ], [ 107.722262, 23.553949 ], [ 107.724087, 23.55577 ], [ 107.726824, 23.558602 ], [ 107.729552, 23.561022 ], [ 107.731829, 23.563244 ], [ 107.734548, 23.565254 ], [ 107.736354, 23.566457 ], [ 107.737917, 23.566636 ], [ 107.739402, 23.565619 ], [ 107.740228, 23.564856 ], [ 107.741695, 23.563656 ], [ 107.742919, 23.563125 ], [ 107.744273, 23.563699 ], [ 107.745585, 23.564723 ], [ 107.746966, 23.565601 ], [ 107.748407, 23.565772 ], [ 107.749605, 23.566024 ], [ 107.750811, 23.566669 ], [ 107.751671, 23.567398 ], [ 107.752287, 23.56821 ], [ 107.752747, 23.569963 ], [ 107.753494, 23.571087 ], [ 107.754526, 23.571968 ], [ 107.755984, 23.572608 ], [ 107.757312, 23.57286 ], [ 107.758753, 23.57299 ], [ 107.760454, 23.572725 ], [ 107.767793, 23.572436 ], [ 107.769424, 23.571465 ], [ 107.772529, 23.569803 ], [ 107.776815, 23.567896 ], [ 107.778824, 23.567057 ], [ 107.784789, 23.566033 ], [ 107.788637, 23.566569 ], [ 107.791471, 23.566586 ], [ 107.792962, 23.566557 ], [ 107.794019, 23.566732 ], [ 107.794713, 23.567189 ], [ 107.795189, 23.567806 ], [ 107.795328, 23.568468 ], [ 107.795259, 23.569254 ], [ 107.794981, 23.569925 ], [ 107.794279, 23.570722 ], [ 107.793326, 23.571797 ], [ 107.792997, 23.572586 ], [ 107.793101, 23.573408 ], [ 107.793508, 23.574416 ], [ 107.793786, 23.575705 ], [ 107.793786, 23.577662 ], [ 107.793612, 23.579427 ], [ 107.79376, 23.580403 ], [ 107.793933, 23.580785 ], [ 107.795389, 23.58231 ], [ 107.796854, 23.584728 ], [ 107.797972, 23.587317 ], [ 107.799064, 23.589091 ], [ 107.800857, 23.590361 ], [ 107.802469, 23.591147 ], [ 107.804782, 23.591753 ], [ 107.80687, 23.591819 ], [ 107.807052, 23.592066 ], [ 107.808923, 23.592907 ], [ 107.810023, 23.594042 ], [ 107.810959, 23.595603 ], [ 107.811444, 23.598171 ], [ 107.811453, 23.59959 ], [ 107.810994, 23.60188 ], [ 107.811158, 23.603297 ], [ 107.812103, 23.604003 ], [ 107.813809, 23.604705 ], [ 107.816001, 23.605117 ], [ 107.817396, 23.606254 ], [ 107.81743, 23.606619 ], [ 107.818071, 23.606783 ], [ 107.82002, 23.606497 ], [ 107.821605, 23.605728 ], [ 107.822722, 23.604066 ], [ 107.823467, 23.601673 ], [ 107.82467, 23.600011 ], [ 107.826359, 23.599895 ], [ 107.827615, 23.600607 ], [ 107.833886, 23.607365 ], [ 107.837567, 23.609421 ], [ 107.839983, 23.610194 ], [ 107.842191, 23.609903 ], [ 107.844296, 23.60863 ], [ 107.84621, 23.606706 ], [ 107.846946, 23.604068 ], [ 107.846625, 23.597436 ], [ 107.847301, 23.59562 ], [ 107.849154, 23.595172 ], [ 107.851294, 23.595622 ], [ 107.852437, 23.596121 ], [ 107.853633, 23.597519 ], [ 107.853988, 23.598036 ], [ 107.854689, 23.598591 ], [ 107.85728, 23.600476 ], [ 107.860069, 23.601748 ], [ 107.861282, 23.601826 ], [ 107.863379, 23.601682 ], [ 107.865146, 23.601545 ], [ 107.866273, 23.601586 ], [ 107.866342, 23.601441 ], [ 107.867113, 23.601012 ], [ 107.868353, 23.601438 ], [ 107.87051, 23.600424 ], [ 107.871221, 23.599692 ], [ 107.872234, 23.599981 ], [ 107.874479, 23.601107 ], [ 107.874835, 23.602851 ], [ 107.875823, 23.604877 ], [ 107.877426, 23.605721 ], [ 107.879949, 23.60538 ], [ 107.883122, 23.605609 ], [ 107.887613, 23.608444 ], [ 107.891429, 23.612941 ], [ 107.890397, 23.617306 ], [ 107.891065, 23.619178 ], [ 107.893233, 23.620693 ], [ 107.897406, 23.620613 ], [ 107.901517, 23.621684 ], [ 107.904676, 23.623508 ], [ 107.906941, 23.625598 ], [ 107.907263, 23.627968 ], [ 107.905848, 23.632503 ], [ 107.905562, 23.635378 ], [ 107.905501, 23.636935 ], [ 107.906248, 23.638233 ], [ 107.907984, 23.639381 ], [ 107.911126, 23.640121 ], [ 107.916195, 23.640028 ], [ 107.916656, 23.64016 ], [ 107.920893, 23.639386 ], [ 107.923194, 23.639344 ], [ 107.924723, 23.639396 ], [ 107.925496, 23.63993 ], [ 107.925687, 23.640709 ], [ 107.925714, 23.641883 ], [ 107.925662, 23.643449 ], [ 107.925696, 23.64478 ], [ 107.926487, 23.646019 ], [ 107.928138, 23.647399 ], [ 107.930275, 23.648065 ], [ 107.932647, 23.647631 ], [ 107.934168, 23.646978 ], [ 107.935523, 23.646876 ], [ 107.936558, 23.64725 ], [ 107.937253, 23.647943 ], [ 107.937531, 23.648955 ], [ 107.936227, 23.651642 ], [ 107.935671, 23.653216 ], [ 107.935967, 23.655013 ], [ 107.937019, 23.656637 ], [ 107.938661, 23.657705 ], [ 107.940365, 23.657755 ], [ 107.942225, 23.657018 ], [ 107.944451, 23.654889 ], [ 107.947267, 23.652911 ], [ 107.948867, 23.651377 ], [ 107.953703, 23.648755 ], [ 107.956137, 23.647148 ], [ 107.958225, 23.645469 ], [ 107.959904, 23.644032 ], [ 107.9608, 23.64245 ], [ 107.961357, 23.640718 ], [ 107.961583, 23.639149 ], [ 107.962392, 23.637491 ], [ 107.964228, 23.635502 ], [ 107.964793, 23.634396 ], [ 107.964941, 23.633221 ], [ 107.964906, 23.631654 ], [ 107.965036, 23.630164 ], [ 107.965515, 23.628746 ], [ 107.965984, 23.627916 ], [ 107.968491, 23.627054 ], [ 107.97265, 23.625852 ], [ 107.976384, 23.625792 ], [ 107.978081, 23.625764 ], [ 107.983034, 23.626816 ], [ 107.987543, 23.629463 ], [ 107.991548, 23.632117 ], [ 107.994795, 23.633542 ], [ 107.996075, 23.635813 ], [ 107.996528, 23.637058 ], [ 107.996554, 23.63831 ], [ 107.996337, 23.639802 ], [ 107.994604, 23.64625 ], [ 107.993743, 23.649239 ], [ 107.994204, 23.651111 ], [ 107.995528, 23.652736 ], [ 107.996668, 23.654204 ], [ 107.997382, 23.655601 ], [ 107.997443, 23.658264 ], [ 107.997435, 23.661551 ], [ 107.997244, 23.664607 ], [ 107.997304, 23.66727 ], [ 107.997374, 23.668251 ], [ 107.997583, 23.668588 ], [ 108.000692, 23.673488 ], [ 108.001388, 23.674 ], [ 108.002433, 23.674005 ], [ 108.0044, 23.672458 ], [ 108.006612, 23.672249 ], [ 108.011696, 23.672716 ], [ 108.015771, 23.674318 ], [ 108.018331, 23.676125 ], [ 108.019924, 23.677561 ], [ 108.018687, 23.678738 ], [ 108.017965, 23.681993 ], [ 108.019785, 23.682488 ], [ 108.019741, 23.684244 ], [ 108.020142, 23.686968 ], [ 108.020934, 23.690431 ], [ 108.022014, 23.691389 ], [ 108.024764, 23.691349 ], [ 108.023398, 23.69384 ], [ 108.026306, 23.69469 ], [ 108.028325, 23.695279 ], [ 108.030327, 23.696602 ], [ 108.030144, 23.700453 ], [ 108.035845, 23.705879 ], [ 108.038717, 23.707767 ], [ 108.03689, 23.71095 ], [ 108.039196, 23.712904 ], [ 108.038804, 23.716613 ], [ 108.040667, 23.716956 ], [ 108.042633, 23.718354 ], [ 108.042816, 23.720672 ], [ 108.04165, 23.721977 ], [ 108.041041, 23.722158 ], [ 108.039666, 23.722569 ], [ 108.038866, 23.721632 ], [ 108.038187, 23.721172 ], [ 108.038065, 23.721803 ], [ 108.038422, 23.722952 ], [ 108.038213, 23.724344 ], [ 108.038178, 23.724596 ], [ 108.037587, 23.724711 ], [ 108.036246, 23.72456 ], [ 108.035533, 23.724845 ], [ 108.035341, 23.725242 ], [ 108.035272, 23.725762 ], [ 108.035994, 23.726679 ], [ 108.035907, 23.728341 ], [ 108.036952, 23.729591 ], [ 108.036351, 23.729841 ], [ 108.035646, 23.729822 ], [ 108.035002, 23.729688 ], [ 108.034611, 23.729012 ], [ 108.034767, 23.728056 ], [ 108.034454, 23.726749 ], [ 108.033914, 23.726264 ], [ 108.033531, 23.726775 ], [ 108.030859, 23.729694 ], [ 108.029023, 23.728427 ], [ 108.027796, 23.729276 ], [ 108.029214, 23.731189 ], [ 108.028466, 23.732695 ], [ 108.027848, 23.733296 ], [ 108.026839, 23.733216 ], [ 108.024741, 23.73393 ], [ 108.024149, 23.734134 ], [ 108.024645, 23.737566 ], [ 108.024329, 23.740601 ], [ 108.024025, 23.742899 ], [ 108.023296, 23.744369 ], [ 108.022649, 23.746182 ], [ 108.022811, 23.748825 ], [ 108.022407, 23.75189 ], [ 108.02182, 23.753119 ], [ 108.02045, 23.754656 ], [ 108.017186, 23.758189 ], [ 108.016761, 23.759257 ], [ 108.016782, 23.760063 ], [ 108.017482, 23.760939 ], [ 108.01838, 23.761863 ], [ 108.018683, 23.762719 ], [ 108.018623, 23.763659 ], [ 108.018886, 23.764588 ], [ 108.019898, 23.765639 ], [ 108.020564, 23.766481 ], [ 108.020869, 23.767599 ], [ 108.021025, 23.768989 ], [ 108.021113, 23.770968 ], [ 108.021396, 23.773006 ], [ 108.021922, 23.77624 ], [ 108.022941, 23.778382 ], [ 108.024452, 23.780539 ], [ 108.026127, 23.782275 ], [ 108.028207, 23.783741 ], [ 108.029732, 23.784184 ], [ 108.032302, 23.784373 ], [ 108.034122, 23.784499 ], [ 108.035458, 23.78503 ], [ 108.038006, 23.786405 ], [ 108.039766, 23.787317 ], [ 108.040827, 23.788315 ], [ 108.041671, 23.7901 ], [ 108.043724, 23.791672 ], [ 108.051215, 23.797275 ], [ 108.053054, 23.798403 ], [ 108.054688, 23.799359 ], [ 108.056822, 23.800234 ], [ 108.058359, 23.800673 ], [ 108.059345, 23.800675 ], [ 108.060266, 23.800515 ], [ 108.061474, 23.79981 ], [ 108.06371, 23.798536 ], [ 108.065989, 23.797524 ], [ 108.067606, 23.796736 ], [ 108.069153, 23.796088 ], [ 108.071032, 23.795805 ], [ 108.074141, 23.795972 ], [ 108.076768, 23.795715 ], [ 108.079514, 23.794943 ], [ 108.083423, 23.793398 ], [ 108.085374, 23.793159 ], [ 108.088952, 23.793171 ], [ 108.093311, 23.794766 ], [ 108.096155, 23.79677 ], [ 108.098052, 23.799352 ], [ 108.10029, 23.803105 ], [ 108.101703, 23.806149 ], [ 108.103075, 23.808308 ], [ 108.104204, 23.809719 ], [ 108.10608, 23.811051 ], [ 108.110391, 23.812597 ], [ 108.111484, 23.813369 ], [ 108.112256, 23.81418 ], [ 108.113078, 23.816192 ], [ 108.113481, 23.81837 ], [ 108.114469, 23.821294 ], [ 108.114711, 23.823074 ], [ 108.114711, 23.824507 ], [ 108.115255, 23.827929 ], [ 108.116372, 23.831254 ], [ 108.118284, 23.834882 ], [ 108.127033, 23.843849 ], [ 108.126683, 23.845922 ], [ 108.12673, 23.846899 ], [ 108.129504, 23.851298 ], [ 108.132711, 23.852967 ], [ 108.136247, 23.853028 ], [ 108.139174, 23.852152 ], [ 108.141871, 23.850797 ], [ 108.142183, 23.850508 ], [ 108.144434, 23.847654 ], [ 108.145602, 23.8462 ], [ 108.150776, 23.843663 ], [ 108.152347, 23.842519 ], [ 108.154119, 23.840862 ], [ 108.154657, 23.840003 ], [ 108.157645, 23.835336 ], [ 108.160659, 23.828744 ], [ 108.162811, 23.825699 ], [ 108.165327, 23.823829 ], [ 108.167365, 23.822615 ], [ 108.169127, 23.821981 ], [ 108.171319, 23.821609 ], [ 108.174108, 23.821612 ], [ 108.176927, 23.822042 ], [ 108.180374, 23.823245 ], [ 108.182041, 23.824589 ], [ 108.183243, 23.826089 ], [ 108.183872, 23.828079 ], [ 108.184225, 23.829289 ], [ 108.1842, 23.830373 ], [ 108.183445, 23.831333 ], [ 108.181046, 23.833483 ], [ 108.178739, 23.835325 ], [ 108.177205, 23.837421 ], [ 108.176092, 23.840244 ], [ 108.176007, 23.842286 ], [ 108.176199, 23.844406 ], [ 108.17801, 23.848639 ], [ 108.180401, 23.853223 ], [ 108.182216, 23.855893 ], [ 108.186876, 23.860804 ], [ 108.191241, 23.864423 ], [ 108.194291, 23.866861 ], [ 108.196356, 23.868321 ], [ 108.203051, 23.871612 ], [ 108.205067, 23.867519 ], [ 108.205032, 23.864174 ], [ 108.205015, 23.862922 ], [ 108.207492, 23.858784 ], [ 108.208575, 23.855649 ], [ 108.209043, 23.854937 ], [ 108.212258, 23.854217 ], [ 108.212569, 23.852502 ], [ 108.21419, 23.852494 ], [ 108.215273, 23.852488 ], [ 108.216703, 23.851521 ], [ 108.218809, 23.852191 ], [ 108.21887, 23.854035 ], [ 108.219086, 23.854865 ], [ 108.221323, 23.854867 ], [ 108.222926, 23.850034 ], [ 108.223845, 23.846759 ], [ 108.22446, 23.844338 ], [ 108.225084, 23.841777 ], [ 108.223194, 23.835104 ], [ 108.222899, 23.831228 ], [ 108.224858, 23.831054 ], [ 108.224997, 23.830868 ], [ 108.225621, 23.830149 ], [ 108.225777, 23.829435 ], [ 108.225768, 23.828723 ], [ 108.225318, 23.827663 ], [ 108.22309, 23.82565 ], [ 108.225404, 23.82376 ], [ 108.230077, 23.822749 ], [ 108.231074, 23.823909 ], [ 108.231837, 23.82355 ], [ 108.232774, 23.82269 ], [ 108.234326, 23.818403 ], [ 108.231837, 23.815337 ], [ 108.230085, 23.815119 ], [ 108.230232, 23.812371 ], [ 108.230839, 23.810037 ], [ 108.232591, 23.806875 ], [ 108.23462, 23.807128 ], [ 108.235704, 23.80816 ], [ 108.236632, 23.808747 ], [ 108.237586, 23.80808 ], [ 108.241888, 23.80508 ], [ 108.243666, 23.80509 ], [ 108.244586, 23.807884 ], [ 108.245298, 23.810856 ], [ 108.246061, 23.814029 ], [ 108.252257, 23.814189 ], [ 108.251814, 23.812451 ], [ 108.252942, 23.810275 ], [ 108.251918, 23.808971 ], [ 108.251128, 23.808982 ], [ 108.249913, 23.808995 ], [ 108.249653, 23.804563 ], [ 108.253436, 23.803769 ], [ 108.256431, 23.801279 ], [ 108.257103, 23.803806 ], [ 108.260055, 23.805843 ], [ 108.258736, 23.807802 ], [ 108.255867, 23.807581 ], [ 108.256188, 23.809004 ], [ 108.257086, 23.810069 ], [ 108.258336, 23.810924 ], [ 108.261166, 23.81399 ], [ 108.263988, 23.817659 ], [ 108.267766, 23.81603 ], [ 108.268504, 23.81362 ], [ 108.267991, 23.811023 ], [ 108.270362, 23.809896 ], [ 108.273541, 23.811779 ], [ 108.274505, 23.811357 ], [ 108.271248, 23.807339 ], [ 108.271578, 23.806601 ], [ 108.272359, 23.805884 ], [ 108.273288, 23.80488 ], [ 108.273749, 23.803878 ], [ 108.273749, 23.803162 ], [ 108.273427, 23.802019 ], [ 108.275946, 23.801394 ], [ 108.277093, 23.798433 ], [ 108.27731, 23.798434 ], [ 108.279334, 23.798429 ], [ 108.281054, 23.798999 ], [ 108.282471, 23.799569 ], [ 108.282792, 23.800428 ], [ 108.282792, 23.801142 ], [ 108.282488, 23.803003 ], [ 108.282506, 23.804864 ], [ 108.282827, 23.806438 ], [ 108.282402, 23.808767 ], [ 108.284739, 23.811297 ], [ 108.284122, 23.812587 ], [ 108.282906, 23.814402 ], [ 108.283706, 23.815613 ], [ 108.285313, 23.818057 ], [ 108.285983, 23.819078 ], [ 108.289971, 23.819232 ], [ 108.290111, 23.819304 ], [ 108.290736, 23.820017 ], [ 108.291684, 23.821163 ], [ 108.292005, 23.822164 ], [ 108.291475, 23.823554 ], [ 108.29676, 23.826019 ], [ 108.303446, 23.829133 ], [ 108.30442, 23.831328 ], [ 108.305368, 23.833449 ], [ 108.307028, 23.836511 ], [ 108.309194, 23.839519 ], [ 108.306733, 23.840205 ], [ 108.304864, 23.840814 ], [ 108.301873, 23.841787 ], [ 108.299065, 23.840965 ], [ 108.29763, 23.842879 ], [ 108.294484, 23.841518 ], [ 108.294223, 23.841656 ], [ 108.292502, 23.843079 ], [ 108.290946, 23.845924 ], [ 108.290642, 23.847203 ], [ 108.290816, 23.848906 ], [ 108.291285, 23.849898 ], [ 108.292224, 23.850464 ], [ 108.293328, 23.851596 ], [ 108.296518, 23.852912 ], [ 108.296788, 23.854475 ], [ 108.293658, 23.855568 ], [ 108.292703, 23.856773 ], [ 108.296284, 23.85968 ], [ 108.293972, 23.862124 ], [ 108.297719, 23.863396 ], [ 108.29625, 23.86867 ], [ 108.298544, 23.869823 ], [ 108.301753, 23.867079 ], [ 108.302031, 23.867329 ], [ 108.304378, 23.868886 ], [ 108.307222, 23.871434 ], [ 108.308943, 23.872708 ], [ 108.311309, 23.874974 ], [ 108.3131, 23.876934 ], [ 108.317562, 23.881791 ], [ 108.316979, 23.883885 ], [ 108.314622, 23.884386 ], [ 108.314031, 23.885613 ], [ 108.317649, 23.890201 ], [ 108.316701, 23.893349 ], [ 108.313153, 23.893371 ], [ 108.312823, 23.897588 ], [ 108.315432, 23.897731 ], [ 108.317867, 23.899376 ], [ 108.319441, 23.900507 ], [ 108.321685, 23.903489 ], [ 108.327695, 23.90429 ], [ 108.327765, 23.904318 ], [ 108.33047, 23.905827 ], [ 108.328417, 23.908719 ], [ 108.329383, 23.911981 ], [ 108.33361, 23.913146 ], [ 108.34082, 23.912239 ], [ 108.344569, 23.91644 ], [ 108.346299, 23.915226 ], [ 108.347882, 23.91158 ], [ 108.348796, 23.910872 ], [ 108.359944, 23.917009 ], [ 108.362596, 23.916709 ], [ 108.364004, 23.916419 ], [ 108.365913, 23.916107 ], [ 108.36683, 23.917111 ], [ 108.367934, 23.918097 ], [ 108.36856, 23.918801 ], [ 108.369038, 23.919506 ], [ 108.369038, 23.920359 ], [ 108.3663, 23.922884 ], [ 108.36783, 23.926175 ], [ 108.36783, 23.92834 ], [ 108.365318, 23.931768 ], [ 108.365431, 23.934439 ], [ 108.36757, 23.936065 ], [ 108.367979, 23.939786 ], [ 108.368248, 23.942215 ], [ 108.367631, 23.944646 ], [ 108.365493, 23.946276 ], [ 108.366232, 23.947458 ], [ 108.367327, 23.949206 ], [ 108.368397, 23.954841 ], [ 108.366571, 23.955862 ], [ 108.365328, 23.956559 ], [ 108.365841, 23.959807 ], [ 108.366058, 23.961174 ], [ 108.364146, 23.962385 ], [ 108.362146, 23.968536 ], [ 108.361051, 23.968966 ], [ 108.360581, 23.968681 ], [ 108.36026, 23.967965 ], [ 108.360251, 23.966822 ], [ 108.360251, 23.965536 ], [ 108.359459, 23.964678 ], [ 108.356851, 23.963528 ], [ 108.354599, 23.965385 ], [ 108.354938, 23.969286 ], [ 108.355104, 23.971263 ], [ 108.356547, 23.975838 ], [ 108.358478, 23.977715 ], [ 108.35773, 23.980764 ], [ 108.357999, 23.981558 ], [ 108.358478, 23.98227 ], [ 108.35926, 23.982842 ], [ 108.359895, 23.983127 ], [ 108.360834, 23.983556 ], [ 108.361773, 23.983413 ], [ 108.363495, 23.982552 ], [ 108.367885, 23.981829 ], [ 108.368676, 23.982544 ], [ 108.370085, 23.983824 ], [ 108.370911, 23.986769 ], [ 108.37125, 23.992697 ], [ 108.37158, 23.994841 ], [ 108.371737, 23.995984 ], [ 108.372232, 23.997332 ], [ 108.372389, 23.997673 ], [ 108.372224, 23.998694 ], [ 108.370651, 24.000439 ], [ 108.368764, 24.001017 ], [ 108.367512, 24.000721 ], [ 108.365434, 24.000436 ], [ 108.364709, 24.000617 ], [ 108.364236, 24.000899 ], [ 108.363825, 24.001466 ], [ 108.36403, 24.002502 ], [ 108.366872, 24.005894 ], [ 108.36924, 24.008143 ], [ 108.371962, 24.010825 ], [ 108.374725, 24.012798 ], [ 108.377448, 24.014417 ], [ 108.380446, 24.015641 ], [ 108.385574, 24.017221 ], [ 108.392791, 24.020693 ], [ 108.398587, 24.024359 ], [ 108.401504, 24.026684 ], [ 108.4058, 24.02956 ], [ 108.410056, 24.030938 ], [ 108.412656, 24.031411 ], [ 108.415815, 24.031794 ], [ 108.4188, 24.031774 ], [ 108.420231, 24.031888 ], [ 108.422469, 24.032064 ], [ 108.429303, 24.032943 ], [ 108.432528, 24.032927 ], [ 108.440459, 24.030404 ], [ 108.443077, 24.029346 ], [ 108.444853, 24.028629 ], [ 108.44915, 24.026116 ], [ 108.451749, 24.02381 ], [ 108.452832, 24.021847 ], [ 108.453066, 24.020102 ], [ 108.452303, 24.016939 ], [ 108.452138, 24.015373 ], [ 108.452874, 24.013634 ], [ 108.454096, 24.012109 ], [ 108.454408, 24.011724 ], [ 108.45633, 24.010418 ], [ 108.458287, 24.010171 ], [ 108.459309, 24.010648 ], [ 108.46002, 24.010979 ], [ 108.461448, 24.012056 ], [ 108.466524, 24.015232 ], [ 108.469448, 24.017493 ], [ 108.472593, 24.018966 ], [ 108.475328, 24.01981 ], [ 108.477245, 24.020057 ], [ 108.478503, 24.019833 ], [ 108.479888, 24.019067 ], [ 108.481809, 24.015413 ], [ 108.483056, 24.013061 ], [ 108.486941, 24.007926 ], [ 108.489052, 24.005952 ], [ 108.490368, 24.00505 ], [ 108.492505, 24.002736 ], [ 108.494677, 23.999582 ], [ 108.496105, 23.997196 ], [ 108.496087, 23.995619 ], [ 108.498484, 23.99205 ], [ 108.498804, 23.990413 ], [ 108.497281, 23.990192 ], [ 108.493621, 23.989659 ], [ 108.488844, 23.990221 ], [ 108.487633, 23.989765 ], [ 108.487053, 23.988934 ], [ 108.484603, 23.985414 ], [ 108.482947, 23.984755 ], [ 108.480466, 23.982482 ], [ 108.477939, 23.978261 ], [ 108.47658, 23.9779 ], [ 108.473749, 23.979472 ], [ 108.471888, 23.980503 ], [ 108.469947, 23.981686 ], [ 108.468258, 23.982271 ], [ 108.465109, 23.984511 ], [ 108.462027, 23.986197 ], [ 108.461248, 23.986733 ], [ 108.458849, 23.985949 ], [ 108.458763, 23.985901 ], [ 108.455731, 23.984242 ], [ 108.45477, 23.982918 ], [ 108.455662, 23.981552 ], [ 108.454726, 23.980912 ], [ 108.448498, 23.977991 ], [ 108.447406, 23.97644 ], [ 108.443992, 23.971587 ], [ 108.443117, 23.969022 ], [ 108.441774, 23.967614 ], [ 108.439356, 23.968156 ], [ 108.43366, 23.962853 ], [ 108.434935, 23.960765 ], [ 108.434441, 23.958622 ], [ 108.434753, 23.957477 ], [ 108.436451, 23.956038 ], [ 108.438419, 23.953955 ], [ 108.442033, 23.954201 ], [ 108.441028, 23.951422 ], [ 108.441634, 23.947061 ], [ 108.440602, 23.945433 ], [ 108.439346, 23.94401 ], [ 108.438228, 23.942014 ], [ 108.437898, 23.939439 ], [ 108.432229, 23.934906 ], [ 108.429593, 23.931584 ], [ 108.428829, 23.928734 ], [ 108.428717, 23.928305 ], [ 108.427997, 23.925598 ], [ 108.422793, 23.924412 ], [ 108.422021, 23.92184 ], [ 108.424337, 23.916983 ], [ 108.432297, 23.916487 ], [ 108.437299, 23.918286 ], [ 108.443721, 23.919803 ], [ 108.444942, 23.917647 ], [ 108.449751, 23.915191 ], [ 108.451613, 23.914257 ], [ 108.453476, 23.913676 ], [ 108.455329, 23.912525 ], [ 108.452471, 23.909481 ], [ 108.449828, 23.906612 ], [ 108.449652, 23.904184 ], [ 108.449949, 23.901156 ], [ 108.446666, 23.900917 ], [ 108.444959, 23.898366 ], [ 108.446493, 23.89834 ], [ 108.459416, 23.898119 ], [ 108.465331, 23.898365 ], [ 108.467348, 23.897927 ], [ 108.469832, 23.896486 ], [ 108.473546, 23.895182 ], [ 108.476186, 23.894166 ], [ 108.473312, 23.888729 ], [ 108.470706, 23.889644 ], [ 108.469157, 23.890366 ], [ 108.467763, 23.890518 ], [ 108.466508, 23.890384 ], [ 108.46449, 23.889684 ], [ 108.462455, 23.888556 ], [ 108.460888, 23.886998 ], [ 108.461719, 23.884382 ], [ 108.463953, 23.881767 ], [ 108.463217, 23.877576 ], [ 108.46281, 23.875307 ], [ 108.462177, 23.874174 ], [ 108.456366, 23.873322 ], [ 108.455466, 23.871907 ], [ 108.458228, 23.866933 ], [ 108.458211, 23.864796 ], [ 108.453941, 23.861539 ], [ 108.454677, 23.857864 ], [ 108.453802, 23.856846 ], [ 108.449514, 23.857163 ], [ 108.446551, 23.853988 ], [ 108.448344, 23.852214 ], [ 108.454027, 23.846589 ], [ 108.456928, 23.845752 ], [ 108.456937, 23.844251 ], [ 108.456954, 23.842726 ], [ 108.451064, 23.837887 ], [ 108.443517, 23.838708 ], [ 108.443535, 23.836456 ], [ 108.437502, 23.833552 ], [ 108.43029, 23.8323 ], [ 108.42918, 23.831531 ], [ 108.425902, 23.829126 ], [ 108.418381, 23.824489 ], [ 108.415926, 23.817405 ], [ 108.418572, 23.816505 ], [ 108.422952, 23.815023 ], [ 108.423594, 23.813627 ], [ 108.425814, 23.80884 ], [ 108.418614, 23.800777 ], [ 108.420479, 23.797765 ], [ 108.425709, 23.797234 ], [ 108.431441, 23.798467 ], [ 108.430436, 23.799802 ], [ 108.430765, 23.803086 ], [ 108.431398, 23.804797 ], [ 108.433271, 23.806925 ], [ 108.434372, 23.807629 ], [ 108.436392, 23.8079 ], [ 108.437787, 23.807746 ], [ 108.441358, 23.80586 ], [ 108.443715, 23.802465 ], [ 108.441531, 23.799707 ], [ 108.439295, 23.796875 ], [ 108.437093, 23.79232 ], [ 108.435689, 23.78976 ], [ 108.435671, 23.787476 ], [ 108.437535, 23.785887 ], [ 108.439711, 23.785296 ], [ 108.443298, 23.78641 ], [ 108.444849, 23.787256 ], [ 108.446097, 23.787531 ], [ 108.451538, 23.786911 ], [ 108.45301, 23.784401 ], [ 108.449025, 23.779922 ], [ 108.453486, 23.779707 ], [ 108.4567, 23.780727 ], [ 108.456787, 23.786163 ], [ 108.459108, 23.78721 ], [ 108.462623, 23.785879 ], [ 108.463766, 23.785449 ], [ 108.465741, 23.784566 ], [ 108.467281, 23.783123 ], [ 108.468494, 23.78245 ], [ 108.467065, 23.779755 ], [ 108.467636, 23.778311 ], [ 108.469991, 23.778344 ], [ 108.472294, 23.779635 ], [ 108.473004, 23.778924 ], [ 108.47438, 23.776056 ], [ 108.470129, 23.774432 ], [ 108.469653, 23.768109 ], [ 108.474206, 23.768472 ], [ 108.473704, 23.767647 ], [ 108.473695, 23.765647 ], [ 108.474457, 23.76407 ], [ 108.475383, 23.76349 ], [ 108.478335, 23.763029 ], [ 108.480204, 23.762438 ], [ 108.481745, 23.761279 ], [ 108.482974, 23.759553 ], [ 108.487154, 23.760839 ], [ 108.487863, 23.751317 ], [ 108.485535, 23.749571 ], [ 108.485388, 23.749111 ], [ 108.485379, 23.747685 ], [ 108.486409, 23.746864 ], [ 108.488113, 23.74599 ], [ 108.488564, 23.745129 ], [ 108.488252, 23.743991 ], [ 108.487141, 23.742288 ], [ 108.485583, 23.741162 ], [ 108.481394, 23.741345 ], [ 108.478296, 23.741376 ], [ 108.475811, 23.741116 ], [ 108.474565, 23.740555 ], [ 108.47331, 23.738571 ], [ 108.473145, 23.737005 ], [ 108.473751, 23.735285 ], [ 108.47498, 23.733847 ], [ 108.477282, 23.731542 ], [ 108.47723, 23.724503 ], [ 108.478554, 23.723721 ], [ 108.48212, 23.725466 ], [ 108.484509, 23.722717 ], [ 108.486343, 23.720609 ], [ 108.484733, 23.718071 ], [ 108.485841, 23.715762 ], [ 108.486749, 23.71447 ], [ 108.489224, 23.713305 ], [ 108.493439, 23.714694 ], [ 108.498129, 23.713647 ], [ 108.497843, 23.711567 ], [ 108.497471, 23.708902 ], [ 108.4994, 23.705272 ], [ 108.501538, 23.705162 ], [ 108.503722, 23.704204 ], [ 108.504159, 23.701882 ], [ 108.503666, 23.698035 ], [ 108.501641, 23.693194 ], [ 108.497409, 23.690965 ], [ 108.494917, 23.689992 ], [ 108.490884, 23.689175 ], [ 108.489171, 23.688195 ], [ 108.488375, 23.686774 ], [ 108.488055, 23.685067 ], [ 108.486947, 23.682224 ], [ 108.483684, 23.681541 ], [ 108.481356, 23.68071 ], [ 108.479166, 23.678447 ], [ 108.477452, 23.677039 ], [ 108.476266, 23.675892 ], [ 108.472492, 23.676035 ], [ 108.473332, 23.673173 ], [ 108.471669, 23.671672 ], [ 108.468423, 23.669159 ], [ 108.467773, 23.658292 ], [ 108.463591, 23.656664 ], [ 108.460673, 23.657048 ], [ 108.459028, 23.657265 ], [ 108.454359, 23.65788 ], [ 108.453615, 23.659856 ], [ 108.448538, 23.660183 ], [ 108.447455, 23.658496 ], [ 108.444527, 23.658634 ], [ 108.441546, 23.660062 ], [ 108.440714, 23.659491 ], [ 108.438382, 23.657886 ], [ 108.437663, 23.658002 ], [ 108.435947, 23.659983 ], [ 108.434612, 23.661517 ], [ 108.430399, 23.662433 ], [ 108.426176, 23.661858 ], [ 108.424432, 23.661623 ], [ 108.41895, 23.659941 ], [ 108.416304, 23.660242 ], [ 108.414881, 23.662362 ], [ 108.407974, 23.664286 ], [ 108.4051, 23.661711 ], [ 108.405578, 23.659102 ], [ 108.401193, 23.653391 ], [ 108.400976, 23.653224 ], [ 108.398875, 23.653518 ], [ 108.395879, 23.649312 ], [ 108.394776, 23.646554 ], [ 108.395522, 23.640689 ], [ 108.395973, 23.637161 ], [ 108.393507, 23.636184 ], [ 108.390206, 23.634875 ], [ 108.390979, 23.633281 ], [ 108.392212, 23.630752 ], [ 108.387947, 23.62984 ], [ 108.386166, 23.626119 ], [ 108.388294, 23.618401 ], [ 108.390744, 23.618024 ], [ 108.393263, 23.617638 ], [ 108.396346, 23.616533 ], [ 108.399619, 23.61792 ], [ 108.401799, 23.614581 ], [ 108.401729, 23.610322 ], [ 108.402033, 23.60757 ], [ 108.405583, 23.605957 ], [ 108.405731, 23.605041 ], [ 108.406364, 23.601161 ], [ 108.406598, 23.599679 ], [ 108.403595, 23.598672 ], [ 108.402101, 23.597847 ], [ 108.397569, 23.595452 ], [ 108.389343, 23.586696 ], [ 108.388353, 23.585331 ], [ 108.388188, 23.584038 ], [ 108.38758, 23.582505 ], [ 108.387354, 23.581209 ], [ 108.38731, 23.580211 ], [ 108.387197, 23.579389 ], [ 108.387353, 23.577985 ], [ 108.387319, 23.57685 ], [ 108.387023, 23.575339 ], [ 108.386528, 23.574686 ], [ 108.38552, 23.574199 ], [ 108.384564, 23.574183 ], [ 108.383496, 23.573576 ], [ 108.382427, 23.572794 ], [ 108.382001, 23.571559 ], [ 108.381523, 23.570083 ], [ 108.381688, 23.568503 ], [ 108.382027, 23.567278 ], [ 108.382756, 23.565883 ], [ 108.383295, 23.564252 ], [ 108.383834, 23.562677 ], [ 108.384146, 23.560103 ], [ 108.384529, 23.556632 ], [ 108.384824, 23.55462 ], [ 108.385432, 23.553039 ], [ 108.386509, 23.55131 ], [ 108.394761, 23.545893 ], [ 108.40255, 23.54374 ], [ 108.40301, 23.542892 ], [ 108.405727, 23.537892 ], [ 108.406803, 23.536162 ], [ 108.407731, 23.534151 ], [ 108.407089, 23.532141 ], [ 108.406021, 23.530813 ], [ 108.405831, 23.530566 ], [ 108.405822, 23.529418 ], [ 108.406273, 23.527979 ], [ 108.406568, 23.526113 ], [ 108.404363, 23.527918 ], [ 108.401542, 23.530103 ], [ 108.399831, 23.530101 ], [ 108.397339, 23.531959 ], [ 108.395629, 23.532529 ], [ 108.392676, 23.536252 ], [ 108.391747, 23.536681 ], [ 108.389262, 23.539255 ], [ 108.388316, 23.539539 ], [ 108.38319, 23.542681 ], [ 108.381313, 23.542391 ], [ 108.379757, 23.542385 ], [ 108.379601, 23.542384 ], [ 108.373769, 23.543921 ], [ 108.370544, 23.541491 ], [ 108.369406, 23.539929 ], [ 108.368562, 23.539201 ], [ 108.367623, 23.538765 ], [ 108.366224, 23.538904 ], [ 108.363729, 23.539614 ], [ 108.362016, 23.539464 ], [ 108.360625, 23.538314 ], [ 108.359373, 23.537735 ], [ 108.355634, 23.537868 ], [ 108.354077, 23.538436 ], [ 108.352981, 23.539147 ], [ 108.351277, 23.540861 ], [ 108.349094, 23.540996 ], [ 108.348842, 23.542259 ], [ 108.348764, 23.542391 ], [ 108.347546, 23.54266 ], [ 108.346528, 23.542465 ], [ 108.345581, 23.541979 ], [ 108.344711, 23.541084 ], [ 108.343954, 23.54054 ], [ 108.342876, 23.54023 ], [ 108.340867, 23.540245 ], [ 108.339075, 23.543167 ], [ 108.331891, 23.544786 ], [ 108.327994, 23.542029 ], [ 108.328629, 23.539764 ], [ 108.327429, 23.537414 ], [ 108.326324, 23.535238 ], [ 108.325011, 23.535753 ], [ 108.321732, 23.537277 ], [ 108.318123, 23.535593 ], [ 108.316862, 23.535042 ], [ 108.315409, 23.534017 ], [ 108.314792, 23.533456 ], [ 108.310679, 23.534842 ], [ 108.309218, 23.532274 ], [ 108.308383, 23.52889 ], [ 108.308174, 23.52698 ], [ 108.307217, 23.526319 ], [ 108.305155, 23.525581 ], [ 108.303792, 23.525905 ], [ 108.301871, 23.527762 ], [ 108.301149, 23.527203 ], [ 108.298854, 23.526119 ], [ 108.296298, 23.524908 ], [ 108.298002, 23.524212 ], [ 108.296211, 23.521393 ], [ 108.295898, 23.520018 ], [ 108.298575, 23.518019 ], [ 108.296897, 23.516925 ], [ 108.295159, 23.51544 ], [ 108.29415, 23.514658 ], [ 108.293829, 23.515113 ], [ 108.293524, 23.51638 ], [ 108.292455, 23.517256 ], [ 108.292499, 23.517794 ], [ 108.292308, 23.518809 ], [ 108.292386, 23.519892 ], [ 108.29143, 23.51932 ], [ 108.291152, 23.518317 ], [ 108.290613, 23.517477 ], [ 108.289883, 23.516347 ], [ 108.289179, 23.514324 ], [ 108.287006, 23.512758 ], [ 108.285789, 23.51213 ], [ 108.284972, 23.512285 ], [ 108.283035, 23.511708 ], [ 108.282227, 23.51088 ], [ 108.279846, 23.508721 ], [ 108.278664, 23.50765 ], [ 108.276779, 23.5041 ], [ 108.274242, 23.502151 ], [ 108.27247, 23.50151 ], [ 108.269847, 23.499079 ], [ 108.268189, 23.49866 ], [ 108.266842, 23.497099 ], [ 108.266096, 23.496736 ], [ 108.266113, 23.498431 ], [ 108.265349, 23.500019 ], [ 108.265019, 23.500707 ], [ 108.263942, 23.500746 ], [ 108.262736, 23.500309 ], [ 108.261069, 23.498624 ], [ 108.260253, 23.497921 ], [ 108.259089, 23.496927 ], [ 108.258108, 23.496308 ], [ 108.257631, 23.49728 ], [ 108.256937, 23.497929 ], [ 108.256441, 23.498391 ], [ 108.255226, 23.49836 ], [ 108.253794, 23.498096 ], [ 108.253751, 23.499369 ], [ 108.253308, 23.499664 ], [ 108.252371, 23.499678 ], [ 108.252362, 23.500053 ], [ 108.252822, 23.500836 ], [ 108.253621, 23.501312 ], [ 108.253855, 23.502208 ], [ 108.253664, 23.502829 ], [ 108.254984, 23.503406 ], [ 108.25547, 23.50419 ], [ 108.255244, 23.504454 ], [ 108.254576, 23.505246 ], [ 108.254819, 23.505526 ], [ 108.255114, 23.505639 ], [ 108.255973, 23.505924 ], [ 108.256477, 23.506091 ], [ 108.25639, 23.506514 ], [ 108.255678, 23.506718 ], [ 108.254767, 23.506982 ], [ 108.254975, 23.507553 ], [ 108.255027, 23.50817 ], [ 108.25363, 23.507551 ], [ 108.252979, 23.50726 ], [ 108.252024, 23.507117 ], [ 108.250532, 23.506579 ], [ 108.248796, 23.507413 ], [ 108.249291, 23.508213 ], [ 108.249074, 23.508686 ], [ 108.248449, 23.508541 ], [ 108.246349, 23.507188 ], [ 108.244857, 23.505007 ], [ 108.244692, 23.504434 ], [ 108.245004, 23.504189 ], [ 108.245265, 23.503987 ], [ 108.244883, 23.503659 ], [ 108.243955, 23.503084 ], [ 108.243773, 23.503076 ], [ 108.243694, 23.502568 ], [ 108.243278, 23.502416 ], [ 108.242549, 23.503013 ], [ 108.241838, 23.502977 ], [ 108.240763, 23.502526 ], [ 108.236842, 23.50138 ], [ 108.234639, 23.499767 ], [ 108.232879, 23.498907 ], [ 108.233113, 23.497828 ], [ 108.231266, 23.496276 ], [ 108.230121, 23.495704 ], [ 108.228968, 23.495436 ], [ 108.227945, 23.4952 ], [ 108.227598, 23.49512 ], [ 108.227355, 23.495743 ], [ 108.22811, 23.497071 ], [ 108.229219, 23.497679 ], [ 108.228508, 23.497841 ], [ 108.226818, 23.497868 ], [ 108.226411, 23.498326 ], [ 108.226064, 23.499357 ], [ 108.226991, 23.500516 ], [ 108.227104, 23.501208 ], [ 108.226177, 23.500597 ], [ 108.222492, 23.498168 ], [ 108.214579, 23.497804 ], [ 108.211208, 23.499256 ], [ 108.207976, 23.49917 ], [ 108.206573, 23.500049 ], [ 108.204225, 23.499083 ], [ 108.204, 23.497848 ], [ 108.203956, 23.49685 ], [ 108.202137, 23.490765 ], [ 108.204484, 23.490762 ], [ 108.206399, 23.486383 ], [ 108.206122, 23.483651 ], [ 108.204683, 23.484136 ], [ 108.204493, 23.484025 ], [ 108.203184, 23.484501 ], [ 108.200464, 23.482556 ], [ 108.199719, 23.479749 ], [ 108.196349, 23.47549 ], [ 108.192763, 23.474815 ], [ 108.187853, 23.477702 ], [ 108.184821, 23.475908 ], [ 108.173744, 23.478887 ], [ 108.16821, 23.479534 ], [ 108.166547, 23.475665 ], [ 108.163004, 23.471198 ], [ 108.159072, 23.470142 ], [ 108.157686, 23.468576 ], [ 108.156577, 23.465674 ], [ 108.150011, 23.466251 ], [ 108.143566, 23.464614 ], [ 108.142162, 23.463759 ], [ 108.140914, 23.461758 ], [ 108.138895, 23.460193 ], [ 108.136876, 23.458768 ], [ 108.134857, 23.457777 ], [ 108.134241, 23.457326 ], [ 108.133617, 23.454735 ], [ 108.130194, 23.454362 ], [ 108.128451, 23.456356 ], [ 108.126128, 23.457283 ], [ 108.124109, 23.455516 ], [ 108.123094, 23.454629 ], [ 108.119946, 23.453869 ], [ 108.117154, 23.451289 ], [ 108.116044, 23.453102 ], [ 108.115229, 23.454914 ], [ 108.112532, 23.4566 ], [ 108.112757, 23.459725 ], [ 108.109244, 23.455735 ], [ 108.105947, 23.455912 ], [ 108.105505, 23.457131 ], [ 108.10383, 23.45772 ], [ 108.101834, 23.455135 ], [ 108.099673, 23.455057 ], [ 108.098796, 23.453733 ], [ 108.096253, 23.454401 ], [ 108.093032, 23.456159 ], [ 108.091973, 23.457559 ], [ 108.089907, 23.460312 ], [ 108.085782, 23.461516 ], [ 108.081257, 23.464088 ], [ 108.077348, 23.467171 ], [ 108.074871, 23.467856 ], [ 108.070083, 23.469631 ], [ 108.069831, 23.468641 ], [ 108.071369, 23.466909 ], [ 108.071995, 23.465248 ], [ 108.069735, 23.464018 ], [ 108.069291, 23.45732 ], [ 108.072177, 23.453441 ], [ 108.071394, 23.450046 ], [ 108.072568, 23.449186 ], [ 108.071586, 23.447379 ], [ 108.072507, 23.447124 ], [ 108.072698, 23.446043 ], [ 108.073063, 23.445154 ], [ 108.072906, 23.444424 ], [ 108.072194, 23.444061 ], [ 108.072106, 23.443688 ], [ 108.073654, 23.442496 ], [ 108.074427, 23.442095 ], [ 108.074731, 23.440974 ], [ 108.074957, 23.439945 ], [ 108.076946, 23.437966 ], [ 108.077694, 23.43617 ], [ 108.079561, 23.434624 ], [ 108.079587, 23.431935 ], [ 108.078875, 23.429274 ], [ 108.078188, 23.428585 ], [ 108.078145, 23.428199 ], [ 108.077919, 23.426924 ], [ 108.077832, 23.426419 ], [ 108.07672, 23.425202 ], [ 108.077519, 23.424142 ], [ 108.076763, 23.423311 ], [ 108.07685, 23.421866 ], [ 108.077719, 23.420309 ], [ 108.077858, 23.420068 ], [ 108.078075, 23.419198 ], [ 108.077875, 23.416778 ], [ 108.077336, 23.415928 ], [ 108.075842, 23.415516 ], [ 108.075242, 23.415893 ], [ 108.074321, 23.416476 ], [ 108.072322, 23.416159 ], [ 108.071714, 23.415526 ], [ 108.071175, 23.414202 ], [ 108.072044, 23.412104 ], [ 108.072053, 23.411486 ], [ 108.072001, 23.409386 ], [ 108.072183, 23.408197 ], [ 108.072878, 23.407033 ], [ 108.072748, 23.406249 ], [ 108.071939, 23.405426 ], [ 108.071879, 23.405019 ], [ 108.072278, 23.404697 ], [ 108.072982, 23.404453 ], [ 108.073547, 23.401592 ], [ 108.072782, 23.400888 ], [ 108.071409, 23.400626 ], [ 108.070905, 23.400187 ], [ 108.070601, 23.399539 ], [ 108.069497, 23.399371 ], [ 108.068402, 23.400153 ], [ 108.068298, 23.400726 ], [ 108.068506, 23.401421 ], [ 108.068889, 23.402272 ], [ 108.068932, 23.402891 ], [ 108.068837, 23.403741 ], [ 108.067898, 23.404536 ], [ 108.067828, 23.404983 ], [ 108.067733, 23.406389 ], [ 108.067481, 23.406652 ], [ 108.065951, 23.406181 ], [ 108.065299, 23.406234 ], [ 108.064377, 23.406866 ], [ 108.061221, 23.407184 ], [ 108.059204, 23.406683 ], [ 108.059169, 23.405674 ], [ 108.058961, 23.405068 ], [ 108.0585, 23.404657 ], [ 108.057665, 23.404551 ], [ 108.056352, 23.405069 ], [ 108.055317, 23.405137 ], [ 108.054952, 23.404813 ], [ 108.053943, 23.4035 ], [ 108.053047, 23.402968 ], [ 108.052699, 23.403072 ], [ 108.051533, 23.404434 ], [ 108.050394, 23.404682 ], [ 108.050098, 23.405343 ], [ 108.04955, 23.405049 ], [ 108.049072, 23.404792 ], [ 108.048063, 23.40523 ], [ 108.047976, 23.406042 ], [ 108.048184, 23.406762 ], [ 108.047445, 23.406489 ], [ 108.046462, 23.406129 ], [ 108.045166, 23.40684 ], [ 108.044887, 23.407506 ], [ 108.043426, 23.409449 ], [ 108.043382, 23.408177 ], [ 108.042869, 23.406846 ], [ 108.042225, 23.406334 ], [ 108.041102, 23.405862 ], [ 108.040015, 23.405987 ], [ 108.039371, 23.409042 ], [ 108.038153, 23.408991 ], [ 108.036874, 23.409531 ], [ 108.035542, 23.410603 ], [ 108.03502, 23.412797 ], [ 108.03462, 23.413221 ], [ 108.034002, 23.413441 ], [ 108.032479, 23.413306 ], [ 108.031731, 23.414136 ], [ 108.031609, 23.414726 ], [ 108.028354, 23.41517 ], [ 108.02777, 23.416343 ], [ 108.026839, 23.41652 ], [ 108.026352, 23.416927 ], [ 108.025429, 23.416836 ], [ 108.024463, 23.416737 ], [ 108.023784, 23.416891 ], [ 108.023209, 23.417391 ], [ 108.022948, 23.418181 ], [ 108.022896, 23.418931 ], [ 108.022539, 23.419966 ], [ 108.021729, 23.420614 ], [ 108.020476, 23.421273 ], [ 108.019719, 23.421437 ], [ 108.018648, 23.421178 ], [ 108.016715, 23.420715 ], [ 108.016306, 23.421376 ], [ 108.014678, 23.421371 ], [ 108.013999, 23.42192 ], [ 108.013659, 23.422646 ], [ 108.01204, 23.422761 ], [ 108.011631, 23.422395 ], [ 108.01164, 23.422158 ], [ 108.012214, 23.421472 ], [ 108.012171, 23.420185 ], [ 108.012893, 23.419208 ], [ 108.013912, 23.41831 ], [ 108.014051, 23.417629 ], [ 108.012902, 23.417188 ], [ 108.012284, 23.416751 ], [ 108.011056, 23.41619 ], [ 108.010064, 23.416052 ], [ 108.007983, 23.41592 ], [ 108.005632, 23.41631 ], [ 108.004396, 23.417498 ], [ 108.004196, 23.417903 ], [ 108.003995, 23.418434 ], [ 108.003691, 23.418811 ], [ 108.003334, 23.419071 ], [ 108.002907, 23.419156 ], [ 108.002541, 23.419025 ], [ 107.999215, 23.416866 ], [ 107.998493, 23.41684 ], [ 107.998328, 23.417233 ], [ 107.998554, 23.417778 ], [ 108.002332, 23.422768 ], [ 108.003656, 23.424979 ], [ 108.003821, 23.426545 ], [ 108.003587, 23.427566 ], [ 108.002167, 23.430527 ], [ 108.001715, 23.431433 ], [ 108.001645, 23.432101 ], [ 108.001784, 23.432646 ], [ 108.002272, 23.433266 ], [ 108.003099, 23.434167 ], [ 108.003395, 23.434743 ], [ 108.004397, 23.435028 ], [ 108.005346, 23.434243 ], [ 108.006521, 23.434117 ], [ 108.007636, 23.434435 ], [ 108.007862, 23.435139 ], [ 108.008236, 23.435335 ], [ 108.008994, 23.434821 ], [ 108.010117, 23.434814 ], [ 108.011562, 23.435163 ], [ 108.011762, 23.435906 ], [ 108.01151, 23.436411 ], [ 108.011309, 23.437011 ], [ 108.012807, 23.437263 ], [ 108.013477, 23.436862 ], [ 108.013364, 23.438324 ], [ 108.013199, 23.440094 ], [ 108.012172, 23.440035 ], [ 108.011214, 23.43998 ], [ 108.010848, 23.441702 ], [ 108.011684, 23.442321 ], [ 108.011945, 23.44378 ], [ 108.012111, 23.444999 ], [ 108.013704, 23.444966 ], [ 108.014566, 23.445292 ], [ 108.015463, 23.446115 ], [ 108.015306, 23.447704 ], [ 108.012869, 23.450733 ], [ 108.008959, 23.449453 ], [ 108.006801, 23.450701 ], [ 108.004397, 23.447006 ], [ 108.001664, 23.448109 ], [ 107.999966, 23.450843 ], [ 107.997163, 23.453721 ], [ 107.992339, 23.456604 ], [ 107.990007, 23.458193 ], [ 107.986881, 23.458915 ], [ 107.984531, 23.458494 ], [ 107.982503, 23.458501 ], [ 107.979691, 23.459795 ], [ 107.97688, 23.460957 ], [ 107.973764, 23.461535 ], [ 107.97017, 23.461688 ], [ 107.966724, 23.461701 ], [ 107.965001, 23.461994 ], [ 107.964236, 23.462568 ], [ 107.962365, 23.464582 ], [ 107.960852, 23.466431 ], [ 107.959103, 23.46646 ], [ 107.956763, 23.466501 ], [ 107.953719, 23.465318 ], [ 107.949979, 23.462914 ], [ 107.947266, 23.46111 ], [ 107.945579, 23.460829 ], [ 107.944267, 23.461778 ], [ 107.94331, 23.463953 ], [ 107.943024, 23.466116 ], [ 107.94172, 23.467681 ], [ 107.937756, 23.469908 ], [ 107.935566, 23.471308 ], [ 107.933385, 23.471001 ], [ 107.932151, 23.471284 ], [ 107.929658, 23.472014 ], [ 107.927043, 23.473878 ], [ 107.925497, 23.475163 ], [ 107.924124, 23.478164 ], [ 107.922909, 23.481458 ], [ 107.921832, 23.482878 ], [ 107.920764, 23.484173 ], [ 107.919374, 23.485038 ], [ 107.91782, 23.485183 ], [ 107.916726, 23.484765 ], [ 107.914547, 23.483918 ], [ 107.911117, 23.481801 ], [ 107.907524, 23.47968 ], [ 107.904868, 23.476839 ], [ 107.902673, 23.473291 ], [ 107.899454, 23.470394 ], [ 107.897276, 23.469258 ], [ 107.89339, 23.466262 ], [ 107.889349, 23.462824 ], [ 107.886244, 23.459969 ], [ 107.882975, 23.45697 ], [ 107.880175, 23.45411 ], [ 107.877696, 23.452546 ], [ 107.874281, 23.449832 ], [ 107.871325, 23.447969 ], [ 107.870701, 23.446106 ] ] ] } },
{ "type": "Feature", "properties": { "county_name": "上林县" }, "geometry": { "type": "Polygon", "coordinates": [ [ [ 108.497409, 23.690965 ], [ 108.49798, 23.686392 ], [ 108.495687, 23.683737 ], [ 108.496837, 23.676161 ], [ 108.497824, 23.676206 ], [ 108.502747, 23.676421 ], [ 108.504227, 23.673134 ], [ 108.502678, 23.664761 ], [ 108.501362, 23.662762 ], [ 108.502297, 23.662707 ], [ 108.50491, 23.662549 ], [ 108.507384, 23.661718 ], [ 108.508016, 23.661501 ], [ 108.508189, 23.662014 ], [ 108.508856, 23.664041 ], [ 108.512222, 23.667069 ], [ 108.514386, 23.666674 ], [ 108.517864, 23.663383 ], [ 108.519482, 23.663773 ], [ 108.521214, 23.66561 ], [ 108.520305, 23.668819 ], [ 108.525048, 23.671904 ], [ 108.528068, 23.671777 ], [ 108.529073, 23.671921 ], [ 108.528969, 23.673922 ], [ 108.528432, 23.675785 ], [ 108.529177, 23.680149 ], [ 108.531133, 23.68204 ], [ 108.5367, 23.683003 ], [ 108.538838, 23.685098 ], [ 108.540354, 23.686253 ], [ 108.541479, 23.686296 ], [ 108.542129, 23.687828 ], [ 108.540951, 23.689669 ], [ 108.538267, 23.69178 ], [ 108.539904, 23.693798 ], [ 108.541869, 23.69385 ], [ 108.542424, 23.695382 ], [ 108.541965, 23.695876 ], [ 108.542256, 23.697741 ], [ 108.541494, 23.700035 ], [ 108.543194, 23.700046 ], [ 108.544002, 23.699949 ], [ 108.544892, 23.700389 ], [ 108.546953, 23.70422 ], [ 108.548911, 23.707281 ], [ 108.550972, 23.705884 ], [ 108.55403, 23.703809 ], [ 108.55558, 23.703654 ], [ 108.558171, 23.703673 ], [ 108.562582, 23.705121 ], [ 108.566508, 23.707992 ], [ 108.565009, 23.711821 ], [ 108.563622, 23.713555 ], [ 108.565, 23.71577 ], [ 108.566951, 23.719026 ], [ 108.567324, 23.721397 ], [ 108.566804, 23.722816 ], [ 108.566829, 23.723114 ], [ 108.568338, 23.724836 ], [ 108.571433, 23.724943 ], [ 108.572404, 23.725636 ], [ 108.572178, 23.72761 ], [ 108.578682, 23.731755 ], [ 108.581423, 23.734317 ], [ 108.580868, 23.736518 ], [ 108.58066, 23.737002 ], [ 108.584321, 23.73733 ], [ 108.585153, 23.736456 ], [ 108.58544, 23.734967 ], [ 108.587652, 23.73495 ], [ 108.590151, 23.735077 ], [ 108.591453, 23.735467 ], [ 108.596053, 23.736624 ], [ 108.595992, 23.739728 ], [ 108.592968, 23.743868 ], [ 108.592898, 23.744051 ], [ 108.594825, 23.745332 ], [ 108.598983, 23.742871 ], [ 108.60322, 23.742403 ], [ 108.600146, 23.745034 ], [ 108.600598, 23.74534 ], [ 108.603481, 23.744546 ], [ 108.604731, 23.746173 ], [ 108.602222, 23.747394 ], [ 108.602326, 23.748588 ], [ 108.603533, 23.748406 ], [ 108.605096, 23.748551 ], [ 108.607258, 23.746378 ], [ 108.609126, 23.746406 ], [ 108.611141, 23.748843 ], [ 108.608579, 23.749357 ], [ 108.608692, 23.749394 ], [ 108.610107, 23.751106 ], [ 108.614564, 23.751713 ], [ 108.618691, 23.752278 ], [ 108.620873, 23.751331 ], [ 108.623219, 23.755063 ], [ 108.625923, 23.755527 ], [ 108.627991, 23.755886 ], [ 108.628156, 23.756304 ], [ 108.628922, 23.75829 ], [ 108.630278, 23.759467 ], [ 108.631043, 23.761951 ], [ 108.629869, 23.763824 ], [ 108.627201, 23.764725 ], [ 108.62973, 23.766331 ], [ 108.635712, 23.768178 ], [ 108.638275, 23.769107 ], [ 108.643852, 23.766081 ], [ 108.6456, 23.767173 ], [ 108.650349, 23.76597 ], [ 108.653264, 23.766155 ], [ 108.65563, 23.768801 ], [ 108.658945, 23.770554 ], [ 108.663269, 23.769154 ], [ 108.663339, 23.769193 ], [ 108.665288, 23.769865 ], [ 108.665966, 23.771415 ], [ 108.668855, 23.771796 ], [ 108.671109, 23.772839 ], [ 108.671431, 23.773632 ], [ 108.670213, 23.77415 ], [ 108.671771, 23.775613 ], [ 108.672841, 23.775869 ], [ 108.673598, 23.777971 ], [ 108.671274, 23.778825 ], [ 108.672049, 23.782417 ], [ 108.67305, 23.785074 ], [ 108.676835, 23.786579 ], [ 108.680951, 23.788214 ], [ 108.683831, 23.788898 ], [ 108.685467, 23.789136 ], [ 108.687808, 23.788489 ], [ 108.687146, 23.786531 ], [ 108.687669, 23.78459 ], [ 108.6896, 23.782763 ], [ 108.694168, 23.784099 ], [ 108.697274, 23.784764 ], [ 108.701894, 23.784806 ], [ 108.704651, 23.784212 ], [ 108.705669, 23.783305 ], [ 108.708905, 23.784206 ], [ 108.710053, 23.784522 ], [ 108.711192, 23.78284 ], [ 108.713436, 23.783529 ], [ 108.713706, 23.785369 ], [ 108.713949, 23.787018 ], [ 108.717463, 23.787483 ], [ 108.718654, 23.788862 ], [ 108.719002, 23.791516 ], [ 108.723289, 23.792861 ], [ 108.725341, 23.795271 ], [ 108.728766, 23.798527 ], [ 108.730044, 23.796944 ], [ 108.731539, 23.79715 ], [ 108.731852, 23.795586 ], [ 108.734842, 23.793078 ], [ 108.739769, 23.793049 ], [ 108.740786, 23.794071 ], [ 108.741933, 23.795234 ], [ 108.743644, 23.796146 ], [ 108.744556, 23.790486 ], [ 108.746129, 23.789767 ], [ 108.746884, 23.786797 ], [ 108.745694, 23.784447 ], [ 108.7477, 23.780504 ], [ 108.750697, 23.780938 ], [ 108.750741, 23.780797 ], [ 108.751661, 23.778931 ], [ 108.751105, 23.778348 ], [ 108.752364, 23.777148 ], [ 108.753467, 23.777151 ], [ 108.756047, 23.777157 ], [ 108.761812, 23.776093 ], [ 108.768062, 23.777685 ], [ 108.770102, 23.777959 ], [ 108.773009, 23.778177 ], [ 108.78021, 23.771011 ], [ 108.783568, 23.768114 ], [ 108.78368, 23.766109 ], [ 108.783862, 23.762631 ], [ 108.786204, 23.760375 ], [ 108.786308, 23.760095 ], [ 108.78551, 23.758098 ], [ 108.784296, 23.756919 ], [ 108.781789, 23.756439 ], [ 108.781398, 23.752051 ], [ 108.782474, 23.751683 ], [ 108.783341, 23.750058 ], [ 108.782734, 23.747706 ], [ 108.781641, 23.746071 ], [ 108.783436, 23.742475 ], [ 108.787473, 23.742261 ], [ 108.788219, 23.740431 ], [ 108.786944, 23.739044 ], [ 108.785374, 23.738452 ], [ 108.784376, 23.737351 ], [ 108.782433, 23.734623 ], [ 108.778824, 23.733559 ], [ 108.777531, 23.732578 ], [ 108.776898, 23.731444 ], [ 108.776724, 23.729875 ], [ 108.777019, 23.728309 ], [ 108.777626, 23.727306 ], [ 108.779647, 23.726432 ], [ 108.782927, 23.726691 ], [ 108.786431, 23.727414 ], [ 108.788452, 23.726913 ], [ 108.789215, 23.724363 ], [ 108.791219, 23.722309 ], [ 108.796638, 23.719399 ], [ 108.798719, 23.720342 ], [ 108.799751, 23.720811 ], [ 108.800436, 23.719723 ], [ 108.802456, 23.716544 ], [ 108.804147, 23.715851 ], [ 108.80432, 23.714742 ], [ 108.801433, 23.711273 ], [ 108.801199, 23.709089 ], [ 108.799733, 23.707078 ], [ 108.799612, 23.707091 ], [ 108.797852, 23.707534 ], [ 108.796586, 23.706299 ], [ 108.793238, 23.699957 ], [ 108.792596, 23.698253 ], [ 108.792102, 23.695691 ], [ 108.791096, 23.693378 ], [ 108.790627, 23.692315 ], [ 108.789074, 23.690919 ], [ 108.786767, 23.690152 ], [ 108.783731, 23.690678 ], [ 108.778865, 23.69162 ], [ 108.7785, 23.688897 ], [ 108.777277, 23.688493 ], [ 108.77575, 23.687438 ], [ 108.773832, 23.68648 ], [ 108.773198, 23.68568 ], [ 108.775055, 23.683235 ], [ 108.777242, 23.681005 ], [ 108.77679, 23.679562 ], [ 108.775853, 23.678448 ], [ 108.774664, 23.676325 ], [ 108.774881, 23.674324 ], [ 108.776504, 23.673425 ], [ 108.776061, 23.670316 ], [ 108.776755, 23.668558 ], [ 108.783149, 23.665718 ], [ 108.783669, 23.665273 ], [ 108.784285, 23.664272 ], [ 108.781743, 23.660009 ], [ 108.780164, 23.660095 ], [ 108.780624, 23.656475 ], [ 108.780884, 23.654483 ], [ 108.78104, 23.651011 ], [ 108.780701, 23.64787 ], [ 108.780398, 23.645514 ], [ 108.782454, 23.643019 ], [ 108.785984, 23.642119 ], [ 108.786556, 23.64153 ], [ 108.787727, 23.640865 ], [ 108.787927, 23.639048 ], [ 108.792488, 23.638157 ], [ 108.793633, 23.635168 ], [ 108.795315, 23.634688 ], [ 108.797058, 23.634189 ], [ 108.797726, 23.631063 ], [ 108.79548, 23.630318 ], [ 108.796104, 23.627863 ], [ 108.793502, 23.627081 ], [ 108.789834, 23.625955 ], [ 108.788888, 23.623908 ], [ 108.789434, 23.622482 ], [ 108.785271, 23.62064 ], [ 108.786694, 23.617798 ], [ 108.785601, 23.616888 ], [ 108.783085, 23.616418 ], [ 108.78279, 23.615416 ], [ 108.788098, 23.610113 ], [ 108.787742, 23.608213 ], [ 108.789919, 23.605556 ], [ 108.792547, 23.604685 ], [ 108.793926, 23.602354 ], [ 108.795192, 23.601925 ], [ 108.797594, 23.601111 ], [ 108.801834, 23.600841 ], [ 108.800741, 23.59919 ], [ 108.796961, 23.598412 ], [ 108.79566, 23.599088 ], [ 108.793639, 23.597561 ], [ 108.797524, 23.591665 ], [ 108.80244, 23.590516 ], [ 108.80368, 23.588854 ], [ 108.801919, 23.586383 ], [ 108.800532, 23.586932 ], [ 108.800003, 23.58636 ], [ 108.799145, 23.585439 ], [ 108.801139, 23.582979 ], [ 108.80374, 23.58326 ], [ 108.805751, 23.577334 ], [ 108.805473, 23.570582 ], [ 108.80784, 23.56994 ], [ 108.810033, 23.569348 ], [ 108.81187, 23.565817 ], [ 108.812746, 23.561 ], [ 108.811688, 23.558395 ], [ 108.811861, 23.557384 ], [ 108.813178, 23.549936 ], [ 108.813767, 23.546929 ], [ 108.813421, 23.543645 ], [ 108.81199, 23.540861 ], [ 108.813013, 23.536705 ], [ 108.813784, 23.534766 ], [ 108.815136, 23.534672 ], [ 108.817511, 23.534505 ], [ 108.819514, 23.531004 ], [ 108.820276, 23.525004 ], [ 108.820804, 23.523195 ], [ 108.823309, 23.521211 ], [ 108.826291, 23.518849 ], [ 108.825632, 23.517149 ], [ 108.82525, 23.516162 ], [ 108.82681, 23.514883 ], [ 108.827165, 23.512165 ], [ 108.826368, 23.509771 ], [ 108.823429, 23.507168 ], [ 108.821341, 23.503418 ], [ 108.822459, 23.501662 ], [ 108.821323, 23.497673 ], [ 108.821461, 23.496386 ], [ 108.822346, 23.493962 ], [ 108.824408, 23.492769 ], [ 108.828863, 23.490193 ], [ 108.829972, 23.491919 ], [ 108.83155, 23.490596 ], [ 108.830553, 23.488699 ], [ 108.832867, 23.488341 ], [ 108.836828, 23.485957 ], [ 108.835779, 23.482263 ], [ 108.833846, 23.479836 ], [ 108.834366, 23.478307 ], [ 108.837945, 23.478016 ], [ 108.842106, 23.476402 ], [ 108.840866, 23.472986 ], [ 108.842642, 23.472 ], [ 108.843891, 23.473087 ], [ 108.846127, 23.472951 ], [ 108.845546, 23.471656 ], [ 108.846743, 23.470972 ], [ 108.850262, 23.468965 ], [ 108.857214, 23.466151 ], [ 108.859408, 23.468557 ], [ 108.861679, 23.468406 ], [ 108.863751, 23.4699 ], [ 108.864931, 23.46783 ], [ 108.864601, 23.465745 ], [ 108.86833, 23.46312 ], [ 108.864748, 23.4613 ], [ 108.867289, 23.457923 ], [ 108.869466, 23.457389 ], [ 108.86787, 23.456112 ], [ 108.866283, 23.455305 ], [ 108.865259, 23.453264 ], [ 108.867245, 23.452337 ], [ 108.868546, 23.446369 ], [ 108.868155, 23.443904 ], [ 108.867314, 23.443087 ], [ 108.865241, 23.441419 ], [ 108.866186, 23.440081 ], [ 108.864669, 23.437222 ], [ 108.86427, 23.436476 ], [ 108.859232, 23.435449 ], [ 108.858911, 23.433871 ], [ 108.859406, 23.431917 ], [ 108.859566, 23.431286 ], [ 108.85943, 23.43066 ], [ 108.858682, 23.429532 ], [ 108.857463, 23.42769 ], [ 108.856735, 23.426315 ], [ 108.855868, 23.42424 ], [ 108.85533, 23.423681 ], [ 108.854794, 23.423507 ], [ 108.853298, 23.423482 ], [ 108.852537, 23.423211 ], [ 108.851993, 23.422777 ], [ 108.852047, 23.42215 ], [ 108.852478, 23.421663 ], [ 108.853284, 23.421494 ], [ 108.854168, 23.421625 ], [ 108.855902, 23.421585 ], [ 108.856343, 23.421285 ], [ 108.856561, 23.420822 ], [ 108.856587, 23.420292 ], [ 108.856136, 23.419874 ], [ 108.85323, 23.41903 ], [ 108.852564, 23.418528 ], [ 108.852333, 23.417779 ], [ 108.852387, 23.416622 ], [ 108.852946, 23.415168 ], [ 108.854004, 23.41327 ], [ 108.854562, 23.412521 ], [ 108.855234, 23.412179 ], [ 108.85588, 23.412178 ], [ 108.856655, 23.412585 ], [ 108.858097, 23.413713 ], [ 108.858804, 23.414038 ], [ 108.859674, 23.413982 ], [ 108.860585, 23.413681 ], [ 108.860938, 23.413286 ], [ 108.860788, 23.412606 ], [ 108.859213, 23.410734 ], [ 108.858636, 23.40999 ], [ 108.85833, 23.409038 ], [ 108.858262, 23.40817 ], [ 108.858572, 23.407364 ], [ 108.859894, 23.406533 ], [ 108.860556, 23.405749 ], [ 108.86127, 23.404319 ], [ 108.863766, 23.4015 ], [ 108.864181, 23.400592 ], [ 108.86397, 23.399158 ], [ 108.863479, 23.398256 ], [ 108.862596, 23.396937 ], [ 108.861805, 23.396366 ], [ 108.861337, 23.396805 ], [ 108.860106, 23.397675 ], [ 108.85871, 23.398823 ], [ 108.857782, 23.399975 ], [ 108.857314, 23.400269 ], [ 108.856699, 23.400124 ], [ 108.85545, 23.396689 ], [ 108.854661, 23.39583 ], [ 108.853118, 23.395685 ], [ 108.85265, 23.395979 ], [ 108.850951, 23.397699 ], [ 108.849555, 23.398279 ], [ 108.847388, 23.398289 ], [ 108.84614, 23.39758 ], [ 108.845767, 23.395601 ], [ 108.845351, 23.393418 ], [ 108.844892, 23.392987 ], [ 108.843643, 23.392991 ], [ 108.843331, 23.393285 ], [ 108.842404, 23.393282 ], [ 108.841936, 23.392853 ], [ 108.84178, 23.390557 ], [ 108.841303, 23.389849 ], [ 108.840688, 23.389849 ], [ 108.83976, 23.391427 ], [ 108.838833, 23.39129 ], [ 108.837125, 23.389572 ], [ 108.83664, 23.388143 ], [ 108.835097, 23.386858 ], [ 108.835088, 23.385992 ], [ 108.836171, 23.38456 ], [ 108.836484, 23.383843 ], [ 108.836327, 23.382116 ], [ 108.835227, 23.37925 ], [ 108.834603, 23.37854 ], [ 108.833207, 23.378394 ], [ 108.832583, 23.377684 ], [ 108.832739, 23.37682 ], [ 108.833198, 23.376248 ], [ 108.833978, 23.375958 ], [ 108.835989, 23.374511 ], [ 108.83598, 23.373076 ], [ 108.835668, 23.372223 ], [ 108.833501, 23.370511 ], [ 108.832869, 23.370366 ], [ 108.832097, 23.369654 ], [ 108.831308, 23.367504 ], [ 108.831005, 23.367357 ], [ 108.830996, 23.366643 ], [ 108.830069, 23.36564 ], [ 108.828829, 23.365499 ], [ 108.828361, 23.365934 ], [ 108.827278, 23.367798 ], [ 108.826351, 23.367661 ], [ 108.825111, 23.366518 ], [ 108.823707, 23.366095 ], [ 108.822927, 23.365517 ], [ 108.823239, 23.363508 ], [ 108.822927, 23.362367 ], [ 108.820283, 23.361369 ], [ 108.817024, 23.360949 ], [ 108.816253, 23.360526 ], [ 108.815481, 23.360379 ], [ 108.814701, 23.359667 ], [ 108.814693, 23.359089 ], [ 108.815316, 23.357797 ], [ 108.815316, 23.356216 ], [ 108.814839, 23.355796 ], [ 108.813912, 23.355794 ], [ 108.812213, 23.356513 ], [ 108.811277, 23.356376 ], [ 108.810341, 23.355659 ], [ 108.808486, 23.355239 ], [ 108.805373, 23.353954 ], [ 108.803206, 23.354108 ], [ 108.799954, 23.354836 ], [ 108.799486, 23.353827 ], [ 108.798394, 23.352973 ], [ 108.798238, 23.352259 ], [ 108.799946, 23.351821 ], [ 108.801186, 23.350959 ], [ 108.801177, 23.350239 ], [ 108.799781, 23.349381 ], [ 108.799781, 23.348812 ], [ 108.801021, 23.347653 ], [ 108.80148, 23.346939 ], [ 108.801324, 23.346077 ], [ 108.800708, 23.345646 ], [ 108.79698, 23.345806 ], [ 108.79528, 23.346381 ], [ 108.79326, 23.346382 ], [ 108.791716, 23.346679 ], [ 108.790155, 23.345962 ], [ 108.788637, 23.342207 ], [ 108.786269, 23.341526 ], [ 108.784725, 23.343247 ], [ 108.783476, 23.343114 ], [ 108.781299, 23.341677 ], [ 108.779902, 23.341107 ], [ 108.777577, 23.341114 ], [ 108.776648, 23.341831 ], [ 108.776345, 23.342838 ], [ 108.776345, 23.344707 ], [ 108.776032, 23.344992 ], [ 108.774792, 23.345281 ], [ 108.773247, 23.34629 ], [ 108.772154, 23.346293 ], [ 108.770913, 23.345147 ], [ 108.769984, 23.344711 ], [ 108.766721, 23.34472 ], [ 108.761903, 23.34358 ], [ 108.760514, 23.344587 ], [ 108.759272, 23.347171 ], [ 108.758187, 23.347319 ], [ 108.756945, 23.34617 ], [ 108.755373, 23.340002 ], [ 108.754122, 23.338422 ], [ 108.751647, 23.338016 ], [ 108.750709, 23.337859 ], [ 108.746818, 23.336564 ], [ 108.744481, 23.333696 ], [ 108.74402, 23.333549 ], [ 108.743456, 23.333101 ], [ 108.743595, 23.33181 ], [ 108.744663, 23.329511 ], [ 108.744845, 23.32214 ], [ 108.747043, 23.318179 ], [ 108.746269, 23.317326 ], [ 108.744549, 23.317052 ], [ 108.7413, 23.317791 ], [ 108.738189, 23.318241 ], [ 108.734305, 23.318555 ], [ 108.733218, 23.318276 ], [ 108.731184, 23.317143 ], [ 108.729455, 23.315579 ], [ 108.728672, 23.314439 ], [ 108.726507, 23.307269 ], [ 108.728254, 23.302964 ], [ 108.727976, 23.296764 ], [ 108.719603, 23.292401 ], [ 108.719586, 23.29125 ], [ 108.720733, 23.286916 ], [ 108.726036, 23.283436 ], [ 108.726793, 23.280984 ], [ 108.727062, 23.277674 ], [ 108.727036, 23.27465 ], [ 108.727331, 23.273497 ], [ 108.728565, 23.272049 ], [ 108.730095, 23.270743 ], [ 108.730538, 23.268295 ], [ 108.730051, 23.265995 ], [ 108.729573, 23.265135 ], [ 108.728626, 23.264422 ], [ 108.723784, 23.262008 ], [ 108.721132, 23.260874 ], [ 108.717531, 23.258736 ], [ 108.713148, 23.255165 ], [ 108.7122, 23.253731 ], [ 108.711861, 23.251719 ], [ 108.711983, 23.248551 ], [ 108.711817, 23.247257 ], [ 108.711182, 23.245967 ], [ 108.710077, 23.244821 ], [ 108.707111, 23.243977 ], [ 108.702893, 23.241697 ], [ 108.698647, 23.237548 ], [ 108.695837, 23.236269 ], [ 108.6924, 23.235279 ], [ 108.691312, 23.234566 ], [ 108.690686, 23.23385 ], [ 108.690199, 23.232701 ], [ 108.690459, 23.227663 ], [ 108.691503, 23.222763 ], [ 108.693034, 23.221029 ], [ 108.695035, 23.218859 ], [ 108.695331, 23.21713 ], [ 108.694383, 23.215695 ], [ 108.691877, 23.213839 ], [ 108.689823, 23.211115 ], [ 108.687196, 23.208581 ], [ 108.68435, 23.204569 ], [ 108.682444, 23.201126 ], [ 108.681469, 23.197395 ], [ 108.680216, 23.19668 ], [ 108.678041, 23.196689 ], [ 108.673838, 23.19728 ], [ 108.670741, 23.199018 ], [ 108.668252, 23.198883 ], [ 108.666991, 23.198025 ], [ 108.661535, 23.197329 ], [ 108.659403, 23.197525 ], [ 108.657081, 23.198413 ], [ 108.65367, 23.19817 ], [ 108.650121, 23.200791 ], [ 108.64659, 23.205707 ], [ 108.643303, 23.211372 ], [ 108.641172, 23.212227 ], [ 108.63772, 23.213607 ], [ 108.632285, 23.21114 ], [ 108.629277, 23.205479 ], [ 108.627773, 23.206146 ], [ 108.626278, 23.206186 ], [ 108.624757, 23.207654 ], [ 108.621219, 23.202387 ], [ 108.622253, 23.200009 ], [ 108.618516, 23.196068 ], [ 108.608613, 23.197782 ], [ 108.604157, 23.198958 ], [ 108.601501, 23.202726 ], [ 108.598253, 23.201341 ], [ 108.591856, 23.203659 ], [ 108.590356, 23.210911 ], [ 108.583944, 23.218242 ], [ 108.583051, 23.232807 ], [ 108.582531, 23.235024 ], [ 108.581915, 23.237632 ], [ 108.587624, 23.238973 ], [ 108.588891, 23.240403 ], [ 108.590158, 23.243422 ], [ 108.591772, 23.247878 ], [ 108.593821, 23.250891 ], [ 108.595427, 23.254914 ], [ 108.595756, 23.257074 ], [ 108.59547, 23.25895 ], [ 108.59501, 23.260105 ], [ 108.595505, 23.262122 ], [ 108.596764, 23.264129 ], [ 108.598187, 23.265416 ], [ 108.600853, 23.267416 ], [ 108.604961, 23.273587 ], [ 108.604057, 23.275756 ], [ 108.602512, 23.276919 ], [ 108.600037, 23.277514 ], [ 108.59818, 23.279109 ], [ 108.597581, 23.280844 ], [ 108.597138, 23.283299 ], [ 108.596227, 23.284748 ], [ 108.594534, 23.2862 ], [ 108.593146, 23.287219 ], [ 108.591601, 23.287949 ], [ 108.587011, 23.292273 ], [ 108.586239, 23.299224 ], [ 108.587697, 23.303029 ], [ 108.590266, 23.309776 ], [ 108.587428, 23.311531 ], [ 108.583906, 23.316826 ], [ 108.583152, 23.320586 ], [ 108.581139, 23.322034 ], [ 108.571401, 23.323067 ], [ 108.569954, 23.323223 ], [ 108.56789, 23.320489 ], [ 108.566182, 23.318241 ], [ 108.557863, 23.315383 ], [ 108.558193, 23.321413 ], [ 108.553151, 23.325161 ], [ 108.554381, 23.329497 ], [ 108.556495, 23.336917 ], [ 108.553455, 23.340021 ], [ 108.553619, 23.342024 ], [ 108.553801, 23.3446 ], [ 108.553672, 23.347179 ], [ 108.552909, 23.348619 ], [ 108.551064, 23.350212 ], [ 108.54922, 23.351375 ], [ 108.547998, 23.351877 ], [ 108.540621, 23.357907 ], [ 108.537435, 23.362606 ], [ 108.538578, 23.363682 ], [ 108.54037, 23.365357 ], [ 108.535461, 23.372713 ], [ 108.536362, 23.37545 ], [ 108.538016, 23.380451 ], [ 108.528216, 23.378508 ], [ 108.517216, 23.377646 ], [ 108.513391, 23.378373 ], [ 108.510959, 23.379121 ], [ 108.509281, 23.381431 ], [ 108.506521, 23.383466 ], [ 108.503743, 23.384211 ], [ 108.501112, 23.383949 ], [ 108.498473, 23.383547 ], [ 108.496777, 23.383711 ], [ 108.495704, 23.384437 ], [ 108.494952, 23.386544 ], [ 108.49496, 23.3887 ], [ 108.494969, 23.390134 ], [ 108.494208, 23.391291 ], [ 108.491759, 23.39404 ], [ 108.490677, 23.395196 ], [ 108.489916, 23.396926 ], [ 108.489475, 23.400235 ], [ 108.488878, 23.403399 ], [ 108.487969, 23.405559 ], [ 108.486585, 23.407293 ], [ 108.485668, 23.408737 ], [ 108.485668, 23.409742 ], [ 108.486144, 23.4106 ], [ 108.487546, 23.41131 ], [ 108.490021, 23.412008 ], [ 108.490946, 23.412719 ], [ 108.492046, 23.414003 ], [ 108.492989, 23.416154 ], [ 108.494547, 23.418007 ], [ 108.497186, 23.419711 ], [ 108.499669, 23.421273 ], [ 108.501539, 23.422839 ], [ 108.502318, 23.423982 ], [ 108.502793, 23.425127 ], [ 108.502344, 23.426713 ], [ 108.501271, 23.4283 ], [ 108.498493, 23.430188 ], [ 108.496339, 23.430922 ], [ 108.493561, 23.431948 ], [ 108.481394, 23.439222 ], [ 108.480788, 23.442099 ], [ 108.478728, 23.444312 ], [ 108.472185, 23.451351 ], [ 108.473163, 23.457208 ], [ 108.470064, 23.461791 ], [ 108.469052, 23.462851 ], [ 108.473701, 23.469152 ], [ 108.473554, 23.471019 ], [ 108.472636, 23.471744 ], [ 108.471398, 23.471897 ], [ 108.470472, 23.472336 ], [ 108.470308, 23.473224 ], [ 108.469165, 23.47386 ], [ 108.469581, 23.476937 ], [ 108.467893, 23.478215 ], [ 108.466351, 23.478803 ], [ 108.460992, 23.477051 ], [ 108.455163, 23.476745 ], [ 108.452357, 23.476475 ], [ 108.449559, 23.476348 ], [ 108.447072, 23.476074 ], [ 108.439429, 23.476332 ], [ 108.438528, 23.476414 ], [ 108.435217, 23.476629 ], [ 108.432503, 23.480018 ], [ 108.427241, 23.483509 ], [ 108.426027, 23.488111 ], [ 108.42705, 23.490771 ], [ 108.425368, 23.497619 ], [ 108.419132, 23.500208 ], [ 108.415662, 23.505844 ], [ 108.413553, 23.507741 ], [ 108.410482, 23.509148 ], [ 108.408129, 23.511392 ], [ 108.406211, 23.51322 ], [ 108.407253, 23.514435 ], [ 108.408911, 23.516375 ], [ 108.406594, 23.518125 ], [ 108.403851, 23.52019 ], [ 108.405926, 23.523962 ], [ 108.406568, 23.526113 ], [ 108.406273, 23.527979 ], [ 108.405822, 23.529418 ], [ 108.405831, 23.530566 ], [ 108.406021, 23.530813 ], [ 108.407089, 23.532141 ], [ 108.407731, 23.534151 ], [ 108.406803, 23.536162 ], [ 108.405727, 23.537892 ], [ 108.40301, 23.542892 ], [ 108.40255, 23.54374 ], [ 108.394761, 23.545893 ], [ 108.386509, 23.55131 ], [ 108.385432, 23.553039 ], [ 108.384824, 23.55462 ], [ 108.384529, 23.556632 ], [ 108.384146, 23.560103 ], [ 108.383834, 23.562677 ], [ 108.383295, 23.564252 ], [ 108.382756, 23.565883 ], [ 108.382027, 23.567278 ], [ 108.381688, 23.568503 ], [ 108.381523, 23.570083 ], [ 108.382001, 23.571559 ], [ 108.382427, 23.572794 ], [ 108.383496, 23.573576 ], [ 108.384564, 23.574183 ], [ 108.38552, 23.574199 ], [ 108.386528, 23.574686 ], [ 108.387023, 23.575339 ], [ 108.387319, 23.57685 ], [ 108.387353, 23.577985 ], [ 108.387197, 23.579389 ], [ 108.38731, 23.580211 ], [ 108.387354, 23.581209 ], [ 108.38758, 23.582505 ], [ 108.388188, 23.584038 ], [ 108.388353, 23.585331 ], [ 108.389343, 23.586696 ], [ 108.397569, 23.595452 ], [ 108.402101, 23.597847 ], [ 108.403595, 23.598672 ], [ 108.406598, 23.599679 ], [ 108.406364, 23.601161 ], [ 108.405731, 23.605041 ], [ 108.405583, 23.605957 ], [ 108.402033, 23.60757 ], [ 108.401729, 23.610322 ], [ 108.401799, 23.614581 ], [ 108.399619, 23.61792 ], [ 108.396346, 23.616533 ], [ 108.393263, 23.617638 ], [ 108.390744, 23.618024 ], [ 108.388294, 23.618401 ], [ 108.386166, 23.626119 ], [ 108.387947, 23.62984 ], [ 108.392212, 23.630752 ], [ 108.390979, 23.633281 ], [ 108.390206, 23.634875 ], [ 108.393507, 23.636184 ], [ 108.395973, 23.637161 ], [ 108.395522, 23.640689 ], [ 108.394776, 23.646554 ], [ 108.395879, 23.649312 ], [ 108.398875, 23.653518 ], [ 108.400976, 23.653224 ], [ 108.401193, 23.653391 ], [ 108.405578, 23.659102 ], [ 108.4051, 23.661711 ], [ 108.407974, 23.664286 ], [ 108.414881, 23.662362 ], [ 108.416304, 23.660242 ], [ 108.41895, 23.659941 ], [ 108.424432, 23.661623 ], [ 108.426176, 23.661858 ], [ 108.430399, 23.662433 ], [ 108.434612, 23.661517 ], [ 108.435947, 23.659983 ], [ 108.437663, 23.658002 ], [ 108.438382, 23.657886 ], [ 108.440714, 23.659491 ], [ 108.441546, 23.660062 ], [ 108.444527, 23.658634 ], [ 108.447455, 23.658496 ], [ 108.448538, 23.660183 ], [ 108.453615, 23.659856 ], [ 108.454359, 23.65788 ], [ 108.459028, 23.657265 ], [ 108.460673, 23.657048 ], [ 108.463591, 23.656664 ], [ 108.467773, 23.658292 ], [ 108.468423, 23.669159 ], [ 108.471669, 23.671672 ], [ 108.473332, 23.673173 ], [ 108.472492, 23.676035 ], [ 108.476266, 23.675892 ], [ 108.477452, 23.677039 ], [ 108.479166, 23.678447 ], [ 108.481356, 23.68071 ], [ 108.483684, 23.681541 ], [ 108.486947, 23.682224 ], [ 108.488055, 23.685067 ], [ 108.488375, 23.686774 ], [ 108.489171, 23.688195 ], [ 108.490884, 23.689175 ], [ 108.494917, 23.689992 ], [ 108.497409, 23.690965 ] ] ] } },
{ "type": "Feature", "properties": { "county_name": "武鸣区" }, "geometry": { "type": "Polygon", "coordinates": [ [ [ 107.834365, 23.337778 ], [ 107.83448, 23.33789 ], [ 107.834796, 23.337927 ], [ 107.835316, 23.338203 ], [ 107.835756, 23.338651 ], [ 107.835858, 23.339209 ], [ 107.83705, 23.340277 ], [ 107.837267, 23.341352 ], [ 107.836894, 23.342077 ], [ 107.836124, 23.342632 ], [ 107.835361, 23.343007 ], [ 107.833811, 23.343218 ], [ 107.832902, 23.343079 ], [ 107.830694, 23.34274 ], [ 107.826025, 23.342295 ], [ 107.822726, 23.34236 ], [ 107.821383, 23.343285 ], [ 107.821037, 23.34527 ], [ 107.82108, 23.347247 ], [ 107.822656, 23.348292 ], [ 107.826164, 23.349121 ], [ 107.829862, 23.349408 ], [ 107.831439, 23.350275 ], [ 107.832131, 23.351582 ], [ 107.832036, 23.353024 ], [ 107.831257, 23.354923 ], [ 107.830192, 23.355871 ], [ 107.829837, 23.357317 ], [ 107.829499, 23.35966 ], [ 107.828417, 23.363814 ], [ 107.827334, 23.367611 ], [ 107.827767, 23.369758 ], [ 107.828209, 23.370053 ], [ 107.828253, 23.370511 ], [ 107.829352, 23.37251 ], [ 107.830756, 23.373935 ], [ 107.832462, 23.374931 ], [ 107.834177, 23.375203 ], [ 107.837745, 23.375476 ], [ 107.840083, 23.376182 ], [ 107.845202, 23.378154 ], [ 107.848147, 23.379423 ], [ 107.851257, 23.381117 ], [ 107.85357, 23.383852 ], [ 107.854817, 23.38686 ], [ 107.856533, 23.390439 ], [ 107.858239, 23.393883 ], [ 107.859184, 23.395457 ], [ 107.860422, 23.396601 ], [ 107.862753, 23.398166 ], [ 107.864772, 23.399884 ], [ 107.865032, 23.400616 ], [ 107.866938, 23.401305 ], [ 107.867709, 23.402446 ], [ 107.867987, 23.403828 ], [ 107.867762, 23.404989 ], [ 107.866549, 23.406632 ], [ 107.864582, 23.408289 ], [ 107.863507, 23.409046 ], [ 107.863421, 23.409797 ], [ 107.863438, 23.412532 ], [ 107.864063, 23.414684 ], [ 107.867944, 23.419542 ], [ 107.869981, 23.42327 ], [ 107.870709, 23.424096 ], [ 107.872191, 23.424563 ], [ 107.875952, 23.424951 ], [ 107.877478, 23.426308 ], [ 107.878024, 23.42838 ], [ 107.878553, 23.429526 ], [ 107.879073, 23.430441 ], [ 107.88007, 23.430191 ], [ 107.880546, 23.429255 ], [ 107.881526, 23.428079 ], [ 107.883017, 23.427588 ], [ 107.884283, 23.428257 ], [ 107.884569, 23.429872 ], [ 107.88411, 23.43173 ], [ 107.882653, 23.434071 ], [ 107.883226, 23.437068 ], [ 107.883018, 23.437905 ], [ 107.883659, 23.438869 ], [ 107.883044, 23.439733 ], [ 107.88196, 23.440313 ], [ 107.879039, 23.442624 ], [ 107.875953, 23.444068 ], [ 107.873639, 23.445516 ], [ 107.870701, 23.446106 ], [ 107.871325, 23.447969 ], [ 107.874281, 23.449832 ], [ 107.877696, 23.452546 ], [ 107.880175, 23.45411 ], [ 107.882975, 23.45697 ], [ 107.886244, 23.459969 ], [ 107.889349, 23.462824 ], [ 107.89339, 23.466262 ], [ 107.897276, 23.469258 ], [ 107.899454, 23.470394 ], [ 107.902673, 23.473291 ], [ 107.904868, 23.476839 ], [ 107.907524, 23.47968 ], [ 107.911117, 23.481801 ], [ 107.914547, 23.483918 ], [ 107.916726, 23.484765 ], [ 107.91782, 23.485183 ], [ 107.919374, 23.485038 ], [ 107.920764, 23.484173 ], [ 107.921832, 23.482878 ], [ 107.922909, 23.481458 ], [ 107.924124, 23.478164 ], [ 107.925497, 23.475163 ], [ 107.927043, 23.473878 ], [ 107.929658, 23.472014 ], [ 107.932151, 23.471284 ], [ 107.933385, 23.471001 ], [ 107.935566, 23.471308 ], [ 107.937756, 23.469908 ], [ 107.94172, 23.467681 ], [ 107.943024, 23.466116 ], [ 107.94331, 23.463953 ], [ 107.944267, 23.461778 ], [ 107.945579, 23.460829 ], [ 107.947266, 23.46111 ], [ 107.949979, 23.462914 ], [ 107.953719, 23.465318 ], [ 107.956763, 23.466501 ], [ 107.959103, 23.46646 ], [ 107.960852, 23.466431 ], [ 107.962365, 23.464582 ], [ 107.964236, 23.462568 ], [ 107.965001, 23.461994 ], [ 107.966724, 23.461701 ], [ 107.97017, 23.461688 ], [ 107.973764, 23.461535 ], [ 107.97688, 23.460957 ], [ 107.979691, 23.459795 ], [ 107.982503, 23.458501 ], [ 107.984531, 23.458494 ], [ 107.986881, 23.458915 ], [ 107.990007, 23.458193 ], [ 107.992339, 23.456604 ], [ 107.997163, 23.453721 ], [ 107.999966, 23.450843 ], [ 108.001664, 23.448109 ], [ 108.004397, 23.447006 ], [ 108.006801, 23.450701 ], [ 108.008959, 23.449453 ], [ 108.012869, 23.450733 ], [ 108.015306, 23.447704 ], [ 108.015463, 23.446115 ], [ 108.014566, 23.445292 ], [ 108.013704, 23.444966 ], [ 108.012111, 23.444999 ], [ 108.011945, 23.44378 ], [ 108.011684, 23.442321 ], [ 108.010848, 23.441702 ], [ 108.011214, 23.43998 ], [ 108.012172, 23.440035 ], [ 108.013199, 23.440094 ], [ 108.013364, 23.438324 ], [ 108.013477, 23.436862 ], [ 108.012807, 23.437263 ], [ 108.011309, 23.437011 ], [ 108.01151, 23.436411 ], [ 108.011762, 23.435906 ], [ 108.011562, 23.435163 ], [ 108.010117, 23.434814 ], [ 108.008994, 23.434821 ], [ 108.008236, 23.435335 ], [ 108.007862, 23.435139 ], [ 108.007636, 23.434435 ], [ 108.006521, 23.434117 ], [ 108.005346, 23.434243 ], [ 108.004397, 23.435028 ], [ 108.003395, 23.434743 ], [ 108.003099, 23.434167 ], [ 108.002272, 23.433266 ], [ 108.001784, 23.432646 ], [ 108.001645, 23.432101 ], [ 108.001715, 23.431433 ], [ 108.002167, 23.430527 ], [ 108.003587, 23.427566 ], [ 108.003821, 23.426545 ], [ 108.003656, 23.424979 ], [ 108.002332, 23.422768 ], [ 107.998554, 23.417778 ], [ 107.998328, 23.417233 ], [ 107.998493, 23.41684 ], [ 107.999215, 23.416866 ], [ 108.002541, 23.419025 ], [ 108.002907, 23.419156 ], [ 108.003334, 23.419071 ], [ 108.003691, 23.418811 ], [ 108.003995, 23.418434 ], [ 108.004196, 23.417903 ], [ 108.004396, 23.417498 ], [ 108.005632, 23.41631 ], [ 108.007983, 23.41592 ], [ 108.010064, 23.416052 ], [ 108.011056, 23.41619 ], [ 108.012284, 23.416751 ], [ 108.012902, 23.417188 ], [ 108.014051, 23.417629 ], [ 108.013912, 23.41831 ], [ 108.012893, 23.419208 ], [ 108.012171, 23.420185 ], [ 108.012214, 23.421472 ], [ 108.01164, 23.422158 ], [ 108.011631, 23.422395 ], [ 108.01204, 23.422761 ], [ 108.013659, 23.422646 ], [ 108.013999, 23.42192 ], [ 108.014678, 23.421371 ], [ 108.016306, 23.421376 ], [ 108.016715, 23.420715 ], [ 108.018648, 23.421178 ], [ 108.019719, 23.421437 ], [ 108.020476, 23.421273 ], [ 108.021729, 23.420614 ], [ 108.022539, 23.419966 ], [ 108.022896, 23.418931 ], [ 108.022948, 23.418181 ], [ 108.023209, 23.417391 ], [ 108.023784, 23.416891 ], [ 108.024463, 23.416737 ], [ 108.025429, 23.416836 ], [ 108.026352, 23.416927 ], [ 108.026839, 23.41652 ], [ 108.02777, 23.416343 ], [ 108.028354, 23.41517 ], [ 108.031609, 23.414726 ], [ 108.031731, 23.414136 ], [ 108.032479, 23.413306 ], [ 108.034002, 23.413441 ], [ 108.03462, 23.413221 ], [ 108.03502, 23.412797 ], [ 108.035542, 23.410603 ], [ 108.036874, 23.409531 ], [ 108.038153, 23.408991 ], [ 108.039371, 23.409042 ], [ 108.040015, 23.405987 ], [ 108.041102, 23.405862 ], [ 108.042225, 23.406334 ], [ 108.042869, 23.406846 ], [ 108.043382, 23.408177 ], [ 108.043426, 23.409449 ], [ 108.044887, 23.407506 ], [ 108.045166, 23.40684 ], [ 108.046462, 23.406129 ], [ 108.047445, 23.406489 ], [ 108.048184, 23.406762 ], [ 108.047976, 23.406042 ], [ 108.048063, 23.40523 ], [ 108.049072, 23.404792 ], [ 108.04955, 23.405049 ], [ 108.050098, 23.405343 ], [ 108.050394, 23.404682 ], [ 108.051533, 23.404434 ], [ 108.052699, 23.403072 ], [ 108.053047, 23.402968 ], [ 108.053943, 23.4035 ], [ 108.054952, 23.404813 ], [ 108.055317, 23.405137 ], [ 108.056352, 23.405069 ], [ 108.057665, 23.404551 ], [ 108.0585, 23.404657 ], [ 108.058961, 23.405068 ], [ 108.059169, 23.405674 ], [ 108.059204, 23.406683 ], [ 108.061221, 23.407184 ], [ 108.064377, 23.406866 ], [ 108.065299, 23.406234 ], [ 108.065951, 23.406181 ], [ 108.067481, 23.406652 ], [ 108.067733, 23.406389 ], [ 108.067828, 23.404983 ], [ 108.067898, 23.404536 ], [ 108.068837, 23.403741 ], [ 108.068932, 23.402891 ], [ 108.068889, 23.402272 ], [ 108.068506, 23.401421 ], [ 108.068298, 23.400726 ], [ 108.068402, 23.400153 ], [ 108.069497, 23.399371 ], [ 108.070601, 23.399539 ], [ 108.070905, 23.400187 ], [ 108.071409, 23.400626 ], [ 108.072782, 23.400888 ], [ 108.073547, 23.401592 ], [ 108.072982, 23.404453 ], [ 108.072278, 23.404697 ], [ 108.071879, 23.405019 ], [ 108.071939, 23.405426 ], [ 108.072748, 23.406249 ], [ 108.072878, 23.407033 ], [ 108.072183, 23.408197 ], [ 108.072001, 23.409386 ], [ 108.072053, 23.411486 ], [ 108.072044, 23.412104 ], [ 108.071175, 23.414202 ], [ 108.071714, 23.415526 ], [ 108.072322, 23.416159 ], [ 108.074321, 23.416476 ], [ 108.075242, 23.415893 ], [ 108.075842, 23.415516 ], [ 108.077336, 23.415928 ], [ 108.077875, 23.416778 ], [ 108.078075, 23.419198 ], [ 108.077858, 23.420068 ], [ 108.077719, 23.420309 ], [ 108.07685, 23.421866 ], [ 108.076763, 23.423311 ], [ 108.077519, 23.424142 ], [ 108.07672, 23.425202 ], [ 108.077832, 23.426419 ], [ 108.077919, 23.426924 ], [ 108.078145, 23.428199 ], [ 108.078188, 23.428585 ], [ 108.078875, 23.429274 ], [ 108.079587, 23.431935 ], [ 108.079561, 23.434624 ], [ 108.077694, 23.43617 ], [ 108.076946, 23.437966 ], [ 108.074957, 23.439945 ], [ 108.074731, 23.440974 ], [ 108.074427, 23.442095 ], [ 108.073654, 23.442496 ], [ 108.072106, 23.443688 ], [ 108.072194, 23.444061 ], [ 108.072906, 23.444424 ], [ 108.073063, 23.445154 ], [ 108.072698, 23.446043 ], [ 108.072507, 23.447124 ], [ 108.071586, 23.447379 ], [ 108.072568, 23.449186 ], [ 108.071394, 23.450046 ], [ 108.072177, 23.453441 ], [ 108.069291, 23.45732 ], [ 108.069735, 23.464018 ], [ 108.071995, 23.465248 ], [ 108.071369, 23.466909 ], [ 108.069831, 23.468641 ], [ 108.070083, 23.469631 ], [ 108.074871, 23.467856 ], [ 108.077348, 23.467171 ], [ 108.081257, 23.464088 ], [ 108.085782, 23.461516 ], [ 108.089907, 23.460312 ], [ 108.091973, 23.457559 ], [ 108.093032, 23.456159 ], [ 108.096253, 23.454401 ], [ 108.098796, 23.453733 ], [ 108.099673, 23.455057 ], [ 108.101834, 23.455135 ], [ 108.10383, 23.45772 ], [ 108.105505, 23.457131 ], [ 108.105947, 23.455912 ], [ 108.109244, 23.455735 ], [ 108.112757, 23.459725 ], [ 108.112532, 23.4566 ], [ 108.115229, 23.454914 ], [ 108.116044, 23.453102 ], [ 108.117154, 23.451289 ], [ 108.119946, 23.453869 ], [ 108.123094, 23.454629 ], [ 108.124109, 23.455516 ], [ 108.126128, 23.457283 ], [ 108.128451, 23.456356 ], [ 108.130194, 23.454362 ], [ 108.133617, 23.454735 ], [ 108.134241, 23.457326 ], [ 108.134857, 23.457777 ], [ 108.136876, 23.458768 ], [ 108.138895, 23.460193 ], [ 108.140914, 23.461758 ], [ 108.142162, 23.463759 ], [ 108.143566, 23.464614 ], [ 108.150011, 23.466251 ], [ 108.156577, 23.465674 ], [ 108.157686, 23.468576 ], [ 108.159072, 23.470142 ], [ 108.163004, 23.471198 ], [ 108.166547, 23.475665 ], [ 108.16821, 23.479534 ], [ 108.173744, 23.478887 ], [ 108.184821, 23.475908 ], [ 108.187853, 23.477702 ], [ 108.192763, 23.474815 ], [ 108.196349, 23.47549 ], [ 108.199719, 23.479749 ], [ 108.200464, 23.482556 ], [ 108.203184, 23.484501 ], [ 108.204493, 23.484025 ], [ 108.204683, 23.484136 ], [ 108.206122, 23.483651 ], [ 108.206399, 23.486383 ], [ 108.204484, 23.490762 ], [ 108.202137, 23.490765 ], [ 108.203956, 23.49685 ], [ 108.204, 23.497848 ], [ 108.204225, 23.499083 ], [ 108.206573, 23.500049 ], [ 108.207976, 23.49917 ], [ 108.211208, 23.499256 ], [ 108.214579, 23.497804 ], [ 108.222492, 23.498168 ], [ 108.226177, 23.500597 ], [ 108.227104, 23.501208 ], [ 108.226991, 23.500516 ], [ 108.226064, 23.499357 ], [ 108.226411, 23.498326 ], [ 108.226818, 23.497868 ], [ 108.228508, 23.497841 ], [ 108.229219, 23.497679 ], [ 108.22811, 23.497071 ], [ 108.227355, 23.495743 ], [ 108.227598, 23.49512 ], [ 108.227945, 23.4952 ], [ 108.228968, 23.495436 ], [ 108.230121, 23.495704 ], [ 108.231266, 23.496276 ], [ 108.233113, 23.497828 ], [ 108.232879, 23.498907 ], [ 108.234639, 23.499767 ], [ 108.236842, 23.50138 ], [ 108.240763, 23.502526 ], [ 108.241838, 23.502977 ], [ 108.242549, 23.503013 ], [ 108.243278, 23.502416 ], [ 108.243694, 23.502568 ], [ 108.243773, 23.503076 ], [ 108.243955, 23.503084 ], [ 108.244883, 23.503659 ], [ 108.245265, 23.503987 ], [ 108.245004, 23.504189 ], [ 108.244692, 23.504434 ], [ 108.244857, 23.505007 ], [ 108.246349, 23.507188 ], [ 108.248449, 23.508541 ], [ 108.249074, 23.508686 ], [ 108.249291, 23.508213 ], [ 108.248796, 23.507413 ], [ 108.250532, 23.506579 ], [ 108.252024, 23.507117 ], [ 108.252979, 23.50726 ], [ 108.25363, 23.507551 ], [ 108.255027, 23.50817 ], [ 108.254975, 23.507553 ], [ 108.254767, 23.506982 ], [ 108.255678, 23.506718 ], [ 108.25639, 23.506514 ], [ 108.256477, 23.506091 ], [ 108.255973, 23.505924 ], [ 108.255114, 23.505639 ], [ 108.254819, 23.505526 ], [ 108.254576, 23.505246 ], [ 108.255244, 23.504454 ], [ 108.25547, 23.50419 ], [ 108.254984, 23.503406 ], [ 108.253664, 23.502829 ], [ 108.253855, 23.502208 ], [ 108.253621, 23.501312 ], [ 108.252822, 23.500836 ], [ 108.252362, 23.500053 ], [ 108.252371, 23.499678 ], [ 108.253308, 23.499664 ], [ 108.253751, 23.499369 ], [ 108.253794, 23.498096 ], [ 108.255226, 23.49836 ], [ 108.256441, 23.498391 ], [ 108.256937, 23.497929 ], [ 108.257631, 23.49728 ], [ 108.258108, 23.496308 ], [ 108.259089, 23.496927 ], [ 108.260253, 23.497921 ], [ 108.261069, 23.498624 ], [ 108.262736, 23.500309 ], [ 108.263942, 23.500746 ], [ 108.265019, 23.500707 ], [ 108.265349, 23.500019 ], [ 108.266113, 23.498431 ], [ 108.266096, 23.496736 ], [ 108.266842, 23.497099 ], [ 108.268189, 23.49866 ], [ 108.269847, 23.499079 ], [ 108.27247, 23.50151 ], [ 108.274242, 23.502151 ], [ 108.276779, 23.5041 ], [ 108.278664, 23.50765 ], [ 108.279846, 23.508721 ], [ 108.282227, 23.51088 ], [ 108.283035, 23.511708 ], [ 108.284972, 23.512285 ], [ 108.285789, 23.51213 ], [ 108.287006, 23.512758 ], [ 108.289179, 23.514324 ], [ 108.289883, 23.516347 ], [ 108.290613, 23.517477 ], [ 108.291152, 23.518317 ], [ 108.29143, 23.51932 ], [ 108.292386, 23.519892 ], [ 108.292308, 23.518809 ], [ 108.292499, 23.517794 ], [ 108.292455, 23.517256 ], [ 108.293524, 23.51638 ], [ 108.293829, 23.515113 ], [ 108.29415, 23.514658 ], [ 108.295159, 23.51544 ], [ 108.296897, 23.516925 ], [ 108.298575, 23.518019 ], [ 108.295898, 23.520018 ], [ 108.296211, 23.521393 ], [ 108.298002, 23.524212 ], [ 108.296298, 23.524908 ], [ 108.298854, 23.526119 ], [ 108.301149, 23.527203 ], [ 108.301871, 23.527762 ], [ 108.303792, 23.525905 ], [ 108.305155, 23.525581 ], [ 108.307217, 23.526319 ], [ 108.308174, 23.52698 ], [ 108.308383, 23.52889 ], [ 108.309218, 23.532274 ], [ 108.310679, 23.534842 ], [ 108.314792, 23.533456 ], [ 108.315409, 23.534017 ], [ 108.316862, 23.535042 ], [ 108.318123, 23.535593 ], [ 108.321732, 23.537277 ], [ 108.325011, 23.535753 ], [ 108.326324, 23.535238 ], [ 108.327429, 23.537414 ], [ 108.328629, 23.539764 ], [ 108.327994, 23.542029 ], [ 108.331891, 23.544786 ], [ 108.339075, 23.543167 ], [ 108.340867, 23.540245 ], [ 108.342876, 23.54023 ], [ 108.343954, 23.54054 ], [ 108.344711, 23.541084 ], [ 108.345581, 23.541979 ], [ 108.346528, 23.542465 ], [ 108.347546, 23.54266 ], [ 108.348764, 23.542391 ], [ 108.348842, 23.542259 ], [ 108.349094, 23.540996 ], [ 108.351277, 23.540861 ], [ 108.352981, 23.539147 ], [ 108.354077, 23.538436 ], [ 108.355634, 23.537868 ], [ 108.359373, 23.537735 ], [ 108.360625, 23.538314 ], [ 108.362016, 23.539464 ], [ 108.363729, 23.539614 ], [ 108.366224, 23.538904 ], [ 108.367623, 23.538765 ], [ 108.368562, 23.539201 ], [ 108.369406, 23.539929 ], [ 108.370544, 23.541491 ], [ 108.373769, 23.543921 ], [ 108.379601, 23.542384 ], [ 108.379757, 23.542385 ], [ 108.381313, 23.542391 ], [ 108.38319, 23.542681 ], [ 108.388316, 23.539539 ], [ 108.389262, 23.539255 ], [ 108.391747, 23.536681 ], [ 108.392676, 23.536252 ], [ 108.395629, 23.532529 ], [ 108.397339, 23.531959 ], [ 108.399831, 23.530101 ], [ 108.401542, 23.530103 ], [ 108.404363, 23.527918 ], [ 108.406568, 23.526113 ], [ 108.405926, 23.523962 ], [ 108.403851, 23.52019 ], [ 108.406594, 23.518125 ], [ 108.408911, 23.516375 ], [ 108.407253, 23.514435 ], [ 108.406211, 23.51322 ], [ 108.408129, 23.511392 ], [ 108.410482, 23.509148 ], [ 108.413553, 23.507741 ], [ 108.415662, 23.505844 ], [ 108.419132, 23.500208 ], [ 108.425368, 23.497619 ], [ 108.42705, 23.490771 ], [ 108.426027, 23.488111 ], [ 108.427241, 23.483509 ], [ 108.432503, 23.480018 ], [ 108.435217, 23.476629 ], [ 108.438528, 23.476414 ], [ 108.439429, 23.476332 ], [ 108.447072, 23.476074 ], [ 108.449559, 23.476348 ], [ 108.452357, 23.476475 ], [ 108.455163, 23.476745 ], [ 108.460992, 23.477051 ], [ 108.466351, 23.478803 ], [ 108.467893, 23.478215 ], [ 108.469581, 23.476937 ], [ 108.469165, 23.47386 ], [ 108.470308, 23.473224 ], [ 108.470472, 23.472336 ], [ 108.471398, 23.471897 ], [ 108.472636, 23.471744 ], [ 108.473554, 23.471019 ], [ 108.473701, 23.469152 ], [ 108.469052, 23.462851 ], [ 108.470064, 23.461791 ], [ 108.473163, 23.457208 ], [ 108.472185, 23.451351 ], [ 108.478728, 23.444312 ], [ 108.480788, 23.442099 ], [ 108.481394, 23.439222 ], [ 108.493561, 23.431948 ], [ 108.496339, 23.430922 ], [ 108.498493, 23.430188 ], [ 108.501271, 23.4283 ], [ 108.502344, 23.426713 ], [ 108.502793, 23.425127 ], [ 108.502318, 23.423982 ], [ 108.501539, 23.422839 ], [ 108.499669, 23.421273 ], [ 108.497186, 23.419711 ], [ 108.494547, 23.418007 ], [ 108.492989, 23.416154 ], [ 108.492046, 23.414003 ], [ 108.490946, 23.412719 ], [ 108.490021, 23.412008 ], [ 108.487546, 23.41131 ], [ 108.486144, 23.4106 ], [ 108.485668, 23.409742 ], [ 108.485668, 23.408737 ], [ 108.486585, 23.407293 ], [ 108.487969, 23.405559 ], [ 108.488878, 23.403399 ], [ 108.489475, 23.400235 ], [ 108.489916, 23.396926 ], [ 108.490677, 23.395196 ], [ 108.491759, 23.39404 ], [ 108.494208, 23.391291 ], [ 108.494969, 23.390134 ], [ 108.49496, 23.3887 ], [ 108.494952, 23.386544 ], [ 108.495704, 23.384437 ], [ 108.496777, 23.383711 ], [ 108.498473, 23.383547 ], [ 108.501112, 23.383949 ], [ 108.503743, 23.384211 ], [ 108.506521, 23.383466 ], [ 108.509281, 23.381431 ], [ 108.510959, 23.379121 ], [ 108.513391, 23.378373 ], [ 108.517216, 23.377646 ], [ 108.528216, 23.378508 ], [ 108.538016, 23.380451 ], [ 108.536362, 23.37545 ], [ 108.535461, 23.372713 ], [ 108.54037, 23.365357 ], [ 108.538578, 23.363682 ], [ 108.537435, 23.362606 ], [ 108.540621, 23.357907 ], [ 108.547998, 23.351877 ], [ 108.54922, 23.351375 ], [ 108.551064, 23.350212 ], [ 108.552909, 23.348619 ], [ 108.553672, 23.347179 ], [ 108.553801, 23.3446 ], [ 108.553619, 23.342024 ], [ 108.553455, 23.340021 ], [ 108.556495, 23.336917 ], [ 108.554381, 23.329497 ], [ 108.553151, 23.325161 ], [ 108.558193, 23.321413 ], [ 108.557863, 23.315383 ], [ 108.566182, 23.318241 ], [ 108.56789, 23.320489 ], [ 108.569954, 23.323223 ], [ 108.571401, 23.323067 ], [ 108.581139, 23.322034 ], [ 108.583152, 23.320586 ], [ 108.583906, 23.316826 ], [ 108.587428, 23.311531 ], [ 108.590266, 23.309776 ], [ 108.587697, 23.303029 ], [ 108.586239, 23.299224 ], [ 108.587011, 23.292273 ], [ 108.591601, 23.287949 ], [ 108.593146, 23.287219 ], [ 108.594534, 23.2862 ], [ 108.596227, 23.284748 ], [ 108.597138, 23.283299 ], [ 108.597581, 23.280844 ], [ 108.59818, 23.279109 ], [ 108.600037, 23.277514 ], [ 108.602512, 23.276919 ], [ 108.604057, 23.275756 ], [ 108.604961, 23.273587 ], [ 108.600853, 23.267416 ], [ 108.598187, 23.265416 ], [ 108.596764, 23.264129 ], [ 108.595505, 23.262122 ], [ 108.59501, 23.260105 ], [ 108.59547, 23.25895 ], [ 108.595756, 23.257074 ], [ 108.595427, 23.254914 ], [ 108.593821, 23.250891 ], [ 108.591772, 23.247878 ], [ 108.590158, 23.243422 ], [ 108.588891, 23.240403 ], [ 108.587624, 23.238973 ], [ 108.581915, 23.237632 ], [ 108.582531, 23.235024 ], [ 108.583051, 23.232807 ], [ 108.583944, 23.218242 ], [ 108.590356, 23.210911 ], [ 108.591856, 23.203659 ], [ 108.594208, 23.198676 ], [ 108.590494, 23.197156 ], [ 108.588003, 23.195471 ], [ 108.586146, 23.194213 ], [ 108.584897, 23.191509 ], [ 108.584576, 23.189651 ], [ 108.583483, 23.188236 ], [ 108.582398, 23.187536 ], [ 108.578235, 23.188312 ], [ 108.576674, 23.187478 ], [ 108.575434, 23.185921 ], [ 108.573561, 23.182656 ], [ 108.57278, 23.182095 ], [ 108.571237, 23.181543 ], [ 108.569997, 23.181708 ], [ 108.568922, 23.181149 ], [ 108.567822, 23.179162 ], [ 108.567657, 23.176729 ], [ 108.566721, 23.174739 ], [ 108.564701, 23.17291 ], [ 108.562369, 23.170368 ], [ 108.560991, 23.169346 ], [ 108.559744, 23.168484 ], [ 108.558964, 23.16733 ], [ 108.55879, 23.165455 ], [ 108.557664, 23.160839 ], [ 108.556866, 23.159111 ], [ 108.553895, 23.155369 ], [ 108.552171, 23.152777 ], [ 108.550265, 23.148163 ], [ 108.548376, 23.144706 ], [ 108.546973, 23.142979 ], [ 108.54557, 23.14183 ], [ 108.542609, 23.139533 ], [ 108.539491, 23.137094 ], [ 108.537924, 23.13537 ], [ 108.538062, 23.133492 ], [ 108.538833, 23.132622 ], [ 108.540833, 23.131601 ], [ 108.544842, 23.130573 ], [ 108.548714, 23.13041 ], [ 108.552421, 23.130106 ], [ 108.555201, 23.12966 ], [ 108.557514, 23.128928 ], [ 108.559672, 23.127476 ], [ 108.562263, 23.126258 ], [ 108.56488, 23.125072 ], [ 108.569665, 23.124711 ], [ 108.571667, 23.12425 ], [ 108.573046, 23.122798 ], [ 108.574424, 23.120341 ], [ 108.576262, 23.118596 ], [ 108.579359, 23.118549 ], [ 108.583062, 23.119353 ], [ 108.586168, 23.121027 ], [ 108.588494, 23.121994 ], [ 108.590967, 23.122246 ], [ 108.591886, 23.12166 ], [ 108.593726, 23.118911 ], [ 108.596573, 23.11566 ], [ 108.599342, 23.11305 ], [ 108.602121, 23.111016 ], [ 108.605516, 23.109123 ], [ 108.607061, 23.109399 ], [ 108.608781, 23.110541 ], [ 108.609416, 23.111399 ], [ 108.610501, 23.112111 ], [ 108.611752, 23.112249 ], [ 108.612673, 23.111667 ], [ 108.616078, 23.106576 ], [ 108.615244, 23.105316 ], [ 108.616304, 23.101997 ], [ 108.61719, 23.099147 ], [ 108.618702, 23.097109 ], [ 108.616877, 23.092328 ], [ 108.615139, 23.089745 ], [ 108.613871, 23.087869 ], [ 108.614288, 23.086037 ], [ 108.611715, 23.077848 ], [ 108.612923, 23.075367 ], [ 108.613844, 23.073909 ], [ 108.613843, 23.072509 ], [ 108.610751, 23.068406 ], [ 108.61208, 23.066068 ], [ 108.612522, 23.061713 ], [ 108.613634, 23.058981 ], [ 108.613652, 23.056542 ], [ 108.615163, 23.055074 ], [ 108.612226, 23.052011 ], [ 108.612999, 23.050791 ], [ 108.612513, 23.047484 ], [ 108.613408, 23.046054 ], [ 108.613277, 23.044354 ], [ 108.613242, 23.043946 ], [ 108.610185, 23.042663 ], [ 108.607327, 23.040887 ], [ 108.603393, 23.03992 ], [ 108.600927, 23.037046 ], [ 108.599008, 23.036099 ], [ 108.596933, 23.036601 ], [ 108.595171, 23.037652 ], [ 108.594112, 23.03828 ], [ 108.590476, 23.035632 ], [ 108.588689, 23.036294 ], [ 108.587509, 23.036733 ], [ 108.585174, 23.037729 ], [ 108.582928, 23.036971 ], [ 108.580204, 23.038293 ], [ 108.57814, 23.03422 ], [ 108.576015, 23.03089 ], [ 108.576431, 23.029137 ], [ 108.57422, 23.027787 ], [ 108.575442, 23.025956 ], [ 108.575668, 23.022727 ], [ 108.574705, 23.021384 ], [ 108.571956, 23.018303 ], [ 108.569199, 23.018697 ], [ 108.568281, 23.018321 ], [ 108.566113, 23.014331 ], [ 108.566997, 23.012973 ], [ 108.566477, 23.012425 ], [ 108.56522, 23.012333 ], [ 108.564614, 23.012449 ], [ 108.56308, 23.012743 ], [ 108.562612, 23.011337 ], [ 108.55873, 23.01076 ], [ 108.557863, 23.009029 ], [ 108.554761, 23.00933 ], [ 108.553834, 23.009927 ], [ 108.551513, 23.010639 ], [ 108.550093, 23.010221 ], [ 108.550508, 23.008774 ], [ 108.549781, 23.007942 ], [ 108.549304, 23.0094 ], [ 108.549192, 23.010384 ], [ 108.549105, 23.011148 ], [ 108.549876, 23.011733 ], [ 108.549998, 23.013107 ], [ 108.548196, 23.013254 ], [ 108.546663, 23.014183 ], [ 108.5461, 23.014994 ], [ 108.545069, 23.01522 ], [ 108.543849, 23.01593 ], [ 108.541822, 23.018017 ], [ 108.540342, 23.018306 ], [ 108.53835, 23.017357 ], [ 108.536549, 23.01739 ], [ 108.53577, 23.019236 ], [ 108.535545, 23.020066 ], [ 108.534368, 23.020659 ], [ 108.533113, 23.020871 ], [ 108.529771, 23.022233 ], [ 108.528369, 23.021579 ], [ 108.526214, 23.022674 ], [ 108.524422, 23.024979 ], [ 108.521367, 23.025949 ], [ 108.521307, 23.027263 ], [ 108.520026, 23.028578 ], [ 108.518443, 23.032191 ], [ 108.518183, 23.033892 ], [ 108.518001, 23.035078 ], [ 108.517776, 23.035191 ], [ 108.516349, 23.035927 ], [ 108.514557, 23.033696 ], [ 108.511658, 23.033434 ], [ 108.510551, 23.033988 ], [ 108.508361, 23.034681 ], [ 108.507236, 23.036297 ], [ 108.506726, 23.036633 ], [ 108.506795, 23.037782 ], [ 108.505463, 23.038161 ], [ 108.503646, 23.0396 ], [ 108.500375, 23.041136 ], [ 108.498826, 23.041911 ], [ 108.497839, 23.042031 ], [ 108.497606, 23.04251 ], [ 108.495763, 23.044421 ], [ 108.493963, 23.043419 ], [ 108.491912, 23.042151 ], [ 108.491609, 23.041104 ], [ 108.491323, 23.040868 ], [ 108.490519, 23.040981 ], [ 108.489117, 23.04097 ], [ 108.487888, 23.04075 ], [ 108.486996, 23.040588 ], [ 108.485776, 23.039748 ], [ 108.484815, 23.039085 ], [ 108.482686, 23.038498 ], [ 108.48099, 23.037787 ], [ 108.480497, 23.037638 ], [ 108.478021, 23.034931 ], [ 108.476878, 23.034361 ], [ 108.476515, 23.033031 ], [ 108.475952, 23.031906 ], [ 108.474481, 23.029763 ], [ 108.472195, 23.029259 ], [ 108.47107, 23.028428 ], [ 108.468516, 23.027566 ], [ 108.466923, 23.026925 ], [ 108.465953, 23.025634 ], [ 108.464308, 23.027233 ], [ 108.462914, 23.027252 ], [ 108.461589, 23.02694 ], [ 108.460437, 23.02592 ], [ 108.458047, 23.025615 ], [ 108.456237, 23.026157 ], [ 108.453353, 23.025714 ], [ 108.452807, 23.023904 ], [ 108.451404, 23.022687 ], [ 108.451542, 23.018455 ], [ 108.453222, 23.017922 ], [ 108.454123, 23.016952 ], [ 108.453603, 23.016252 ], [ 108.45421, 23.015297 ], [ 108.454591, 23.012793 ], [ 108.454582, 23.011152 ], [ 108.455474, 23.009693 ], [ 108.454486, 23.00719 ], [ 108.45369, 23.006601 ], [ 108.452217, 23.004496 ], [ 108.450762, 23.003481 ], [ 108.449427, 23.002231 ], [ 108.449358, 23.001686 ], [ 108.449219, 23.000633 ], [ 108.446603, 22.999402 ], [ 108.442201, 22.99758 ], [ 108.441074, 22.99855 ], [ 108.439384, 22.999492 ], [ 108.438214, 22.999427 ], [ 108.436377, 22.999444 ], [ 108.433941, 22.998959 ], [ 108.431444, 22.999461 ], [ 108.430092, 23.000952 ], [ 108.429077, 23.002545 ], [ 108.428522, 23.00222 ], [ 108.427109, 23.000056 ], [ 108.425686, 22.997999 ], [ 108.425149, 22.998827 ], [ 108.423536, 22.999384 ], [ 108.421063, 22.998125 ], [ 108.418764, 22.998167 ], [ 108.418053, 22.997306 ], [ 108.417472, 22.99642 ], [ 108.416873, 22.995791 ], [ 108.416084, 22.995123 ], [ 108.416049, 22.994421 ], [ 108.416101, 22.994089 ], [ 108.415971, 22.993738 ], [ 108.415389, 22.993449 ], [ 108.41427, 22.993052 ], [ 108.413454, 22.99282 ], [ 108.411745, 22.992619 ], [ 108.409246, 22.992693 ], [ 108.408421, 22.993164 ], [ 108.4079, 22.993156 ], [ 108.40672, 22.992902 ], [ 108.40639, 22.992926 ], [ 108.405296, 22.993549 ], [ 108.403898, 22.993436 ], [ 108.402926, 22.993129 ], [ 108.402657, 22.993183 ], [ 108.402796, 22.993433 ], [ 108.40277, 22.994061 ], [ 108.402501, 22.994888 ], [ 108.402344, 22.995799 ], [ 108.402041, 22.996132 ], [ 108.401598, 22.996284 ], [ 108.400842, 22.996273 ], [ 108.400269, 22.996494 ], [ 108.399479, 22.996594 ], [ 108.399071, 22.996802 ], [ 108.398776, 22.997043 ], [ 108.398585, 22.997129 ], [ 108.397447, 22.997062 ], [ 108.392445, 22.997207 ], [ 108.391872, 22.996781 ], [ 108.391741, 22.996117 ], [ 108.391133, 22.995044 ], [ 108.388718, 22.994727 ], [ 108.38778, 22.994811 ], [ 108.384375, 22.993649 ], [ 108.381064, 22.993003 ], [ 108.380769, 22.992758 ], [ 108.374224, 22.992394 ], [ 108.370783, 22.991728 ], [ 108.37093, 22.989227 ], [ 108.371191, 22.987169 ], [ 108.371017, 22.986053 ], [ 108.370182, 22.985107 ], [ 108.369695, 22.983231 ], [ 108.369678, 22.980157 ], [ 108.369452, 22.97853 ], [ 108.368826, 22.978036 ], [ 108.367965, 22.978088 ], [ 108.367209, 22.97849 ], [ 108.365974, 22.978538 ], [ 108.364044, 22.97819 ], [ 108.359923, 22.976907 ], [ 108.358888, 22.9763 ], [ 108.358341, 22.975669 ], [ 108.358288, 22.974701 ], [ 108.358184, 22.974077 ], [ 108.357479, 22.973892 ], [ 108.355288, 22.974301 ], [ 108.354784, 22.974396 ], [ 108.353454, 22.975544 ], [ 108.352314, 22.974661 ], [ 108.349401, 22.974399 ], [ 108.348044, 22.975239 ], [ 108.346583, 22.97521 ], [ 108.346209, 22.975409 ], [ 108.345731, 22.976852 ], [ 108.34507, 22.978427 ], [ 108.344218, 22.979897 ], [ 108.343722, 22.980198 ], [ 108.343131, 22.980189 ], [ 108.341496, 22.979159 ], [ 108.340844, 22.979166 ], [ 108.338339, 22.979409 ], [ 108.337651, 22.978967 ], [ 108.337147, 22.977885 ], [ 108.335243, 22.977152 ], [ 108.333607, 22.976541 ], [ 108.332764, 22.976437 ], [ 108.329493, 22.976409 ], [ 108.327789, 22.975961 ], [ 108.326754, 22.975451 ], [ 108.326058, 22.975317 ], [ 108.324101, 22.974423 ], [ 108.32284, 22.973511 ], [ 108.322213, 22.973317 ], [ 108.320839, 22.973579 ], [ 108.319813, 22.974311 ], [ 108.319335, 22.97443 ], [ 108.318891, 22.974242 ], [ 108.318396, 22.973635 ], [ 108.317813, 22.973211 ], [ 108.316369, 22.972483 ], [ 108.31383, 22.970857 ], [ 108.311091, 22.970094 ], [ 108.309317, 22.969829 ], [ 108.308734, 22.968974 ], [ 108.307247, 22.967956 ], [ 108.304891, 22.966875 ], [ 108.303343, 22.966506 ], [ 108.302083, 22.967162 ], [ 108.301126, 22.967299 ], [ 108.299622, 22.96683 ], [ 108.298909, 22.966171 ], [ 108.298631, 22.965385 ], [ 108.29704, 22.964581 ], [ 108.295693, 22.964503 ], [ 108.295189, 22.964564 ], [ 108.294181, 22.964684 ], [ 108.29312, 22.964561 ], [ 108.29179, 22.96363 ], [ 108.290695, 22.962573 ], [ 108.288609, 22.960541 ], [ 108.287097, 22.959243 ], [ 108.285898, 22.958631 ], [ 108.283343, 22.957836 ], [ 108.280536, 22.956898 ], [ 108.278972, 22.955341 ], [ 108.277921, 22.954615 ], [ 108.277105, 22.95453 ], [ 108.275897, 22.954976 ], [ 108.275141, 22.955829 ], [ 108.274412, 22.956074 ], [ 108.274247, 22.955861 ], [ 108.273265, 22.954603 ], [ 108.272119, 22.953028 ], [ 108.272153, 22.95145 ], [ 108.272101, 22.949997 ], [ 108.272058, 22.94909 ], [ 108.271545, 22.94846 ], [ 108.267663, 22.945333 ], [ 108.266638, 22.944616 ], [ 108.264485, 22.943256 ], [ 108.262844, 22.941623 ], [ 108.261524, 22.939113 ], [ 108.260239, 22.937847 ], [ 108.260187, 22.936266 ], [ 108.26102, 22.934986 ], [ 108.261055, 22.933016 ], [ 108.260187, 22.931733 ], [ 108.259614, 22.931051 ], [ 108.258103, 22.931412 ], [ 108.257444, 22.932047 ], [ 108.257053, 22.932221 ], [ 108.254746, 22.932336 ], [ 108.252602, 22.932896 ], [ 108.248845, 22.931726 ], [ 108.247543, 22.932117 ], [ 108.245244, 22.933136 ], [ 108.242668, 22.93615 ], [ 108.238999, 22.935427 ], [ 108.237541, 22.935816 ], [ 108.236405, 22.93552 ], [ 108.235252, 22.933705 ], [ 108.235477, 22.932411 ], [ 108.235789, 22.931458 ], [ 108.235607, 22.930948 ], [ 108.232997, 22.929751 ], [ 108.230005, 22.930533 ], [ 108.226685, 22.932779 ], [ 108.225861, 22.934152 ], [ 108.225003, 22.934637 ], [ 108.223313, 22.934932 ], [ 108.220435, 22.934885 ], [ 108.217627, 22.933781 ], [ 108.215053, 22.933691 ], [ 108.212531, 22.933191 ], [ 108.212358, 22.932666 ], [ 108.211829, 22.931062 ], [ 108.209585, 22.930084 ], [ 108.208484, 22.93004 ], [ 108.207436, 22.930209 ], [ 108.205981, 22.930876 ], [ 108.205088, 22.930953 ], [ 108.202194, 22.92934 ], [ 108.202064, 22.928693 ], [ 108.202879, 22.927602 ], [ 108.201458, 22.92666 ], [ 108.200081, 22.926315 ], [ 108.199924, 22.925851 ], [ 108.199613, 22.924926 ], [ 108.198885, 22.924083 ], [ 108.197499, 22.923649 ], [ 108.197369, 22.920378 ], [ 108.198547, 22.918599 ], [ 108.199967, 22.917197 ], [ 108.199889, 22.915905 ], [ 108.199369, 22.915022 ], [ 108.196545, 22.912535 ], [ 108.19211, 22.911221 ], [ 108.18809, 22.908899 ], [ 108.185387, 22.907612 ], [ 108.178657, 22.906956 ], [ 108.172872, 22.906492 ], [ 108.171374, 22.906751 ], [ 108.170041, 22.908492 ], [ 108.162369, 22.910994 ], [ 108.162135, 22.91137 ], [ 108.163374, 22.912737 ], [ 108.166743, 22.915449 ], [ 108.16877, 22.916466 ], [ 108.175006, 22.920175 ], [ 108.177119, 22.922073 ], [ 108.177041, 22.922556 ], [ 108.17582, 22.923711 ], [ 108.175101, 22.924389 ], [ 108.174746, 22.927249 ], [ 108.174365, 22.927797 ], [ 108.172841, 22.927635 ], [ 108.171646, 22.928236 ], [ 108.171325, 22.929025 ], [ 108.171317, 22.929681 ], [ 108.171966, 22.930624 ], [ 108.171949, 22.931419 ], [ 108.168026, 22.935775 ], [ 108.168113, 22.937157 ], [ 108.171291, 22.9379 ], [ 108.172963, 22.938099 ], [ 108.173803, 22.938768 ], [ 108.17408, 22.939877 ], [ 108.175578, 22.939686 ], [ 108.178124, 22.940358 ], [ 108.17796, 22.941079 ], [ 108.176791, 22.944564 ], [ 108.176254, 22.944984 ], [ 108.174903, 22.944185 ], [ 108.174712, 22.945008 ], [ 108.173803, 22.94608 ], [ 108.173024, 22.948644 ], [ 108.172522, 22.9495 ], [ 108.17156, 22.949758 ], [ 108.170313, 22.950396 ], [ 108.169135, 22.951447 ], [ 108.168278, 22.953505 ], [ 108.168624, 22.956551 ], [ 108.169032, 22.958111 ], [ 108.169586, 22.958598 ], [ 108.169109, 22.959734 ], [ 108.169214, 22.960392 ], [ 108.170496, 22.961379 ], [ 108.171007, 22.962015 ], [ 108.171509, 22.962639 ], [ 108.171379, 22.965195 ], [ 108.171119, 22.965323 ], [ 108.170366, 22.965694 ], [ 108.169638, 22.966718 ], [ 108.16969, 22.967859 ], [ 108.170323, 22.969493 ], [ 108.171033, 22.970495 ], [ 108.172713, 22.972057 ], [ 108.173172, 22.972434 ], [ 108.172999, 22.973259 ], [ 108.172618, 22.973959 ], [ 108.172506, 22.974958 ], [ 108.172427, 22.975388 ], [ 108.172644, 22.978994 ], [ 108.171787, 22.980109 ], [ 108.171007, 22.981482 ], [ 108.169379, 22.982856 ], [ 108.169535, 22.984004 ], [ 108.17015, 22.985008 ], [ 108.175312, 22.988276 ], [ 108.176577, 22.990354 ], [ 108.177798, 22.991057 ], [ 108.178448, 22.992408 ], [ 108.178032, 22.993738 ], [ 108.176118, 22.9956 ], [ 108.177304, 22.996688 ], [ 108.182492, 22.997197 ], [ 108.185636, 22.999839 ], [ 108.187057, 23.000488 ], [ 108.187984, 23.00091 ], [ 108.1882, 23.002447 ], [ 108.186962, 23.003117 ], [ 108.185879, 23.003706 ], [ 108.185177, 23.005029 ], [ 108.184147, 23.006979 ], [ 108.181341, 23.007106 ], [ 108.180562, 23.008796 ], [ 108.177522, 23.008834 ], [ 108.176188, 23.009404 ], [ 108.175972, 23.010863 ], [ 108.177531, 23.011869 ], [ 108.177669, 23.012736 ], [ 108.178786, 23.013761 ], [ 108.178873, 23.015981 ], [ 108.177409, 23.017751 ], [ 108.176249, 23.017758 ], [ 108.176084, 23.018718 ], [ 108.176907, 23.020527 ], [ 108.173928, 23.020574 ], [ 108.172543, 23.021264 ], [ 108.170308, 23.022254 ], [ 108.167225, 23.02368 ], [ 108.168481, 23.02498 ], [ 108.16823, 23.028515 ], [ 108.169156, 23.029738 ], [ 108.170741, 23.031845 ], [ 108.169304, 23.034234 ], [ 108.169157, 23.03436 ], [ 108.169079, 23.035763 ], [ 108.168525, 23.035936 ], [ 108.167338, 23.035421 ], [ 108.166117, 23.035755 ], [ 108.166403, 23.037364 ], [ 108.165277, 23.0381 ], [ 108.1628, 23.041109 ], [ 108.161302, 23.044151 ], [ 108.161007, 23.046318 ], [ 108.162688, 23.04643 ], [ 108.163511, 23.046963 ], [ 108.165165, 23.04686 ], [ 108.166351, 23.046784 ], [ 108.169183, 23.047176 ], [ 108.170318, 23.047918 ], [ 108.170067, 23.051593 ], [ 108.169296, 23.052399 ], [ 108.167599, 23.051831 ], [ 108.166274, 23.051988 ], [ 108.166006, 23.053919 ], [ 108.164091, 23.05384 ], [ 108.162429, 23.055043 ], [ 108.158661, 23.056635 ], [ 108.154252, 23.057439 ], [ 108.153602, 23.057508 ], [ 108.151151, 23.057764 ], [ 108.150284, 23.057101 ], [ 108.149869, 23.05678 ], [ 108.148136, 23.056088 ], [ 108.145424, 23.055908 ], [ 108.143258, 23.055766 ], [ 108.142357, 23.055904 ], [ 108.140364, 23.055881 ], [ 108.137548, 23.05575 ], [ 108.135624, 23.054074 ], [ 108.135381, 23.052275 ], [ 108.133769, 23.0511 ], [ 108.133301, 23.049316 ], [ 108.131273, 23.048478 ], [ 108.128525, 23.049476 ], [ 108.126272, 23.049334 ], [ 108.123411, 23.048788 ], [ 108.121226, 23.048881 ], [ 108.120133, 23.048443 ], [ 108.120176, 23.04802 ], [ 108.120315, 23.046439 ], [ 108.119717, 23.045608 ], [ 108.118034, 23.045149 ], [ 108.114323, 23.044061 ], [ 108.113498, 23.042985 ], [ 108.112683, 23.043371 ], [ 108.111504, 23.046985 ], [ 108.11225, 23.049292 ], [ 108.114071, 23.050062 ], [ 108.114921, 23.050889 ], [ 108.115086, 23.052721 ], [ 108.116812, 23.053382 ], [ 108.118104, 23.053364 ], [ 108.118044, 23.056377 ], [ 108.116413, 23.056596 ], [ 108.115685, 23.056516 ], [ 108.11513, 23.056451 ], [ 108.112406, 23.059509 ], [ 108.110906, 23.058507 ], [ 108.110107, 23.058286 ], [ 108.107904, 23.058456 ], [ 108.106846, 23.059952 ], [ 108.105414, 23.06021 ], [ 108.103271, 23.059654 ], [ 108.100954, 23.061828 ], [ 108.100208, 23.063769 ], [ 108.10118, 23.065419 ], [ 108.100998, 23.068069 ], [ 108.098438, 23.068582 ], [ 108.09592, 23.070034 ], [ 108.093316, 23.071318 ], [ 108.092873, 23.071535 ], [ 108.091432, 23.073753 ], [ 108.090312, 23.07342 ], [ 108.08749, 23.073673 ], [ 108.085848, 23.073339 ], [ 108.083017, 23.073793 ], [ 108.082531, 23.076409 ], [ 108.084164, 23.07869 ], [ 108.085466, 23.079018 ], [ 108.085753, 23.081737 ], [ 108.085666, 23.083619 ], [ 108.086978, 23.083544 ], [ 108.087447, 23.083887 ], [ 108.087177, 23.085322 ], [ 108.087899, 23.086146 ], [ 108.089583, 23.085528 ], [ 108.091858, 23.086625 ], [ 108.093473, 23.087575 ], [ 108.09336, 23.08889 ], [ 108.09152, 23.091488 ], [ 108.090851, 23.092235 ], [ 108.087673, 23.094159 ], [ 108.086431, 23.095923 ], [ 108.085024, 23.09605 ], [ 108.084721, 23.096688 ], [ 108.08413, 23.099073 ], [ 108.081663, 23.101114 ], [ 108.079144, 23.100925 ], [ 108.076546, 23.103314 ], [ 108.074696, 23.103734 ], [ 108.072419, 23.104714 ], [ 108.069708, 23.105885 ], [ 108.071698, 23.106795 ], [ 108.07228, 23.107061 ], [ 108.071446, 23.107926 ], [ 108.07022, 23.109218 ], [ 108.069873, 23.110957 ], [ 108.068682, 23.112405 ], [ 108.065892, 23.114867 ], [ 108.064875, 23.117683 ], [ 108.064545, 23.118612 ], [ 108.062798, 23.12147 ], [ 108.064771, 23.124761 ], [ 108.061319, 23.125721 ], [ 108.061554, 23.130183 ], [ 108.061676, 23.132651 ], [ 108.062068, 23.1355 ], [ 108.063016, 23.142367 ], [ 108.06152, 23.14242 ], [ 108.060059, 23.142774 ], [ 108.05966, 23.142871 ], [ 108.059886, 23.144649 ], [ 108.059808, 23.145461 ], [ 108.059947, 23.146738 ], [ 108.061251, 23.149284 ], [ 108.060563, 23.150011 ], [ 108.059784, 23.149776 ], [ 108.058876, 23.149723 ], [ 108.057347, 23.150246 ], [ 108.054917, 23.151682 ], [ 108.054211, 23.152448 ], [ 108.054149, 23.153299 ], [ 108.054373, 23.153937 ], [ 108.055561, 23.154276 ], [ 108.05633, 23.154609 ], [ 108.056434, 23.155226 ], [ 108.056039, 23.155563 ], [ 108.055477, 23.155613 ], [ 108.054211, 23.155144 ], [ 108.053007, 23.154416 ], [ 108.051685, 23.153178 ], [ 108.051075, 23.152877 ], [ 108.050433, 23.152923 ], [ 108.048873, 23.153474 ], [ 108.047211, 23.153511 ], [ 108.046131, 23.153178 ], [ 108.044996, 23.153124 ], [ 108.044302, 23.153422 ], [ 108.044039, 23.153946 ], [ 108.044361, 23.156654 ], [ 108.044448, 23.158171 ], [ 108.044117, 23.159083 ], [ 108.043679, 23.159455 ], [ 108.043091, 23.159699 ], [ 108.042391, 23.159514 ], [ 108.041681, 23.158751 ], [ 108.041019, 23.157914 ], [ 108.040396, 23.157726 ], [ 108.03971, 23.158035 ], [ 108.039482, 23.158574 ], [ 108.039627, 23.159072 ], [ 108.040438, 23.1598 ], [ 108.040681, 23.160401 ], [ 108.040833, 23.161087 ], [ 108.040576, 23.161697 ], [ 108.039856, 23.162141 ], [ 108.038817, 23.16189 ], [ 108.038069, 23.161183 ], [ 108.037452, 23.16023 ], [ 108.037175, 23.159004 ], [ 108.037279, 23.157573 ], [ 108.036991, 23.157096 ], [ 108.036302, 23.156906 ], [ 108.035554, 23.157382 ], [ 108.034789, 23.158384 ], [ 108.033801, 23.159361 ], [ 108.032998, 23.159967 ], [ 108.031813, 23.160047 ], [ 108.031245, 23.15953 ], [ 108.030881, 23.158763 ], [ 108.03109, 23.158166 ], [ 108.032213, 23.156956 ], [ 108.032042, 23.155112 ], [ 108.031418, 23.153368 ], [ 108.03082, 23.152321 ], [ 108.030212, 23.151996 ], [ 108.029593, 23.152074 ], [ 108.029132, 23.152646 ], [ 108.028627, 23.154069 ], [ 108.027697, 23.154395 ], [ 108.026804, 23.154351 ], [ 108.025826, 23.153664 ], [ 108.025154, 23.153 ], [ 108.024884, 23.152016 ], [ 108.025057, 23.151256 ], [ 108.025826, 23.150802 ], [ 108.026346, 23.150285 ], [ 108.026129, 23.149866 ], [ 108.025265, 23.14968 ], [ 108.024226, 23.149864 ], [ 108.02381, 23.150526 ], [ 108.023498, 23.151956 ], [ 108.023041, 23.152494 ], [ 108.022316, 23.152768 ], [ 108.020236, 23.152354 ], [ 108.019403, 23.152214 ], [ 108.017532, 23.152209 ], [ 108.016949, 23.152062 ], [ 108.016596, 23.151542 ], [ 108.016929, 23.151046 ], [ 108.018301, 23.150863 ], [ 108.0188, 23.150221 ], [ 108.018825, 23.149495 ], [ 108.017823, 23.149223 ], [ 108.015769, 23.149248 ], [ 108.013898, 23.148805 ], [ 108.013249, 23.148256 ], [ 108.012833, 23.147446 ], [ 108.012542, 23.146201 ], [ 108.012188, 23.145245 ], [ 108.011481, 23.144829 ], [ 108.010213, 23.144659 ], [ 108.007656, 23.145439 ], [ 108.005057, 23.146261 ], [ 108.004225, 23.147047 ], [ 108.003363, 23.148374 ], [ 108.002745, 23.152306 ], [ 108.001056, 23.156565 ], [ 107.996443, 23.166744 ], [ 107.99532, 23.171887 ], [ 107.995546, 23.173108 ], [ 107.995746, 23.174613 ], [ 107.995451, 23.175535 ], [ 107.99512, 23.176009 ], [ 107.993361, 23.177057 ], [ 107.989061, 23.178614 ], [ 107.986023, 23.179524 ], [ 107.985282, 23.180868 ], [ 107.985396, 23.182042 ], [ 107.985927, 23.182816 ], [ 107.988669, 23.183947 ], [ 107.988947, 23.184883 ], [ 107.988626, 23.185907 ], [ 107.987877, 23.186701 ], [ 107.986293, 23.187746 ], [ 107.98443, 23.188324 ], [ 107.982985, 23.188033 ], [ 107.980913, 23.186579 ], [ 107.979103, 23.185433 ], [ 107.97731, 23.184835 ], [ 107.974159, 23.184807 ], [ 107.971722, 23.184101 ], [ 107.971174, 23.183373 ], [ 107.969077, 23.18185 ], [ 107.966231, 23.180683 ], [ 107.963029, 23.180389 ], [ 107.960411, 23.180604 ], [ 107.959097, 23.180799 ], [ 107.958941, 23.182014 ], [ 107.960098, 23.183554 ], [ 107.962586, 23.185592 ], [ 107.964587, 23.186361 ], [ 107.965614, 23.186756 ], [ 107.966771, 23.187949 ], [ 107.967546, 23.189149 ], [ 107.966815, 23.1902 ], [ 107.96571, 23.190912 ], [ 107.963831, 23.190942 ], [ 107.961194, 23.190467 ], [ 107.96035, 23.190389 ], [ 107.959472, 23.191162 ], [ 107.956836, 23.192895 ], [ 107.954105, 23.194044 ], [ 107.953784, 23.194918 ], [ 107.95287, 23.196147 ], [ 107.951218, 23.197907 ], [ 107.950096, 23.198098 ], [ 107.948957, 23.197425 ], [ 107.948279, 23.197055 ], [ 107.946488, 23.196081 ], [ 107.944783, 23.195416 ], [ 107.942906, 23.19545 ], [ 107.941063, 23.196866 ], [ 107.93982, 23.200006 ], [ 107.938003, 23.202634 ], [ 107.937308, 23.205245 ], [ 107.937221, 23.206667 ], [ 107.9367, 23.206705 ], [ 107.934997, 23.207328 ], [ 107.93345, 23.208618 ], [ 107.932685, 23.210336 ], [ 107.932077, 23.212066 ], [ 107.930904, 23.212631 ], [ 107.929227, 23.213007 ], [ 107.926795, 23.21305 ], [ 107.925674, 23.213416 ], [ 107.925327, 23.214636 ], [ 107.926091, 23.215487 ], [ 107.928367, 23.216659 ], [ 107.930383, 23.217317 ], [ 107.931391, 23.217646 ], [ 107.933285, 23.218306 ], [ 107.934241, 23.219156 ], [ 107.93425, 23.219849 ], [ 107.933694, 23.220204 ], [ 107.933329, 23.220384 ], [ 107.932199, 23.220404 ], [ 107.930131, 23.220093 ], [ 107.929045, 23.220173 ], [ 107.927951, 23.220808 ], [ 107.92703, 23.222096 ], [ 107.927282, 23.223761 ], [ 107.925406, 23.22475 ], [ 107.922496, 23.225477 ], [ 107.920577, 23.226634 ], [ 107.918657, 23.227795 ], [ 107.917442, 23.227816 ], [ 107.915957, 23.226942 ], [ 107.913257, 23.225867 ], [ 107.908865, 23.225047 ], [ 107.906712, 23.225088 ], [ 107.905975, 23.224465 ], [ 107.905037, 23.222462 ], [ 107.903016, 23.221467 ], [ 107.900534, 23.221622 ], [ 107.898521, 23.22134 ], [ 107.897133, 23.220349 ], [ 107.895876, 23.218639 ], [ 107.894158, 23.215492 ], [ 107.892596, 23.2132 ], [ 107.890576, 23.211352 ], [ 107.888399, 23.210497 ], [ 107.886066, 23.209368 ], [ 107.884358, 23.207648 ], [ 107.883101, 23.205372 ], [ 107.881861, 23.204512 ], [ 107.880318, 23.204376 ], [ 107.879079, 23.205096 ], [ 107.878784, 23.206818 ], [ 107.878958, 23.20954 ], [ 107.878663, 23.211549 ], [ 107.878056, 23.213123 ], [ 107.877242, 23.214552 ], [ 107.877788, 23.215737 ], [ 107.878039, 23.216182 ], [ 107.879998, 23.217044 ], [ 107.880986, 23.217701 ], [ 107.881004, 23.218599 ], [ 107.880068, 23.220194 ], [ 107.878646, 23.222021 ], [ 107.876237, 23.222742 ], [ 107.873801, 23.222565 ], [ 107.873082, 23.222107 ], [ 107.872388, 23.222612 ], [ 107.871617, 23.222474 ], [ 107.870525, 23.221329 ], [ 107.869286, 23.220478 ], [ 107.868047, 23.22005 ], [ 107.864329, 23.219354 ], [ 107.859382, 23.219236 ], [ 107.857061, 23.219396 ], [ 107.85506, 23.220122 ], [ 107.853674, 23.221414 ], [ 107.853561, 23.221866 ], [ 107.851942, 23.222546 ], [ 107.851231, 23.223459 ], [ 107.849568, 23.225068 ], [ 107.849361, 23.226647 ], [ 107.849378, 23.227771 ], [ 107.850131, 23.228881 ], [ 107.851396, 23.231104 ], [ 107.852583, 23.232513 ], [ 107.852366, 23.234459 ], [ 107.852687, 23.236319 ], [ 107.854238, 23.238033 ], [ 107.856256, 23.239445 ], [ 107.859826, 23.242012 ], [ 107.861541, 23.243142 ], [ 107.862477, 23.24486 ], [ 107.862182, 23.2473 ], [ 107.862026, 23.247504 ], [ 107.862338, 23.248791 ], [ 107.862572, 23.250766 ], [ 107.863959, 23.252 ], [ 107.865336, 23.252692 ], [ 107.867468, 23.25265 ], [ 107.871558, 23.252931 ], [ 107.875467, 23.253753 ], [ 107.878223, 23.255139 ], [ 107.879809, 23.256729 ], [ 107.880026, 23.257806 ], [ 107.879844, 23.258348 ], [ 107.879064, 23.258364 ], [ 107.876741, 23.258588 ], [ 107.873621, 23.258471 ], [ 107.870111, 23.257819 ], [ 107.864834, 23.256483 ], [ 107.859731, 23.254424 ], [ 107.855833, 23.253601 ], [ 107.853147, 23.253821 ], [ 107.852922, 23.253839 ], [ 107.851761, 23.254401 ], [ 107.851007, 23.255496 ], [ 107.850254, 23.256592 ], [ 107.85028, 23.257671 ], [ 107.850705, 23.259283 ], [ 107.851944, 23.262858 ], [ 107.852221, 23.266813 ], [ 107.852533, 23.268121 ], [ 107.852273, 23.26955 ], [ 107.853053, 23.270688 ], [ 107.854447, 23.271402 ], [ 107.854569, 23.271387 ], [ 107.855972, 23.272144 ], [ 107.8578, 23.272805 ], [ 107.859541, 23.273508 ], [ 107.861213, 23.274951 ], [ 107.865667, 23.281463 ], [ 107.865962, 23.282728 ], [ 107.865979, 23.283631 ], [ 107.865615, 23.285115 ], [ 107.865017, 23.286233 ], [ 107.863674, 23.28757 ], [ 107.861968, 23.288671 ], [ 107.859421, 23.289745 ], [ 107.855886, 23.290185 ], [ 107.854137, 23.291308 ], [ 107.853799, 23.292008 ], [ 107.853808, 23.293864 ], [ 107.854907, 23.295571 ], [ 107.855991, 23.296422 ], [ 107.856467, 23.29771 ], [ 107.856164, 23.298998 ], [ 107.854934, 23.301149 ], [ 107.853869, 23.303309 ], [ 107.854042, 23.304003 ], [ 107.852881, 23.304413 ], [ 107.851296, 23.305037 ], [ 107.850681, 23.305939 ], [ 107.850387, 23.307129 ], [ 107.850889, 23.308452 ], [ 107.854155, 23.311496 ], [ 107.856139, 23.314269 ], [ 107.857282, 23.31558 ], [ 107.858565, 23.315702 ], [ 107.859102, 23.31594 ], [ 107.859535, 23.316128 ], [ 107.860826, 23.316842 ], [ 107.861839, 23.319044 ], [ 107.862039, 23.321112 ], [ 107.861632, 23.324527 ], [ 107.860402, 23.326774 ], [ 107.858513, 23.328144 ], [ 107.857552, 23.328311 ], [ 107.856902, 23.32773 ], [ 107.856235, 23.326559 ], [ 107.855264, 23.325986 ], [ 107.853662, 23.325871 ], [ 107.852103, 23.326217 ], [ 107.851999, 23.326341 ], [ 107.849842, 23.32764 ], [ 107.848456, 23.328939 ], [ 107.847071, 23.329951 ], [ 107.845841, 23.330526 ], [ 107.843979, 23.330827 ], [ 107.842281, 23.330124 ], [ 107.841813, 23.329268 ], [ 107.841163, 23.324984 ], [ 107.840531, 23.322554 ], [ 107.839448, 23.321186 ], [ 107.837733, 23.320766 ], [ 107.836495, 23.321485 ], [ 107.835577, 23.323779 ], [ 107.835742, 23.325789 ], [ 107.836374, 23.328214 ], [ 107.836556, 23.33051 ], [ 107.836253, 23.332947 ], [ 107.835032, 23.336246 ], [ 107.834365, 23.337778 ] ] ] } },
{ "type": "Feature", "properties": { "county_name": "隆安县" }, "geometry": { "type": "MultiPolygon", "coordinates": [ [ [ [ 107.974719, 23.021074 ], [ 107.979609, 23.068804 ], [ 107.981577, 23.066449 ], [ 107.981856, 23.06591 ], [ 107.982831, 23.065235 ], [ 107.984894, 23.064772 ], [ 107.986844, 23.064741 ], [ 107.988559, 23.065223 ], [ 107.989908, 23.066691 ], [ 107.990517, 23.069304 ], [ 107.990701, 23.072162 ], [ 107.991885, 23.07367 ], [ 107.993774, 23.074854 ], [ 107.996046, 23.075523 ], [ 107.998118, 23.07549 ], [ 107.999676, 23.074722 ], [ 108.001174, 23.073602 ], [ 108.002341, 23.072524 ], [ 108.002985, 23.072083 ], [ 108.004369, 23.072168 ], [ 108.006563, 23.075192 ], [ 108.009602, 23.077852 ], [ 108.010542, 23.080265 ], [ 108.010142, 23.081376 ], [ 108.009289, 23.081792 ], [ 108.009567, 23.082442 ], [ 108.010364, 23.083265 ], [ 108.035581, 23.067038 ], [ 108.0324, 23.065821 ], [ 108.029745, 23.065729 ], [ 108.027926, 23.064285 ], [ 108.025393, 23.064634 ], [ 108.022799, 23.064976 ], [ 108.021537, 23.065142 ], [ 108.020501, 23.062318 ], [ 108.019151, 23.060691 ], [ 108.019499, 23.058303 ], [ 108.019934, 23.056221 ], [ 108.021023, 23.055685 ], [ 108.020588, 23.054029 ], [ 108.021258, 23.051956 ], [ 108.020082, 23.051245 ], [ 108.018472, 23.050261 ], [ 108.018089, 23.049344 ], [ 108.017183, 23.048568 ], [ 108.016583, 23.049841 ], [ 108.016356, 23.051223 ], [ 108.016653, 23.053136 ], [ 108.016278, 23.0533 ], [ 108.013858, 23.05173 ], [ 108.011603, 23.051567 ], [ 108.010175, 23.05079 ], [ 108.009713, 23.049531 ], [ 108.007319, 23.049314 ], [ 108.006562, 23.049042 ], [ 108.006309, 23.048056 ], [ 108.005804, 23.047802 ], [ 108.004453, 23.044068 ], [ 108.002416, 23.042933 ], [ 107.999984, 23.042192 ], [ 107.996533, 23.041674 ], [ 107.994384, 23.040483 ], [ 107.992718, 23.036532 ], [ 107.99082, 23.032121 ], [ 107.989462, 23.028901 ], [ 107.988161, 23.025851 ], [ 107.986747, 23.024097 ], [ 107.984145, 23.0233 ], [ 107.977832, 23.022134 ], [ 107.974719, 23.021074 ] ] ], [ [ [ 107.385686, 23.244375 ], [ 107.387581, 23.245501 ], [ 107.389388, 23.245806 ], [ 107.391178, 23.245671 ], [ 107.392968, 23.244979 ], [ 107.394489, 23.243187 ], [ 107.395661, 23.241399 ], [ 107.396469, 23.239838 ], [ 107.397581, 23.238983 ], [ 107.398285, 23.238471 ], [ 107.399918, 23.238639 ], [ 107.402072, 23.239366 ], [ 107.40347, 23.239796 ], [ 107.403939, 23.241079 ], [ 107.403635, 23.24223 ], [ 107.402706, 23.244234 ], [ 107.402854, 23.245812 ], [ 107.404096, 23.247101 ], [ 107.405963, 23.248389 ], [ 107.40783, 23.250388 ], [ 107.410009, 23.251814 ], [ 107.413577, 23.253951 ], [ 107.417144, 23.254946 ], [ 107.418854, 23.255089 ], [ 107.421179, 23.25522 ], [ 107.422429, 23.255508 ], [ 107.423662, 23.257084 ], [ 107.425067, 23.259082 ], [ 107.426776, 23.260227 ], [ 107.429561, 23.260213 ], [ 107.431269, 23.259343 ], [ 107.434209, 23.257332 ], [ 107.435908, 23.256181 ], [ 107.437157, 23.254886 ], [ 107.437772, 23.252736 ], [ 107.439003, 23.250005 ], [ 107.440407, 23.249573 ], [ 107.443502, 23.24984 ], [ 107.445833, 23.250122 ], [ 107.447844, 23.2494 ], [ 107.450001, 23.248176 ], [ 107.451856, 23.2476 ], [ 107.453545, 23.247585 ], [ 107.454316, 23.248159 ], [ 107.454931, 23.249447 ], [ 107.454776, 23.250585 ], [ 107.454923, 23.25187 ], [ 107.455694, 23.25273 ], [ 107.457383, 23.253004 ], [ 107.458154, 23.252864 ], [ 107.458769, 23.25214 ], [ 107.459696, 23.250281 ], [ 107.460778, 23.248703 ], [ 107.462008, 23.246551 ], [ 107.462943, 23.24583 ], [ 107.464329, 23.245821 ], [ 107.465706, 23.246104 ], [ 107.466624, 23.246959 ], [ 107.468312, 23.249521 ], [ 107.469854, 23.250511 ], [ 107.471689, 23.250502 ], [ 107.473854, 23.249639 ], [ 107.475706, 23.248051 ], [ 107.477394, 23.246323 ], [ 107.478018, 23.244609 ], [ 107.477558, 23.242895 ], [ 107.475706, 23.242327 ], [ 107.474485, 23.241766 ], [ 107.4731, 23.240486 ], [ 107.47142, 23.236199 ], [ 107.470338, 23.235635 ], [ 107.46942, 23.235358 ], [ 107.46903, 23.235493 ], [ 107.468303, 23.232825 ], [ 107.467714, 23.230554 ], [ 107.466614, 23.230066 ], [ 107.464978, 23.230349 ], [ 107.463886, 23.230875 ], [ 107.462821, 23.230403 ], [ 107.462821, 23.229525 ], [ 107.46328, 23.228091 ], [ 107.464518, 23.227083 ], [ 107.466207, 23.22607 ], [ 107.468822, 23.224774 ], [ 107.471289, 23.223331 ], [ 107.472207, 23.223328 ], [ 107.473896, 23.224036 ], [ 107.476207, 23.224874 ], [ 107.478666, 23.224438 ], [ 107.480509, 23.224708 ], [ 107.481739, 23.225567 ], [ 107.483124, 23.226982 ], [ 107.483738, 23.228557 ], [ 107.4845, 23.229983 ], [ 107.485114, 23.230124 ], [ 107.486343, 23.22825 ], [ 107.487425, 23.227103 ], [ 107.488654, 23.226384 ], [ 107.490515, 23.22588 ], [ 107.491276, 23.226516 ], [ 107.492739, 23.228522 ], [ 107.494306, 23.230119 ], [ 107.495638, 23.23091 ], [ 107.496634, 23.231195 ], [ 107.497732, 23.231175 ], [ 107.498494, 23.230957 ], [ 107.498918, 23.230236 ], [ 107.498996, 23.228607 ], [ 107.499074, 23.226775 ], [ 107.499264, 23.225448 ], [ 107.499697, 23.224728 ], [ 107.499956, 23.224021 ], [ 107.500649, 23.224169 ], [ 107.502345, 23.223873 ], [ 107.504326, 23.223099 ], [ 107.506178, 23.22328 ], [ 107.508186, 23.223124 ], [ 107.512331, 23.221816 ], [ 107.514486, 23.221086 ], [ 107.516796, 23.220498 ], [ 107.519712, 23.219338 ], [ 107.521253, 23.217324 ], [ 107.522023, 23.215461 ], [ 107.523105, 23.213734 ], [ 107.524645, 23.211442 ], [ 107.526498, 23.208996 ], [ 107.528289, 23.206532 ], [ 107.530297, 23.204082 ], [ 107.532599, 23.202198 ], [ 107.534902, 23.201184 ], [ 107.536755, 23.20017 ], [ 107.537837, 23.200301 ], [ 107.538911, 23.201165 ], [ 107.540313, 23.203035 ], [ 107.541396, 23.204039 ], [ 107.542478, 23.204031 ], [ 107.544322, 23.20273 ], [ 107.545881, 23.202436 ], [ 107.548513, 23.202566 ], [ 107.551458, 23.202408 ], [ 107.554559, 23.202538 ], [ 107.558128, 23.203239 ], [ 107.561698, 23.204511 ], [ 107.563414, 23.205937 ], [ 107.56363, 23.208661 ], [ 107.565034, 23.210076 ], [ 107.566291, 23.212937 ], [ 107.566508, 23.215206 ], [ 107.565858, 23.216068 ], [ 107.564055, 23.217652 ], [ 107.562556, 23.218807 ], [ 107.562279, 23.219941 ], [ 107.5626, 23.221062 ], [ 107.563232, 23.222038 ], [ 107.564463, 23.22272 ], [ 107.565676, 23.222698 ], [ 107.567037, 23.221969 ], [ 107.568398, 23.221663 ], [ 107.569334, 23.221647 ], [ 107.569411, 23.221783 ], [ 107.573313, 23.22391 ], [ 107.578775, 23.226604 ], [ 107.583128, 23.227874 ], [ 107.584074, 23.228444 ], [ 107.584699, 23.229299 ], [ 107.584855, 23.230441 ], [ 107.58299, 23.233314 ], [ 107.582686, 23.234889 ], [ 107.583311, 23.236601 ], [ 107.585497, 23.239163 ], [ 107.58659, 23.241596 ], [ 107.586443, 23.245313 ], [ 107.585515, 23.247466 ], [ 107.583806, 23.249617 ], [ 107.581161, 23.252919 ], [ 107.578525, 23.256077 ], [ 107.576193, 23.258655 ], [ 107.576037, 23.259947 ], [ 107.577441, 23.261515 ], [ 107.579158, 23.262935 ], [ 107.581188, 23.265071 ], [ 107.581665, 23.267361 ], [ 107.581205, 23.271651 ], [ 107.579965, 23.27509 ], [ 107.579185, 23.276951 ], [ 107.579194, 23.278384 ], [ 107.579662, 23.27981 ], [ 107.581536, 23.282092 ], [ 107.582316, 23.28381 ], [ 107.582481, 23.285518 ], [ 107.58236, 23.286879 ], [ 107.582637, 23.287574 ], [ 107.583305, 23.289308 ], [ 107.583956, 23.29046 ], [ 107.58491, 23.291024 ], [ 107.58648, 23.290996 ], [ 107.587885, 23.290683 ], [ 107.589611, 23.290654 ], [ 107.591668, 23.2912 ], [ 107.592284, 23.291816 ], [ 107.593794, 23.292936 ], [ 107.595395, 23.293531 ], [ 107.596743, 23.293353 ], [ 107.59776, 23.292742 ], [ 107.599108, 23.291749 ], [ 107.600939, 23.291546 ], [ 107.603784, 23.291851 ], [ 107.606015, 23.292199 ], [ 107.609206, 23.292387 ], [ 107.611954, 23.292388 ], [ 107.615746, 23.291448 ], [ 107.619741, 23.290255 ], [ 107.624724, 23.288612 ], [ 107.628843, 23.287479 ], [ 107.634041, 23.28625 ], [ 107.641682, 23.285954 ], [ 107.644194, 23.285793 ], [ 107.646012, 23.285344 ], [ 107.647542, 23.284646 ], [ 107.649038, 23.283517 ], [ 107.649664, 23.282098 ], [ 107.649968, 23.279663 ], [ 107.649824, 23.277672 ], [ 107.648989, 23.275127 ], [ 107.649781, 23.274934 ], [ 107.650616, 23.27506 ], [ 107.65206, 23.274929 ], [ 107.653738, 23.274716 ], [ 107.655049, 23.274609 ], [ 107.656042, 23.274669 ], [ 107.65707, 23.275005 ], [ 107.658881, 23.276092 ], [ 107.659967, 23.276611 ], [ 107.660886, 23.276987 ], [ 107.661478, 23.277172 ], [ 107.661921, 23.277264 ], [ 107.662263, 23.277573 ], [ 107.663047, 23.278368 ], [ 107.664846, 23.279667 ], [ 107.667414, 23.280662 ], [ 107.66944, 23.281665 ], [ 107.671771, 23.282236 ], [ 107.674011, 23.282154 ], [ 107.675462, 23.282095 ], [ 107.676714, 23.281826 ], [ 107.677915, 23.281912 ], [ 107.678551, 23.281746 ], [ 107.679157, 23.281174 ], [ 107.679668, 23.281155 ], [ 107.680607, 23.281521 ], [ 107.680921, 23.281209 ], [ 107.680983, 23.280699 ], [ 107.681244, 23.280345 ], [ 107.681829, 23.280273 ], [ 107.682791, 23.280505 ], [ 107.685131, 23.280648 ], [ 107.68663, 23.280563 ], [ 107.687548, 23.280148 ], [ 107.688488, 23.280202 ], [ 107.689939, 23.280694 ], [ 107.690878, 23.280946 ], [ 107.691654, 23.280927 ], [ 107.694072, 23.280556 ], [ 107.695318, 23.280251 ], [ 107.69615, 23.279776 ], [ 107.696728, 23.27948 ], [ 107.697092, 23.27939 ], [ 107.697466, 23.279508 ], [ 107.698107, 23.279883 ], [ 107.698604, 23.279996 ], [ 107.699213, 23.280013 ], [ 107.699769, 23.27996 ], [ 107.700662, 23.280545 ], [ 107.701499, 23.280739 ], [ 107.702398, 23.280045 ], [ 107.702517, 23.280534 ], [ 107.702516, 23.280884 ], [ 107.702682, 23.281342 ], [ 107.702766, 23.281603 ], [ 107.702847, 23.281755 ], [ 107.702977, 23.281915 ], [ 107.703099, 23.282103 ], [ 107.703219, 23.282254 ], [ 107.703477, 23.282909 ], [ 107.703475, 23.283288 ], [ 107.703514, 23.283784 ], [ 107.703679, 23.284169 ], [ 107.703724, 23.284476 ], [ 107.703759, 23.284737 ], [ 107.703636, 23.284964 ], [ 107.703681, 23.285234 ], [ 107.703843, 23.285539 ], [ 107.703925, 23.285736 ], [ 107.704259, 23.285812 ], [ 107.704513, 23.285736 ], [ 107.704842, 23.285577 ], [ 107.705091, 23.285312 ], [ 107.705339, 23.28501 ], [ 107.705499, 23.284701 ], [ 107.705669, 23.2844 ], [ 107.705793, 23.284209 ], [ 107.706045, 23.284132 ], [ 107.70645, 23.284325 ], [ 107.706742, 23.284744 ], [ 107.70703, 23.285426 ], [ 107.707528, 23.286348 ], [ 107.707903, 23.287001 ], [ 107.707988, 23.287306 ], [ 107.708114, 23.287764 ], [ 107.708158, 23.287989 ], [ 107.708192, 23.288223 ], [ 107.708284, 23.288376 ], [ 107.70853, 23.288452 ], [ 107.708777, 23.288602 ], [ 107.708937, 23.288789 ], [ 107.709193, 23.288831 ], [ 107.709769, 23.288794 ], [ 107.709976, 23.288872 ], [ 107.710186, 23.289104 ], [ 107.71052, 23.289631 ], [ 107.711097, 23.289631 ], [ 107.71134, 23.289554 ], [ 107.711472, 23.289327 ], [ 107.711467, 23.289065 ], [ 107.711341, 23.288679 ], [ 107.711223, 23.288148 ], [ 107.71114, 23.287419 ], [ 107.711298, 23.287037 ], [ 107.711504, 23.286583 ], [ 107.711713, 23.286237 ], [ 107.711882, 23.285927 ], [ 107.711965, 23.28585 ], [ 107.712094, 23.285772 ], [ 107.71224, 23.285726 ], [ 107.712458, 23.285717 ], [ 107.712712, 23.285708 ], [ 107.71287, 23.285678 ], [ 107.712998, 23.285534 ], [ 107.713127, 23.285265 ], [ 107.713293, 23.285007 ], [ 107.713566, 23.28479 ], [ 107.713764, 23.284678 ], [ 107.713904, 23.284578 ], [ 107.714033, 23.284537 ], [ 107.714192, 23.284554 ], [ 107.714196, 23.284744 ], [ 107.714216, 23.284876 ], [ 107.714204, 23.285085 ], [ 107.714155, 23.285304 ], [ 107.714087, 23.285468 ], [ 107.714076, 23.285762 ], [ 107.714143, 23.286186 ], [ 107.714334, 23.286591 ], [ 107.714525, 23.286691 ], [ 107.714668, 23.286771 ], [ 107.714805, 23.286796 ], [ 107.714916, 23.286783 ], [ 107.715127, 23.286731 ], [ 107.715362, 23.28664 ], [ 107.715497, 23.286589 ], [ 107.715642, 23.286616 ], [ 107.716064, 23.2867 ], [ 107.716516, 23.28681 ], [ 107.716803, 23.286967 ], [ 107.717178, 23.287115 ], [ 107.717426, 23.287274 ], [ 107.717592, 23.287767 ], [ 107.717719, 23.288226 ], [ 107.717636, 23.289409 ], [ 107.717679, 23.289643 ], [ 107.71776, 23.28975 ], [ 107.717966, 23.289792 ], [ 107.71826, 23.289832 ], [ 107.718506, 23.289864 ], [ 107.718584, 23.289908 ], [ 107.718548, 23.290063 ], [ 107.718427, 23.290326 ], [ 107.71834, 23.2904 ], [ 107.718174, 23.290402 ], [ 107.717803, 23.290444 ], [ 107.717307, 23.290552 ], [ 107.716938, 23.290711 ], [ 107.716686, 23.290823 ], [ 107.716522, 23.290934 ], [ 107.716191, 23.291012 ], [ 107.715977, 23.291051 ], [ 107.715898, 23.291016 ], [ 107.715689, 23.290857 ], [ 107.715442, 23.290708 ], [ 107.715237, 23.290711 ], [ 107.715031, 23.290706 ], [ 107.714906, 23.290825 ], [ 107.714743, 23.290972 ], [ 107.71466, 23.291207 ], [ 107.714535, 23.291318 ], [ 107.714329, 23.291276 ], [ 107.714239, 23.291205 ], [ 107.714159, 23.291125 ], [ 107.714039, 23.290974 ], [ 107.713911, 23.29094 ], [ 107.713666, 23.290899 ], [ 107.713411, 23.290894 ], [ 107.712834, 23.290858 ], [ 107.712669, 23.290933 ], [ 107.712546, 23.29116 ], [ 107.712589, 23.291358 ], [ 107.712624, 23.291619 ], [ 107.713254, 23.291817 ], [ 107.713296, 23.291969 ], [ 107.713251, 23.292124 ], [ 107.71296, 23.292272 ], [ 107.712675, 23.292232 ], [ 107.712377, 23.292462 ], [ 107.712343, 23.292688 ], [ 107.712593, 23.293 ], [ 107.713167, 23.293307 ], [ 107.713708, 23.293452 ], [ 107.714035, 23.293681 ], [ 107.714372, 23.293911 ], [ 107.714411, 23.29437 ], [ 107.714326, 23.294525 ], [ 107.714165, 23.294789 ], [ 107.71396, 23.294792 ], [ 107.712999, 23.294682 ], [ 107.712677, 23.294714 ], [ 107.712424, 23.29479 ], [ 107.712298, 23.294828 ], [ 107.712178, 23.295209 ], [ 107.712177, 23.296129 ], [ 107.712179, 23.296698 ], [ 107.712092, 23.297232 ], [ 107.712134, 23.298305 ], [ 107.712216, 23.298494 ], [ 107.712302, 23.29888 ], [ 107.712472, 23.299067 ], [ 107.712719, 23.29918 ], [ 107.712928, 23.29934 ], [ 107.713133, 23.299337 ], [ 107.713589, 23.299149 ], [ 107.714087, 23.299114 ], [ 107.714249, 23.298922 ], [ 107.714741, 23.298571 ], [ 107.714868, 23.298578 ], [ 107.715121, 23.298502 ], [ 107.715654, 23.298231 ], [ 107.715906, 23.298119 ], [ 107.71615, 23.298115 ], [ 107.716192, 23.298268 ], [ 107.716323, 23.298464 ], [ 107.716358, 23.298689 ], [ 107.716191, 23.299153 ], [ 107.716279, 23.299647 ], [ 107.716481, 23.300447 ], [ 107.716572, 23.301059 ], [ 107.716772, 23.301291 ], [ 107.717274, 23.301446 ], [ 107.71756, 23.301558 ], [ 107.717772, 23.301401 ], [ 107.717687, 23.301096 ], [ 107.717359, 23.300298 ], [ 107.717226, 23.299569 ], [ 107.717355, 23.299188 ], [ 107.717519, 23.299077 ], [ 107.718014, 23.298879 ], [ 107.718392, 23.299189 ], [ 107.718639, 23.299799 ], [ 107.718974, 23.300371 ], [ 107.7193, 23.300528 ], [ 107.71967, 23.300486 ], [ 107.719879, 23.300185 ], [ 107.719919, 23.299724 ], [ 107.71984, 23.299229 ], [ 107.719924, 23.299038 ], [ 107.720139, 23.299037 ], [ 107.720376, 23.299608 ], [ 107.720459, 23.299842 ], [ 107.720875, 23.300106 ], [ 107.721408, 23.300332 ], [ 107.721783, 23.300524 ], [ 107.722077, 23.300529 ], [ 107.722401, 23.300605 ], [ 107.722628, 23.300779 ], [ 107.722859, 23.300985 ], [ 107.722989, 23.301137 ], [ 107.723196, 23.301215 ], [ 107.723521, 23.301327 ], [ 107.724182, 23.301632 ], [ 107.724597, 23.301824 ], [ 107.724724, 23.301831 ], [ 107.725398, 23.301831 ], [ 107.72572, 23.301751 ], [ 107.725936, 23.301562 ], [ 107.726155, 23.301353 ], [ 107.726234, 23.301266 ], [ 107.726343, 23.3011 ], [ 107.726506, 23.300973 ], [ 107.726641, 23.300942 ], [ 107.726763, 23.301076 ], [ 107.726793, 23.301224 ], [ 107.726838, 23.301444 ], [ 107.727004, 23.301938 ], [ 107.727041, 23.302289 ], [ 107.727002, 23.302741 ], [ 107.727003, 23.302822 ], [ 107.72713, 23.30282 ], [ 107.727373, 23.302744 ], [ 107.727751, 23.302557 ], [ 107.728119, 23.302398 ], [ 107.728325, 23.302439 ], [ 107.728531, 23.302481 ], [ 107.72874, 23.302667 ], [ 107.728861, 23.302819 ], [ 107.728902, 23.302935 ], [ 107.72891, 23.303314 ], [ 107.728907, 23.303428 ], [ 107.728974, 23.303627 ], [ 107.729043, 23.303675 ], [ 107.729244, 23.303672 ], [ 107.729497, 23.303606 ], [ 107.729973, 23.303288 ], [ 107.730499, 23.302797 ], [ 107.730903, 23.302234 ], [ 107.731101, 23.302057 ], [ 107.73142, 23.301953 ], [ 107.731639, 23.301942 ], [ 107.732129, 23.302015 ], [ 107.732341, 23.302328 ], [ 107.732343, 23.302896 ], [ 107.732379, 23.303239 ], [ 107.732717, 23.303513 ], [ 107.732874, 23.303546 ], [ 107.733127, 23.30347 ], [ 107.733122, 23.303245 ], [ 107.733129, 23.302631 ], [ 107.733169, 23.30217 ], [ 107.733253, 23.302015 ], [ 107.73333, 23.301942 ], [ 107.733622, 23.301864 ], [ 107.734071, 23.301866 ], [ 107.734366, 23.301942 ], [ 107.734821, 23.302214 ], [ 107.735073, 23.302553 ], [ 107.735361, 23.302783 ], [ 107.73581, 23.302784 ], [ 107.735938, 23.302782 ], [ 107.736065, 23.30278 ], [ 107.736186, 23.302977 ], [ 107.736149, 23.303086 ], [ 107.735486, 23.30362 ], [ 107.735114, 23.304078 ], [ 107.735032, 23.304386 ], [ 107.735152, 23.304537 ], [ 107.735571, 23.304467 ], [ 107.735938, 23.304199 ], [ 107.736316, 23.304085 ], [ 107.736435, 23.304155 ], [ 107.736564, 23.30427 ], [ 107.736482, 23.304578 ], [ 107.736269, 23.305114 ], [ 107.736111, 23.305532 ], [ 107.736024, 23.306066 ], [ 107.736021, 23.306373 ], [ 107.736064, 23.306562 ], [ 107.736195, 23.306758 ], [ 107.736438, 23.306796 ], [ 107.736737, 23.306797 ], [ 107.737108, 23.306778 ], [ 107.737593, 23.306753 ], [ 107.737679, 23.306679 ], [ 107.737965, 23.306331 ], [ 107.738136, 23.306066 ], [ 107.738296, 23.305757 ], [ 107.738594, 23.305536 ], [ 107.738874, 23.305377 ], [ 107.739089, 23.305383 ], [ 107.739453, 23.305494 ], [ 107.739545, 23.305682 ], [ 107.739459, 23.305801 ], [ 107.73925, 23.306102 ], [ 107.739333, 23.306299 ], [ 107.739503, 23.306486 ], [ 107.739833, 23.306408 ], [ 107.740242, 23.306293 ], [ 107.740369, 23.306336 ], [ 107.740949, 23.306488 ], [ 107.741283, 23.306564 ], [ 107.74149, 23.306642 ], [ 107.741523, 23.306831 ], [ 107.741772, 23.307097 ], [ 107.741858, 23.307439 ], [ 107.742186, 23.307704 ], [ 107.742608, 23.307787 ], [ 107.742731, 23.307631 ], [ 107.742894, 23.307475 ], [ 107.743021, 23.307437 ], [ 107.743225, 23.307406 ], [ 107.743394, 23.307521 ], [ 107.743553, 23.307636 ], [ 107.74368, 23.307669 ], [ 107.743841, 23.307901 ], [ 107.744013, 23.308169 ], [ 107.744215, 23.308508 ], [ 107.744547, 23.308963 ], [ 107.744798, 23.309274 ], [ 107.745042, 23.309731 ], [ 107.745125, 23.309964 ], [ 107.745291, 23.310457 ], [ 107.745544, 23.310877 ], [ 107.745791, 23.311026 ], [ 107.746742, 23.311146 ], [ 107.747202, 23.311679 ], [ 107.747444, 23.312063 ], [ 107.747653, 23.312249 ], [ 107.747903, 23.312515 ], [ 107.748109, 23.312557 ], [ 107.7484, 23.312443 ], [ 107.748646, 23.31206 ], [ 107.748814, 23.311678 ], [ 107.748893, 23.311252 ], [ 107.748929, 23.310611 ], [ 107.748807, 23.310415 ], [ 107.748601, 23.310337 ], [ 107.748598, 23.310184 ], [ 107.748764, 23.31019 ], [ 107.749059, 23.310302 ], [ 107.749228, 23.310416 ], [ 107.749516, 23.310646 ], [ 107.749639, 23.310914 ], [ 107.749805, 23.311408 ], [ 107.749888, 23.311641 ], [ 107.750218, 23.311979 ], [ 107.750339, 23.312211 ], [ 107.750385, 23.312553 ], [ 107.750303, 23.312825 ], [ 107.750098, 23.313316 ], [ 107.750054, 23.313543 ], [ 107.750223, 23.313702 ], [ 107.750381, 23.313772 ], [ 107.750594, 23.313659 ], [ 107.750759, 23.313868 ], [ 107.750797, 23.314066 ], [ 107.750754, 23.314285 ], [ 107.749991, 23.316694 ], [ 107.749505, 23.318997 ], [ 107.749123, 23.321793 ], [ 107.749184, 23.324662 ], [ 107.748313, 23.329393 ], [ 107.748039, 23.333866 ], [ 107.748776, 23.335246 ], [ 107.750268, 23.336412 ], [ 107.75201, 23.337176 ], [ 107.755618, 23.338277 ], [ 107.758645, 23.339221 ], [ 107.759287, 23.339503 ], [ 107.760346, 23.340276 ], [ 107.760849, 23.341497 ], [ 107.761448, 23.342631 ], [ 107.762324, 23.34367 ], [ 107.764346, 23.344865 ], [ 107.766064, 23.344923 ], [ 107.767677, 23.344542 ], [ 107.769099, 23.34434 ], [ 107.770929, 23.345713 ], [ 107.772204, 23.347275 ], [ 107.773176, 23.348488 ], [ 107.774902, 23.348983 ], [ 107.776896, 23.348858 ], [ 107.778804, 23.348911 ], [ 107.780052, 23.349504 ], [ 107.781205, 23.350098 ], [ 107.781968, 23.350084 ], [ 107.782332, 23.349637 ], [ 107.782506, 23.348577 ], [ 107.78228, 23.347086 ], [ 107.782263, 23.345942 ], [ 107.782817, 23.345406 ], [ 107.785878, 23.345804 ], [ 107.787906, 23.346218 ], [ 107.790238, 23.347357 ], [ 107.791789, 23.347781 ], [ 107.792413, 23.347632 ], [ 107.792872, 23.346488 ], [ 107.794111, 23.344478 ], [ 107.795498, 23.343758 ], [ 107.797006, 23.344237 ], [ 107.798479, 23.343916 ], [ 107.800801, 23.343511 ], [ 107.801754, 23.342774 ], [ 107.801736, 23.341695 ], [ 107.801719, 23.340799 ], [ 107.801901, 23.340256 ], [ 107.802871, 23.340237 ], [ 107.804621, 23.340382 ], [ 107.806075, 23.341183 ], [ 107.806415, 23.342504 ], [ 107.806623, 23.343398 ], [ 107.807021, 23.343929 ], [ 107.80781, 23.344093 ], [ 107.808797, 23.344152 ], [ 107.81001, 23.344046 ], [ 107.811907, 23.344008 ], [ 107.814376, 23.343191 ], [ 107.816255, 23.342385 ], [ 107.81778, 23.341588 ], [ 107.818481, 23.340916 ], [ 107.81797, 23.339389 ], [ 107.817234, 23.338085 ], [ 107.817078, 23.336223 ], [ 107.81752, 23.334788 ], [ 107.81797, 23.333352 ], [ 107.818775, 23.332567 ], [ 107.819841, 23.332107 ], [ 107.821252, 23.33197 ], [ 107.822794, 23.33183 ], [ 107.824344, 23.332348 ], [ 107.82638, 23.333184 ], [ 107.82793, 23.333594 ], [ 107.829238, 23.333568 ], [ 107.830019, 23.334489 ], [ 107.832122, 23.335705 ], [ 107.834365, 23.337778 ], [ 107.835032, 23.336246 ], [ 107.836253, 23.332947 ], [ 107.836556, 23.33051 ], [ 107.836374, 23.328214 ], [ 107.835742, 23.325789 ], [ 107.835577, 23.323779 ], [ 107.836495, 23.321485 ], [ 107.837733, 23.320766 ], [ 107.839448, 23.321186 ], [ 107.840531, 23.322554 ], [ 107.841163, 23.324984 ], [ 107.841813, 23.329268 ], [ 107.842281, 23.330124 ], [ 107.843979, 23.330827 ], [ 107.845841, 23.330526 ], [ 107.847071, 23.329951 ], [ 107.848456, 23.328939 ], [ 107.849842, 23.32764 ], [ 107.851999, 23.326341 ], [ 107.852103, 23.326217 ], [ 107.853662, 23.325871 ], [ 107.855264, 23.325986 ], [ 107.856235, 23.326559 ], [ 107.856902, 23.32773 ], [ 107.857552, 23.328311 ], [ 107.858513, 23.328144 ], [ 107.860402, 23.326774 ], [ 107.861632, 23.324527 ], [ 107.862039, 23.321112 ], [ 107.861839, 23.319044 ], [ 107.860826, 23.316842 ], [ 107.859535, 23.316128 ], [ 107.859102, 23.31594 ], [ 107.858565, 23.315702 ], [ 107.857282, 23.31558 ], [ 107.856139, 23.314269 ], [ 107.854155, 23.311496 ], [ 107.850889, 23.308452 ], [ 107.850387, 23.307129 ], [ 107.850681, 23.305939 ], [ 107.851296, 23.305037 ], [ 107.852881, 23.304413 ], [ 107.854042, 23.304003 ], [ 107.853869, 23.303309 ], [ 107.854934, 23.301149 ], [ 107.856164, 23.298998 ], [ 107.856467, 23.29771 ], [ 107.855991, 23.296422 ], [ 107.854907, 23.295571 ], [ 107.853808, 23.293864 ], [ 107.853799, 23.292008 ], [ 107.854137, 23.291308 ], [ 107.855886, 23.290185 ], [ 107.859421, 23.289745 ], [ 107.861968, 23.288671 ], [ 107.863674, 23.28757 ], [ 107.865017, 23.286233 ], [ 107.865615, 23.285115 ], [ 107.865979, 23.283631 ], [ 107.865962, 23.282728 ], [ 107.865667, 23.281463 ], [ 107.861213, 23.274951 ], [ 107.859541, 23.273508 ], [ 107.8578, 23.272805 ], [ 107.855972, 23.272144 ], [ 107.854569, 23.271387 ], [ 107.854447, 23.271402 ], [ 107.853053, 23.270688 ], [ 107.852273, 23.26955 ], [ 107.852533, 23.268121 ], [ 107.852221, 23.266813 ], [ 107.851944, 23.262858 ], [ 107.850705, 23.259283 ], [ 107.85028, 23.257671 ], [ 107.850254, 23.256592 ], [ 107.851007, 23.255496 ], [ 107.851761, 23.254401 ], [ 107.852922, 23.253839 ], [ 107.853147, 23.253821 ], [ 107.855833, 23.253601 ], [ 107.859731, 23.254424 ], [ 107.864834, 23.256483 ], [ 107.870111, 23.257819 ], [ 107.873621, 23.258471 ], [ 107.876741, 23.258588 ], [ 107.879064, 23.258364 ], [ 107.879844, 23.258348 ], [ 107.880026, 23.257806 ], [ 107.879809, 23.256729 ], [ 107.878223, 23.255139 ], [ 107.875467, 23.253753 ], [ 107.871558, 23.252931 ], [ 107.867468, 23.25265 ], [ 107.865336, 23.252692 ], [ 107.863959, 23.252 ], [ 107.862572, 23.250766 ], [ 107.862338, 23.248791 ], [ 107.862026, 23.247504 ], [ 107.862182, 23.2473 ], [ 107.862477, 23.24486 ], [ 107.861541, 23.243142 ], [ 107.859826, 23.242012 ], [ 107.856256, 23.239445 ], [ 107.854238, 23.238033 ], [ 107.852687, 23.236319 ], [ 107.852366, 23.234459 ], [ 107.852583, 23.232513 ], [ 107.851396, 23.231104 ], [ 107.850131, 23.228881 ], [ 107.849378, 23.227771 ], [ 107.849361, 23.226647 ], [ 107.849568, 23.225068 ], [ 107.851231, 23.223459 ], [ 107.851942, 23.222546 ], [ 107.853561, 23.221866 ], [ 107.853674, 23.221414 ], [ 107.85506, 23.220122 ], [ 107.857061, 23.219396 ], [ 107.859382, 23.219236 ], [ 107.864329, 23.219354 ], [ 107.868047, 23.22005 ], [ 107.869286, 23.220478 ], [ 107.870525, 23.221329 ], [ 107.871617, 23.222474 ], [ 107.872388, 23.222612 ], [ 107.873082, 23.222107 ], [ 107.873801, 23.222565 ], [ 107.876237, 23.222742 ], [ 107.878646, 23.222021 ], [ 107.880068, 23.220194 ], [ 107.881004, 23.218599 ], [ 107.880986, 23.217701 ], [ 107.879998, 23.217044 ], [ 107.878039, 23.216182 ], [ 107.877788, 23.215737 ], [ 107.877242, 23.214552 ], [ 107.878056, 23.213123 ], [ 107.878663, 23.211549 ], [ 107.878958, 23.20954 ], [ 107.878784, 23.206818 ], [ 107.879079, 23.205096 ], [ 107.880318, 23.204376 ], [ 107.881861, 23.204512 ], [ 107.883101, 23.205372 ], [ 107.884358, 23.207648 ], [ 107.886066, 23.209368 ], [ 107.888399, 23.210497 ], [ 107.890576, 23.211352 ], [ 107.892596, 23.2132 ], [ 107.894158, 23.215492 ], [ 107.895876, 23.218639 ], [ 107.897133, 23.220349 ], [ 107.898521, 23.22134 ], [ 107.900534, 23.221622 ], [ 107.903016, 23.221467 ], [ 107.905037, 23.222462 ], [ 107.905975, 23.224465 ], [ 107.906712, 23.225088 ], [ 107.908865, 23.225047 ], [ 107.913257, 23.225867 ], [ 107.915957, 23.226942 ], [ 107.917442, 23.227816 ], [ 107.918657, 23.227795 ], [ 107.920577, 23.226634 ], [ 107.922496, 23.225477 ], [ 107.925406, 23.22475 ], [ 107.927282, 23.223761 ], [ 107.92703, 23.222096 ], [ 107.927951, 23.220808 ], [ 107.929045, 23.220173 ], [ 107.930131, 23.220093 ], [ 107.932199, 23.220404 ], [ 107.933329, 23.220384 ], [ 107.933694, 23.220204 ], [ 107.93425, 23.219849 ], [ 107.934241, 23.219156 ], [ 107.933285, 23.218306 ], [ 107.931391, 23.217646 ], [ 107.930383, 23.217317 ], [ 107.928367, 23.216659 ], [ 107.926091, 23.215487 ], [ 107.925327, 23.214636 ], [ 107.925674, 23.213416 ], [ 107.926795, 23.21305 ], [ 107.929227, 23.213007 ], [ 107.930904, 23.212631 ], [ 107.932077, 23.212066 ], [ 107.932685, 23.210336 ], [ 107.93345, 23.208618 ], [ 107.934997, 23.207328 ], [ 107.9367, 23.206705 ], [ 107.937221, 23.206667 ], [ 107.937308, 23.205245 ], [ 107.938003, 23.202634 ], [ 107.93982, 23.200006 ], [ 107.941063, 23.196866 ], [ 107.942906, 23.19545 ], [ 107.944783, 23.195416 ], [ 107.946488, 23.196081 ], [ 107.948279, 23.197055 ], [ 107.948957, 23.197425 ], [ 107.950096, 23.198098 ], [ 107.951218, 23.197907 ], [ 107.95287, 23.196147 ], [ 107.953784, 23.194918 ], [ 107.954105, 23.194044 ], [ 107.956836, 23.192895 ], [ 107.959472, 23.191162 ], [ 107.96035, 23.190389 ], [ 107.961194, 23.190467 ], [ 107.963831, 23.190942 ], [ 107.96571, 23.190912 ], [ 107.966815, 23.1902 ], [ 107.967546, 23.189149 ], [ 107.966771, 23.187949 ], [ 107.965614, 23.186756 ], [ 107.964587, 23.186361 ], [ 107.962586, 23.185592 ], [ 107.960098, 23.183554 ], [ 107.958941, 23.182014 ], [ 107.959097, 23.180799 ], [ 107.960411, 23.180604 ], [ 107.963029, 23.180389 ], [ 107.966231, 23.180683 ], [ 107.969077, 23.18185 ], [ 107.971174, 23.183373 ], [ 107.971722, 23.184101 ], [ 107.974159, 23.184807 ], [ 107.97731, 23.184835 ], [ 107.979103, 23.185433 ], [ 107.980913, 23.186579 ], [ 107.982985, 23.188033 ], [ 107.98443, 23.188324 ], [ 107.986293, 23.187746 ], [ 107.987877, 23.186701 ], [ 107.988626, 23.185907 ], [ 107.988947, 23.184883 ], [ 107.988669, 23.183947 ], [ 107.985927, 23.182816 ], [ 107.985396, 23.182042 ], [ 107.985282, 23.180868 ], [ 107.986023, 23.179524 ], [ 107.989061, 23.178614 ], [ 107.993361, 23.177057 ], [ 107.99512, 23.176009 ], [ 107.995451, 23.175535 ], [ 107.995746, 23.174613 ], [ 107.995546, 23.173108 ], [ 107.99532, 23.171887 ], [ 107.996443, 23.166744 ], [ 108.001056, 23.156565 ], [ 108.002745, 23.152306 ], [ 108.003363, 23.148374 ], [ 108.004225, 23.147047 ], [ 108.005057, 23.146261 ], [ 108.007656, 23.145439 ], [ 108.010213, 23.144659 ], [ 108.011481, 23.144829 ], [ 108.012188, 23.145245 ], [ 108.012542, 23.146201 ], [ 108.012833, 23.147446 ], [ 108.013249, 23.148256 ], [ 108.013898, 23.148805 ], [ 108.015769, 23.149248 ], [ 108.017823, 23.149223 ], [ 108.018825, 23.149495 ], [ 108.0188, 23.150221 ], [ 108.018301, 23.150863 ], [ 108.016929, 23.151046 ], [ 108.016596, 23.151542 ], [ 108.016949, 23.152062 ], [ 108.017532, 23.152209 ], [ 108.019403, 23.152214 ], [ 108.020236, 23.152354 ], [ 108.022316, 23.152768 ], [ 108.023041, 23.152494 ], [ 108.023498, 23.151956 ], [ 108.02381, 23.150526 ], [ 108.024226, 23.149864 ], [ 108.025265, 23.14968 ], [ 108.026129, 23.149866 ], [ 108.026346, 23.150285 ], [ 108.025826, 23.150802 ], [ 108.025057, 23.151256 ], [ 108.024884, 23.152016 ], [ 108.025154, 23.153 ], [ 108.025826, 23.153664 ], [ 108.026804, 23.154351 ], [ 108.027697, 23.154395 ], [ 108.028627, 23.154069 ], [ 108.029132, 23.152646 ], [ 108.029593, 23.152074 ], [ 108.030212, 23.151996 ], [ 108.03082, 23.152321 ], [ 108.031418, 23.153368 ], [ 108.032042, 23.155112 ], [ 108.032213, 23.156956 ], [ 108.03109, 23.158166 ], [ 108.030881, 23.158763 ], [ 108.031245, 23.15953 ], [ 108.031813, 23.160047 ], [ 108.032998, 23.159967 ], [ 108.033801, 23.159361 ], [ 108.034789, 23.158384 ], [ 108.035554, 23.157382 ], [ 108.036302, 23.156906 ], [ 108.036991, 23.157096 ], [ 108.037279, 23.157573 ], [ 108.037175, 23.159004 ], [ 108.037452, 23.16023 ], [ 108.038069, 23.161183 ], [ 108.038817, 23.16189 ], [ 108.039856, 23.162141 ], [ 108.040576, 23.161697 ], [ 108.040833, 23.161087 ], [ 108.040681, 23.160401 ], [ 108.040438, 23.1598 ], [ 108.039627, 23.159072 ], [ 108.039482, 23.158574 ], [ 108.03971, 23.158035 ], [ 108.040396, 23.157726 ], [ 108.041019, 23.157914 ], [ 108.041681, 23.158751 ], [ 108.042391, 23.159514 ], [ 108.043091, 23.159699 ], [ 108.043679, 23.159455 ], [ 108.044117, 23.159083 ], [ 108.044448, 23.158171 ], [ 108.044361, 23.156654 ], [ 108.044039, 23.153946 ], [ 108.044302, 23.153422 ], [ 108.044996, 23.153124 ], [ 108.046131, 23.153178 ], [ 108.047211, 23.153511 ], [ 108.048873, 23.153474 ], [ 108.050433, 23.152923 ], [ 108.051075, 23.152877 ], [ 108.051685, 23.153178 ], [ 108.053007, 23.154416 ], [ 108.054211, 23.155144 ], [ 108.055477, 23.155613 ], [ 108.056039, 23.155563 ], [ 108.056434, 23.155226 ], [ 108.05633, 23.154609 ], [ 108.055561, 23.154276 ], [ 108.054373, 23.153937 ], [ 108.054149, 23.153299 ], [ 108.054211, 23.152448 ], [ 108.054917, 23.151682 ], [ 108.057347, 23.150246 ], [ 108.058876, 23.149723 ], [ 108.059784, 23.149776 ], [ 108.060563, 23.150011 ], [ 108.061251, 23.149284 ], [ 108.059947, 23.146738 ], [ 108.059808, 23.145461 ], [ 108.059886, 23.144649 ], [ 108.05966, 23.142871 ], [ 108.060059, 23.142774 ], [ 108.06152, 23.14242 ], [ 108.063016, 23.142367 ], [ 108.062068, 23.1355 ], [ 108.061676, 23.132651 ], [ 108.061554, 23.130183 ], [ 108.061319, 23.125721 ], [ 108.064771, 23.124761 ], [ 108.062798, 23.12147 ], [ 108.064545, 23.118612 ], [ 108.064875, 23.117683 ], [ 108.065892, 23.114867 ], [ 108.068682, 23.112405 ], [ 108.069873, 23.110957 ], [ 108.07022, 23.109218 ], [ 108.071446, 23.107926 ], [ 108.07228, 23.107061 ], [ 108.071698, 23.106795 ], [ 108.069708, 23.105885 ], [ 108.072419, 23.104714 ], [ 108.074696, 23.103734 ], [ 108.076546, 23.103314 ], [ 108.079144, 23.100925 ], [ 108.081663, 23.101114 ], [ 108.08413, 23.099073 ], [ 108.084721, 23.096688 ], [ 108.085024, 23.09605 ], [ 108.084955, 23.095346 ], [ 108.0836, 23.093982 ], [ 108.082349, 23.091762 ], [ 108.080838, 23.091374 ], [ 108.079621, 23.092002 ], [ 108.077901, 23.092188 ], [ 108.076346, 23.091751 ], [ 108.073157, 23.090855 ], [ 108.070193, 23.089978 ], [ 108.069359, 23.089686 ], [ 108.069194, 23.089048 ], [ 108.069081, 23.088852 ], [ 108.069428, 23.086206 ], [ 108.069072, 23.084406 ], [ 108.067907, 23.084057 ], [ 108.065038, 23.084089 ], [ 108.062795, 23.084722 ], [ 108.061396, 23.084867 ], [ 108.058856, 23.084131 ], [ 108.055117, 23.085028 ], [ 108.053091, 23.083906 ], [ 108.053604, 23.080974 ], [ 108.054804, 23.07912 ], [ 108.054326, 23.078088 ], [ 108.051794, 23.076439 ], [ 108.048811, 23.07576 ], [ 108.047393, 23.074825 ], [ 108.047192, 23.073348 ], [ 108.04801, 23.072234 ], [ 108.048471, 23.0712 ], [ 108.048167, 23.069504 ], [ 108.048062, 23.068932 ], [ 108.046714, 23.068295 ], [ 108.041554, 23.068112 ], [ 108.039501, 23.068339 ], [ 108.038031, 23.068578 ], [ 108.036943, 23.068178 ], [ 108.035924, 23.06717 ], [ 108.035581, 23.067038 ], [ 108.010364, 23.083265 ], [ 108.010795, 23.083711 ], [ 108.011274, 23.084562 ], [ 108.012719, 23.08741 ], [ 108.011561, 23.087782 ], [ 108.011231, 23.090577 ], [ 108.010464, 23.092279 ], [ 108.010143, 23.094321 ], [ 108.012902, 23.094788 ], [ 108.0144, 23.095531 ], [ 108.015027, 23.096774 ], [ 108.012737, 23.096882 ], [ 108.010944, 23.097756 ], [ 108.009855, 23.098235 ], [ 108.008288, 23.098923 ], [ 108.008106, 23.100703 ], [ 108.00639, 23.100198 ], [ 108.004379, 23.100554 ], [ 108.001767, 23.100418 ], [ 108.000653, 23.101316 ], [ 107.999486, 23.101608 ], [ 107.998163, 23.101764 ], [ 107.996831, 23.101513 ], [ 107.995351, 23.101265 ], [ 107.993601, 23.101837 ], [ 107.99186, 23.103087 ], [ 107.989675, 23.104346 ], [ 107.988056, 23.104372 ], [ 107.984445, 23.103927 ], [ 107.983571, 23.102936 ], [ 107.980986, 23.100821 ], [ 107.980778, 23.099884 ], [ 107.982282, 23.098192 ], [ 107.982282, 23.097315 ], [ 107.981279, 23.096907 ], [ 107.979144, 23.097217 ], [ 107.978439, 23.096433 ], [ 107.978976, 23.095141 ], [ 107.979367, 23.094463 ], [ 107.978991, 23.093899 ], [ 107.978165, 23.093887 ], [ 107.977068, 23.094514 ], [ 107.976441, 23.09565 ], [ 107.975579, 23.09565 ], [ 107.974326, 23.094435 ], [ 107.972289, 23.093299 ], [ 107.972446, 23.092398 ], [ 107.974717, 23.092085 ], [ 107.978165, 23.091497 ], [ 107.978831, 23.090596 ], [ 107.978674, 23.089891 ], [ 107.976735, 23.089731 ], [ 107.974165, 23.090357 ], [ 107.972379, 23.090013 ], [ 107.971909, 23.089041 ], [ 107.973821, 23.086471 ], [ 107.975262, 23.085029 ], [ 107.977581, 23.084309 ], [ 107.978396, 23.083588 ], [ 107.978114, 23.082867 ], [ 107.972912, 23.083181 ], [ 107.971815, 23.083839 ], [ 107.971345, 23.085594 ], [ 107.970436, 23.085938 ], [ 107.967929, 23.085625 ], [ 107.967364, 23.084591 ], [ 107.968148, 23.08246 ], [ 107.967741, 23.07942 ], [ 107.966926, 23.07873 ], [ 107.965077, 23.078072 ], [ 107.964951, 23.077132 ], [ 107.965829, 23.076631 ], [ 107.969307, 23.076192 ], [ 107.969997, 23.075722 ], [ 107.970028, 23.074876 ], [ 107.969214, 23.073685 ], [ 107.969182, 23.070582 ], [ 107.969715, 23.068733 ], [ 107.970843, 23.067856 ], [ 107.971909, 23.068326 ], [ 107.972254, 23.070331 ], [ 107.973601, 23.072682 ], [ 107.975262, 23.074061 ], [ 107.976081, 23.073954 ], [ 107.976551, 23.072466 ], [ 107.977569, 23.071094 ], [ 107.979609, 23.068804 ], [ 107.974719, 23.021074 ], [ 107.971392, 23.019942 ], [ 107.962829, 23.01428 ], [ 107.961324, 23.012075 ], [ 107.959123, 23.008685 ], [ 107.958697, 23.008187 ], [ 107.955931, 23.007384 ], [ 107.953817, 23.006212 ], [ 107.951191, 23.005772 ], [ 107.949617, 23.005556 ], [ 107.948556, 23.004849 ], [ 107.94826, 23.003164 ], [ 107.948477, 23.000984 ], [ 107.948729, 22.999515 ], [ 107.947651, 22.998705 ], [ 107.946756, 22.996978 ], [ 107.94446, 22.99454 ], [ 107.942252, 22.992148 ], [ 107.940209, 22.990736 ], [ 107.938627, 22.988461 ], [ 107.938453, 22.986882 ], [ 107.938896, 22.985015 ], [ 107.938722, 22.983445 ], [ 107.937923, 22.982011 ], [ 107.936819, 22.98074 ], [ 107.934481, 22.980046 ], [ 107.932465, 22.980211 ], [ 107.93091, 22.980083 ], [ 107.929963, 22.978951 ], [ 107.930093, 22.977223 ], [ 107.929102, 22.975785 ], [ 107.926435, 22.974809 ], [ 107.924411, 22.974692 ], [ 107.921319, 22.975871 ], [ 107.91914, 22.9759 ], [ 107.917412, 22.9752 ], [ 107.915666, 22.972781 ], [ 107.914989, 22.969491 ], [ 107.914642, 22.966623 ], [ 107.914459, 22.965051 ], [ 107.913357, 22.964204 ], [ 107.911334, 22.963943 ], [ 107.909477, 22.964707 ], [ 107.907732, 22.963237 ], [ 107.904261, 22.960985 ], [ 107.901336, 22.959275 ], [ 107.897831, 22.957939 ], [ 107.893659, 22.956312 ], [ 107.891794, 22.955129 ], [ 107.889643, 22.952979 ], [ 107.887961, 22.951061 ], [ 107.886799, 22.948648 ], [ 107.885871, 22.945379 ], [ 107.884865, 22.944301 ], [ 107.883409, 22.943721 ], [ 107.882273, 22.942586 ], [ 107.881779, 22.941256 ], [ 107.881753, 22.939766 ], [ 107.881414, 22.938672 ], [ 107.880912, 22.938098 ], [ 107.878363, 22.936572 ], [ 107.875572, 22.935411 ], [ 107.875086, 22.935375 ], [ 107.872105, 22.936288 ], [ 107.870901, 22.936911 ], [ 107.870164, 22.937889 ], [ 107.867928, 22.940792 ], [ 107.865546, 22.943032 ], [ 107.865043, 22.944077 ], [ 107.865399, 22.945042 ], [ 107.866352, 22.946912 ], [ 107.866846, 22.948547 ], [ 107.867166, 22.950908 ], [ 107.864342, 22.951905 ], [ 107.859716, 22.953688 ], [ 107.85677, 22.954444 ], [ 107.849788, 22.954829 ], [ 107.842192, 22.955933 ], [ 107.834294, 22.957908 ], [ 107.831973, 22.958225 ], [ 107.830102, 22.956759 ], [ 107.828369, 22.954046 ], [ 107.826343, 22.952917 ], [ 107.825381, 22.950782 ], [ 107.825355, 22.948624 ], [ 107.825944, 22.947038 ], [ 107.827624, 22.945576 ], [ 107.829937, 22.944836 ], [ 107.828499, 22.942261 ], [ 107.825078, 22.940156 ], [ 107.821839, 22.940333 ], [ 107.818746, 22.94023 ], [ 107.816434, 22.940399 ], [ 107.814095, 22.939566 ], [ 107.812674, 22.937571 ], [ 107.811115, 22.936586 ], [ 107.803829, 22.934946 ], [ 107.794688, 22.934045 ], [ 107.791117, 22.93294 ], [ 107.788171, 22.932117 ], [ 107.786775, 22.931194 ], [ 107.785821, 22.929501 ], [ 107.784252, 22.927388 ], [ 107.782232, 22.926711 ], [ 107.780533, 22.926871 ], [ 107.779137, 22.926601 ], [ 107.77788, 22.9252 ], [ 107.776614, 22.922939 ], [ 107.774741, 22.921399 ], [ 107.773032, 22.920427 ], [ 107.769468, 22.919761 ], [ 107.765407, 22.917249 ], [ 107.764158, 22.916266 ], [ 107.76428, 22.915426 ], [ 107.756931, 22.920056 ], [ 107.754466, 22.92122 ], [ 107.752782, 22.922371 ], [ 107.752496, 22.924366 ], [ 107.752566, 22.931048 ], [ 107.751065, 22.935372 ], [ 107.748999, 22.939196 ], [ 107.748035, 22.940976 ], [ 107.747028, 22.942013 ], [ 107.743917, 22.943974 ], [ 107.742244, 22.944215 ], [ 107.739691, 22.943549 ], [ 107.735826, 22.941261 ], [ 107.73097, 22.939926 ], [ 107.726157, 22.940946 ], [ 107.722404, 22.944303 ], [ 107.71665, 22.948868 ], [ 107.71233, 22.949173 ], [ 107.708201, 22.946646 ], [ 107.702488, 22.940847 ], [ 107.697697, 22.93879 ], [ 107.694906, 22.938833 ], [ 107.690531, 22.94008 ], [ 107.688366, 22.941795 ], [ 107.686035, 22.942368 ], [ 107.68373, 22.943688 ], [ 107.680164, 22.94458 ], [ 107.678721, 22.944184 ], [ 107.676955, 22.942605 ], [ 107.676059, 22.941952 ], [ 107.675337, 22.941964 ], [ 107.670379, 22.943118 ], [ 107.669884, 22.943143 ], [ 107.663935, 22.943625 ], [ 107.65956, 22.944872 ], [ 107.655464, 22.945324 ], [ 107.647663, 22.945442 ], [ 107.643116, 22.945248 ], [ 107.640021, 22.946344 ], [ 107.637778, 22.947691 ], [ 107.636918, 22.947311 ], [ 107.636144, 22.945911 ], [ 107.634875, 22.943754 ], [ 107.633945, 22.942266 ], [ 107.633571, 22.940387 ], [ 107.633692, 22.937936 ], [ 107.634292, 22.93607 ], [ 107.635674, 22.935051 ], [ 107.640621, 22.934524 ], [ 107.645116, 22.933536 ], [ 107.64728, 22.932382 ], [ 107.648037, 22.930666 ], [ 107.648176, 22.928241 ], [ 107.648924, 22.925529 ], [ 107.649532, 22.924392 ], [ 107.651071, 22.923094 ], [ 107.654167, 22.922214 ], [ 107.657549, 22.919347 ], [ 107.660028, 22.91819 ], [ 107.663751, 22.918443 ], [ 107.667169, 22.918557 ], [ 107.668552, 22.917691 ], [ 107.668525, 22.915277 ], [ 107.668977, 22.913281 ], [ 107.670648, 22.909567 ], [ 107.672178, 22.907705 ], [ 107.6737, 22.90456 ], [ 107.674926, 22.902272 ], [ 107.678022, 22.901824 ], [ 107.680814, 22.901228 ], [ 107.682667, 22.900789 ], [ 107.683119, 22.899643 ], [ 107.682632, 22.898333 ], [ 107.683667, 22.896913 ], [ 107.685015, 22.896282 ], [ 107.686337, 22.896184 ], [ 107.68765, 22.895553 ], [ 107.688789, 22.894771 ], [ 107.691033, 22.893054 ], [ 107.692981, 22.890758 ], [ 107.693877, 22.889168 ], [ 107.695703, 22.885031 ], [ 107.696911, 22.881603 ], [ 107.697972, 22.87946 ], [ 107.699981, 22.879016 ], [ 107.702164, 22.878996 ], [ 107.702763, 22.877712 ], [ 107.702129, 22.876007 ], [ 107.695728, 22.871076 ], [ 107.693224, 22.869387 ], [ 107.69258, 22.866972 ], [ 107.692858, 22.863551 ], [ 107.69238, 22.861987 ], [ 107.688196, 22.862451 ], [ 107.684152, 22.861629 ], [ 107.680569, 22.859518 ], [ 107.678064, 22.857123 ], [ 107.675889, 22.856704 ], [ 107.67355, 22.855159 ], [ 107.671679, 22.854745 ], [ 107.66967, 22.855329 ], [ 107.66814, 22.857191 ], [ 107.667096, 22.862044 ], [ 107.666348, 22.864756 ], [ 107.663565, 22.865198 ], [ 107.661861, 22.865501 ], [ 107.660626, 22.866927 ], [ 107.660182, 22.869214 ], [ 107.660217, 22.872778 ], [ 107.659148, 22.874488 ], [ 107.658417, 22.878338 ], [ 107.653965, 22.884355 ], [ 107.651034, 22.885939 ], [ 107.648409, 22.887099 ], [ 107.647809, 22.888669 ], [ 107.649696, 22.891927 ], [ 107.650679, 22.897476 ], [ 107.650539, 22.899616 ], [ 107.648853, 22.900905 ], [ 107.645914, 22.902211 ], [ 107.642358, 22.902946 ], [ 107.636003, 22.903424 ], [ 107.630979, 22.902754 ], [ 107.626486, 22.903224 ], [ 107.622151, 22.903396 ], [ 107.617355, 22.90415 ], [ 107.613941, 22.904185 ], [ 107.612387, 22.903194 ], [ 107.610797, 22.899792 ], [ 107.608452, 22.898247 ], [ 107.607211, 22.897691 ], [ 107.604268, 22.897146 ], [ 107.599623, 22.897191 ], [ 107.597132, 22.896504 ], [ 107.594641, 22.894535 ], [ 107.590442, 22.893147 ], [ 107.586546, 22.89034 ], [ 107.583294, 22.8898 ], [ 107.580362, 22.890682 ], [ 107.578203, 22.891131 ], [ 107.575567, 22.891158 ], [ 107.573235, 22.889331 ], [ 107.570912, 22.888787 ], [ 107.570591, 22.888073 ], [ 107.571198, 22.887219 ], [ 107.572576, 22.885923 ], [ 107.572992, 22.881366 ], [ 107.575133, 22.878779 ], [ 107.575419, 22.876074 ], [ 107.572749, 22.872393 ], [ 107.572575, 22.870969 ], [ 107.574881, 22.869664 ], [ 107.57626, 22.868377 ], [ 107.576866, 22.866939 ], [ 107.576234, 22.865101 ], [ 107.574673, 22.863689 ], [ 107.574959, 22.86198 ], [ 107.574326, 22.86042 ], [ 107.572618, 22.859721 ], [ 107.567513, 22.859637 ], [ 107.562876, 22.859682 ], [ 107.560251, 22.859567 ], [ 107.556526, 22.858184 ], [ 107.553909, 22.8585 ], [ 107.55067, 22.859247 ], [ 107.547275, 22.85957 ], [ 107.545266, 22.859453 ], [ 107.542789, 22.85876 ], [ 107.539352, 22.854817 ], [ 107.537334, 22.853839 ], [ 107.533188, 22.854036 ], [ 107.530271, 22.854077 ], [ 107.527786, 22.852258 ], [ 107.525146, 22.849016 ], [ 107.519754, 22.847237 ], [ 107.517123, 22.845528 ], [ 107.514207, 22.844851 ], [ 107.511437, 22.844594 ], [ 107.507743, 22.844356 ], [ 107.504229, 22.845393 ], [ 107.50011, 22.848484 ], [ 107.496909, 22.851664 ], [ 107.497454, 22.853472 ], [ 107.498241, 22.856086 ], [ 107.498414, 22.857605 ], [ 107.498008, 22.859827 ], [ 107.495568, 22.864442 ], [ 107.492937, 22.867119 ], [ 107.490886, 22.868819 ], [ 107.489242, 22.869866 ], [ 107.488125, 22.871912 ], [ 107.487797, 22.875013 ], [ 107.487633, 22.879896 ], [ 107.487451, 22.884068 ], [ 107.488291, 22.887979 ], [ 107.488776, 22.89321 ], [ 107.488819, 22.895828 ], [ 107.487607, 22.899779 ], [ 107.486534, 22.903968 ], [ 107.485946, 22.906715 ], [ 107.48457, 22.908764 ], [ 107.481947, 22.912264 ], [ 107.4798, 22.914557 ], [ 107.478493, 22.916379 ], [ 107.478052, 22.919103 ], [ 107.477853, 22.922067 ], [ 107.477568, 22.925086 ], [ 107.478857, 22.925894 ], [ 107.482051, 22.92536 ], [ 107.484319, 22.925547 ], [ 107.486128, 22.927682 ], [ 107.489218, 22.929642 ], [ 107.491538, 22.93061 ], [ 107.493251, 22.933145 ], [ 107.496791, 22.933532 ], [ 107.498487, 22.934361 ], [ 107.499578, 22.935632 ], [ 107.499742, 22.936821 ], [ 107.499604, 22.938265 ], [ 107.498548, 22.940433 ], [ 107.495502, 22.94334 ], [ 107.494602, 22.944934 ], [ 107.493235, 22.94696 ], [ 107.492646, 22.948692 ], [ 107.492664, 22.95027 ], [ 107.493763, 22.952562 ], [ 107.496091, 22.954699 ], [ 107.497034, 22.95684 ], [ 107.497545, 22.96072 ], [ 107.498333, 22.963154 ], [ 107.497286, 22.965464 ], [ 107.495451, 22.966638 ], [ 107.495166, 22.968222 ], [ 107.495798, 22.969507 ], [ 107.497667, 22.971931 ], [ 107.499527, 22.974073 ], [ 107.500194, 22.977944 ], [ 107.4999, 22.979962 ], [ 107.498377, 22.981275 ], [ 107.496993, 22.981859 ], [ 107.495928, 22.983881 ], [ 107.49315, 22.984914 ], [ 107.490372, 22.986801 ], [ 107.488979, 22.988529 ], [ 107.487897, 22.991267 ], [ 107.487647, 22.997169 ], [ 107.487119, 23.000916 ], [ 107.485743, 23.001903 ], [ 107.484972, 23.002893 ], [ 107.483752, 23.006987 ], [ 107.481294, 23.008835 ], [ 107.478524, 23.009129 ], [ 107.476672, 23.010124 ], [ 107.475754, 23.010978 ], [ 107.475754, 23.012105 ], [ 107.47868, 23.013923 ], [ 107.478377, 23.015046 ], [ 107.47791, 23.015332 ], [ 107.477148, 23.017168 ], [ 107.478083, 23.018994 ], [ 107.479616, 23.019834 ], [ 107.481312, 23.021232 ], [ 107.481174, 23.022639 ], [ 107.479789, 23.023357 ], [ 107.478404, 23.025052 ], [ 107.477945, 23.026606 ], [ 107.478569, 23.030043 ], [ 107.478266, 23.031624 ], [ 107.476725, 23.032933 ], [ 107.474578, 23.033085 ], [ 107.471184, 23.031519 ], [ 107.469946, 23.031525 ], [ 107.468413, 23.032543 ], [ 107.466266, 23.036 ], [ 107.465651, 23.036581 ], [ 107.46456, 23.038737 ], [ 107.463053, 23.038765 ], [ 107.461633, 23.03879 ], [ 107.460567, 23.03914 ], [ 107.460221, 23.040141 ], [ 107.460412, 23.040801 ], [ 107.460802, 23.042615 ], [ 107.460888, 23.042926 ], [ 107.457502, 23.044529 ], [ 107.45596, 23.044675 ], [ 107.45518, 23.044605 ], [ 107.453707, 23.045062 ], [ 107.451749, 23.045758 ], [ 107.449982, 23.046452 ], [ 107.449341, 23.047146 ], [ 107.449341, 23.047863 ], [ 107.448266, 23.049449 ], [ 107.447339, 23.050026 ], [ 107.445953, 23.050035 ], [ 107.444713, 23.049614 ], [ 107.443014, 23.048323 ], [ 107.441315, 23.047607 ], [ 107.440544, 23.047756 ], [ 107.436833, 23.04963 ], [ 107.436209, 23.047619 ], [ 107.434804, 23.045758 ], [ 107.433877, 23.044749 ], [ 107.43248, 23.044037 ], [ 107.430312, 23.044037 ], [ 107.42784, 23.044619 ], [ 107.423033, 23.044333 ], [ 107.420864, 23.045056 ], [ 107.419172, 23.046784 ], [ 107.417618, 23.047506 ], [ 107.414373, 23.050528 ], [ 107.41314, 23.051108 ], [ 107.411743, 23.050965 ], [ 107.410657, 23.050529 ], [ 107.409824, 23.049433 ], [ 107.402512, 23.043898 ], [ 107.399655, 23.042547 ], [ 107.397709, 23.042987 ], [ 107.396059, 23.044569 ], [ 107.395451, 23.04544 ], [ 107.395451, 23.046514 ], [ 107.393435, 23.048526 ], [ 107.391732, 23.048959 ], [ 107.390029, 23.049099 ], [ 107.386926, 23.048237 ], [ 107.385527, 23.0455 ], [ 107.383197, 23.044927 ], [ 107.381329, 23.04478 ], [ 107.380868, 23.04291 ], [ 107.379929, 23.042199 ], [ 107.378068, 23.041906 ], [ 107.373399, 23.037873 ], [ 107.369512, 23.033281 ], [ 107.367494, 23.03155 ], [ 107.364693, 23.030823 ], [ 107.363606, 23.030964 ], [ 107.361901, 23.031685 ], [ 107.361284, 23.032264 ], [ 107.360666, 23.033984 ], [ 107.360814, 23.035422 ], [ 107.360666, 23.036431 ], [ 107.359118, 23.037573 ], [ 107.355856, 23.037135 ], [ 107.353985, 23.037141 ], [ 107.352907, 23.038856 ], [ 107.351828, 23.040585 ], [ 107.346538, 23.041127 ], [ 107.345146, 23.044142 ], [ 107.337698, 23.047458 ], [ 107.33708, 23.048464 ], [ 107.336932, 23.049606 ], [ 107.339273, 23.055776 ], [ 107.33943, 23.057212 ], [ 107.33943, 23.058795 ], [ 107.343946, 23.059793 ], [ 107.346113, 23.059641 ], [ 107.347357, 23.059984 ], [ 107.349854, 23.063432 ], [ 107.35156, 23.065024 ], [ 107.353274, 23.065878 ], [ 107.353343, 23.065889 ], [ 107.3539, 23.067301 ], [ 107.354283, 23.069182 ], [ 107.353805, 23.07206 ], [ 107.353596, 23.075509 ], [ 107.354362, 23.079642 ], [ 107.353457, 23.080837 ], [ 107.353771, 23.080976 ], [ 107.35424, 23.081124 ], [ 107.354701, 23.081262 ], [ 107.355319, 23.081409 ], [ 107.355789, 23.081412 ], [ 107.356406, 23.081558 ], [ 107.357033, 23.081559 ], [ 107.35765, 23.081706 ], [ 107.35859, 23.081557 ], [ 107.359669, 23.081561 ], [ 107.360756, 23.081422 ], [ 107.362009, 23.081422 ], [ 107.362774, 23.081421 ], [ 107.363557, 23.08142 ], [ 107.36434, 23.081564 ], [ 107.365105, 23.081709 ], [ 107.365888, 23.081716 ], [ 107.366671, 23.081859 ], [ 107.367436, 23.082005 ], [ 107.368219, 23.082291 ], [ 107.368688, 23.082576 ], [ 107.369306, 23.083013 ], [ 107.369932, 23.083294 ], [ 107.370549, 23.083729 ], [ 107.371019, 23.083732 ], [ 107.372254, 23.083733 ], [ 107.37288, 23.083734 ], [ 107.37381, 23.08344 ], [ 107.374741, 23.083446 ], [ 107.375671, 23.083308 ], [ 107.376601, 23.08345 ], [ 107.376914, 23.083589 ], [ 107.377228, 23.083874 ], [ 107.377532, 23.08417 ], [ 107.377853, 23.084602 ], [ 107.378479, 23.085753 ], [ 107.37894, 23.086325 ], [ 107.37941, 23.086898 ], [ 107.380027, 23.08747 ], [ 107.380957, 23.088192 ], [ 107.381896, 23.088768 ], [ 107.382835, 23.089344 ], [ 107.3836, 23.089632 ], [ 107.384382, 23.089919 ], [ 107.385164, 23.090208 ], [ 107.386094, 23.090639 ], [ 107.387641, 23.091504 ], [ 107.388424, 23.092074 ], [ 107.389206, 23.092797 ], [ 107.38951, 23.093373 ], [ 107.389823, 23.094092 ], [ 107.390136, 23.094806 ], [ 107.390292, 23.095672 ], [ 107.390136, 23.095955 ], [ 107.390144, 23.096246 ], [ 107.389979, 23.096536 ], [ 107.389979, 23.096819 ], [ 107.389676, 23.097112 ], [ 107.389519, 23.097541 ], [ 107.389363, 23.097824 ], [ 107.389058, 23.098118 ], [ 107.388276, 23.098109 ], [ 107.387503, 23.098111 ], [ 107.386729, 23.098114 ], [ 107.385947, 23.098116 ], [ 107.384861, 23.097967 ], [ 107.383931, 23.097971 ], [ 107.383009, 23.098109 ], [ 107.382079, 23.098252 ], [ 107.381445, 23.098249 ], [ 107.380827, 23.098539 ], [ 107.380367, 23.098827 ], [ 107.379897, 23.099113 ], [ 107.379428, 23.099402 ], [ 107.378976, 23.099688 ], [ 107.378506, 23.100121 ], [ 107.378046, 23.100407 ], [ 107.376959, 23.100693 ], [ 107.37602, 23.100978 ], [ 107.374942, 23.101129 ], [ 107.374003, 23.101269 ], [ 107.373377, 23.101121 ], [ 107.372924, 23.101118 ], [ 107.372298, 23.100983 ], [ 107.371829, 23.10098 ], [ 107.371211, 23.100836 ], [ 107.370742, 23.100976 ], [ 107.370281, 23.100975 ], [ 107.369811, 23.101116 ], [ 107.369037, 23.101117 ], [ 107.368411, 23.101407 ], [ 107.367794, 23.101549 ], [ 107.367489, 23.101981 ], [ 107.367176, 23.102265 ], [ 107.367176, 23.102845 ], [ 107.36702, 23.103274 ], [ 107.36702, 23.103845 ], [ 107.366863, 23.103991 ], [ 107.36655, 23.103994 ], [ 107.366402, 23.104133 ], [ 107.365619, 23.103989 ], [ 107.365159, 23.103706 ], [ 107.364689, 23.103558 ], [ 107.364219, 23.103272 ], [ 107.363758, 23.102835 ], [ 107.363445, 23.10255 ], [ 107.363288, 23.102264 ], [ 107.362975, 23.10212 ], [ 107.362671, 23.102115 ], [ 107.362358, 23.102119 ], [ 107.362044, 23.102405 ], [ 107.362053, 23.102694 ], [ 107.361897, 23.103558 ], [ 107.362201, 23.104416 ], [ 107.362366, 23.105425 ], [ 107.36268, 23.106429 ], [ 107.36268, 23.107009 ], [ 107.36268, 23.107723 ], [ 107.36268, 23.108305 ], [ 107.362689, 23.109019 ], [ 107.362523, 23.109448 ], [ 107.362375, 23.109883 ], [ 107.362219, 23.110312 ], [ 107.362071, 23.110737 ], [ 107.361601, 23.111027 ], [ 107.360984, 23.111459 ], [ 107.360514, 23.111747 ], [ 107.360044, 23.112178 ], [ 107.359427, 23.112323 ], [ 107.358966, 23.11261 ], [ 107.358653, 23.112894 ], [ 107.358339, 23.113326 ], [ 107.358192, 23.113616 ], [ 107.358026, 23.114189 ], [ 107.358026, 23.114615 ], [ 107.358035, 23.115049 ], [ 107.357722, 23.11519 ], [ 107.357409, 23.115339 ], [ 107.357104, 23.115479 ], [ 107.356791, 23.115627 ], [ 107.356173, 23.115626 ], [ 107.355556, 23.115761 ], [ 107.354929, 23.11576 ], [ 107.354459, 23.115912 ], [ 107.35399, 23.115909 ], [ 107.353685, 23.115904 ], [ 107.353224, 23.115909 ], [ 107.353067, 23.116191 ], [ 107.352598, 23.116622 ], [ 107.352285, 23.117199 ], [ 107.352137, 23.117773 ], [ 107.35198, 23.118489 ], [ 107.351667, 23.119063 ], [ 107.351519, 23.119781 ], [ 107.351363, 23.1205 ], [ 107.351058, 23.121075 ], [ 107.349814, 23.12165 ], [ 107.349039, 23.121933 ], [ 107.348413, 23.122219 ], [ 107.347482, 23.122503 ], [ 107.346551, 23.122799 ], [ 107.34562, 23.122939 ], [ 107.344837, 23.12323 ], [ 107.344071, 23.123224 ], [ 107.343436, 23.123223 ], [ 107.342818, 23.123222 ], [ 107.342201, 23.123223 ], [ 107.341269, 23.123226 ], [ 107.340486, 23.123226 ], [ 107.339869, 23.123373 ], [ 107.339555, 23.123804 ], [ 107.339399, 23.124232 ], [ 107.339712, 23.124805 ], [ 107.340182, 23.125525 ], [ 107.3408, 23.12624 ], [ 107.340965, 23.126384 ], [ 107.341278, 23.126532 ], [ 107.341583, 23.126674 ], [ 107.341896, 23.126961 ], [ 107.341896, 23.12725 ], [ 107.341896, 23.127684 ], [ 107.341592, 23.127824 ], [ 107.341426, 23.128117 ], [ 107.341122, 23.128256 ], [ 107.340974, 23.128403 ], [ 107.340191, 23.12825 ], [ 107.339408, 23.128254 ], [ 107.338642, 23.12811 ], [ 107.337859, 23.127967 ], [ 107.337232, 23.127821 ], [ 107.336614, 23.127676 ], [ 107.335988, 23.12754 ], [ 107.335527, 23.127683 ], [ 107.334909, 23.127827 ], [ 107.334282, 23.127963 ], [ 107.333821, 23.128396 ], [ 107.333508, 23.128825 ], [ 107.333194, 23.12912 ], [ 107.333194, 23.129402 ], [ 107.333203, 23.129834 ], [ 107.333351, 23.130269 ], [ 107.333508, 23.130556 ], [ 107.333821, 23.130843 ], [ 107.333969, 23.13113 ], [ 107.334134, 23.131562 ], [ 107.334134, 23.132131 ], [ 107.334134, 23.132567 ], [ 107.333978, 23.132997 ], [ 107.33289, 23.133283 ], [ 107.331811, 23.13357 ], [ 107.330558, 23.133859 ], [ 107.329784, 23.134287 ], [ 107.329479, 23.134716 ], [ 107.329323, 23.135443 ], [ 107.329479, 23.136301 ], [ 107.329941, 23.137021 ], [ 107.330254, 23.137451 ], [ 107.330724, 23.137743 ], [ 107.33135, 23.138033 ], [ 107.331968, 23.138314 ], [ 107.332438, 23.138317 ], [ 107.333056, 23.138318 ], [ 107.333682, 23.138317 ], [ 107.3343, 23.138462 ], [ 107.334614, 23.138749 ], [ 107.334918, 23.139322 ], [ 107.335083, 23.139903 ], [ 107.335397, 23.140478 ], [ 107.335545, 23.140765 ], [ 107.335701, 23.141054 ], [ 107.336015, 23.141339 ], [ 107.336171, 23.141772 ], [ 107.336171, 23.142488 ], [ 107.336328, 23.143346 ], [ 107.336337, 23.144214 ], [ 107.336485, 23.145074 ], [ 107.33665, 23.145798 ], [ 107.336807, 23.146655 ], [ 107.33712, 23.147374 ], [ 107.337738, 23.148092 ], [ 107.338051, 23.148232 ], [ 107.338669, 23.148378 ], [ 107.339296, 23.148377 ], [ 107.339913, 23.148379 ], [ 107.340383, 23.148089 ], [ 107.340853, 23.147803 ], [ 107.341314, 23.147515 ], [ 107.341932, 23.147234 ], [ 107.342089, 23.146943 ], [ 107.342402, 23.146657 ], [ 107.342715, 23.146508 ], [ 107.34302, 23.146368 ], [ 107.343951, 23.145937 ], [ 107.345204, 23.145792 ], [ 107.346283, 23.145796 ], [ 107.347371, 23.14608 ], [ 107.348154, 23.146511 ], [ 107.348936, 23.147238 ], [ 107.349711, 23.147951 ], [ 107.350642, 23.148674 ], [ 107.350955, 23.148816 ], [ 107.351425, 23.149107 ], [ 107.351895, 23.149102 ], [ 107.352513, 23.14925 ], [ 107.353287, 23.148967 ], [ 107.354218, 23.148539 ], [ 107.355149, 23.148245 ], [ 107.356079, 23.148106 ], [ 107.356549, 23.148109 ], [ 107.357019, 23.148394 ], [ 107.35748, 23.148822 ], [ 107.35795, 23.149405 ], [ 107.358263, 23.149836 ], [ 107.358576, 23.150556 ], [ 107.358576, 23.151128 ], [ 107.358733, 23.151851 ], [ 107.35842, 23.152706 ], [ 107.358115, 23.153569 ], [ 107.357646, 23.154291 ], [ 107.357185, 23.15515 ], [ 107.356715, 23.155436 ], [ 107.356411, 23.155577 ], [ 107.355941, 23.155728 ], [ 107.35548, 23.155868 ], [ 107.354862, 23.155579 ], [ 107.354549, 23.155439 ], [ 107.354079, 23.155145 ], [ 107.353609, 23.155142 ], [ 107.352835, 23.155143 ], [ 107.35206, 23.155432 ], [ 107.351277, 23.155713 ], [ 107.35066, 23.156149 ], [ 107.350042, 23.156436 ], [ 107.349416, 23.156717 ], [ 107.348798, 23.157005 ], [ 107.348328, 23.157436 ], [ 107.34771, 23.157583 ], [ 107.347093, 23.157725 ], [ 107.346779, 23.15772 ], [ 107.346779, 23.158011 ], [ 107.346927, 23.158154 ], [ 107.347406, 23.158301 ], [ 107.348024, 23.158582 ], [ 107.348807, 23.158872 ], [ 107.349738, 23.159158 ], [ 107.350825, 23.159596 ], [ 107.351756, 23.16003 ], [ 107.352852, 23.160605 ], [ 107.353314, 23.16089 ], [ 107.353784, 23.161473 ], [ 107.354097, 23.162049 ], [ 107.354558, 23.162623 ], [ 107.354714, 23.162909 ], [ 107.354871, 23.163342 ], [ 107.355028, 23.163767 ], [ 107.355028, 23.164345 ], [ 107.354723, 23.16492 ], [ 107.354567, 23.165493 ], [ 107.354254, 23.166068 ], [ 107.353949, 23.166788 ], [ 107.353636, 23.167072 ], [ 107.353323, 23.167366 ], [ 107.353018, 23.167796 ], [ 107.352862, 23.168223 ], [ 107.352705, 23.168796 ], [ 107.352548, 23.169514 ], [ 107.352549, 23.170239 ], [ 107.352714, 23.170952 ], [ 107.352558, 23.171533 ], [ 107.352558, 23.172104 ], [ 107.352558, 23.172675 ], [ 107.352558, 23.173257 ], [ 107.352409, 23.173539 ], [ 107.352409, 23.17383 ], [ 107.352253, 23.17412 ], [ 107.352096, 23.174404 ], [ 107.35147, 23.174692 ], [ 107.350852, 23.174837 ], [ 107.350382, 23.175122 ], [ 107.349921, 23.175554 ], [ 107.349452, 23.175978 ], [ 107.349304, 23.176414 ], [ 107.349147, 23.176987 ], [ 107.349147, 23.177558 ], [ 107.349147, 23.177992 ], [ 107.349312, 23.178425 ], [ 107.349626, 23.178855 ], [ 107.350087, 23.179286 ], [ 107.350391, 23.179434 ], [ 107.350705, 23.179575 ], [ 107.351018, 23.179862 ], [ 107.351331, 23.180148 ], [ 107.351331, 23.180439 ], [ 107.351331, 23.180727 ], [ 107.35134, 23.181018 ], [ 107.351331, 23.181441 ], [ 107.351018, 23.182162 ], [ 107.35087, 23.183025 ], [ 107.350566, 23.183746 ], [ 107.350252, 23.184609 ], [ 107.349948, 23.184893 ], [ 107.349626, 23.185324 ], [ 107.349321, 23.185608 ], [ 107.349008, 23.186038 ], [ 107.348547, 23.18618 ], [ 107.348078, 23.186468 ], [ 107.347773, 23.18676 ], [ 107.34746, 23.187192 ], [ 107.346842, 23.187762 ], [ 107.346529, 23.188627 ], [ 107.346372, 23.189346 ], [ 107.346372, 23.190205 ], [ 107.346538, 23.190928 ], [ 107.346999, 23.191646 ], [ 107.347469, 23.192365 ], [ 107.348243, 23.192935 ], [ 107.348713, 23.193227 ], [ 107.349496, 23.193372 ], [ 107.350114, 23.193661 ], [ 107.350888, 23.193952 ], [ 107.35121, 23.194091 ], [ 107.351671, 23.194383 ], [ 107.351984, 23.19467 ], [ 107.352289, 23.195103 ], [ 107.352454, 23.195824 ], [ 107.352767, 23.196536 ], [ 107.353081, 23.197255 ], [ 107.353542, 23.197974 ], [ 107.354325, 23.198408 ], [ 107.355412, 23.198703 ], [ 107.356656, 23.19884 ], [ 107.357901, 23.199133 ], [ 107.358675, 23.199277 ], [ 107.359458, 23.199274 ], [ 107.360241, 23.199421 ], [ 107.361006, 23.199429 ], [ 107.361476, 23.199286 ], [ 107.361945, 23.198998 ], [ 107.362572, 23.198854 ], [ 107.363033, 23.198567 ], [ 107.363494, 23.197848 ], [ 107.36412, 23.197276 ], [ 107.364581, 23.196699 ], [ 107.365207, 23.19612 ], [ 107.365511, 23.195691 ], [ 107.365824, 23.195552 ], [ 107.366294, 23.195409 ], [ 107.366755, 23.195412 ], [ 107.367538, 23.195555 ], [ 107.368156, 23.195983 ], [ 107.368336, 23.196887 ], [ 107.368806, 23.197533 ], [ 107.369712, 23.198 ], [ 107.369869, 23.19886 ], [ 107.369878, 23.199863 ], [ 107.370026, 23.200877 ], [ 107.370026, 23.201448 ], [ 107.370191, 23.202171 ], [ 107.370191, 23.202885 ], [ 107.370034, 23.203603 ], [ 107.369573, 23.20418 ], [ 107.368956, 23.204896 ], [ 107.36833, 23.205474 ], [ 107.367712, 23.20619 ], [ 107.367243, 23.206476 ], [ 107.36693, 23.206906 ], [ 107.366625, 23.207335 ], [ 107.366478, 23.207908 ], [ 107.366164, 23.208482 ], [ 107.366008, 23.209201 ], [ 107.366008, 23.209896 ], [ 107.366321, 23.210614 ], [ 107.366626, 23.211043 ], [ 107.367252, 23.211467 ], [ 107.368026, 23.211898 ], [ 107.368809, 23.212329 ], [ 107.369583, 23.212616 ], [ 107.370365, 23.212902 ], [ 107.371139, 23.213189 ], [ 107.37207, 23.213618 ], [ 107.372696, 23.213906 ], [ 107.37347, 23.214328 ], [ 107.374096, 23.214763 ], [ 107.374713, 23.21533 ], [ 107.375183, 23.216045 ], [ 107.375496, 23.21705 ], [ 107.375809, 23.218058 ], [ 107.376113, 23.219055 ], [ 107.376279, 23.220056 ], [ 107.37627, 23.221204 ], [ 107.376426, 23.222349 ], [ 107.376592, 23.223638 ], [ 107.376583, 23.224504 ], [ 107.376583, 23.225505 ], [ 107.376748, 23.226506 ], [ 107.376905, 23.227513 ], [ 107.377053, 23.228514 ], [ 107.377366, 23.229511 ], [ 107.377523, 23.230521 ], [ 107.377983, 23.231516 ], [ 107.378148, 23.232091 ], [ 107.378461, 23.23281 ], [ 107.378609, 23.233385 ], [ 107.378923, 23.234239 ], [ 107.378462, 23.23553 ], [ 107.378775, 23.237104 ], [ 107.379244, 23.238253 ], [ 107.380636, 23.239108 ], [ 107.382965, 23.239822 ], [ 107.385303, 23.240534 ], [ 107.386233, 23.241108 ], [ 107.386694, 23.242257 ], [ 107.38639, 23.243398 ], [ 107.385686, 23.244375 ] ] ] ] } },
{ "type": "Feature", "properties": { "county_name": "西乡塘区" }, "geometry": { "type": "MultiPolygon", "coordinates": [ [ [ [ 107.979609, 23.068804 ], [ 107.977569, 23.071094 ], [ 107.976551, 23.072466 ], [ 107.976081, 23.073954 ], [ 107.975262, 23.074061 ], [ 107.973601, 23.072682 ], [ 107.972254, 23.070331 ], [ 107.971909, 23.068326 ], [ 107.970843, 23.067856 ], [ 107.969715, 23.068733 ], [ 107.969182, 23.070582 ], [ 107.969214, 23.073685 ], [ 107.970028, 23.074876 ], [ 107.969997, 23.075722 ], [ 107.969307, 23.076192 ], [ 107.965829, 23.076631 ], [ 107.964951, 23.077132 ], [ 107.965077, 23.078072 ], [ 107.966926, 23.07873 ], [ 107.967741, 23.07942 ], [ 107.968148, 23.08246 ], [ 107.967364, 23.084591 ], [ 107.967929, 23.085625 ], [ 107.970436, 23.085938 ], [ 107.971345, 23.085594 ], [ 107.971815, 23.083839 ], [ 107.972912, 23.083181 ], [ 107.978114, 23.082867 ], [ 107.978396, 23.083588 ], [ 107.977581, 23.084309 ], [ 107.975262, 23.085029 ], [ 107.973821, 23.086471 ], [ 107.971909, 23.089041 ], [ 107.972379, 23.090013 ], [ 107.974165, 23.090357 ], [ 107.976735, 23.089731 ], [ 107.978674, 23.089891 ], [ 107.978831, 23.090596 ], [ 107.978165, 23.091497 ], [ 107.974717, 23.092085 ], [ 107.972446, 23.092398 ], [ 107.972289, 23.093299 ], [ 107.974326, 23.094435 ], [ 107.975579, 23.09565 ], [ 107.976441, 23.09565 ], [ 107.977068, 23.094514 ], [ 107.978165, 23.093887 ], [ 107.978991, 23.093899 ], [ 107.979367, 23.094463 ], [ 107.978976, 23.095141 ], [ 107.978439, 23.096433 ], [ 107.979144, 23.097217 ], [ 107.981279, 23.096907 ], [ 107.982282, 23.097315 ], [ 107.982282, 23.098192 ], [ 107.980778, 23.099884 ], [ 107.980986, 23.100821 ], [ 107.983571, 23.102936 ], [ 107.984445, 23.103927 ], [ 107.988056, 23.104372 ], [ 107.989675, 23.104346 ], [ 107.99186, 23.103087 ], [ 107.993601, 23.101837 ], [ 107.995351, 23.101265 ], [ 107.996831, 23.101513 ], [ 107.998163, 23.101764 ], [ 107.999486, 23.101608 ], [ 108.000653, 23.101316 ], [ 108.001767, 23.100418 ], [ 108.004379, 23.100554 ], [ 108.00639, 23.100198 ], [ 108.008106, 23.100703 ], [ 108.008288, 23.098923 ], [ 108.009855, 23.098235 ], [ 108.010944, 23.097756 ], [ 108.012737, 23.096882 ], [ 108.015027, 23.096774 ], [ 108.0144, 23.095531 ], [ 108.012902, 23.094788 ], [ 108.010143, 23.094321 ], [ 108.010464, 23.092279 ], [ 108.011231, 23.090577 ], [ 108.011561, 23.087782 ], [ 108.012719, 23.08741 ], [ 108.011274, 23.084562 ], [ 108.010795, 23.083711 ], [ 108.010364, 23.083265 ], [ 108.009567, 23.082442 ], [ 108.009289, 23.081792 ], [ 108.010142, 23.081376 ], [ 108.010542, 23.080265 ], [ 108.009602, 23.077852 ], [ 108.006563, 23.075192 ], [ 108.004369, 23.072168 ], [ 108.002985, 23.072083 ], [ 108.002341, 23.072524 ], [ 108.001174, 23.073602 ], [ 107.999676, 23.074722 ], [ 107.998118, 23.07549 ], [ 107.996046, 23.075523 ], [ 107.993774, 23.074854 ], [ 107.991885, 23.07367 ], [ 107.990701, 23.072162 ], [ 107.990517, 23.069304 ], [ 107.989908, 23.066691 ], [ 107.988559, 23.065223 ], [ 107.986844, 23.064741 ], [ 107.984894, 23.064772 ], [ 107.982831, 23.065235 ], [ 107.981856, 23.06591 ], [ 107.981577, 23.066449 ], [ 107.979609, 23.068804 ] ] ], [ [ [ 108.353514, 22.968141 ], [ 108.353288, 22.966052 ], [ 108.353778, 22.963884 ], [ 108.353785, 22.963558 ], [ 108.353917, 22.963294 ], [ 108.354453, 22.96116 ], [ 108.35414, 22.959282 ], [ 108.353879, 22.957049 ], [ 108.354174, 22.955393 ], [ 108.354409, 22.955185 ], [ 108.355026, 22.955056 ], [ 108.355757, 22.95461 ], [ 108.355922, 22.954259 ], [ 108.355583, 22.954041 ], [ 108.355174, 22.953293 ], [ 108.355115, 22.952695 ], [ 108.355158, 22.952302 ], [ 108.355811, 22.951054 ], [ 108.355896, 22.949417 ], [ 108.356349, 22.948331 ], [ 108.356519, 22.947677 ], [ 108.356667, 22.947007 ], [ 108.358234, 22.945502 ], [ 108.3584, 22.944799 ], [ 108.357852, 22.943409 ], [ 108.357834, 22.942173 ], [ 108.356512, 22.939357 ], [ 108.354912, 22.935438 ], [ 108.354356, 22.932389 ], [ 108.354016, 22.928283 ], [ 108.35412, 22.927786 ], [ 108.354686, 22.926602 ], [ 108.354807, 22.923777 ], [ 108.355546, 22.920711 ], [ 108.35558, 22.919585 ], [ 108.355569, 22.919454 ], [ 108.355588, 22.919327 ], [ 108.355729, 22.914682 ], [ 108.35578, 22.914043 ], [ 108.355783, 22.913922 ], [ 108.355878, 22.913472 ], [ 108.355911, 22.912422 ], [ 108.354755, 22.909097 ], [ 108.352322, 22.905075 ], [ 108.349641, 22.899493 ], [ 108.347598, 22.897241 ], [ 108.346998, 22.895988 ], [ 108.344145, 22.892542 ], [ 108.344214, 22.888775 ], [ 108.344466, 22.886138 ], [ 108.343604, 22.883723 ], [ 108.343479, 22.883375 ], [ 108.343417, 22.883201 ], [ 108.343179, 22.882534 ], [ 108.341891, 22.878804 ], [ 108.340717, 22.876457 ], [ 108.339048, 22.874397 ], [ 108.338712, 22.873984 ], [ 108.338345, 22.87353 ], [ 108.338252, 22.873416 ], [ 108.338149, 22.873288 ], [ 108.337799, 22.872856 ], [ 108.336489, 22.872124 ], [ 108.335324, 22.871206 ], [ 108.334974, 22.870683 ], [ 108.334965, 22.870616 ], [ 108.334855, 22.870504 ], [ 108.334672, 22.869683 ], [ 108.335246, 22.864669 ], [ 108.336098, 22.862942 ], [ 108.335931, 22.862863 ], [ 108.335784, 22.862812 ], [ 108.335722, 22.862764 ], [ 108.331654, 22.860833 ], [ 108.328209, 22.859888 ], [ 108.32754, 22.859498 ], [ 108.327801, 22.856826 ], [ 108.328113, 22.854421 ], [ 108.329079, 22.846981 ], [ 108.329246, 22.846414 ], [ 108.329414, 22.845057 ], [ 108.329629, 22.844416 ], [ 108.33002, 22.843796 ], [ 108.330052, 22.843686 ], [ 108.331409, 22.841807 ], [ 108.331438, 22.841755 ], [ 108.331485, 22.841703 ], [ 108.332183, 22.840737 ], [ 108.332053, 22.838959 ], [ 108.331304, 22.836826 ], [ 108.330443, 22.835741 ], [ 108.330118, 22.83546 ], [ 108.330047, 22.835392 ], [ 108.329945, 22.835311 ], [ 108.328704, 22.834241 ], [ 108.321963, 22.830718 ], [ 108.319415, 22.829313 ], [ 108.320054, 22.828014 ], [ 108.320066, 22.82791 ], [ 108.320042, 22.827771 ], [ 108.31944, 22.827537 ], [ 108.319179, 22.827378 ], [ 108.312762, 22.823941 ], [ 108.312616, 22.823831 ], [ 108.312739, 22.823574 ], [ 108.312776, 22.823425 ], [ 108.312802, 22.823142 ], [ 108.31271, 22.822342 ], [ 108.312693, 22.822015 ], [ 108.312716, 22.821644 ], [ 108.312777, 22.821439 ], [ 108.312962, 22.821043 ], [ 108.313092, 22.820812 ], [ 108.31337, 22.820429 ], [ 108.313824, 22.819726 ], [ 108.314055, 22.819443 ], [ 108.314338, 22.818944 ], [ 108.314401, 22.818787 ], [ 108.314555, 22.818164 ], [ 108.314575, 22.817974 ], [ 108.314566, 22.817644 ], [ 108.314507, 22.81747 ], [ 108.314225, 22.816992 ], [ 108.314103, 22.816852 ], [ 108.314271, 22.816491 ], [ 108.314453, 22.816277 ], [ 108.316292, 22.815451 ], [ 108.317588, 22.814083 ], [ 108.317451, 22.813433 ], [ 108.316883, 22.810726 ], [ 108.312344, 22.810197 ], [ 108.310613, 22.809466 ], [ 108.308605, 22.808028 ], [ 108.305109, 22.804952 ], [ 108.303562, 22.802753 ], [ 108.29891, 22.800985 ], [ 108.296798, 22.800596 ], [ 108.293382, 22.801092 ], [ 108.290174, 22.802786 ], [ 108.286194, 22.805162 ], [ 108.282059, 22.808102 ], [ 108.272199, 22.817237 ], [ 108.265131, 22.823275 ], [ 108.261553, 22.825045 ], [ 108.255042, 22.826647 ], [ 108.2477, 22.827405 ], [ 108.242599, 22.827613 ], [ 108.234637, 22.826506 ], [ 108.225637, 22.824732 ], [ 108.22171, 22.823633 ], [ 108.217125, 22.822139 ], [ 108.215296, 22.821637 ], [ 108.208953, 22.820383 ], [ 108.205288, 22.819379 ], [ 108.200809, 22.819189 ], [ 108.194572, 22.819531 ], [ 108.193308, 22.819069 ], [ 108.192718, 22.818586 ], [ 108.192095, 22.817693 ], [ 108.191904, 22.816505 ], [ 108.191973, 22.815887 ], [ 108.192199, 22.814353 ], [ 108.192692, 22.813328 ], [ 108.195334, 22.810091 ], [ 108.199396, 22.804335 ], [ 108.201778, 22.799883 ], [ 108.204879, 22.792664 ], [ 108.205468, 22.790193 ], [ 108.205598, 22.787212 ], [ 108.205459, 22.782894 ], [ 108.204575, 22.779453 ], [ 108.201266, 22.773345 ], [ 108.198814, 22.770646 ], [ 108.193192, 22.765889 ], [ 108.189086, 22.76272 ], [ 108.184954, 22.759702 ], [ 108.182313, 22.758656 ], [ 108.180892, 22.758131 ], [ 108.179464, 22.758197 ], [ 108.177489, 22.758225 ], [ 108.174267, 22.75723 ], [ 108.16875, 22.756934 ], [ 108.164472, 22.757752 ], [ 108.160245, 22.759516 ], [ 108.154936, 22.762502 ], [ 108.148127, 22.767562 ], [ 108.139654, 22.773271 ], [ 108.132999, 22.778329 ], [ 108.129688, 22.781375 ], [ 108.12349, 22.788861 ], [ 108.121115, 22.79136 ], [ 108.116319, 22.795442 ], [ 108.113093, 22.797602 ], [ 108.110691, 22.799715 ], [ 108.109598, 22.803361 ], [ 108.109867, 22.805757 ], [ 108.110708, 22.809642 ], [ 108.112131, 22.813035 ], [ 108.113667, 22.815455 ], [ 108.116572, 22.818282 ], [ 108.121021, 22.821759 ], [ 108.124567, 22.826901 ], [ 108.126596, 22.830303 ], [ 108.129041, 22.835162 ], [ 108.129492, 22.837975 ], [ 108.129249, 22.838739 ], [ 108.128408, 22.839552 ], [ 108.126865, 22.840205 ], [ 108.124447, 22.840105 ], [ 108.121724, 22.839467 ], [ 108.119999, 22.838492 ], [ 108.117614, 22.836795 ], [ 108.115957, 22.835173 ], [ 108.114379, 22.833224 ], [ 108.113347, 22.832465 ], [ 108.111013, 22.831449 ], [ 108.109374, 22.830712 ], [ 108.108584, 22.830165 ], [ 108.107526, 22.829113 ], [ 108.105643, 22.827571 ], [ 108.102241, 22.825974 ], [ 108.100618, 22.825974 ], [ 108.098067, 22.827493 ], [ 108.097355, 22.828246 ], [ 108.095324, 22.830604 ], [ 108.094039, 22.832824 ], [ 108.093553, 22.833141 ], [ 108.092364, 22.833503 ], [ 108.089942, 22.833573 ], [ 108.086086, 22.833413 ], [ 108.085174, 22.833099 ], [ 108.084201, 22.832373 ], [ 108.083358, 22.831441 ], [ 108.082281, 22.831065 ], [ 108.080396, 22.831059 ], [ 108.079085, 22.831446 ], [ 108.078207, 22.832168 ], [ 108.076921, 22.83424 ], [ 108.076044, 22.836588 ], [ 108.075453, 22.840032 ], [ 108.075297, 22.844548 ], [ 108.074498, 22.847517 ], [ 108.071604, 22.85461 ], [ 108.071109, 22.856815 ], [ 108.069814, 22.859151 ], [ 108.067937, 22.860592 ], [ 108.06652, 22.860917 ], [ 108.064712, 22.860646 ], [ 108.063295, 22.859671 ], [ 108.061104, 22.857531 ], [ 108.058939, 22.854413 ], [ 108.054599, 22.849894 ], [ 108.050659, 22.846418 ], [ 108.042464, 22.841039 ], [ 108.041419, 22.839511 ], [ 108.041054, 22.837599 ], [ 108.041376, 22.835943 ], [ 108.042046, 22.835051 ], [ 108.043472, 22.834127 ], [ 108.045317, 22.833869 ], [ 108.046422, 22.833891 ], [ 108.047857, 22.834396 ], [ 108.048901, 22.835204 ], [ 108.05038, 22.837951 ], [ 108.050928, 22.840091 ], [ 108.05305, 22.842183 ], [ 108.054111, 22.842481 ], [ 108.055172, 22.842344 ], [ 108.058094, 22.841184 ], [ 108.059686, 22.84031 ], [ 108.061346, 22.838414 ], [ 108.061763, 22.836847 ], [ 108.061763, 22.83468 ], [ 108.060155, 22.832678 ], [ 108.056233, 22.830825 ], [ 108.050527, 22.829172 ], [ 108.048066, 22.828528 ], [ 108.043716, 22.82895 ], [ 108.041749, 22.829186 ], [ 108.040487, 22.828803 ], [ 108.03826, 22.827261 ], [ 108.034857, 22.823249 ], [ 108.034074, 22.822129 ], [ 108.034135, 22.82103 ], [ 108.034457, 22.820208 ], [ 108.035031, 22.819079 ], [ 108.035544, 22.817119 ], [ 108.035536, 22.815346 ], [ 108.035257, 22.814711 ], [ 108.029809, 22.812545 ], [ 108.027868, 22.811717 ], [ 108.027467, 22.810409 ], [ 108.027615, 22.809704 ], [ 108.028991, 22.808944 ], [ 108.032716, 22.808198 ], [ 108.036762, 22.808007 ], [ 108.037023, 22.807697 ], [ 108.037136, 22.806284 ], [ 108.03691, 22.805055 ], [ 108.03537, 22.803605 ], [ 108.033725, 22.802548 ], [ 108.03013, 22.801524 ], [ 108.029155, 22.801268 ], [ 108.028537, 22.800467 ], [ 108.028259, 22.799437 ], [ 108.028285, 22.798137 ], [ 108.029181, 22.796424 ], [ 108.030373, 22.794242 ], [ 108.031226, 22.792214 ], [ 108.031479, 22.790526 ], [ 108.031504, 22.789423 ], [ 108.031348, 22.788711 ], [ 108.029894, 22.785175 ], [ 108.029424, 22.784268 ], [ 108.029285, 22.784431 ], [ 108.027927, 22.784525 ], [ 108.025377, 22.783282 ], [ 108.024515, 22.782277 ], [ 108.023801, 22.781979 ], [ 108.022077, 22.782189 ], [ 108.021346, 22.782563 ], [ 108.020833, 22.783063 ], [ 108.015792, 22.783133 ], [ 108.01312, 22.784269 ], [ 108.010517, 22.785405 ], [ 108.009846, 22.785375 ], [ 108.008009, 22.785287 ], [ 108.006451, 22.784815 ], [ 108.004352, 22.784605 ], [ 107.999416, 22.788515 ], [ 107.992591, 22.789854 ], [ 107.985757, 22.790346 ], [ 107.980935, 22.790382 ], [ 107.97781, 22.789266 ], [ 107.976104, 22.789429 ], [ 107.974564, 22.790723 ], [ 107.973354, 22.793169 ], [ 107.973215, 22.794458 ], [ 107.973851, 22.795449 ], [ 107.976192, 22.795864 ], [ 107.976818, 22.796566 ], [ 107.976679, 22.797571 ], [ 107.975461, 22.799159 ], [ 107.975313, 22.800016 ], [ 107.97708, 22.804002 ], [ 107.97775, 22.807717 ], [ 107.979831, 22.81186 ], [ 107.981685, 22.816669 ], [ 107.982068, 22.820363 ], [ 107.981294, 22.822274 ], [ 107.979779, 22.823626 ], [ 107.977342, 22.824709 ], [ 107.974818, 22.826361 ], [ 107.973113, 22.828191 ], [ 107.972329, 22.830006 ], [ 107.971877, 22.83286 ], [ 107.970789, 22.834681 ], [ 107.967761, 22.836722 ], [ 107.963916, 22.83906 ], [ 107.960784, 22.841388 ], [ 107.957539, 22.843148 ], [ 107.955608, 22.844034 ], [ 107.952947, 22.844079 ], [ 107.948964, 22.844809 ], [ 107.946077, 22.845707 ], [ 107.945547, 22.845958 ], [ 107.943808, 22.846396 ], [ 107.940966, 22.846844 ], [ 107.939227, 22.846875 ], [ 107.938254, 22.846801 ], [ 107.937384, 22.846818 ], [ 107.934039, 22.846068 ], [ 107.933161, 22.846083 ], [ 107.932631, 22.846093 ], [ 107.930372, 22.846401 ], [ 107.921381, 22.846703 ], [ 107.920001, 22.846687 ], [ 107.914114, 22.84613 ], [ 107.912152, 22.846195 ], [ 107.906614, 22.846691 ], [ 107.902761, 22.847075 ], [ 107.901668, 22.84731 ], [ 107.893132, 22.848403 ], [ 107.886151, 22.848621 ], [ 107.885822, 22.848549 ], [ 107.884461, 22.848991 ], [ 107.882917, 22.849704 ], [ 107.881652, 22.851555 ], [ 107.878982, 22.857239 ], [ 107.877128, 22.858872 ], [ 107.875177, 22.859671 ], [ 107.873305, 22.860164 ], [ 107.871858, 22.86141 ], [ 107.869232, 22.865266 ], [ 107.866928, 22.868661 ], [ 107.863306, 22.871851 ], [ 107.859806, 22.873213 ], [ 107.85596, 22.873365 ], [ 107.850243, 22.874011 ], [ 107.849333, 22.873696 ], [ 107.849056, 22.873803 ], [ 107.842516, 22.872612 ], [ 107.836783, 22.872961 ], [ 107.832435, 22.872876 ], [ 107.828729, 22.873914 ], [ 107.824736, 22.876104 ], [ 107.821332, 22.876297 ], [ 107.818552, 22.87562 ], [ 107.815919, 22.875091 ], [ 107.813918, 22.876117 ], [ 107.812731, 22.877734 ], [ 107.812627, 22.877802 ], [ 107.811285, 22.878384 ], [ 107.80976, 22.87897 ], [ 107.809206, 22.879052 ], [ 107.808487, 22.878996 ], [ 107.806147, 22.878275 ], [ 107.804649, 22.877991 ], [ 107.803107, 22.87802 ], [ 107.796669, 22.880372 ], [ 107.793523, 22.881117 ], [ 107.790525, 22.883819 ], [ 107.788566, 22.888105 ], [ 107.786573, 22.889414 ], [ 107.783348, 22.891018 ], [ 107.780453, 22.893898 ], [ 107.776629, 22.898351 ], [ 107.774201, 22.901794 ], [ 107.77284, 22.904796 ], [ 107.770863, 22.907089 ], [ 107.768391, 22.907836 ], [ 107.767168, 22.909409 ], [ 107.766127, 22.912414 ], [ 107.764904, 22.913984 ], [ 107.76428, 22.915426 ], [ 107.764158, 22.916266 ], [ 107.765407, 22.917249 ], [ 107.769468, 22.919761 ], [ 107.773032, 22.920427 ], [ 107.774741, 22.921399 ], [ 107.776614, 22.922939 ], [ 107.77788, 22.9252 ], [ 107.779137, 22.926601 ], [ 107.780533, 22.926871 ], [ 107.782232, 22.926711 ], [ 107.784252, 22.927388 ], [ 107.785821, 22.929501 ], [ 107.786775, 22.931194 ], [ 107.788171, 22.932117 ], [ 107.791117, 22.93294 ], [ 107.794688, 22.934045 ], [ 107.803829, 22.934946 ], [ 107.811115, 22.936586 ], [ 107.812674, 22.937571 ], [ 107.814095, 22.939566 ], [ 107.816434, 22.940399 ], [ 107.818746, 22.94023 ], [ 107.821839, 22.940333 ], [ 107.825078, 22.940156 ], [ 107.828499, 22.942261 ], [ 107.829937, 22.944836 ], [ 107.827624, 22.945576 ], [ 107.825944, 22.947038 ], [ 107.825355, 22.948624 ], [ 107.825381, 22.950782 ], [ 107.826343, 22.952917 ], [ 107.828369, 22.954046 ], [ 107.830102, 22.956759 ], [ 107.831973, 22.958225 ], [ 107.834294, 22.957908 ], [ 107.842192, 22.955933 ], [ 107.849788, 22.954829 ], [ 107.85677, 22.954444 ], [ 107.859716, 22.953688 ], [ 107.864342, 22.951905 ], [ 107.867166, 22.950908 ], [ 107.866846, 22.948547 ], [ 107.866352, 22.946912 ], [ 107.865399, 22.945042 ], [ 107.865043, 22.944077 ], [ 107.865546, 22.943032 ], [ 107.867928, 22.940792 ], [ 107.870164, 22.937889 ], [ 107.870901, 22.936911 ], [ 107.872105, 22.936288 ], [ 107.875086, 22.935375 ], [ 107.875572, 22.935411 ], [ 107.878363, 22.936572 ], [ 107.880912, 22.938098 ], [ 107.881414, 22.938672 ], [ 107.881753, 22.939766 ], [ 107.881779, 22.941256 ], [ 107.882273, 22.942586 ], [ 107.883409, 22.943721 ], [ 107.884865, 22.944301 ], [ 107.885871, 22.945379 ], [ 107.886799, 22.948648 ], [ 107.887961, 22.951061 ], [ 107.889643, 22.952979 ], [ 107.891794, 22.955129 ], [ 107.893659, 22.956312 ], [ 107.897831, 22.957939 ], [ 107.901336, 22.959275 ], [ 107.904261, 22.960985 ], [ 107.907732, 22.963237 ], [ 107.909477, 22.964707 ], [ 107.911334, 22.963943 ], [ 107.913357, 22.964204 ], [ 107.914459, 22.965051 ], [ 107.914642, 22.966623 ], [ 107.914989, 22.969491 ], [ 107.915666, 22.972781 ], [ 107.917412, 22.9752 ], [ 107.91914, 22.9759 ], [ 107.921319, 22.975871 ], [ 107.924411, 22.974692 ], [ 107.926435, 22.974809 ], [ 107.929102, 22.975785 ], [ 107.930093, 22.977223 ], [ 107.929963, 22.978951 ], [ 107.93091, 22.980083 ], [ 107.932465, 22.980211 ], [ 107.934481, 22.980046 ], [ 107.936819, 22.98074 ], [ 107.937923, 22.982011 ], [ 107.938722, 22.983445 ], [ 107.938896, 22.985015 ], [ 107.938453, 22.986882 ], [ 107.938627, 22.988461 ], [ 107.940209, 22.990736 ], [ 107.942252, 22.992148 ], [ 107.94446, 22.99454 ], [ 107.946756, 22.996978 ], [ 107.947651, 22.998705 ], [ 107.948729, 22.999515 ], [ 107.948477, 23.000984 ], [ 107.94826, 23.003164 ], [ 107.948556, 23.004849 ], [ 107.949617, 23.005556 ], [ 107.951191, 23.005772 ], [ 107.953817, 23.006212 ], [ 107.955931, 23.007384 ], [ 107.958697, 23.008187 ], [ 107.959123, 23.008685 ], [ 107.961324, 23.012075 ], [ 107.962829, 23.01428 ], [ 107.971392, 23.019942 ], [ 107.974719, 23.021074 ], [ 107.977832, 23.022134 ], [ 107.984145, 23.0233 ], [ 107.986747, 23.024097 ], [ 107.988161, 23.025851 ], [ 107.989462, 23.028901 ], [ 107.99082, 23.032121 ], [ 107.992718, 23.036532 ], [ 107.994384, 23.040483 ], [ 107.996533, 23.041674 ], [ 107.999984, 23.042192 ], [ 108.002416, 23.042933 ], [ 108.004453, 23.044068 ], [ 108.005804, 23.047802 ], [ 108.006309, 23.048056 ], [ 108.006562, 23.049042 ], [ 108.007319, 23.049314 ], [ 108.009713, 23.049531 ], [ 108.010175, 23.05079 ], [ 108.011603, 23.051567 ], [ 108.013858, 23.05173 ], [ 108.016278, 23.0533 ], [ 108.016653, 23.053136 ], [ 108.016356, 23.051223 ], [ 108.016583, 23.049841 ], [ 108.017183, 23.048568 ], [ 108.018089, 23.049344 ], [ 108.018472, 23.050261 ], [ 108.020082, 23.051245 ], [ 108.021258, 23.051956 ], [ 108.020588, 23.054029 ], [ 108.021023, 23.055685 ], [ 108.019934, 23.056221 ], [ 108.019499, 23.058303 ], [ 108.019151, 23.060691 ], [ 108.020501, 23.062318 ], [ 108.021537, 23.065142 ], [ 108.022799, 23.064976 ], [ 108.025393, 23.064634 ], [ 108.027926, 23.064285 ], [ 108.029745, 23.065729 ], [ 108.0324, 23.065821 ], [ 108.035581, 23.067038 ], [ 108.035924, 23.06717 ], [ 108.036943, 23.068178 ], [ 108.038031, 23.068578 ], [ 108.039501, 23.068339 ], [ 108.041554, 23.068112 ], [ 108.046714, 23.068295 ], [ 108.048062, 23.068932 ], [ 108.048167, 23.069504 ], [ 108.048471, 23.0712 ], [ 108.04801, 23.072234 ], [ 108.047192, 23.073348 ], [ 108.047393, 23.074825 ], [ 108.048811, 23.07576 ], [ 108.051794, 23.076439 ], [ 108.054326, 23.078088 ], [ 108.054804, 23.07912 ], [ 108.053604, 23.080974 ], [ 108.053091, 23.083906 ], [ 108.055117, 23.085028 ], [ 108.058856, 23.084131 ], [ 108.061396, 23.084867 ], [ 108.062795, 23.084722 ], [ 108.065038, 23.084089 ], [ 108.067907, 23.084057 ], [ 108.069072, 23.084406 ], [ 108.069428, 23.086206 ], [ 108.069081, 23.088852 ], [ 108.069194, 23.089048 ], [ 108.069359, 23.089686 ], [ 108.070193, 23.089978 ], [ 108.073157, 23.090855 ], [ 108.076346, 23.091751 ], [ 108.077901, 23.092188 ], [ 108.079621, 23.092002 ], [ 108.080838, 23.091374 ], [ 108.082349, 23.091762 ], [ 108.0836, 23.093982 ], [ 108.084955, 23.095346 ], [ 108.085024, 23.09605 ], [ 108.086431, 23.095923 ], [ 108.087673, 23.094159 ], [ 108.090851, 23.092235 ], [ 108.09152, 23.091488 ], [ 108.09336, 23.08889 ], [ 108.093473, 23.087575 ], [ 108.091858, 23.086625 ], [ 108.089583, 23.085528 ], [ 108.087899, 23.086146 ], [ 108.087177, 23.085322 ], [ 108.087447, 23.083887 ], [ 108.086978, 23.083544 ], [ 108.085666, 23.083619 ], [ 108.085753, 23.081737 ], [ 108.085466, 23.079018 ], [ 108.084164, 23.07869 ], [ 108.082531, 23.076409 ], [ 108.083017, 23.073793 ], [ 108.085848, 23.073339 ], [ 108.08749, 23.073673 ], [ 108.090312, 23.07342 ], [ 108.091432, 23.073753 ], [ 108.092873, 23.071535 ], [ 108.093316, 23.071318 ], [ 108.09592, 23.070034 ], [ 108.098438, 23.068582 ], [ 108.100998, 23.068069 ], [ 108.10118, 23.065419 ], [ 108.100208, 23.063769 ], [ 108.100954, 23.061828 ], [ 108.103271, 23.059654 ], [ 108.105414, 23.06021 ], [ 108.106846, 23.059952 ], [ 108.107904, 23.058456 ], [ 108.110107, 23.058286 ], [ 108.110906, 23.058507 ], [ 108.112406, 23.059509 ], [ 108.11513, 23.056451 ], [ 108.115685, 23.056516 ], [ 108.116413, 23.056596 ], [ 108.118044, 23.056377 ], [ 108.118104, 23.053364 ], [ 108.116812, 23.053382 ], [ 108.115086, 23.052721 ], [ 108.114921, 23.050889 ], [ 108.114071, 23.050062 ], [ 108.11225, 23.049292 ], [ 108.111504, 23.046985 ], [ 108.112683, 23.043371 ], [ 108.113498, 23.042985 ], [ 108.114323, 23.044061 ], [ 108.118034, 23.045149 ], [ 108.119717, 23.045608 ], [ 108.120315, 23.046439 ], [ 108.120176, 23.04802 ], [ 108.120133, 23.048443 ], [ 108.121226, 23.048881 ], [ 108.123411, 23.048788 ], [ 108.126272, 23.049334 ], [ 108.128525, 23.049476 ], [ 108.131273, 23.048478 ], [ 108.133301, 23.049316 ], [ 108.133769, 23.0511 ], [ 108.135381, 23.052275 ], [ 108.135624, 23.054074 ], [ 108.137548, 23.05575 ], [ 108.140364, 23.055881 ], [ 108.142357, 23.055904 ], [ 108.143258, 23.055766 ], [ 108.145424, 23.055908 ], [ 108.148136, 23.056088 ], [ 108.149869, 23.05678 ], [ 108.150284, 23.057101 ], [ 108.151151, 23.057764 ], [ 108.153602, 23.057508 ], [ 108.154252, 23.057439 ], [ 108.158661, 23.056635 ], [ 108.162429, 23.055043 ], [ 108.164091, 23.05384 ], [ 108.166006, 23.053919 ], [ 108.166274, 23.051988 ], [ 108.167599, 23.051831 ], [ 108.169296, 23.052399 ], [ 108.170067, 23.051593 ], [ 108.170318, 23.047918 ], [ 108.169183, 23.047176 ], [ 108.166351, 23.046784 ], [ 108.165165, 23.04686 ], [ 108.163511, 23.046963 ], [ 108.162688, 23.04643 ], [ 108.161007, 23.046318 ], [ 108.161302, 23.044151 ], [ 108.1628, 23.041109 ], [ 108.165277, 23.0381 ], [ 108.166403, 23.037364 ], [ 108.166117, 23.035755 ], [ 108.167338, 23.035421 ], [ 108.168525, 23.035936 ], [ 108.169079, 23.035763 ], [ 108.169157, 23.03436 ], [ 108.169304, 23.034234 ], [ 108.170741, 23.031845 ], [ 108.169156, 23.029738 ], [ 108.16823, 23.028515 ], [ 108.168481, 23.02498 ], [ 108.167225, 23.02368 ], [ 108.170308, 23.022254 ], [ 108.172543, 23.021264 ], [ 108.173928, 23.020574 ], [ 108.176907, 23.020527 ], [ 108.176084, 23.018718 ], [ 108.176249, 23.017758 ], [ 108.177409, 23.017751 ], [ 108.178873, 23.015981 ], [ 108.178786, 23.013761 ], [ 108.177669, 23.012736 ], [ 108.177531, 23.011869 ], [ 108.175972, 23.010863 ], [ 108.176188, 23.009404 ], [ 108.177522, 23.008834 ], [ 108.180562, 23.008796 ], [ 108.181341, 23.007106 ], [ 108.184147, 23.006979 ], [ 108.185177, 23.005029 ], [ 108.185879, 23.003706 ], [ 108.186962, 23.003117 ], [ 108.1882, 23.002447 ], [ 108.187984, 23.00091 ], [ 108.187057, 23.000488 ], [ 108.185636, 22.999839 ], [ 108.182492, 22.997197 ], [ 108.177304, 22.996688 ], [ 108.176118, 22.9956 ], [ 108.178032, 22.993738 ], [ 108.178448, 22.992408 ], [ 108.177798, 22.991057 ], [ 108.176577, 22.990354 ], [ 108.175312, 22.988276 ], [ 108.17015, 22.985008 ], [ 108.169535, 22.984004 ], [ 108.169379, 22.982856 ], [ 108.171007, 22.981482 ], [ 108.171787, 22.980109 ], [ 108.172644, 22.978994 ], [ 108.172427, 22.975388 ], [ 108.172506, 22.974958 ], [ 108.172618, 22.973959 ], [ 108.172999, 22.973259 ], [ 108.173172, 22.972434 ], [ 108.172713, 22.972057 ], [ 108.171033, 22.970495 ], [ 108.170323, 22.969493 ], [ 108.16969, 22.967859 ], [ 108.169638, 22.966718 ], [ 108.170366, 22.965694 ], [ 108.171119, 22.965323 ], [ 108.171379, 22.965195 ], [ 108.171509, 22.962639 ], [ 108.171007, 22.962015 ], [ 108.170496, 22.961379 ], [ 108.169214, 22.960392 ], [ 108.169109, 22.959734 ], [ 108.169586, 22.958598 ], [ 108.169032, 22.958111 ], [ 108.168624, 22.956551 ], [ 108.168278, 22.953505 ], [ 108.169135, 22.951447 ], [ 108.170313, 22.950396 ], [ 108.17156, 22.949758 ], [ 108.172522, 22.9495 ], [ 108.173024, 22.948644 ], [ 108.173803, 22.94608 ], [ 108.174712, 22.945008 ], [ 108.174903, 22.944185 ], [ 108.176254, 22.944984 ], [ 108.176791, 22.944564 ], [ 108.17796, 22.941079 ], [ 108.178124, 22.940358 ], [ 108.175578, 22.939686 ], [ 108.17408, 22.939877 ], [ 108.173803, 22.938768 ], [ 108.172963, 22.938099 ], [ 108.171291, 22.9379 ], [ 108.168113, 22.937157 ], [ 108.168026, 22.935775 ], [ 108.171949, 22.931419 ], [ 108.171966, 22.930624 ], [ 108.171317, 22.929681 ], [ 108.171325, 22.929025 ], [ 108.171646, 22.928236 ], [ 108.172841, 22.927635 ], [ 108.174365, 22.927797 ], [ 108.174746, 22.927249 ], [ 108.175101, 22.924389 ], [ 108.17582, 22.923711 ], [ 108.177041, 22.922556 ], [ 108.177119, 22.922073 ], [ 108.175006, 22.920175 ], [ 108.16877, 22.916466 ], [ 108.166743, 22.915449 ], [ 108.163374, 22.912737 ], [ 108.162135, 22.91137 ], [ 108.162369, 22.910994 ], [ 108.170041, 22.908492 ], [ 108.171374, 22.906751 ], [ 108.172872, 22.906492 ], [ 108.178657, 22.906956 ], [ 108.185387, 22.907612 ], [ 108.18809, 22.908899 ], [ 108.19211, 22.911221 ], [ 108.196545, 22.912535 ], [ 108.199369, 22.915022 ], [ 108.199889, 22.915905 ], [ 108.199967, 22.917197 ], [ 108.198547, 22.918599 ], [ 108.197369, 22.920378 ], [ 108.197499, 22.923649 ], [ 108.198885, 22.924083 ], [ 108.199613, 22.924926 ], [ 108.199924, 22.925851 ], [ 108.200081, 22.926315 ], [ 108.201458, 22.92666 ], [ 108.202879, 22.927602 ], [ 108.202064, 22.928693 ], [ 108.202194, 22.92934 ], [ 108.205088, 22.930953 ], [ 108.205981, 22.930876 ], [ 108.207436, 22.930209 ], [ 108.208484, 22.93004 ], [ 108.209585, 22.930084 ], [ 108.211829, 22.931062 ], [ 108.212358, 22.932666 ], [ 108.212531, 22.933191 ], [ 108.215053, 22.933691 ], [ 108.217627, 22.933781 ], [ 108.220435, 22.934885 ], [ 108.223313, 22.934932 ], [ 108.225003, 22.934637 ], [ 108.225861, 22.934152 ], [ 108.226685, 22.932779 ], [ 108.230005, 22.930533 ], [ 108.232997, 22.929751 ], [ 108.235607, 22.930948 ], [ 108.235789, 22.931458 ], [ 108.235477, 22.932411 ], [ 108.235252, 22.933705 ], [ 108.236405, 22.93552 ], [ 108.237541, 22.935816 ], [ 108.238999, 22.935427 ], [ 108.242668, 22.93615 ], [ 108.245244, 22.933136 ], [ 108.247543, 22.932117 ], [ 108.248845, 22.931726 ], [ 108.252602, 22.932896 ], [ 108.254746, 22.932336 ], [ 108.257053, 22.932221 ], [ 108.257444, 22.932047 ], [ 108.258103, 22.931412 ], [ 108.259614, 22.931051 ], [ 108.260187, 22.931733 ], [ 108.261055, 22.933016 ], [ 108.26102, 22.934986 ], [ 108.260187, 22.936266 ], [ 108.260239, 22.937847 ], [ 108.261524, 22.939113 ], [ 108.262844, 22.941623 ], [ 108.264485, 22.943256 ], [ 108.266638, 22.944616 ], [ 108.267663, 22.945333 ], [ 108.271545, 22.94846 ], [ 108.272058, 22.94909 ], [ 108.272101, 22.949997 ], [ 108.272153, 22.95145 ], [ 108.272119, 22.953028 ], [ 108.273265, 22.954603 ], [ 108.274247, 22.955861 ], [ 108.274412, 22.956074 ], [ 108.275141, 22.955829 ], [ 108.275897, 22.954976 ], [ 108.277105, 22.95453 ], [ 108.277921, 22.954615 ], [ 108.278972, 22.955341 ], [ 108.280536, 22.956898 ], [ 108.283343, 22.957836 ], [ 108.285898, 22.958631 ], [ 108.287097, 22.959243 ], [ 108.288609, 22.960541 ], [ 108.290695, 22.962573 ], [ 108.29179, 22.96363 ], [ 108.29312, 22.964561 ], [ 108.294181, 22.964684 ], [ 108.295189, 22.964564 ], [ 108.295693, 22.964503 ], [ 108.29704, 22.964581 ], [ 108.298631, 22.965385 ], [ 108.298909, 22.966171 ], [ 108.299622, 22.96683 ], [ 108.301126, 22.967299 ], [ 108.302083, 22.967162 ], [ 108.303343, 22.966506 ], [ 108.304891, 22.966875 ], [ 108.307247, 22.967956 ], [ 108.308734, 22.968974 ], [ 108.309317, 22.969829 ], [ 108.311091, 22.970094 ], [ 108.31383, 22.970857 ], [ 108.316369, 22.972483 ], [ 108.317813, 22.973211 ], [ 108.318396, 22.973635 ], [ 108.318891, 22.974242 ], [ 108.319335, 22.97443 ], [ 108.319813, 22.974311 ], [ 108.320839, 22.973579 ], [ 108.322213, 22.973317 ], [ 108.32284, 22.973511 ], [ 108.324101, 22.974423 ], [ 108.326058, 22.975317 ], [ 108.326754, 22.975451 ], [ 108.327789, 22.975961 ], [ 108.329493, 22.976409 ], [ 108.332764, 22.976437 ], [ 108.333607, 22.976541 ], [ 108.335243, 22.977152 ], [ 108.337147, 22.977885 ], [ 108.337651, 22.978967 ], [ 108.338339, 22.979409 ], [ 108.340844, 22.979166 ], [ 108.341496, 22.979159 ], [ 108.343131, 22.980189 ], [ 108.343722, 22.980198 ], [ 108.344218, 22.979897 ], [ 108.34507, 22.978427 ], [ 108.345731, 22.976852 ], [ 108.346209, 22.975409 ], [ 108.346583, 22.97521 ], [ 108.348044, 22.975239 ], [ 108.349401, 22.974399 ], [ 108.352314, 22.974661 ], [ 108.353454, 22.975544 ], [ 108.354784, 22.974396 ], [ 108.355288, 22.974301 ], [ 108.355581, 22.973047 ], [ 108.355682, 22.972013 ], [ 108.355579, 22.97049 ], [ 108.354523, 22.969147 ], [ 108.353766, 22.968534 ], [ 108.353514, 22.968141 ] ] ] ] } },
{ "type": "Feature", "properties": { "county_name": "宾阳县" }, "geometry": { "type": "Polygon", "coordinates": [ [ [ 108.868546, 23.446369 ], [ 108.869638, 23.443854 ], [ 108.874938, 23.444815 ], [ 108.876828, 23.442988 ], [ 108.876681, 23.441299 ], [ 108.878338, 23.4413 ], [ 108.880723, 23.4423 ], [ 108.885209, 23.442361 ], [ 108.890026, 23.441301 ], [ 108.892464, 23.438115 ], [ 108.892134, 23.434024 ], [ 108.892351, 23.433279 ], [ 108.898758, 23.432443 ], [ 108.899939, 23.431486 ], [ 108.901866, 23.429914 ], [ 108.903186, 23.431318 ], [ 108.906582, 23.431845 ], [ 108.909032, 23.430628 ], [ 108.91215, 23.427634 ], [ 108.913879, 23.423968 ], [ 108.915721, 23.420746 ], [ 108.918623, 23.419256 ], [ 108.919144, 23.418004 ], [ 108.918319, 23.417294 ], [ 108.916668, 23.415891 ], [ 108.915703, 23.412774 ], [ 108.917319, 23.410886 ], [ 108.920022, 23.409536 ], [ 108.919083, 23.407679 ], [ 108.916746, 23.40719 ], [ 108.916024, 23.405494 ], [ 108.916606, 23.405262 ], [ 108.918944, 23.40433 ], [ 108.920196, 23.403031 ], [ 108.918231, 23.401545 ], [ 108.916328, 23.401438 ], [ 108.914781, 23.400406 ], [ 108.91479, 23.4 ], [ 108.916189, 23.399526 ], [ 108.917206, 23.398039 ], [ 108.914668, 23.396345 ], [ 108.913634, 23.396787 ], [ 108.913147, 23.396991 ], [ 108.911132, 23.39461 ], [ 108.911748, 23.393206 ], [ 108.913104, 23.392025 ], [ 108.912608, 23.390983 ], [ 108.91333, 23.390274 ], [ 108.914451, 23.390817 ], [ 108.915181, 23.392167 ], [ 108.915823, 23.393348 ], [ 108.917249, 23.392305 ], [ 108.918213, 23.391607 ], [ 108.920794, 23.389707 ], [ 108.923524, 23.390327 ], [ 108.923141, 23.386396 ], [ 108.925975, 23.380412 ], [ 108.926009, 23.379145 ], [ 108.926113, 23.375848 ], [ 108.928061, 23.374994 ], [ 108.929191, 23.37436 ], [ 108.929313, 23.372463 ], [ 108.929443, 23.370388 ], [ 108.930695, 23.367383 ], [ 108.934087, 23.364398 ], [ 108.937079, 23.361763 ], [ 108.939018, 23.360057 ], [ 108.942083, 23.360214 ], [ 108.944181, 23.360494 ], [ 108.946127, 23.360251 ], [ 108.94691, 23.359523 ], [ 108.946779, 23.357228 ], [ 108.947589, 23.356012 ], [ 108.948604, 23.355466 ], [ 108.949956, 23.355704 ], [ 108.951018, 23.356613 ], [ 108.951647, 23.357978 ], [ 108.951578, 23.359105 ], [ 108.950379, 23.361516 ], [ 108.950226, 23.362551 ], [ 108.950887, 23.363012 ], [ 108.952362, 23.363015 ], [ 108.954413, 23.363065 ], [ 108.956868, 23.362959 ], [ 108.958586, 23.362177 ], [ 108.960476, 23.360273 ], [ 108.96133, 23.359378 ], [ 108.962536, 23.35735 ], [ 108.964511, 23.354788 ], [ 108.965141, 23.354079 ], [ 108.965897, 23.353805 ], [ 108.966469, 23.353916 ], [ 108.966857, 23.354285 ], [ 108.966931, 23.354984 ], [ 108.966742, 23.35606 ], [ 108.965104, 23.359468 ], [ 108.963813, 23.362261 ], [ 108.963537, 23.363124 ], [ 108.963781, 23.363904 ], [ 108.964349, 23.364359 ], [ 108.965301, 23.364544 ], [ 108.966138, 23.364326 ], [ 108.966913, 23.364402 ], [ 108.967835, 23.364882 ], [ 108.968981, 23.365744 ], [ 108.969127, 23.366375 ], [ 108.969129, 23.366893 ], [ 108.968481, 23.367735 ], [ 108.968038, 23.368488 ], [ 108.967688, 23.369499 ], [ 108.967799, 23.370014 ], [ 108.968241, 23.370346 ], [ 108.969238, 23.370164 ], [ 108.971231, 23.369544 ], [ 108.9747, 23.368946 ], [ 108.977966, 23.368845 ], [ 108.979424, 23.369143 ], [ 108.979756, 23.36896 ], [ 108.980165, 23.367778 ], [ 108.98074, 23.365468 ], [ 108.982413, 23.364471 ], [ 108.983118, 23.364052 ], [ 108.984608, 23.360158 ], [ 108.987709, 23.357218 ], [ 108.98696, 23.355535 ], [ 108.987493, 23.350728 ], [ 108.993694, 23.350827 ], [ 108.993979, 23.350827 ], [ 108.998004, 23.350876 ], [ 108.999612, 23.350444 ], [ 109.013215, 23.350773 ], [ 109.013946, 23.351546 ], [ 109.015716, 23.352046 ], [ 109.016997, 23.352699 ], [ 109.019689, 23.358746 ], [ 109.020247, 23.360004 ], [ 109.021092, 23.359375 ], [ 109.023088, 23.360266 ], [ 109.023941, 23.358988 ], [ 109.026633, 23.35831 ], [ 109.025919, 23.357068 ], [ 109.027818, 23.356524 ], [ 109.028951, 23.356202 ], [ 109.030336, 23.352978 ], [ 109.031216, 23.353141 ], [ 109.033158, 23.354638 ], [ 109.042208, 23.355184 ], [ 109.044316, 23.354273 ], [ 109.047041, 23.354329 ], [ 109.050088, 23.356643 ], [ 109.052013, 23.355839 ], [ 109.051995, 23.354523 ], [ 109.050088, 23.352808 ], [ 109.050541, 23.347945 ], [ 109.052238, 23.346998 ], [ 109.053875, 23.346076 ], [ 109.053857, 23.344123 ], [ 109.05384, 23.342378 ], [ 109.053814, 23.340272 ], [ 109.051498, 23.338965 ], [ 109.050488, 23.337482 ], [ 109.052786, 23.334987 ], [ 109.053317, 23.330703 ], [ 109.056554, 23.322962 ], [ 109.063891, 23.322607 ], [ 109.066031, 23.32299 ], [ 109.06604, 23.323971 ], [ 109.06658, 23.324497 ], [ 109.068581, 23.32424 ], [ 109.071417, 23.326519 ], [ 109.071826, 23.327271 ], [ 109.073139, 23.326141 ], [ 109.073347, 23.323168 ], [ 109.075383, 23.32271 ], [ 109.078036, 23.326781 ], [ 109.077775, 23.328826 ], [ 109.081262, 23.331475 ], [ 109.08214, 23.332505 ], [ 109.086183, 23.334063 ], [ 109.086452, 23.337534 ], [ 109.085322, 23.338078 ], [ 109.084018, 23.337653 ], [ 109.083401, 23.337453 ], [ 109.082923, 23.340485 ], [ 109.082915, 23.344403 ], [ 109.08381, 23.347041 ], [ 109.085757, 23.347353 ], [ 109.085792, 23.346721 ], [ 109.085853, 23.34551 ], [ 109.090617, 23.345662 ], [ 109.093998, 23.344518 ], [ 109.096648, 23.344762 ], [ 109.099159, 23.343966 ], [ 109.101643, 23.345477 ], [ 109.102633, 23.345427 ], [ 109.100696, 23.342199 ], [ 109.099202, 23.341563 ], [ 109.096865, 23.341569 ], [ 109.09564, 23.340043 ], [ 109.093988, 23.338331 ], [ 109.093639, 23.336134 ], [ 109.093346, 23.33478 ], [ 109.094319, 23.332591 ], [ 109.093627, 23.331029 ], [ 109.090024, 23.33042 ], [ 109.089103, 23.329352 ], [ 109.088624, 23.3288 ], [ 109.087164, 23.32695 ], [ 109.087564, 23.323911 ], [ 109.086868, 23.320418 ], [ 109.086034, 23.319578 ], [ 109.084878, 23.318634 ], [ 109.08639, 23.316291 ], [ 109.086598, 23.314362 ], [ 109.090451, 23.311566 ], [ 109.093587, 23.307545 ], [ 109.093979, 23.307122 ], [ 109.095508, 23.304954 ], [ 109.098131, 23.303311 ], [ 109.098983, 23.303218 ], [ 109.100112, 23.300455 ], [ 109.101398, 23.300987 ], [ 109.10217, 23.299348 ], [ 109.103525, 23.297711 ], [ 109.105306, 23.294533 ], [ 109.105627, 23.295866 ], [ 109.106374, 23.296037 ], [ 109.108197, 23.295516 ], [ 109.109708, 23.293176 ], [ 109.109856, 23.291469 ], [ 109.110394, 23.290853 ], [ 109.113399, 23.289932 ], [ 109.115863, 23.289819 ], [ 109.118415, 23.290265 ], [ 109.119352, 23.290768 ], [ 109.12025, 23.290952 ], [ 109.124098, 23.29109 ], [ 109.12593, 23.289909 ], [ 109.126303, 23.288947 ], [ 109.126867, 23.287481 ], [ 109.128377, 23.28662 ], [ 109.132012, 23.286187 ], [ 109.132897, 23.291801 ], [ 109.132958, 23.294925 ], [ 109.134086, 23.297626 ], [ 109.137971, 23.298921 ], [ 109.140139, 23.299648 ], [ 109.141397, 23.299516 ], [ 109.141709, 23.300169 ], [ 109.142915, 23.302724 ], [ 109.143895, 23.300296 ], [ 109.146287, 23.295961 ], [ 109.146166, 23.295606 ], [ 109.14503, 23.295586 ], [ 109.143947, 23.296766 ], [ 109.143244, 23.296463 ], [ 109.142966, 23.295602 ], [ 109.143695, 23.295021 ], [ 109.143981, 23.294005 ], [ 109.143452, 23.293061 ], [ 109.143383, 23.292108 ], [ 109.144631, 23.290948 ], [ 109.146661, 23.290787 ], [ 109.148048, 23.289892 ], [ 109.148602, 23.289135 ], [ 109.149946, 23.289424 ], [ 109.151568, 23.290948 ], [ 109.152747, 23.29205 ], [ 109.153857, 23.292276 ], [ 109.154611, 23.291366 ], [ 109.154914, 23.290534 ], [ 109.155296, 23.289465 ], [ 109.158538, 23.290084 ], [ 109.163774, 23.289437 ], [ 109.165265, 23.289558 ], [ 109.165629, 23.28921 ], [ 109.165724, 23.289119 ], [ 109.167501, 23.287411 ], [ 109.166998, 23.285415 ], [ 109.165507, 23.283601 ], [ 109.170742, 23.277548 ], [ 109.171782, 23.278282 ], [ 109.174001, 23.277542 ], [ 109.17498, 23.275028 ], [ 109.178708, 23.272809 ], [ 109.181082, 23.272236 ], [ 109.183067, 23.273016 ], [ 109.184177, 23.273068 ], [ 109.185884, 23.271174 ], [ 109.186153, 23.271302 ], [ 109.185954, 23.273151 ], [ 109.187462, 23.273225 ], [ 109.187384, 23.271343 ], [ 109.188814, 23.269996 ], [ 109.19008, 23.269925 ], [ 109.191059, 23.270941 ], [ 109.193304, 23.269506 ], [ 109.197951, 23.266555 ], [ 109.202745, 23.268991 ], [ 109.206101, 23.270894 ], [ 109.207454, 23.272587 ], [ 109.207583, 23.273351 ], [ 109.205858, 23.274365 ], [ 109.20239, 23.275313 ], [ 109.200977, 23.277106 ], [ 109.192733, 23.282057 ], [ 109.192586, 23.283246 ], [ 109.194276, 23.284422 ], [ 109.196166, 23.284829 ], [ 109.199321, 23.28551 ], [ 109.199721, 23.287402 ], [ 109.200076, 23.289125 ], [ 109.200354, 23.293156 ], [ 109.201906, 23.293374 ], [ 109.203215, 23.293561 ], [ 109.203206, 23.294093 ], [ 109.203197, 23.29459 ], [ 109.203952, 23.295344 ], [ 109.205261, 23.295223 ], [ 109.205434, 23.29532 ], [ 109.206726, 23.297812 ], [ 109.207845, 23.299966 ], [ 109.208981, 23.300173 ], [ 109.21153, 23.298704 ], [ 109.215086, 23.298649 ], [ 109.215684, 23.298294 ], [ 109.216994, 23.296832 ], [ 109.220324, 23.295076 ], [ 109.22081, 23.290354 ], [ 109.22284, 23.288763 ], [ 109.229216, 23.287217 ], [ 109.231169, 23.287821 ], [ 109.235707, 23.285927 ], [ 109.239127, 23.285282 ], [ 109.240125, 23.285171 ], [ 109.241002, 23.284502 ], [ 109.240889, 23.283451 ], [ 109.23569, 23.282224 ], [ 109.233746, 23.280133 ], [ 109.234639, 23.278573 ], [ 109.238814, 23.278679 ], [ 109.238814, 23.278308 ], [ 109.236896, 23.277176 ], [ 109.235767, 23.276239 ], [ 109.230361, 23.274995 ], [ 109.233528, 23.273692 ], [ 109.233138, 23.273186 ], [ 109.23299, 23.272032 ], [ 109.226578, 23.269912 ], [ 109.221355, 23.271277 ], [ 109.218649, 23.272873 ], [ 109.218103, 23.272981 ], [ 109.217834, 23.271609 ], [ 109.216186, 23.272065 ], [ 109.216186, 23.273361 ], [ 109.214894, 23.273616 ], [ 109.213272, 23.272045 ], [ 109.224521, 23.265367 ], [ 109.227011, 23.263671 ], [ 109.230577, 23.263633 ], [ 109.231992, 23.263115 ], [ 109.231471, 23.258409 ], [ 109.232512, 23.254718 ], [ 109.235549, 23.25264 ], [ 109.237076, 23.248712 ], [ 109.242128, 23.24899 ], [ 109.242146, 23.248664 ], [ 109.238699, 23.243773 ], [ 109.237467, 23.241501 ], [ 109.237579, 23.238952 ], [ 109.233301, 23.240931 ], [ 109.231895, 23.236384 ], [ 109.233353, 23.235861 ], [ 109.236789, 23.236039 ], [ 109.240096, 23.233454 ], [ 109.243968, 23.232591 ], [ 109.248891, 23.229574 ], [ 109.253432, 23.229213 ], [ 109.253952, 23.21383 ], [ 109.256532, 23.21362 ], [ 109.258843, 23.211577 ], [ 109.260137, 23.21077 ], [ 109.259919, 23.20793 ], [ 109.258408, 23.207635 ], [ 109.255012, 23.205173 ], [ 109.254065, 23.205312 ], [ 109.254065, 23.203573 ], [ 109.25641, 23.205012 ], [ 109.257079, 23.20344 ], [ 109.256714, 23.201801 ], [ 109.25456, 23.202211 ], [ 109.254569, 23.201328 ], [ 109.25608, 23.200952 ], [ 109.25687, 23.199772 ], [ 109.256852, 23.196709 ], [ 109.255332, 23.195925 ], [ 109.255384, 23.193155 ], [ 109.251077, 23.191129 ], [ 109.249262, 23.189803 ], [ 109.248098, 23.189432 ], [ 109.249531, 23.187843 ], [ 109.249592, 23.187129 ], [ 109.248376, 23.186065 ], [ 109.247395, 23.186312 ], [ 109.246162, 23.183619 ], [ 109.247351, 23.18247 ], [ 109.246552, 23.180803 ], [ 109.246161, 23.179711 ], [ 109.248115, 23.178287 ], [ 109.246934, 23.17396 ], [ 109.245961, 23.174369 ], [ 109.244824, 23.171729 ], [ 109.244911, 23.170492 ], [ 109.244433, 23.169667 ], [ 109.243192, 23.168586 ], [ 109.241741, 23.160124 ], [ 109.241551, 23.1574 ], [ 109.240734, 23.153968 ], [ 109.239762, 23.150534 ], [ 109.239258, 23.147384 ], [ 109.239388, 23.14626 ], [ 109.239293, 23.144323 ], [ 109.240447, 23.143219 ], [ 109.241168, 23.144331 ], [ 109.241663, 23.144919 ], [ 109.245561, 23.146157 ], [ 109.24629, 23.144424 ], [ 109.246151, 23.142247 ], [ 109.246394, 23.139794 ], [ 109.247201, 23.137201 ], [ 109.249163, 23.13397 ], [ 109.250118, 23.132179 ], [ 109.247409, 23.131123 ], [ 109.245837, 23.131318 ], [ 109.245421, 23.13137 ], [ 109.243936, 23.130034 ], [ 109.242243, 23.126532 ], [ 109.240472, 23.1239 ], [ 109.23871, 23.122666 ], [ 109.236609, 23.122573 ], [ 109.234588, 23.121878 ], [ 109.233338, 23.121032 ], [ 109.232696, 23.119797 ], [ 109.23017, 23.119189 ], [ 109.227793, 23.118694 ], [ 109.226795, 23.116233 ], [ 109.223698, 23.112233 ], [ 109.221486, 23.110458 ], [ 109.215319, 23.110849 ], [ 109.21152, 23.111358 ], [ 109.209517, 23.110122 ], [ 109.208658, 23.109591 ], [ 109.207132, 23.107748 ], [ 109.205077, 23.107241 ], [ 109.202554, 23.106616 ], [ 109.200829, 23.106466 ], [ 109.197049, 23.106138 ], [ 109.195766, 23.104964 ], [ 109.19515, 23.102874 ], [ 109.194352, 23.100151 ], [ 109.192801, 23.098398 ], [ 109.193165, 23.097346 ], [ 109.191665, 23.095581 ], [ 109.190321, 23.093991 ], [ 109.190711, 23.093447 ], [ 109.191821, 23.09305 ], [ 109.194335, 23.092149 ], [ 109.196181, 23.090947 ], [ 109.197239, 23.088077 ], [ 109.197577, 23.087158 ], [ 109.197559, 23.08558 ], [ 109.196917, 23.083879 ], [ 109.195912, 23.083262 ], [ 109.195184, 23.081159 ], [ 109.193112, 23.080162 ], [ 109.19299, 23.077466 ], [ 109.191664, 23.073309 ], [ 109.190771, 23.072787 ], [ 109.190883, 23.071219 ], [ 109.190961, 23.068909 ], [ 109.191056, 23.065752 ], [ 109.188404, 23.067548 ], [ 109.187086, 23.066476 ], [ 109.186801, 23.066349 ], [ 109.184694, 23.066307 ], [ 109.181192, 23.067816 ], [ 109.178358, 23.068433 ], [ 109.174804, 23.069491 ], [ 109.173747, 23.070479 ], [ 109.171389, 23.072298 ], [ 109.168069, 23.073227 ], [ 109.164715, 23.072979 ], [ 109.160944, 23.071683 ], [ 109.157589, 23.069132 ], [ 109.156766, 23.06777 ], [ 109.15641, 23.065161 ], [ 109.155517, 23.06457 ], [ 109.152925, 23.065169 ], [ 109.150003, 23.063978 ], [ 109.146665, 23.061644 ], [ 109.145355, 23.061403 ], [ 109.14317, 23.058498 ], [ 109.142277, 23.058162 ], [ 109.141487, 23.058771 ], [ 109.140421, 23.05851 ], [ 109.139068, 23.057316 ], [ 109.13755, 23.057687 ], [ 109.135477, 23.059103 ], [ 109.135312, 23.058226 ], [ 109.134905, 23.056937 ], [ 109.135798, 23.055891 ], [ 109.136787, 23.055851 ], [ 109.136874, 23.055449 ], [ 109.134436, 23.052695 ], [ 109.133195, 23.05231 ], [ 109.13153, 23.052314 ], [ 109.130506, 23.050503 ], [ 109.129604, 23.049277 ], [ 109.129656, 23.04741 ], [ 109.12969, 23.046283 ], [ 109.128363, 23.044934 ], [ 109.129109, 23.044547 ], [ 109.131902, 23.042809 ], [ 109.132067, 23.040761 ], [ 109.134374, 23.037413 ], [ 109.137037, 23.035822 ], [ 109.139136, 23.034572 ], [ 109.141582, 23.033915 ], [ 109.142718, 23.032871 ], [ 109.144096, 23.032113 ], [ 109.144235, 23.031145 ], [ 109.143004, 23.029132 ], [ 109.140957, 23.027826 ], [ 109.139205, 23.025863 ], [ 109.138424, 23.023073 ], [ 109.136438, 23.021006 ], [ 109.134217, 23.020262 ], [ 109.128908, 23.019441 ], [ 109.127546, 23.017631 ], [ 109.126739, 23.016612 ], [ 109.127841, 23.012559 ], [ 109.127763, 23.012429 ], [ 109.126548, 23.013362 ], [ 109.12647, 23.010327 ], [ 109.125966, 23.00952 ], [ 109.124621, 23.006242 ], [ 109.122868, 23.004798 ], [ 109.122729, 23.002974 ], [ 109.122382, 22.999864 ], [ 109.120968, 22.998866 ], [ 109.119275, 22.99969 ], [ 109.118641, 22.999656 ], [ 109.119188, 22.997886 ], [ 109.118772, 22.997313 ], [ 109.114423, 22.992149 ], [ 109.113216, 22.989109 ], [ 109.109743, 22.988299 ], [ 109.103646, 22.988335 ], [ 109.100363, 22.986346 ], [ 109.097705, 22.985501 ], [ 109.095837, 22.985798 ], [ 109.093804, 22.986525 ], [ 109.086334, 22.98986 ], [ 109.085091, 22.989865 ], [ 109.08024, 22.987881 ], [ 109.075857, 22.986467 ], [ 109.074752, 22.985611 ], [ 109.074899, 22.972599 ], [ 109.076212, 22.969969 ], [ 109.078812, 22.965734 ], [ 109.074681, 22.963105 ], [ 109.07302, 22.958404 ], [ 109.074985, 22.958112 ], [ 109.075455, 22.956842 ], [ 109.074689, 22.954599 ], [ 109.076872, 22.951889 ], [ 109.076846, 22.948038 ], [ 109.077376, 22.943367 ], [ 109.079619, 22.938931 ], [ 109.081775, 22.938343 ], [ 109.081428, 22.935197 ], [ 109.078097, 22.930067 ], [ 109.076688, 22.929074 ], [ 109.074809, 22.928798 ], [ 109.07267, 22.929188 ], [ 109.071739, 22.929473 ], [ 109.068947, 22.931191 ], [ 109.067859, 22.931332 ], [ 109.067094, 22.929469 ], [ 109.066468, 22.929038 ], [ 109.064919, 22.929037 ], [ 109.060106, 22.930464 ], [ 109.055459, 22.930171 ], [ 109.052508, 22.93137 ], [ 109.051532, 22.931003 ], [ 109.049312, 22.929378 ], [ 109.04576, 22.930441 ], [ 109.039629, 22.93091 ], [ 109.038593, 22.931139 ], [ 109.036598, 22.931582 ], [ 109.031241, 22.931739 ], [ 109.031215, 22.929414 ], [ 109.032669, 22.922672 ], [ 109.03158, 22.920105 ], [ 109.029289, 22.918961 ], [ 109.026013, 22.916911 ], [ 109.019549, 22.917396 ], [ 109.018616, 22.917394 ], [ 109.013841, 22.918545 ], [ 109.010513, 22.919942 ], [ 109.0041, 22.927335 ], [ 108.998758, 22.931878 ], [ 108.995264, 22.934534 ], [ 108.993931, 22.93575 ], [ 108.99401, 22.937782 ], [ 108.994385, 22.941776 ], [ 108.993644, 22.944952 ], [ 108.989915, 22.946011 ], [ 108.984818, 22.945849 ], [ 108.984138, 22.945124 ], [ 108.983179, 22.940243 ], [ 108.980609, 22.938531 ], [ 108.981149, 22.937421 ], [ 108.981376, 22.935757 ], [ 108.980688, 22.934394 ], [ 108.977281, 22.934821 ], [ 108.97655, 22.935266 ], [ 108.976637, 22.938827 ], [ 108.977168, 22.941494 ], [ 108.975653, 22.943171 ], [ 108.974503, 22.942939 ], [ 108.969564, 22.942225 ], [ 108.967848, 22.941457 ], [ 108.967021, 22.935278 ], [ 108.967177, 22.93157 ], [ 108.964843, 22.929468 ], [ 108.962744, 22.925671 ], [ 108.962605, 22.924167 ], [ 108.961508, 22.922447 ], [ 108.960716, 22.921826 ], [ 108.957886, 22.922384 ], [ 108.956867, 22.921412 ], [ 108.956563, 22.919069 ], [ 108.958217, 22.918111 ], [ 108.96203, 22.914791 ], [ 108.963083, 22.913851 ], [ 108.96277, 22.911508 ], [ 108.958877, 22.910279 ], [ 108.956153, 22.910692 ], [ 108.953289, 22.908962 ], [ 108.952026, 22.908823 ], [ 108.94986, 22.913122 ], [ 108.948145, 22.912456 ], [ 108.946622, 22.911372 ], [ 108.938661, 22.912953 ], [ 108.938026, 22.912027 ], [ 108.938151, 22.908602 ], [ 108.937046, 22.906894 ], [ 108.935463, 22.905396 ], [ 108.935324, 22.904352 ], [ 108.933123, 22.903444 ], [ 108.92894, 22.90297 ], [ 108.928749, 22.903076 ], [ 108.926932, 22.904607 ], [ 108.924089, 22.904965 ], [ 108.922663, 22.907656 ], [ 108.919048, 22.907608 ], [ 108.919795, 22.903331 ], [ 108.9179, 22.903226 ], [ 108.917005, 22.905603 ], [ 108.915867, 22.906944 ], [ 108.914234, 22.906524 ], [ 108.913156, 22.903558 ], [ 108.911957, 22.903462 ], [ 108.909577, 22.904956 ], [ 108.907379, 22.905107 ], [ 108.905989, 22.907539 ], [ 108.904313, 22.907456 ], [ 108.901083, 22.907774 ], [ 108.899656, 22.909117 ], [ 108.899109, 22.911504 ], [ 108.897937, 22.914595 ], [ 108.896253, 22.918161 ], [ 108.896479, 22.920158 ], [ 108.896418, 22.923506 ], [ 108.893762, 22.924137 ], [ 108.892946, 22.926358 ], [ 108.893189, 22.927559 ], [ 108.898164, 22.928579 ], [ 108.901211, 22.931433 ], [ 108.901194, 22.932575 ], [ 108.899744, 22.93545 ], [ 108.900447, 22.937488 ], [ 108.900404, 22.938079 ], [ 108.900526, 22.939138 ], [ 108.899658, 22.94119 ], [ 108.8978, 22.942761 ], [ 108.893554, 22.942812 ], [ 108.891254, 22.943209 ], [ 108.892374, 22.945136 ], [ 108.892348, 22.946519 ], [ 108.890968, 22.946926 ], [ 108.889267, 22.945309 ], [ 108.887566, 22.944331 ], [ 108.886507, 22.945804 ], [ 108.885197, 22.94919 ], [ 108.884824, 22.951205 ], [ 108.888461, 22.953701 ], [ 108.888365, 22.956105 ], [ 108.885788, 22.962676 ], [ 108.88237, 22.964623 ], [ 108.882847, 22.967101 ], [ 108.882118, 22.969642 ], [ 108.881398, 22.971866 ], [ 108.880323, 22.974881 ], [ 108.877581, 22.97405 ], [ 108.874831, 22.973858 ], [ 108.871388, 22.973894 ], [ 108.868422, 22.971389 ], [ 108.866601, 22.966901 ], [ 108.867043, 22.966111 ], [ 108.867667, 22.964603 ], [ 108.865967, 22.963385 ], [ 108.864554, 22.963179 ], [ 108.863349, 22.963161 ], [ 108.862811, 22.963216 ], [ 108.862135, 22.962662 ], [ 108.859091, 22.959542 ], [ 108.857591, 22.955519 ], [ 108.854808, 22.955114 ], [ 108.852173, 22.955064 ], [ 108.850326, 22.956036 ], [ 108.848376, 22.956119 ], [ 108.844294, 22.955111 ], [ 108.840861, 22.956087 ], [ 108.839578, 22.956151 ], [ 108.837966, 22.956234 ], [ 108.836025, 22.956509 ], [ 108.835037, 22.957992 ], [ 108.837386, 22.961526 ], [ 108.837213, 22.962681 ], [ 108.835636, 22.965531 ], [ 108.835835, 22.968557 ], [ 108.831501, 22.970881 ], [ 108.829335, 22.971329 ], [ 108.827315, 22.971489 ], [ 108.822193, 22.970389 ], [ 108.821889, 22.970878 ], [ 108.820823, 22.971125 ], [ 108.820278, 22.971782 ], [ 108.820121, 22.973734 ], [ 108.818492, 22.976357 ], [ 108.817106, 22.976879 ], [ 108.815771, 22.977266 ], [ 108.815433, 22.978256 ], [ 108.815667, 22.979181 ], [ 108.815441, 22.979583 ], [ 108.813664, 22.979004 ], [ 108.813032, 22.978287 ], [ 108.812217, 22.977354 ], [ 108.810552, 22.974854 ], [ 108.810578, 22.973473 ], [ 108.810101, 22.972647 ], [ 108.807908, 22.971003 ], [ 108.805697, 22.970804 ], [ 108.804839, 22.970734 ], [ 108.801813, 22.970264 ], [ 108.800547, 22.97078 ], [ 108.799585, 22.970768 ], [ 108.799195, 22.970563 ], [ 108.797824, 22.969317 ], [ 108.797591, 22.968646 ], [ 108.797894, 22.967909 ], [ 108.796333, 22.965539 ], [ 108.794781, 22.96419 ], [ 108.791824, 22.964021 ], [ 108.786533, 22.965745 ], [ 108.78374, 22.966208 ], [ 108.782014, 22.966553 ], [ 108.779941, 22.96819 ], [ 108.779576, 22.96875 ], [ 108.779811, 22.969219 ], [ 108.780912, 22.9697 ], [ 108.781294, 22.97034 ], [ 108.780166, 22.973014 ], [ 108.779446, 22.974061 ], [ 108.778613, 22.974752 ], [ 108.776948, 22.975496 ], [ 108.775906, 22.975885 ], [ 108.775394, 22.976344 ], [ 108.775412, 22.97691 ], [ 108.775212, 22.978107 ], [ 108.774571, 22.978696 ], [ 108.773009, 22.980223 ], [ 108.773095, 22.980596 ], [ 108.773182, 22.980929 ], [ 108.773989, 22.981862 ], [ 108.775178, 22.985464 ], [ 108.775682, 22.986979 ], [ 108.775742, 22.987876 ], [ 108.775265, 22.988995 ], [ 108.775109, 22.991533 ], [ 108.776723, 22.994341 ], [ 108.777027, 22.996755 ], [ 108.776784, 22.996927 ], [ 108.775951, 22.996914 ], [ 108.77314, 22.996853 ], [ 108.770658, 22.997087 ], [ 108.77045, 22.99834 ], [ 108.770519, 22.999667 ], [ 108.770667, 23.001227 ], [ 108.770424, 23.002624 ], [ 108.770702, 23.003494 ], [ 108.773287, 23.00455 ], [ 108.779379, 23.005993 ], [ 108.778763, 23.01042 ], [ 108.780238, 23.01546 ], [ 108.779544, 23.018939 ], [ 108.77525, 23.021357 ], [ 108.776508, 23.018041 ], [ 108.77413, 23.014473 ], [ 108.769435, 23.014012 ], [ 108.765547, 23.027053 ], [ 108.765113, 23.02853 ], [ 108.761138, 23.029778 ], [ 108.758559, 23.03059 ], [ 108.754573, 23.033936 ], [ 108.746444, 23.034827 ], [ 108.735836, 23.048476 ], [ 108.730734, 23.04878 ], [ 108.723441, 23.054504 ], [ 108.725719, 23.056628 ], [ 108.723693, 23.059075 ], [ 108.72185, 23.062753 ], [ 108.720885, 23.064671 ], [ 108.722111, 23.066993 ], [ 108.724633, 23.071768 ], [ 108.725398, 23.07709 ], [ 108.72412, 23.080471 ], [ 108.721478, 23.082414 ], [ 108.717121, 23.082386 ], [ 108.71493, 23.083849 ], [ 108.713851, 23.084573 ], [ 108.715321, 23.086218 ], [ 108.714626, 23.087553 ], [ 108.709851, 23.09026 ], [ 108.707137, 23.089804 ], [ 108.704189, 23.089684 ], [ 108.70311, 23.090408 ], [ 108.701727, 23.092431 ], [ 108.701135, 23.094304 ], [ 108.701101, 23.09482 ], [ 108.702431, 23.096442 ], [ 108.701684, 23.098323 ], [ 108.699639, 23.099631 ], [ 108.697778, 23.099789 ], [ 108.695907, 23.098941 ], [ 108.694341, 23.097514 ], [ 108.693549, 23.096301 ], [ 108.693201, 23.092241 ], [ 108.690704, 23.090643 ], [ 108.689138, 23.089791 ], [ 108.687745, 23.089801 ], [ 108.685883, 23.090388 ], [ 108.685144, 23.090791 ], [ 108.684134, 23.093012 ], [ 108.681794, 23.0922 ], [ 108.681533, 23.091037 ], [ 108.681494, 23.090969 ], [ 108.681498, 23.090878 ], [ 108.681185, 23.089481 ], [ 108.679209, 23.089787 ], [ 108.675077, 23.094632 ], [ 108.673076, 23.096656 ], [ 108.67184, 23.097239 ], [ 108.670761, 23.097392 ], [ 108.663252, 23.095882 ], [ 108.661442, 23.096951 ], [ 108.655796, 23.095753 ], [ 108.654613, 23.097601 ], [ 108.648889, 23.10044 ], [ 108.644062, 23.102851 ], [ 108.63994, 23.105571 ], [ 108.637583, 23.104172 ], [ 108.636261, 23.103393 ], [ 108.629349, 23.103671 ], [ 108.621857, 23.104581 ], [ 108.616991, 23.106064 ], [ 108.616078, 23.106576 ], [ 108.612673, 23.111667 ], [ 108.611752, 23.112249 ], [ 108.610501, 23.112111 ], [ 108.609416, 23.111399 ], [ 108.608781, 23.110541 ], [ 108.607061, 23.109399 ], [ 108.605516, 23.109123 ], [ 108.602121, 23.111016 ], [ 108.599342, 23.11305 ], [ 108.596573, 23.11566 ], [ 108.593726, 23.118911 ], [ 108.591886, 23.12166 ], [ 108.590967, 23.122246 ], [ 108.588494, 23.121994 ], [ 108.586168, 23.121027 ], [ 108.583062, 23.119353 ], [ 108.579359, 23.118549 ], [ 108.576262, 23.118596 ], [ 108.574424, 23.120341 ], [ 108.573046, 23.122798 ], [ 108.571667, 23.12425 ], [ 108.569665, 23.124711 ], [ 108.56488, 23.125072 ], [ 108.562263, 23.126258 ], [ 108.559672, 23.127476 ], [ 108.557514, 23.128928 ], [ 108.555201, 23.12966 ], [ 108.552421, 23.130106 ], [ 108.548714, 23.13041 ], [ 108.544842, 23.130573 ], [ 108.540833, 23.131601 ], [ 108.538833, 23.132622 ], [ 108.538062, 23.133492 ], [ 108.537924, 23.13537 ], [ 108.539491, 23.137094 ], [ 108.542609, 23.139533 ], [ 108.54557, 23.14183 ], [ 108.546973, 23.142979 ], [ 108.548376, 23.144706 ], [ 108.550265, 23.148163 ], [ 108.552171, 23.152777 ], [ 108.553895, 23.155369 ], [ 108.556866, 23.159111 ], [ 108.557664, 23.160839 ], [ 108.55879, 23.165455 ], [ 108.558964, 23.16733 ], [ 108.559744, 23.168484 ], [ 108.560991, 23.169346 ], [ 108.562369, 23.170368 ], [ 108.564701, 23.17291 ], [ 108.566721, 23.174739 ], [ 108.567657, 23.176729 ], [ 108.567822, 23.179162 ], [ 108.568922, 23.181149 ], [ 108.569997, 23.181708 ], [ 108.571237, 23.181543 ], [ 108.57278, 23.182095 ], [ 108.573561, 23.182656 ], [ 108.575434, 23.185921 ], [ 108.576674, 23.187478 ], [ 108.578235, 23.188312 ], [ 108.582398, 23.187536 ], [ 108.583483, 23.188236 ], [ 108.584576, 23.189651 ], [ 108.584897, 23.191509 ], [ 108.586146, 23.194213 ], [ 108.588003, 23.195471 ], [ 108.590494, 23.197156 ], [ 108.594208, 23.198676 ], [ 108.591856, 23.203659 ], [ 108.598253, 23.201341 ], [ 108.601501, 23.202726 ], [ 108.604157, 23.198958 ], [ 108.608613, 23.197782 ], [ 108.618516, 23.196068 ], [ 108.622253, 23.200009 ], [ 108.621219, 23.202387 ], [ 108.624757, 23.207654 ], [ 108.626278, 23.206186 ], [ 108.627773, 23.206146 ], [ 108.629277, 23.205479 ], [ 108.632285, 23.21114 ], [ 108.63772, 23.213607 ], [ 108.641172, 23.212227 ], [ 108.643303, 23.211372 ], [ 108.64659, 23.205707 ], [ 108.650121, 23.200791 ], [ 108.65367, 23.19817 ], [ 108.657081, 23.198413 ], [ 108.659403, 23.197525 ], [ 108.661535, 23.197329 ], [ 108.666991, 23.198025 ], [ 108.668252, 23.198883 ], [ 108.670741, 23.199018 ], [ 108.673838, 23.19728 ], [ 108.678041, 23.196689 ], [ 108.680216, 23.19668 ], [ 108.681469, 23.197395 ], [ 108.682444, 23.201126 ], [ 108.68435, 23.204569 ], [ 108.687196, 23.208581 ], [ 108.689823, 23.211115 ], [ 108.691877, 23.213839 ], [ 108.694383, 23.215695 ], [ 108.695331, 23.21713 ], [ 108.695035, 23.218859 ], [ 108.693034, 23.221029 ], [ 108.691503, 23.222763 ], [ 108.690459, 23.227663 ], [ 108.690199, 23.232701 ], [ 108.690686, 23.23385 ], [ 108.691312, 23.234566 ], [ 108.6924, 23.235279 ], [ 108.695837, 23.236269 ], [ 108.698647, 23.237548 ], [ 108.702893, 23.241697 ], [ 108.707111, 23.243977 ], [ 108.710077, 23.244821 ], [ 108.711182, 23.245967 ], [ 108.711817, 23.247257 ], [ 108.711983, 23.248551 ], [ 108.711861, 23.251719 ], [ 108.7122, 23.253731 ], [ 108.713148, 23.255165 ], [ 108.717531, 23.258736 ], [ 108.721132, 23.260874 ], [ 108.723784, 23.262008 ], [ 108.728626, 23.264422 ], [ 108.729573, 23.265135 ], [ 108.730051, 23.265995 ], [ 108.730538, 23.268295 ], [ 108.730095, 23.270743 ], [ 108.728565, 23.272049 ], [ 108.727331, 23.273497 ], [ 108.727036, 23.27465 ], [ 108.727062, 23.277674 ], [ 108.726793, 23.280984 ], [ 108.726036, 23.283436 ], [ 108.720733, 23.286916 ], [ 108.719586, 23.29125 ], [ 108.719603, 23.292401 ], [ 108.727976, 23.296764 ], [ 108.728254, 23.302964 ], [ 108.726507, 23.307269 ], [ 108.728672, 23.314439 ], [ 108.729455, 23.315579 ], [ 108.731184, 23.317143 ], [ 108.733218, 23.318276 ], [ 108.734305, 23.318555 ], [ 108.738189, 23.318241 ], [ 108.7413, 23.317791 ], [ 108.744549, 23.317052 ], [ 108.746269, 23.317326 ], [ 108.747043, 23.318179 ], [ 108.744845, 23.32214 ], [ 108.744663, 23.329511 ], [ 108.743595, 23.33181 ], [ 108.743456, 23.333101 ], [ 108.74402, 23.333549 ], [ 108.744481, 23.333696 ], [ 108.746818, 23.336564 ], [ 108.750709, 23.337859 ], [ 108.751647, 23.338016 ], [ 108.754122, 23.338422 ], [ 108.755373, 23.340002 ], [ 108.756945, 23.34617 ], [ 108.758187, 23.347319 ], [ 108.759272, 23.347171 ], [ 108.760514, 23.344587 ], [ 108.761903, 23.34358 ], [ 108.766721, 23.34472 ], [ 108.769984, 23.344711 ], [ 108.770913, 23.345147 ], [ 108.772154, 23.346293 ], [ 108.773247, 23.34629 ], [ 108.774792, 23.345281 ], [ 108.776032, 23.344992 ], [ 108.776345, 23.344707 ], [ 108.776345, 23.342838 ], [ 108.776648, 23.341831 ], [ 108.777577, 23.341114 ], [ 108.779902, 23.341107 ], [ 108.781299, 23.341677 ], [ 108.783476, 23.343114 ], [ 108.784725, 23.343247 ], [ 108.786269, 23.341526 ], [ 108.788637, 23.342207 ], [ 108.790155, 23.345962 ], [ 108.791716, 23.346679 ], [ 108.79326, 23.346382 ], [ 108.79528, 23.346381 ], [ 108.79698, 23.345806 ], [ 108.800708, 23.345646 ], [ 108.801324, 23.346077 ], [ 108.80148, 23.346939 ], [ 108.801021, 23.347653 ], [ 108.799781, 23.348812 ], [ 108.799781, 23.349381 ], [ 108.801177, 23.350239 ], [ 108.801186, 23.350959 ], [ 108.799946, 23.351821 ], [ 108.798238, 23.352259 ], [ 108.798394, 23.352973 ], [ 108.799486, 23.353827 ], [ 108.799954, 23.354836 ], [ 108.803206, 23.354108 ], [ 108.805373, 23.353954 ], [ 108.808486, 23.355239 ], [ 108.810341, 23.355659 ], [ 108.811277, 23.356376 ], [ 108.812213, 23.356513 ], [ 108.813912, 23.355794 ], [ 108.814839, 23.355796 ], [ 108.815316, 23.356216 ], [ 108.815316, 23.357797 ], [ 108.814693, 23.359089 ], [ 108.814701, 23.359667 ], [ 108.815481, 23.360379 ], [ 108.816253, 23.360526 ], [ 108.817024, 23.360949 ], [ 108.820283, 23.361369 ], [ 108.822927, 23.362367 ], [ 108.823239, 23.363508 ], [ 108.822927, 23.365517 ], [ 108.823707, 23.366095 ], [ 108.825111, 23.366518 ], [ 108.826351, 23.367661 ], [ 108.827278, 23.367798 ], [ 108.828361, 23.365934 ], [ 108.828829, 23.365499 ], [ 108.830069, 23.36564 ], [ 108.830996, 23.366643 ], [ 108.831005, 23.367357 ], [ 108.831308, 23.367504 ], [ 108.832097, 23.369654 ], [ 108.832869, 23.370366 ], [ 108.833501, 23.370511 ], [ 108.835668, 23.372223 ], [ 108.83598, 23.373076 ], [ 108.835989, 23.374511 ], [ 108.833978, 23.375958 ], [ 108.833198, 23.376248 ], [ 108.832739, 23.37682 ], [ 108.832583, 23.377684 ], [ 108.833207, 23.378394 ], [ 108.834603, 23.37854 ], [ 108.835227, 23.37925 ], [ 108.836327, 23.382116 ], [ 108.836484, 23.383843 ], [ 108.836171, 23.38456 ], [ 108.835088, 23.385992 ], [ 108.835097, 23.386858 ], [ 108.83664, 23.388143 ], [ 108.837125, 23.389572 ], [ 108.838833, 23.39129 ], [ 108.83976, 23.391427 ], [ 108.840688, 23.389849 ], [ 108.841303, 23.389849 ], [ 108.84178, 23.390557 ], [ 108.841936, 23.392853 ], [ 108.842404, 23.393282 ], [ 108.843331, 23.393285 ], [ 108.843643, 23.392991 ], [ 108.844892, 23.392987 ], [ 108.845351, 23.393418 ], [ 108.845767, 23.395601 ], [ 108.84614, 23.39758 ], [ 108.847388, 23.398289 ], [ 108.849555, 23.398279 ], [ 108.850951, 23.397699 ], [ 108.85265, 23.395979 ], [ 108.853118, 23.395685 ], [ 108.854661, 23.39583 ], [ 108.85545, 23.396689 ], [ 108.856699, 23.400124 ], [ 108.857314, 23.400269 ], [ 108.857782, 23.399975 ], [ 108.85871, 23.398823 ], [ 108.860106, 23.397675 ], [ 108.861337, 23.396805 ], [ 108.861805, 23.396366 ], [ 108.862596, 23.396937 ], [ 108.863479, 23.398256 ], [ 108.86397, 23.399158 ], [ 108.864181, 23.400592 ], [ 108.863766, 23.4015 ], [ 108.86127, 23.404319 ], [ 108.860556, 23.405749 ], [ 108.859894, 23.406533 ], [ 108.858572, 23.407364 ], [ 108.858262, 23.40817 ], [ 108.85833, 23.409038 ], [ 108.858636, 23.40999 ], [ 108.859213, 23.410734 ], [ 108.860788, 23.412606 ], [ 108.860938, 23.413286 ], [ 108.860585, 23.413681 ], [ 108.859674, 23.413982 ], [ 108.858804, 23.414038 ], [ 108.858097, 23.413713 ], [ 108.856655, 23.412585 ], [ 108.85588, 23.412178 ], [ 108.855234, 23.412179 ], [ 108.854562, 23.412521 ], [ 108.854004, 23.41327 ], [ 108.852946, 23.415168 ], [ 108.852387, 23.416622 ], [ 108.852333, 23.417779 ], [ 108.852564, 23.418528 ], [ 108.85323, 23.41903 ], [ 108.856136, 23.419874 ], [ 108.856587, 23.420292 ], [ 108.856561, 23.420822 ], [ 108.856343, 23.421285 ], [ 108.855902, 23.421585 ], [ 108.854168, 23.421625 ], [ 108.853284, 23.421494 ], [ 108.852478, 23.421663 ], [ 108.852047, 23.42215 ], [ 108.851993, 23.422777 ], [ 108.852537, 23.423211 ], [ 108.853298, 23.423482 ], [ 108.854794, 23.423507 ], [ 108.85533, 23.423681 ], [ 108.855868, 23.42424 ], [ 108.856735, 23.426315 ], [ 108.857463, 23.42769 ], [ 108.858682, 23.429532 ], [ 108.85943, 23.43066 ], [ 108.859566, 23.431286 ], [ 108.859406, 23.431917 ], [ 108.858911, 23.433871 ], [ 108.859232, 23.435449 ], [ 108.86427, 23.436476 ], [ 108.864669, 23.437222 ], [ 108.866186, 23.440081 ], [ 108.865241, 23.441419 ], [ 108.867314, 23.443087 ], [ 108.868155, 23.443904 ], [ 108.868546, 23.446369 ] ] ] } },
{ "type": "Feature", "properties": { "county_name": "江南区" }, "geometry": { "type": "Polygon", "coordinates": [ [ [ 108.095889, 22.371652 ], [ 108.096063, 22.37303 ], [ 108.098172, 22.372295 ], [ 108.099708, 22.372588 ], [ 108.099613, 22.37578 ], [ 108.101001, 22.376611 ], [ 108.103501, 22.378 ], [ 108.106017, 22.380169 ], [ 108.108204, 22.382896 ], [ 108.108863, 22.385057 ], [ 108.108907, 22.386196 ], [ 108.108985, 22.388583 ], [ 108.109731, 22.389672 ], [ 108.111587, 22.390182 ], [ 108.112726, 22.389621 ], [ 108.113582, 22.388 ], [ 108.115007, 22.387553 ], [ 108.115707, 22.388593 ], [ 108.115638, 22.391859 ], [ 108.114834, 22.395002 ], [ 108.114138, 22.398205 ], [ 108.112099, 22.398831 ], [ 108.111128, 22.399935 ], [ 108.109723, 22.400756 ], [ 108.106261, 22.402528 ], [ 108.102678, 22.405889 ], [ 108.100578, 22.408256 ], [ 108.10096, 22.409276 ], [ 108.10076, 22.409721 ], [ 108.096837, 22.410725 ], [ 108.095075, 22.409817 ], [ 108.094658, 22.406363 ], [ 108.093269, 22.406217 ], [ 108.092713, 22.406412 ], [ 108.090352, 22.406079 ], [ 108.088198, 22.405192 ], [ 108.087156, 22.406021 ], [ 108.087252, 22.406765 ], [ 108.08832, 22.409248 ], [ 108.087495, 22.410265 ], [ 108.084264, 22.410762 ], [ 108.082901, 22.411154 ], [ 108.082562, 22.412045 ], [ 108.083257, 22.412656 ], [ 108.084013, 22.413268 ], [ 108.084229, 22.416373 ], [ 108.084273, 22.417169 ], [ 108.0843, 22.421584 ], [ 108.083214, 22.424308 ], [ 108.082849, 22.42597 ], [ 108.08523, 22.429055 ], [ 108.084604, 22.431062 ], [ 108.083519, 22.433068 ], [ 108.082598, 22.434072 ], [ 108.082598, 22.435077 ], [ 108.083128, 22.436835 ], [ 108.084275, 22.437889 ], [ 108.084197, 22.440404 ], [ 108.084449, 22.441259 ], [ 108.084814, 22.444796 ], [ 108.087072, 22.444691 ], [ 108.088921, 22.445624 ], [ 108.089382, 22.448199 ], [ 108.088913, 22.452133 ], [ 108.084988, 22.452361 ], [ 108.084614, 22.45287 ], [ 108.085526, 22.453613 ], [ 108.086855, 22.454964 ], [ 108.08775, 22.458387 ], [ 108.086308, 22.459614 ], [ 108.08438, 22.459816 ], [ 108.080741, 22.461421 ], [ 108.079316, 22.461752 ], [ 108.076093, 22.460898 ], [ 108.075163, 22.460322 ], [ 108.072999, 22.458014 ], [ 108.071452, 22.457146 ], [ 108.068662, 22.4567 ], [ 108.064177, 22.458546 ], [ 108.064116, 22.459422 ], [ 108.063456, 22.460187 ], [ 108.060769, 22.461116 ], [ 108.058761, 22.461965 ], [ 108.057978, 22.463398 ], [ 108.058708, 22.464029 ], [ 108.058978, 22.46491 ], [ 108.059682, 22.467713 ], [ 108.059822, 22.468158 ], [ 108.058865, 22.470155 ], [ 108.055961, 22.470857 ], [ 108.053639, 22.471564 ], [ 108.049299, 22.472258 ], [ 108.042817, 22.474608 ], [ 108.037196, 22.474878 ], [ 108.037066, 22.475514 ], [ 108.042174, 22.477534 ], [ 108.039129, 22.478194 ], [ 108.032793, 22.476805 ], [ 108.026953, 22.476576 ], [ 108.02442, 22.477372 ], [ 108.024472, 22.478936 ], [ 108.022984, 22.480117 ], [ 108.02012, 22.479356 ], [ 108.019032, 22.47741 ], [ 108.01763, 22.477116 ], [ 108.015619, 22.477676 ], [ 108.014061, 22.479099 ], [ 108.013434, 22.480814 ], [ 108.013434, 22.481814 ], [ 108.013695, 22.482325 ], [ 108.011293, 22.485376 ], [ 108.009865, 22.488377 ], [ 108.009709, 22.489664 ], [ 108.011728, 22.491757 ], [ 108.011885, 22.493327 ], [ 108.012039, 22.496105 ], [ 108.011616, 22.496624 ], [ 108.010928, 22.496946 ], [ 108.006592, 22.495516 ], [ 108.004337, 22.494506 ], [ 108.000689, 22.493683 ], [ 107.999906, 22.4927 ], [ 107.998338, 22.491719 ], [ 107.997712, 22.491576 ], [ 107.995866, 22.492447 ], [ 107.994639, 22.493741 ], [ 107.99187, 22.49505 ], [ 107.990338, 22.49648 ], [ 107.989581, 22.498197 ], [ 107.989746, 22.50004 ], [ 107.989581, 22.50079 ], [ 107.989076, 22.500849 ], [ 107.988145, 22.500491 ], [ 107.986464, 22.499611 ], [ 107.984958, 22.499423 ], [ 107.984393, 22.499857 ], [ 107.984254, 22.501458 ], [ 107.984628, 22.502625 ], [ 107.986169, 22.504572 ], [ 107.989068, 22.505752 ], [ 107.990782, 22.506441 ], [ 107.992384, 22.507674 ], [ 107.994709, 22.509249 ], [ 107.995658, 22.510528 ], [ 107.995823, 22.511942 ], [ 107.995693, 22.512796 ], [ 107.995858, 22.514223 ], [ 107.996346, 22.515639 ], [ 107.998087, 22.517899 ], [ 107.998862, 22.518318 ], [ 108.001343, 22.518011 ], [ 108.002745, 22.518287 ], [ 108.004339, 22.518571 ], [ 108.005766, 22.524375 ], [ 108.006785, 22.525756 ], [ 108.009876, 22.528738 ], [ 108.013419, 22.533265 ], [ 108.013724, 22.534653 ], [ 108.013594, 22.540479 ], [ 108.013881, 22.541865 ], [ 108.015979, 22.542021 ], [ 108.018809, 22.542077 ], [ 108.018452, 22.547806 ], [ 108.017033, 22.549794 ], [ 108.013673, 22.55437 ], [ 108.00993, 22.554632 ], [ 108.009111, 22.555676 ], [ 108.009538, 22.556853 ], [ 108.010792, 22.557538 ], [ 108.011114, 22.558588 ], [ 108.009338, 22.559733 ], [ 108.00865, 22.560766 ], [ 108.004341, 22.560972 ], [ 108.002974, 22.563633 ], [ 108.002095, 22.564624 ], [ 108.001981, 22.566302 ], [ 108.002025, 22.568538 ], [ 108.001451, 22.569662 ], [ 108.00085, 22.57024 ], [ 108.000188, 22.571571 ], [ 107.999196, 22.572917 ], [ 107.997316, 22.574722 ], [ 107.995844, 22.576267 ], [ 107.995131, 22.57837 ], [ 107.995035, 22.579959 ], [ 107.99534, 22.581602 ], [ 107.996071, 22.583684 ], [ 107.996881, 22.586334 ], [ 107.997673, 22.587906 ], [ 107.998988, 22.588519 ], [ 108.00039, 22.588661 ], [ 108.000668, 22.589089 ], [ 108.000555, 22.590908 ], [ 108.000007, 22.593636 ], [ 107.999929, 22.5943 ], [ 108.001043, 22.59586 ], [ 108.002671, 22.600991 ], [ 108.004343, 22.601962 ], [ 108.006146, 22.607574 ], [ 108.00867, 22.608402 ], [ 108.009776, 22.609198 ], [ 108.010385, 22.610747 ], [ 108.011474, 22.610802 ], [ 108.012301, 22.611033 ], [ 108.012745, 22.611156 ], [ 108.014155, 22.61144 ], [ 108.01459, 22.611321 ], [ 108.018107, 22.609834 ], [ 108.018969, 22.609225 ], [ 108.019561, 22.60853 ], [ 108.020475, 22.607465 ], [ 108.022591, 22.607034 ], [ 108.023618, 22.606703 ], [ 108.0238, 22.606057 ], [ 108.02387, 22.605818 ], [ 108.024218, 22.605288 ], [ 108.024479, 22.605123 ], [ 108.024601, 22.605311 ], [ 108.024357, 22.605841 ], [ 108.024531, 22.606217 ], [ 108.025036, 22.606453 ], [ 108.025593, 22.606466 ], [ 108.02595, 22.606473 ], [ 108.026194, 22.60665 ], [ 108.026368, 22.607021 ], [ 108.026333, 22.607508 ], [ 108.026255, 22.608067 ], [ 108.026368, 22.609413 ], [ 108.027204, 22.610711 ], [ 108.027909, 22.610761 ], [ 108.028571, 22.610524 ], [ 108.029493, 22.610722 ], [ 108.03166, 22.612556 ], [ 108.032783, 22.613236 ], [ 108.035272, 22.614046 ], [ 108.03596, 22.614991 ], [ 108.03616, 22.615795 ], [ 108.036204, 22.616086 ], [ 108.036438, 22.616191 ], [ 108.036647, 22.616042 ], [ 108.036874, 22.615879 ], [ 108.037604, 22.615252 ], [ 108.038466, 22.615024 ], [ 108.039362, 22.615098 ], [ 108.041424, 22.61588 ], [ 108.043191, 22.617106 ], [ 108.045166, 22.618567 ], [ 108.045618, 22.619163 ], [ 108.046122, 22.61957 ], [ 108.046749, 22.619696 ], [ 108.048141, 22.620688 ], [ 108.048681, 22.621399 ], [ 108.048968, 22.621506 ], [ 108.053151, 22.621813 ], [ 108.054064, 22.621797 ], [ 108.055717, 22.622645 ], [ 108.05663, 22.62289 ], [ 108.058639, 22.623441 ], [ 108.058952, 22.622994 ], [ 108.059821, 22.621459 ], [ 108.059891, 22.621008 ], [ 108.059986, 22.619478 ], [ 108.060256, 22.618408 ], [ 108.060673, 22.617998 ], [ 108.061351, 22.617844 ], [ 108.061856, 22.618059 ], [ 108.062456, 22.618864 ], [ 108.062517, 22.619792 ], [ 108.062977, 22.620139 ], [ 108.063595, 22.620083 ], [ 108.064307, 22.619741 ], [ 108.065446, 22.61975 ], [ 108.067298, 22.621534 ], [ 108.067619, 22.621954 ], [ 108.068993, 22.623751 ], [ 108.06928, 22.62396 ], [ 108.071175, 22.624872 ], [ 108.072861, 22.625645 ], [ 108.073512, 22.625724 ], [ 108.075659, 22.623716 ], [ 108.076606, 22.623431 ], [ 108.077952, 22.623189 ], [ 108.078265, 22.622048 ], [ 108.078187, 22.620874 ], [ 108.078126, 22.620266 ], [ 108.078595, 22.620108 ], [ 108.079681, 22.620296 ], [ 108.080593, 22.621241 ], [ 108.080845, 22.621834 ], [ 108.082357, 22.622365 ], [ 108.083555, 22.622791 ], [ 108.084207, 22.622583 ], [ 108.08531, 22.621514 ], [ 108.086074, 22.621293 ], [ 108.086821, 22.621912 ], [ 108.08716, 22.622807 ], [ 108.087785, 22.624711 ], [ 108.090321, 22.628029 ], [ 108.092544, 22.630266 ], [ 108.094436, 22.63187 ], [ 108.096277, 22.634189 ], [ 108.096919, 22.635072 ], [ 108.096615, 22.636169 ], [ 108.096407, 22.636969 ], [ 108.096589, 22.637377 ], [ 108.098586, 22.639162 ], [ 108.099193, 22.639935 ], [ 108.100304, 22.642286 ], [ 108.101068, 22.642568 ], [ 108.102326, 22.642501 ], [ 108.103307, 22.643202 ], [ 108.10342, 22.643768 ], [ 108.103264, 22.64562 ], [ 108.101711, 22.649019 ], [ 108.102197, 22.650527 ], [ 108.1029, 22.651526 ], [ 108.104523, 22.652585 ], [ 108.104497, 22.654172 ], [ 108.104349, 22.656451 ], [ 108.103733, 22.658018 ], [ 108.102952, 22.658554 ], [ 108.101147, 22.658824 ], [ 108.099958, 22.658769 ], [ 108.099177, 22.659381 ], [ 108.099203, 22.660458 ], [ 108.099785, 22.662683 ], [ 108.099212, 22.663896 ], [ 108.098292, 22.664699 ], [ 108.096652, 22.664623 ], [ 108.095923, 22.664967 ], [ 108.090366, 22.669526 ], [ 108.089021, 22.673847 ], [ 108.089394, 22.676812 ], [ 108.090298, 22.677501 ], [ 108.09252, 22.677291 ], [ 108.094005, 22.678983 ], [ 108.094317, 22.680741 ], [ 108.093588, 22.682362 ], [ 108.090793, 22.686221 ], [ 108.090011, 22.689083 ], [ 108.090472, 22.691662 ], [ 108.088926, 22.694523 ], [ 108.087528, 22.695379 ], [ 108.087216, 22.696377 ], [ 108.087355, 22.698385 ], [ 108.085809, 22.701959 ], [ 108.085027, 22.702243 ], [ 108.083247, 22.701449 ], [ 108.078903, 22.696709 ], [ 108.075497, 22.695834 ], [ 108.07442, 22.694255 ], [ 108.07349, 22.689676 ], [ 108.074576, 22.687109 ], [ 108.075201, 22.679678 ], [ 108.07474, 22.675529 ], [ 108.073037, 22.671945 ], [ 108.070873, 22.669073 ], [ 108.068543, 22.667346 ], [ 108.066996, 22.666908 ], [ 108.062493, 22.666455 ], [ 108.059554, 22.665721 ], [ 108.058772, 22.66486 ], [ 108.058624, 22.663791 ], [ 108.05785, 22.662996 ], [ 108.053354, 22.662396 ], [ 108.050875, 22.660808 ], [ 108.05057, 22.659518 ], [ 108.051031, 22.65795 ], [ 108.050413, 22.65723 ], [ 108.048569, 22.656419 ], [ 108.044541, 22.655543 ], [ 108.041444, 22.655809 ], [ 108.038616, 22.660013 ], [ 108.03551, 22.662708 ], [ 108.031315, 22.664965 ], [ 108.02806, 22.6658 ], [ 108.026659, 22.666792 ], [ 108.026041, 22.668217 ], [ 108.025728, 22.670929 ], [ 108.024326, 22.674494 ], [ 108.023081, 22.676203 ], [ 108.022612, 22.677484 ], [ 108.019774, 22.679326 ], [ 108.015595, 22.681306 ], [ 108.013689, 22.681982 ], [ 108.008926, 22.68177 ], [ 108.008091, 22.681735 ], [ 108.006306, 22.68194 ], [ 108.005679, 22.683221 ], [ 108.004356, 22.684313 ], [ 108.001161, 22.687236 ], [ 107.999733, 22.690004 ], [ 107.998985, 22.692142 ], [ 107.998706, 22.694286 ], [ 107.99949, 22.699895 ], [ 108.000143, 22.70113 ], [ 108.000631, 22.701693 ], [ 108.001327, 22.702316 ], [ 108.002311, 22.703125 ], [ 108.002738, 22.703879 ], [ 108.002764, 22.705084 ], [ 108.002302, 22.706042 ], [ 108.001232, 22.707074 ], [ 107.998516, 22.708438 ], [ 107.998333, 22.711535 ], [ 107.998847, 22.714664 ], [ 107.999648, 22.71666 ], [ 108.001528, 22.718218 ], [ 108.002948, 22.719349 ], [ 108.004358, 22.719728 ], [ 108.004549, 22.719792 ], [ 108.005281, 22.719883 ], [ 108.006308, 22.720305 ], [ 108.00697, 22.720509 ], [ 108.007066, 22.720616 ], [ 108.007283, 22.720853 ], [ 108.007727, 22.72103 ], [ 108.008441, 22.721067 ], [ 108.010069, 22.720625 ], [ 108.011706, 22.720243 ], [ 108.012437, 22.720298 ], [ 108.012794, 22.720824 ], [ 108.012855, 22.721358 ], [ 108.012455, 22.722524 ], [ 108.012202, 22.723236 ], [ 108.012533, 22.724199 ], [ 108.014022, 22.726198 ], [ 108.014318, 22.726761 ], [ 108.014501, 22.727103 ], [ 108.014414, 22.727651 ], [ 108.013169, 22.728533 ], [ 108.012821, 22.728914 ], [ 108.012786, 22.729318 ], [ 108.012777, 22.72945 ], [ 108.013012, 22.729753 ], [ 108.014249, 22.730586 ], [ 108.015494, 22.731267 ], [ 108.017644, 22.731848 ], [ 108.018445, 22.732526 ], [ 108.018828, 22.733343 ], [ 108.018645, 22.733787 ], [ 108.017922, 22.734118 ], [ 108.017949, 22.734487 ], [ 108.018079, 22.73478 ], [ 108.018968, 22.737349 ], [ 108.019002, 22.737748 ], [ 108.019307, 22.741578 ], [ 108.019681, 22.742139 ], [ 108.022258, 22.744298 ], [ 108.024704, 22.745323 ], [ 108.027107, 22.747136 ], [ 108.026406, 22.748071 ], [ 108.025792, 22.7483 ], [ 108.024504, 22.748451 ], [ 108.023643, 22.748804 ], [ 108.023373, 22.749257 ], [ 108.021963, 22.752425 ], [ 108.021945, 22.75412 ], [ 108.021754, 22.755044 ], [ 108.020936, 22.755767 ], [ 108.020274, 22.756178 ], [ 108.019299, 22.756516 ], [ 108.019282, 22.757206 ], [ 108.020736, 22.758871 ], [ 108.022242, 22.760071 ], [ 108.022294, 22.762294 ], [ 108.019987, 22.76237 ], [ 108.018786, 22.763002 ], [ 108.018594, 22.763562 ], [ 108.018151, 22.768198 ], [ 108.018542, 22.769491 ], [ 108.0189, 22.770071 ], [ 108.019692, 22.770443 ], [ 108.020554, 22.770358 ], [ 108.022817, 22.76962 ], [ 108.024087, 22.768806 ], [ 108.025167, 22.768264 ], [ 108.026124, 22.768249 ], [ 108.026464, 22.768504 ], [ 108.027961, 22.76973 ], [ 108.028423, 22.76974 ], [ 108.03079, 22.77098 ], [ 108.030859, 22.771052 ], [ 108.032531, 22.772131 ], [ 108.033262, 22.773277 ], [ 108.033314, 22.776516 ], [ 108.033097, 22.777558 ], [ 108.03267, 22.778661 ], [ 108.031173, 22.780053 ], [ 108.030268, 22.781234 ], [ 108.029816, 22.783833 ], [ 108.029424, 22.784268 ], [ 108.029894, 22.785175 ], [ 108.031348, 22.788711 ], [ 108.031504, 22.789423 ], [ 108.031479, 22.790526 ], [ 108.031226, 22.792214 ], [ 108.030373, 22.794242 ], [ 108.029181, 22.796424 ], [ 108.028285, 22.798137 ], [ 108.028259, 22.799437 ], [ 108.028537, 22.800467 ], [ 108.029155, 22.801268 ], [ 108.03013, 22.801524 ], [ 108.033725, 22.802548 ], [ 108.03537, 22.803605 ], [ 108.03691, 22.805055 ], [ 108.037136, 22.806284 ], [ 108.037023, 22.807697 ], [ 108.036762, 22.808007 ], [ 108.032716, 22.808198 ], [ 108.028991, 22.808944 ], [ 108.027615, 22.809704 ], [ 108.027467, 22.810409 ], [ 108.027868, 22.811717 ], [ 108.029809, 22.812545 ], [ 108.035257, 22.814711 ], [ 108.035536, 22.815346 ], [ 108.035544, 22.817119 ], [ 108.035031, 22.819079 ], [ 108.034457, 22.820208 ], [ 108.034135, 22.82103 ], [ 108.034074, 22.822129 ], [ 108.034857, 22.823249 ], [ 108.03826, 22.827261 ], [ 108.040487, 22.828803 ], [ 108.041749, 22.829186 ], [ 108.043716, 22.82895 ], [ 108.048066, 22.828528 ], [ 108.050527, 22.829172 ], [ 108.056233, 22.830825 ], [ 108.060155, 22.832678 ], [ 108.061763, 22.83468 ], [ 108.061763, 22.836847 ], [ 108.061346, 22.838414 ], [ 108.059686, 22.84031 ], [ 108.058094, 22.841184 ], [ 108.055172, 22.842344 ], [ 108.054111, 22.842481 ], [ 108.05305, 22.842183 ], [ 108.050928, 22.840091 ], [ 108.05038, 22.837951 ], [ 108.048901, 22.835204 ], [ 108.047857, 22.834396 ], [ 108.046422, 22.833891 ], [ 108.045317, 22.833869 ], [ 108.043472, 22.834127 ], [ 108.042046, 22.835051 ], [ 108.041376, 22.835943 ], [ 108.041054, 22.837599 ], [ 108.041419, 22.839511 ], [ 108.042464, 22.841039 ], [ 108.050659, 22.846418 ], [ 108.054599, 22.849894 ], [ 108.058939, 22.854413 ], [ 108.061104, 22.857531 ], [ 108.063295, 22.859671 ], [ 108.064712, 22.860646 ], [ 108.06652, 22.860917 ], [ 108.067937, 22.860592 ], [ 108.069814, 22.859151 ], [ 108.071109, 22.856815 ], [ 108.071604, 22.85461 ], [ 108.074498, 22.847517 ], [ 108.075297, 22.844548 ], [ 108.075453, 22.840032 ], [ 108.076044, 22.836588 ], [ 108.076921, 22.83424 ], [ 108.078207, 22.832168 ], [ 108.079085, 22.831446 ], [ 108.080396, 22.831059 ], [ 108.082281, 22.831065 ], [ 108.083358, 22.831441 ], [ 108.084201, 22.832373 ], [ 108.085174, 22.833099 ], [ 108.086086, 22.833413 ], [ 108.089942, 22.833573 ], [ 108.092364, 22.833503 ], [ 108.093553, 22.833141 ], [ 108.094039, 22.832824 ], [ 108.095324, 22.830604 ], [ 108.097355, 22.828246 ], [ 108.098067, 22.827493 ], [ 108.100618, 22.825974 ], [ 108.102241, 22.825974 ], [ 108.105643, 22.827571 ], [ 108.107526, 22.829113 ], [ 108.108584, 22.830165 ], [ 108.109374, 22.830712 ], [ 108.111013, 22.831449 ], [ 108.113347, 22.832465 ], [ 108.114379, 22.833224 ], [ 108.115957, 22.835173 ], [ 108.117614, 22.836795 ], [ 108.119999, 22.838492 ], [ 108.121724, 22.839467 ], [ 108.124447, 22.840105 ], [ 108.126865, 22.840205 ], [ 108.128408, 22.839552 ], [ 108.129249, 22.838739 ], [ 108.129492, 22.837975 ], [ 108.129041, 22.835162 ], [ 108.126596, 22.830303 ], [ 108.124567, 22.826901 ], [ 108.121021, 22.821759 ], [ 108.116572, 22.818282 ], [ 108.113667, 22.815455 ], [ 108.112131, 22.813035 ], [ 108.110708, 22.809642 ], [ 108.109867, 22.805757 ], [ 108.109598, 22.803361 ], [ 108.110691, 22.799715 ], [ 108.113093, 22.797602 ], [ 108.116319, 22.795442 ], [ 108.121115, 22.79136 ], [ 108.12349, 22.788861 ], [ 108.129688, 22.781375 ], [ 108.132999, 22.778329 ], [ 108.139654, 22.773271 ], [ 108.148127, 22.767562 ], [ 108.154936, 22.762502 ], [ 108.160245, 22.759516 ], [ 108.164472, 22.757752 ], [ 108.16875, 22.756934 ], [ 108.174267, 22.75723 ], [ 108.177489, 22.758225 ], [ 108.179464, 22.758197 ], [ 108.180892, 22.758131 ], [ 108.182313, 22.758656 ], [ 108.184954, 22.759702 ], [ 108.189086, 22.76272 ], [ 108.193192, 22.765889 ], [ 108.198814, 22.770646 ], [ 108.201266, 22.773345 ], [ 108.204575, 22.779453 ], [ 108.205459, 22.782894 ], [ 108.205598, 22.787212 ], [ 108.205468, 22.790193 ], [ 108.204879, 22.792664 ], [ 108.201778, 22.799883 ], [ 108.199396, 22.804335 ], [ 108.195334, 22.810091 ], [ 108.192692, 22.813328 ], [ 108.192199, 22.814353 ], [ 108.191973, 22.815887 ], [ 108.191904, 22.816505 ], [ 108.192095, 22.817693 ], [ 108.192718, 22.818586 ], [ 108.193308, 22.819069 ], [ 108.194572, 22.819531 ], [ 108.200809, 22.819189 ], [ 108.205288, 22.819379 ], [ 108.208953, 22.820383 ], [ 108.215296, 22.821637 ], [ 108.217125, 22.822139 ], [ 108.22171, 22.823633 ], [ 108.225637, 22.824732 ], [ 108.234637, 22.826506 ], [ 108.242599, 22.827613 ], [ 108.2477, 22.827405 ], [ 108.255042, 22.826647 ], [ 108.261553, 22.825045 ], [ 108.265131, 22.823275 ], [ 108.272199, 22.817237 ], [ 108.282059, 22.808102 ], [ 108.286194, 22.805162 ], [ 108.290174, 22.802786 ], [ 108.293382, 22.801092 ], [ 108.296798, 22.800596 ], [ 108.29891, 22.800985 ], [ 108.303562, 22.802753 ], [ 108.305109, 22.804952 ], [ 108.308605, 22.808028 ], [ 108.310613, 22.809466 ], [ 108.312344, 22.810197 ], [ 108.316883, 22.810726 ], [ 108.319684, 22.809663 ], [ 108.321162, 22.807903 ], [ 108.322197, 22.804234 ], [ 108.32291, 22.798888 ], [ 108.324214, 22.793773 ], [ 108.32584, 22.791011 ], [ 108.328136, 22.790497 ], [ 108.331137, 22.791557 ], [ 108.335338, 22.792753 ], [ 108.340765, 22.792743 ], [ 108.342826, 22.792222 ], [ 108.345635, 22.790599 ], [ 108.346418, 22.787374 ], [ 108.345374, 22.785456 ], [ 108.343591, 22.783859 ], [ 108.340477, 22.782798 ], [ 108.33438, 22.780003 ], [ 108.331632, 22.778498 ], [ 108.330466, 22.776579 ], [ 108.329709, 22.772097 ], [ 108.330068, 22.76971 ], [ 108.328715, 22.769955 ], [ 108.327884, 22.770249 ], [ 108.326584, 22.770532 ], [ 108.324185, 22.770534 ], [ 108.323775, 22.770617 ], [ 108.323487, 22.770985 ], [ 108.322056, 22.771956 ], [ 108.320536, 22.772126 ], [ 108.319813, 22.77198 ], [ 108.319316, 22.771873 ], [ 108.317966, 22.770677 ], [ 108.31725, 22.769851 ], [ 108.316785, 22.768517 ], [ 108.316416, 22.767507 ], [ 108.315716, 22.766386 ], [ 108.31472, 22.765191 ], [ 108.313834, 22.764342 ], [ 108.313488, 22.763914 ], [ 108.313362, 22.763495 ], [ 108.313392, 22.763134 ], [ 108.313569, 22.762648 ], [ 108.313724, 22.762154 ], [ 108.313738, 22.76172 ], [ 108.313487, 22.760652 ], [ 108.313454, 22.760162 ], [ 108.313591, 22.759613 ], [ 108.313981, 22.758944 ], [ 108.314218, 22.758509 ], [ 108.314328, 22.757964 ], [ 108.31452, 22.757641 ], [ 108.314793, 22.757516 ], [ 108.315634, 22.757319 ], [ 108.316089, 22.757128 ], [ 108.316541, 22.756827 ], [ 108.316863, 22.756291 ], [ 108.316939, 22.755745 ], [ 108.316969, 22.755259 ], [ 108.316807, 22.754912 ], [ 108.316497, 22.754654 ], [ 108.315899, 22.754277 ], [ 108.315538, 22.753908 ], [ 108.315191, 22.753252 ], [ 108.314564, 22.752522 ], [ 108.314299, 22.752263 ], [ 108.313472, 22.751849 ], [ 108.31317, 22.751481 ], [ 108.31269, 22.750456 ], [ 108.312307, 22.749439 ], [ 108.311746, 22.74767 ], [ 108.311539, 22.746727 ], [ 108.31181, 22.744723 ], [ 108.313288, 22.739329 ], [ 108.313783, 22.73158 ], [ 108.316027, 22.728649 ], [ 108.320671, 22.725547 ], [ 108.323584, 22.722368 ], [ 108.32247, 22.709762 ], [ 108.321078, 22.705464 ], [ 108.321235, 22.702603 ], [ 108.322983, 22.701148 ], [ 108.325087, 22.699168 ], [ 108.331123, 22.696103 ], [ 108.333332, 22.69487 ], [ 108.335054, 22.691813 ], [ 108.335941, 22.690243 ], [ 108.339698, 22.68689 ], [ 108.336854, 22.684879 ], [ 108.334688, 22.684163 ], [ 108.331932, 22.686441 ], [ 108.329061, 22.686826 ], [ 108.327539, 22.68566 ], [ 108.327156, 22.685116 ], [ 108.326669, 22.682728 ], [ 108.326583, 22.681397 ], [ 108.321816, 22.676248 ], [ 108.320329, 22.676115 ], [ 108.317216, 22.676524 ], [ 108.316989, 22.67607 ], [ 108.317067, 22.674839 ], [ 108.31712, 22.674101 ], [ 108.317398, 22.672313 ], [ 108.315476, 22.668537 ], [ 108.31838, 22.664846 ], [ 108.320893, 22.66352 ], [ 108.321206, 22.661235 ], [ 108.322581, 22.657643 ], [ 108.322076, 22.656053 ], [ 108.319058, 22.651238 ], [ 108.317597, 22.649464 ], [ 108.316553, 22.646855 ], [ 108.316657, 22.641335 ], [ 108.316153, 22.638328 ], [ 108.314074, 22.632499 ], [ 108.312561, 22.631038 ], [ 108.312587, 22.629709 ], [ 108.31396, 22.627076 ], [ 108.312195, 22.621217 ], [ 108.312029, 22.618352 ], [ 108.31076, 22.615774 ], [ 108.30956, 22.61524 ], [ 108.306447, 22.616307 ], [ 108.304673, 22.616786 ], [ 108.304021, 22.616159 ], [ 108.303508, 22.614207 ], [ 108.302134, 22.611422 ], [ 108.299456, 22.607182 ], [ 108.294475, 22.602901 ], [ 108.292702, 22.603176 ], [ 108.290607, 22.603139 ], [ 108.290755, 22.601504 ], [ 108.293328, 22.599507 ], [ 108.293484, 22.597261 ], [ 108.291224, 22.594154 ], [ 108.29092, 22.592819 ], [ 108.291415, 22.590273 ], [ 108.290659, 22.589237 ], [ 108.287348, 22.589687 ], [ 108.27991, 22.589425 ], [ 108.274619, 22.589737 ], [ 108.274533, 22.586874 ], [ 108.277433, 22.581201 ], [ 108.28116, 22.578405 ], [ 108.288112, 22.575943 ], [ 108.29503, 22.575251 ], [ 108.298542, 22.568636 ], [ 108.301097, 22.565413 ], [ 108.303793, 22.56301 ], [ 108.300654, 22.557909 ], [ 108.29881, 22.554876 ], [ 108.297037, 22.555254 ], [ 108.29456, 22.554119 ], [ 108.292074, 22.553391 ], [ 108.289388, 22.556079 ], [ 108.286199, 22.555817 ], [ 108.28513, 22.548543 ], [ 108.285347, 22.54282 ], [ 108.285851, 22.539456 ], [ 108.288231, 22.536228 ], [ 108.289361, 22.534921 ], [ 108.290239, 22.534835 ], [ 108.290186, 22.532074 ], [ 108.287597, 22.529063 ], [ 108.286041, 22.52423 ], [ 108.283825, 22.519824 ], [ 108.284329, 22.516969 ], [ 108.286336, 22.511965 ], [ 108.286379, 22.509649 ], [ 108.284476, 22.50907 ], [ 108.281661, 22.510382 ], [ 108.278238, 22.512772 ], [ 108.275632, 22.51109 ], [ 108.270576, 22.50705 ], [ 108.267849, 22.50373 ], [ 108.265018, 22.498486 ], [ 108.262726, 22.49763 ], [ 108.25651, 22.494762 ], [ 108.255293, 22.495352 ], [ 108.253904, 22.498599 ], [ 108.251344, 22.50009 ], [ 108.243084, 22.501072 ], [ 108.241506, 22.502887 ], [ 108.239294, 22.503668 ], [ 108.237889, 22.502416 ], [ 108.238044, 22.500274 ], [ 108.238079, 22.498538 ], [ 108.237333, 22.497093 ], [ 108.235711, 22.495942 ], [ 108.234064, 22.495915 ], [ 108.231133, 22.494029 ], [ 108.227595, 22.495093 ], [ 108.222247, 22.498992 ], [ 108.217532, 22.504131 ], [ 108.216206, 22.504416 ], [ 108.212964, 22.502012 ], [ 108.211899, 22.500462 ], [ 108.214152, 22.497329 ], [ 108.218034, 22.495553 ], [ 108.220045, 22.493949 ], [ 108.222376, 22.492351 ], [ 108.22307, 22.491036 ], [ 108.222315, 22.490103 ], [ 108.220227, 22.490069 ], [ 108.218476, 22.489837 ], [ 108.215572, 22.48703 ], [ 108.213761, 22.484038 ], [ 108.214133, 22.481999 ], [ 108.214818, 22.480579 ], [ 108.213085, 22.479631 ], [ 108.210988, 22.479905 ], [ 108.205772, 22.477268 ], [ 108.20299, 22.473954 ], [ 108.2026, 22.471392 ], [ 108.20299, 22.468128 ], [ 108.203042, 22.465879 ], [ 108.202409, 22.464541 ], [ 108.198702, 22.463461 ], [ 108.192162, 22.461009 ], [ 108.190975, 22.460173 ], [ 108.191182, 22.455271 ], [ 108.189901, 22.453717 ], [ 108.185189, 22.453335 ], [ 108.180304, 22.450808 ], [ 108.176709, 22.444211 ], [ 108.175315, 22.442554 ], [ 108.174154, 22.440184 ], [ 108.172526, 22.434029 ], [ 108.169875, 22.429388 ], [ 108.170473, 22.426946 ], [ 108.169087, 22.424982 ], [ 108.163449, 22.421725 ], [ 108.158919, 22.418077 ], [ 108.158979, 22.414911 ], [ 108.16001, 22.412882 ], [ 108.164392, 22.413258 ], [ 108.169511, 22.409662 ], [ 108.171208, 22.406927 ], [ 108.17268, 22.404806 ], [ 108.171234, 22.400083 ], [ 108.170818, 22.399155 ], [ 108.1741, 22.394099 ], [ 108.177633, 22.387206 ], [ 108.18056, 22.383674 ], [ 108.182015, 22.382163 ], [ 108.182803, 22.380951 ], [ 108.182734, 22.379211 ], [ 108.182881, 22.377273 ], [ 108.181833, 22.374803 ], [ 108.179468, 22.372315 ], [ 108.17493, 22.369075 ], [ 108.174549, 22.366106 ], [ 108.172843, 22.363833 ], [ 108.172453, 22.361477 ], [ 108.17092, 22.36135 ], [ 108.168521, 22.361005 ], [ 108.164051, 22.359709 ], [ 108.162821, 22.3555 ], [ 108.164007, 22.350718 ], [ 108.164172, 22.348064 ], [ 108.163548, 22.34652 ], [ 108.163704, 22.344379 ], [ 108.163202, 22.341815 ], [ 108.163358, 22.339569 ], [ 108.160967, 22.338408 ], [ 108.159694, 22.336649 ], [ 108.156264, 22.337136 ], [ 108.155086, 22.337232 ], [ 108.151889, 22.336951 ], [ 108.149983, 22.336748 ], [ 108.148251, 22.336894 ], [ 108.145357, 22.336731 ], [ 108.143399, 22.33601 ], [ 108.141111, 22.336373 ], [ 108.139465, 22.335314 ], [ 108.138564, 22.334149 ], [ 108.137169, 22.333706 ], [ 108.133711, 22.335528 ], [ 108.133945, 22.335806 ], [ 108.134968, 22.336933 ], [ 108.135809, 22.340086 ], [ 108.135267, 22.341482 ], [ 108.132819, 22.343073 ], [ 108.127722, 22.346125 ], [ 108.124983, 22.345772 ], [ 108.123873, 22.34647 ], [ 108.120917, 22.351528 ], [ 108.120024, 22.352329 ], [ 108.116729, 22.354026 ], [ 108.113468, 22.356202 ], [ 108.112253, 22.356486 ], [ 108.109989, 22.355346 ], [ 108.108488, 22.354973 ], [ 108.106484, 22.355113 ], [ 108.104931, 22.355538 ], [ 108.102606, 22.357255 ], [ 108.102415, 22.357604 ], [ 108.100358, 22.359617 ], [ 108.100081, 22.361377 ], [ 108.100523, 22.363681 ], [ 108.10114, 22.365721 ], [ 108.099916, 22.369342 ], [ 108.098467, 22.371308 ], [ 108.095889, 22.371652 ] ] ] } },
{ "type": "Feature", "properties": { "county_name": "良庆区" }, "geometry": { "type": "Polygon", "coordinates": [ [ [ 108.425336, 22.765195 ], [ 108.429143, 22.764596 ], [ 108.429952, 22.76371 ], [ 108.428918, 22.760433 ], [ 108.431344, 22.760236 ], [ 108.433443, 22.759855 ], [ 108.434874, 22.757882 ], [ 108.434891, 22.756818 ], [ 108.432403, 22.755506 ], [ 108.430591, 22.754206 ], [ 108.429256, 22.752164 ], [ 108.429273, 22.751315 ], [ 108.431067, 22.747304 ], [ 108.434995, 22.745346 ], [ 108.435576, 22.744715 ], [ 108.435142, 22.743222 ], [ 108.436425, 22.742179 ], [ 108.439536, 22.740629 ], [ 108.439692, 22.738718 ], [ 108.438331, 22.737743 ], [ 108.438011, 22.736569 ], [ 108.438037, 22.735189 ], [ 108.438054, 22.732944 ], [ 108.439267, 22.73085 ], [ 108.44295, 22.729203 ], [ 108.446191, 22.727441 ], [ 108.44509, 22.724771 ], [ 108.437741, 22.720627 ], [ 108.436033, 22.719964 ], [ 108.433996, 22.719083 ], [ 108.434612, 22.716436 ], [ 108.434828, 22.711339 ], [ 108.436674, 22.710197 ], [ 108.437723, 22.708938 ], [ 108.437056, 22.708288 ], [ 108.433857, 22.708242 ], [ 108.434143, 22.705057 ], [ 108.43468, 22.700496 ], [ 108.435191, 22.697637 ], [ 108.439335, 22.696209 ], [ 108.441059, 22.695597 ], [ 108.441319, 22.693901 ], [ 108.436795, 22.691602 ], [ 108.434645, 22.690296 ], [ 108.434229, 22.688165 ], [ 108.439768, 22.685058 ], [ 108.443104, 22.684043 ], [ 108.444039, 22.682781 ], [ 108.443988, 22.679594 ], [ 108.439784, 22.678044 ], [ 108.434193, 22.677431 ], [ 108.432026, 22.677399 ], [ 108.430977, 22.678447 ], [ 108.431038, 22.681103 ], [ 108.430214, 22.682685 ], [ 108.428723, 22.682662 ], [ 108.428177, 22.681273 ], [ 108.428142, 22.67713 ], [ 108.429641, 22.670139 ], [ 108.42939, 22.665459 ], [ 108.430569, 22.663352 ], [ 108.434947, 22.661611 ], [ 108.438059, 22.660486 ], [ 108.437096, 22.656542 ], [ 108.437833, 22.654109 ], [ 108.439922, 22.652336 ], [ 108.441655, 22.651297 ], [ 108.444428, 22.64953 ], [ 108.447417, 22.648616 ], [ 108.448587, 22.647144 ], [ 108.44908, 22.644814 ], [ 108.446256, 22.643181 ], [ 108.444159, 22.639431 ], [ 108.442044, 22.63632 ], [ 108.442711, 22.631016 ], [ 108.442182, 22.628671 ], [ 108.440033, 22.627472 ], [ 108.438351, 22.626065 ], [ 108.438828, 22.62501 ], [ 108.441827, 22.623143 ], [ 108.441246, 22.61782 ], [ 108.440838, 22.615053 ], [ 108.438394, 22.611404 ], [ 108.435334, 22.609871 ], [ 108.432066, 22.607273 ], [ 108.432681, 22.605062 ], [ 108.433834, 22.602769 ], [ 108.43438, 22.601104 ], [ 108.434814, 22.598611 ], [ 108.435715, 22.598384 ], [ 108.437518, 22.59841 ], [ 108.440248, 22.596479 ], [ 108.441167, 22.595477 ], [ 108.440378, 22.593073 ], [ 108.440603, 22.591465 ], [ 108.44127, 22.590159 ], [ 108.443541, 22.588877 ], [ 108.443081, 22.585822 ], [ 108.441079, 22.584321 ], [ 108.43841, 22.582786 ], [ 108.434579, 22.581296 ], [ 108.431059, 22.580347 ], [ 108.431284, 22.578737 ], [ 108.431327, 22.574659 ], [ 108.430217, 22.572941 ], [ 108.42909, 22.572499 ], [ 108.427373, 22.572366 ], [ 108.427433, 22.569074 ], [ 108.423808, 22.567423 ], [ 108.421718, 22.5692 ], [ 108.421233, 22.570572 ], [ 108.419159, 22.571498 ], [ 108.417736, 22.568287 ], [ 108.417806, 22.564675 ], [ 108.419297, 22.563956 ], [ 108.420894, 22.564407 ], [ 108.421509, 22.56176 ], [ 108.421102, 22.559204 ], [ 108.421917, 22.558578 ], [ 108.423496, 22.559664 ], [ 108.425334, 22.55916 ], [ 108.424224, 22.557233 ], [ 108.421492, 22.556979 ], [ 108.420807, 22.556541 ], [ 108.421205, 22.553893 ], [ 108.423114, 22.553189 ], [ 108.423166, 22.550213 ], [ 108.421136, 22.548802 ], [ 108.422341, 22.545313 ], [ 108.426487, 22.543569 ], [ 108.427458, 22.540717 ], [ 108.429773, 22.538947 ], [ 108.430614, 22.536729 ], [ 108.43012, 22.532682 ], [ 108.429721, 22.529171 ], [ 108.430353, 22.526208 ], [ 108.431082, 22.523774 ], [ 108.433188, 22.520831 ], [ 108.434731, 22.517665 ], [ 108.437982, 22.514952 ], [ 108.440521, 22.513394 ], [ 108.441439, 22.513196 ], [ 108.442921, 22.506947 ], [ 108.440651, 22.506385 ], [ 108.43896, 22.505087 ], [ 108.437851, 22.503474 ], [ 108.435597, 22.501743 ], [ 108.434115, 22.501615 ], [ 108.432641, 22.500955 ], [ 108.432103, 22.499143 ], [ 108.432268, 22.496596 ], [ 108.434149, 22.493648 ], [ 108.436715, 22.490604 ], [ 108.439352, 22.488171 ], [ 108.441126, 22.486631 ], [ 108.441845, 22.484623 ], [ 108.44097, 22.482593 ], [ 108.439627, 22.481191 ], [ 108.439115, 22.47821 ], [ 108.438352, 22.47618 ], [ 108.436783, 22.474671 ], [ 108.436272, 22.471159 ], [ 108.437208, 22.470109 ], [ 108.436774, 22.468827 ], [ 108.435075, 22.467847 ], [ 108.433966, 22.466238 ], [ 108.434009, 22.464007 ], [ 108.434945, 22.462851 ], [ 108.436003, 22.461062 ], [ 108.438221, 22.458437 ], [ 108.438603, 22.456425 ], [ 108.439122, 22.452926 ], [ 108.439937, 22.451983 ], [ 108.441411, 22.452324 ], [ 108.443785, 22.453843 ], [ 108.446194, 22.452709 ], [ 108.446341, 22.451331 ], [ 108.445457, 22.449618 ], [ 108.444339, 22.448116 ], [ 108.443342, 22.446507 ], [ 108.442112, 22.445429 ], [ 108.441107, 22.444352 ], [ 108.441029, 22.442225 ], [ 108.438576, 22.439004 ], [ 108.437934, 22.436764 ], [ 108.437743, 22.434425 ], [ 108.437657, 22.433041 ], [ 108.436781, 22.43133 ], [ 108.440031, 22.428083 ], [ 108.441764, 22.426832 ], [ 108.440889, 22.424909 ], [ 108.441253, 22.423533 ], [ 108.443896, 22.4224 ], [ 108.44426, 22.421558 ], [ 108.441495, 22.416524 ], [ 108.440048, 22.414593 ], [ 108.44406, 22.413801 ], [ 108.448531, 22.412165 ], [ 108.451502, 22.412205 ], [ 108.45113, 22.413688 ], [ 108.451901, 22.41529 ], [ 108.454959, 22.416501 ], [ 108.456327, 22.416414 ], [ 108.455686, 22.414109 ], [ 108.456621, 22.414041 ], [ 108.45993, 22.415442 ], [ 108.461168, 22.417846 ], [ 108.463567, 22.41756 ], [ 108.465212, 22.416548 ], [ 108.467792, 22.415944 ], [ 108.470632, 22.414867 ], [ 108.472233, 22.416083 ], [ 108.472727, 22.417047 ], [ 108.474026, 22.420726 ], [ 108.476519, 22.424664 ], [ 108.475826, 22.425133 ], [ 108.472398, 22.425726 ], [ 108.471706, 22.425955 ], [ 108.468875, 22.426062 ], [ 108.468927, 22.427019 ], [ 108.471974, 22.428791 ], [ 108.473342, 22.430154 ], [ 108.473308, 22.432066 ], [ 108.471247, 22.432781 ], [ 108.469516, 22.433716 ], [ 108.4722, 22.436726 ], [ 108.47626, 22.438796 ], [ 108.477272, 22.439659 ], [ 108.479099, 22.439684 ], [ 108.480025, 22.438844 ], [ 108.482492, 22.44079 ], [ 108.484058, 22.442723 ], [ 108.486421, 22.444346 ], [ 108.488022, 22.443836 ], [ 108.490912, 22.441321 ], [ 108.492651, 22.439645 ], [ 108.492695, 22.437201 ], [ 108.49671, 22.435979 ], [ 108.49844, 22.43483 ], [ 108.499938, 22.433682 ], [ 108.500906, 22.430294 ], [ 108.501278, 22.429023 ], [ 108.503242, 22.427242 ], [ 108.507682, 22.427617 ], [ 108.512095, 22.428841 ], [ 108.513705, 22.428118 ], [ 108.516448, 22.427621 ], [ 108.517919, 22.428275 ], [ 108.522342, 22.427945 ], [ 108.523441, 22.428436 ], [ 108.526687, 22.428638 ], [ 108.527786, 22.429288 ], [ 108.52956, 22.430426 ], [ 108.531517, 22.431169 ], [ 108.531015, 22.435305 ], [ 108.530496, 22.435697 ], [ 108.531837, 22.437227 ], [ 108.533188, 22.438055 ], [ 108.536686, 22.439799 ], [ 108.539846, 22.441859 ], [ 108.541093, 22.442407 ], [ 108.544799, 22.438948 ], [ 108.545137, 22.437343 ], [ 108.548107, 22.433958 ], [ 108.551459, 22.432807 ], [ 108.551216, 22.430761 ], [ 108.551615, 22.430109 ], [ 108.55372, 22.430676 ], [ 108.554032, 22.431335 ], [ 108.553365, 22.432823 ], [ 108.553096, 22.433596 ], [ 108.553668, 22.433722 ], [ 108.554482, 22.433884 ], [ 108.555487, 22.432371 ], [ 108.556813, 22.430118 ], [ 108.559784, 22.428961 ], [ 108.562436, 22.427565 ], [ 108.565669, 22.42647 ], [ 108.567532, 22.426198 ], [ 108.568434, 22.425852 ], [ 108.569352, 22.423498 ], [ 108.565868, 22.422985 ], [ 108.560044, 22.420749 ], [ 108.558459, 22.419877 ], [ 108.557011, 22.415386 ], [ 108.556405, 22.413285 ], [ 108.558389, 22.40972 ], [ 108.558666, 22.408639 ], [ 108.557271, 22.406674 ], [ 108.552462, 22.401667 ], [ 108.549829, 22.399526 ], [ 108.547343, 22.396233 ], [ 108.547655, 22.395369 ], [ 108.548573, 22.394935 ], [ 108.551076, 22.392526 ], [ 108.553224, 22.389507 ], [ 108.554913, 22.388495 ], [ 108.560606, 22.387887 ], [ 108.563058, 22.386299 ], [ 108.563838, 22.385848 ], [ 108.564115, 22.383409 ], [ 108.563777, 22.380717 ], [ 108.563968, 22.379992 ], [ 108.568596, 22.372121 ], [ 108.568604, 22.369611 ], [ 108.568241, 22.368945 ], [ 108.566706, 22.368095 ], [ 108.563933, 22.367967 ], [ 108.560544, 22.369132 ], [ 108.55765, 22.368026 ], [ 108.551984, 22.364036 ], [ 108.547774, 22.359185 ], [ 108.549221, 22.357832 ], [ 108.550451, 22.356142 ], [ 108.549021, 22.353148 ], [ 108.546682, 22.349825 ], [ 108.545833, 22.34631 ], [ 108.542629, 22.346018 ], [ 108.540594, 22.346349 ], [ 108.541123, 22.341999 ], [ 108.541226, 22.336477 ], [ 108.54178, 22.330429 ], [ 108.547651, 22.329694 ], [ 108.549219, 22.328506 ], [ 108.551532, 22.326731 ], [ 108.549574, 22.321608 ], [ 108.547096, 22.319769 ], [ 108.545312, 22.31868 ], [ 108.543883, 22.314737 ], [ 108.544498, 22.311876 ], [ 108.54636, 22.309659 ], [ 108.545892, 22.307516 ], [ 108.544299, 22.304812 ], [ 108.540991, 22.303866 ], [ 108.538973, 22.302033 ], [ 108.538228, 22.299051 ], [ 108.537042, 22.295531 ], [ 108.533596, 22.290813 ], [ 108.533059, 22.288774 ], [ 108.53254, 22.285806 ], [ 108.530133, 22.283669 ], [ 108.527493, 22.281496 ], [ 108.527077, 22.279473 ], [ 108.528176, 22.278227 ], [ 108.528125, 22.277617 ], [ 108.528427, 22.275462 ], [ 108.528133, 22.274953 ], [ 108.521131, 22.271922 ], [ 108.519703, 22.272141 ], [ 108.518422, 22.273416 ], [ 108.51554, 22.275276 ], [ 108.511213, 22.275532 ], [ 108.507051, 22.275028 ], [ 108.505, 22.264238 ], [ 108.500612, 22.261635 ], [ 108.498206, 22.259499 ], [ 108.49741, 22.253665 ], [ 108.498362, 22.251554 ], [ 108.501806, 22.250166 ], [ 108.501312, 22.247419 ], [ 108.499607, 22.244124 ], [ 108.498223, 22.242406 ], [ 108.496215, 22.238248 ], [ 108.495298, 22.23739 ], [ 108.493913, 22.236678 ], [ 108.490841, 22.236401 ], [ 108.48853, 22.237273 ], [ 108.485467, 22.240586 ], [ 108.48255, 22.239447 ], [ 108.478249, 22.239435 ], [ 108.475661, 22.239796 ], [ 108.468251, 22.239225 ], [ 108.465523, 22.239633 ], [ 108.463272, 22.24017 ], [ 108.458968, 22.242367 ], [ 108.456318, 22.243687 ], [ 108.454794, 22.24484 ], [ 108.451182, 22.247996 ], [ 108.448505, 22.246588 ], [ 108.446816, 22.247311 ], [ 108.445897, 22.248174 ], [ 108.443904, 22.251191 ], [ 108.441911, 22.251201 ], [ 108.43945, 22.249345 ], [ 108.436035, 22.249296 ], [ 108.432489, 22.251713 ], [ 108.431206, 22.254684 ], [ 108.427582, 22.258251 ], [ 108.425726, 22.26125 ], [ 108.424799, 22.265141 ], [ 108.423159, 22.267216 ], [ 108.422283, 22.267605 ], [ 108.418293, 22.268621 ], [ 108.415369, 22.268627 ], [ 108.412749, 22.267484 ], [ 108.409859, 22.26586 ], [ 108.409667, 22.264428 ], [ 108.40906, 22.260675 ], [ 108.406352, 22.25856 ], [ 108.405484, 22.259343 ], [ 108.403496, 22.260586 ], [ 108.399468, 22.261019 ], [ 108.398121, 22.260485 ], [ 108.390722, 22.256908 ], [ 108.382928, 22.252619 ], [ 108.376898, 22.247899 ], [ 108.371787, 22.24289 ], [ 108.369622, 22.242175 ], [ 108.367466, 22.242467 ], [ 108.364937, 22.243143 ], [ 108.36205, 22.244616 ], [ 108.358912, 22.243903 ], [ 108.354364, 22.246391 ], [ 108.353468, 22.246135 ], [ 108.348755, 22.244018 ], [ 108.346972, 22.243178 ], [ 108.341241, 22.24379 ], [ 108.335674, 22.243079 ], [ 108.331352, 22.241504 ], [ 108.324707, 22.238213 ], [ 108.321741, 22.237431 ], [ 108.31634, 22.233384 ], [ 108.314496, 22.230766 ], [ 108.309696, 22.226041 ], [ 108.308696, 22.224617 ], [ 108.304871, 22.226174 ], [ 108.302471, 22.225969 ], [ 108.301732, 22.224523 ], [ 108.300741, 22.218132 ], [ 108.299653, 22.21636 ], [ 108.299853, 22.21517 ], [ 108.296906, 22.212089 ], [ 108.291969, 22.210409 ], [ 108.285851, 22.208228 ], [ 108.279603, 22.20426 ], [ 108.278639, 22.204184 ], [ 108.279821, 22.206972 ], [ 108.280498, 22.21111 ], [ 108.280377, 22.21746 ], [ 108.280838, 22.22191 ], [ 108.28069, 22.223346 ], [ 108.275156, 22.223534 ], [ 108.271465, 22.226544 ], [ 108.269442, 22.229266 ], [ 108.267653, 22.230666 ], [ 108.263962, 22.228558 ], [ 108.260689, 22.22967 ], [ 108.259882, 22.233419 ], [ 108.256636, 22.236531 ], [ 108.253968, 22.238016 ], [ 108.250584, 22.237038 ], [ 108.246696, 22.239222 ], [ 108.24497, 22.243331 ], [ 108.243834, 22.249033 ], [ 108.24347, 22.252842 ], [ 108.246619, 22.254595 ], [ 108.245847, 22.256189 ], [ 108.243921, 22.257982 ], [ 108.239254, 22.260214 ], [ 108.237355, 22.261159 ], [ 108.234606, 22.263029 ], [ 108.232404, 22.265981 ], [ 108.232612, 22.272425 ], [ 108.234303, 22.278121 ], [ 108.236298, 22.281898 ], [ 108.236246, 22.282511 ], [ 108.232162, 22.286898 ], [ 108.227341, 22.289198 ], [ 108.221282, 22.292012 ], [ 108.218898, 22.291973 ], [ 108.216801, 22.289982 ], [ 108.215059, 22.286548 ], [ 108.213178, 22.285904 ], [ 108.211419, 22.28741 ], [ 108.209253, 22.289136 ], [ 108.206671, 22.292194 ], [ 108.204808, 22.290949 ], [ 108.201941, 22.287761 ], [ 108.196006, 22.281266 ], [ 108.192403, 22.276461 ], [ 108.189198, 22.273653 ], [ 108.185092, 22.277676 ], [ 108.182555, 22.277559 ], [ 108.176597, 22.27938 ], [ 108.173375, 22.280953 ], [ 108.172214, 22.284754 ], [ 108.170889, 22.2855 ], [ 108.167902, 22.286754 ], [ 108.165563, 22.288789 ], [ 108.163736, 22.289907 ], [ 108.159622, 22.289843 ], [ 108.154936, 22.289999 ], [ 108.152891, 22.288388 ], [ 108.150492, 22.288772 ], [ 108.149565, 22.289778 ], [ 108.149487, 22.289995 ], [ 108.149487, 22.291023 ], [ 108.148448, 22.293336 ], [ 108.146828, 22.297016 ], [ 108.146629, 22.298149 ], [ 108.146507, 22.298863 ], [ 108.143865, 22.303735 ], [ 108.14228, 22.304571 ], [ 108.138692, 22.304322 ], [ 108.136838, 22.305106 ], [ 108.136769, 22.306496 ], [ 108.136162, 22.310153 ], [ 108.134984, 22.312699 ], [ 108.135859, 22.315128 ], [ 108.135547, 22.316847 ], [ 108.134065, 22.31886 ], [ 108.1341, 22.320373 ], [ 108.134525, 22.321739 ], [ 108.135131, 22.322523 ], [ 108.136241, 22.32416 ], [ 108.136527, 22.32549 ], [ 108.136389, 22.326659 ], [ 108.134958, 22.327097 ], [ 108.133147, 22.328044 ], [ 108.132879, 22.329361 ], [ 108.133321, 22.330258 ], [ 108.13352, 22.330981 ], [ 108.133069, 22.332335 ], [ 108.132966, 22.333789 ], [ 108.133252, 22.334999 ], [ 108.133711, 22.335528 ], [ 108.137169, 22.333706 ], [ 108.138564, 22.334149 ], [ 108.139465, 22.335314 ], [ 108.141111, 22.336373 ], [ 108.143399, 22.33601 ], [ 108.145357, 22.336731 ], [ 108.148251, 22.336894 ], [ 108.149983, 22.336748 ], [ 108.151889, 22.336951 ], [ 108.155086, 22.337232 ], [ 108.156264, 22.337136 ], [ 108.159694, 22.336649 ], [ 108.160967, 22.338408 ], [ 108.163358, 22.339569 ], [ 108.163202, 22.341815 ], [ 108.163704, 22.344379 ], [ 108.163548, 22.34652 ], [ 108.164172, 22.348064 ], [ 108.164007, 22.350718 ], [ 108.162821, 22.3555 ], [ 108.164051, 22.359709 ], [ 108.168521, 22.361005 ], [ 108.17092, 22.36135 ], [ 108.172453, 22.361477 ], [ 108.172843, 22.363833 ], [ 108.174549, 22.366106 ], [ 108.17493, 22.369075 ], [ 108.179468, 22.372315 ], [ 108.181833, 22.374803 ], [ 108.182881, 22.377273 ], [ 108.182734, 22.379211 ], [ 108.182803, 22.380951 ], [ 108.182015, 22.382163 ], [ 108.18056, 22.383674 ], [ 108.177633, 22.387206 ], [ 108.1741, 22.394099 ], [ 108.170818, 22.399155 ], [ 108.171234, 22.400083 ], [ 108.17268, 22.404806 ], [ 108.171208, 22.406927 ], [ 108.169511, 22.409662 ], [ 108.164392, 22.413258 ], [ 108.16001, 22.412882 ], [ 108.158979, 22.414911 ], [ 108.158919, 22.418077 ], [ 108.163449, 22.421725 ], [ 108.169087, 22.424982 ], [ 108.170473, 22.426946 ], [ 108.169875, 22.429388 ], [ 108.172526, 22.434029 ], [ 108.174154, 22.440184 ], [ 108.175315, 22.442554 ], [ 108.176709, 22.444211 ], [ 108.180304, 22.450808 ], [ 108.185189, 22.453335 ], [ 108.189901, 22.453717 ], [ 108.191182, 22.455271 ], [ 108.190975, 22.460173 ], [ 108.192162, 22.461009 ], [ 108.198702, 22.463461 ], [ 108.202409, 22.464541 ], [ 108.203042, 22.465879 ], [ 108.20299, 22.468128 ], [ 108.2026, 22.471392 ], [ 108.20299, 22.473954 ], [ 108.205772, 22.477268 ], [ 108.210988, 22.479905 ], [ 108.213085, 22.479631 ], [ 108.214818, 22.480579 ], [ 108.214133, 22.481999 ], [ 108.213761, 22.484038 ], [ 108.215572, 22.48703 ], [ 108.218476, 22.489837 ], [ 108.220227, 22.490069 ], [ 108.222315, 22.490103 ], [ 108.22307, 22.491036 ], [ 108.222376, 22.492351 ], [ 108.220045, 22.493949 ], [ 108.218034, 22.495553 ], [ 108.214152, 22.497329 ], [ 108.211899, 22.500462 ], [ 108.212964, 22.502012 ], [ 108.216206, 22.504416 ], [ 108.217532, 22.504131 ], [ 108.222247, 22.498992 ], [ 108.227595, 22.495093 ], [ 108.231133, 22.494029 ], [ 108.234064, 22.495915 ], [ 108.235711, 22.495942 ], [ 108.237333, 22.497093 ], [ 108.238079, 22.498538 ], [ 108.238044, 22.500274 ], [ 108.237889, 22.502416 ], [ 108.239294, 22.503668 ], [ 108.241506, 22.502887 ], [ 108.243084, 22.501072 ], [ 108.251344, 22.50009 ], [ 108.253904, 22.498599 ], [ 108.255293, 22.495352 ], [ 108.25651, 22.494762 ], [ 108.262726, 22.49763 ], [ 108.265018, 22.498486 ], [ 108.267849, 22.50373 ], [ 108.270576, 22.50705 ], [ 108.275632, 22.51109 ], [ 108.278238, 22.512772 ], [ 108.281661, 22.510382 ], [ 108.284476, 22.50907 ], [ 108.286379, 22.509649 ], [ 108.286336, 22.511965 ], [ 108.284329, 22.516969 ], [ 108.283825, 22.519824 ], [ 108.286041, 22.52423 ], [ 108.287597, 22.529063 ], [ 108.290186, 22.532074 ], [ 108.290239, 22.534835 ], [ 108.289361, 22.534921 ], [ 108.288231, 22.536228 ], [ 108.285851, 22.539456 ], [ 108.285347, 22.54282 ], [ 108.28513, 22.548543 ], [ 108.286199, 22.555817 ], [ 108.289388, 22.556079 ], [ 108.292074, 22.553391 ], [ 108.29456, 22.554119 ], [ 108.297037, 22.555254 ], [ 108.29881, 22.554876 ], [ 108.300654, 22.557909 ], [ 108.303793, 22.56301 ], [ 108.301097, 22.565413 ], [ 108.298542, 22.568636 ], [ 108.29503, 22.575251 ], [ 108.288112, 22.575943 ], [ 108.28116, 22.578405 ], [ 108.277433, 22.581201 ], [ 108.274533, 22.586874 ], [ 108.274619, 22.589737 ], [ 108.27991, 22.589425 ], [ 108.287348, 22.589687 ], [ 108.290659, 22.589237 ], [ 108.291415, 22.590273 ], [ 108.29092, 22.592819 ], [ 108.291224, 22.594154 ], [ 108.293484, 22.597261 ], [ 108.293328, 22.599507 ], [ 108.290755, 22.601504 ], [ 108.290607, 22.603139 ], [ 108.292702, 22.603176 ], [ 108.294475, 22.602901 ], [ 108.299456, 22.607182 ], [ 108.302134, 22.611422 ], [ 108.303508, 22.614207 ], [ 108.304021, 22.616159 ], [ 108.304673, 22.616786 ], [ 108.306447, 22.616307 ], [ 108.30956, 22.61524 ], [ 108.31076, 22.615774 ], [ 108.312029, 22.618352 ], [ 108.312195, 22.621217 ], [ 108.31396, 22.627076 ], [ 108.312587, 22.629709 ], [ 108.312561, 22.631038 ], [ 108.314074, 22.632499 ], [ 108.316153, 22.638328 ], [ 108.316657, 22.641335 ], [ 108.316553, 22.646855 ], [ 108.317597, 22.649464 ], [ 108.319058, 22.651238 ], [ 108.322076, 22.656053 ], [ 108.322581, 22.657643 ], [ 108.321206, 22.661235 ], [ 108.320893, 22.66352 ], [ 108.31838, 22.664846 ], [ 108.315476, 22.668537 ], [ 108.317398, 22.672313 ], [ 108.31712, 22.674101 ], [ 108.317067, 22.674839 ], [ 108.316989, 22.67607 ], [ 108.317216, 22.676524 ], [ 108.320329, 22.676115 ], [ 108.321816, 22.676248 ], [ 108.326583, 22.681397 ], [ 108.326669, 22.682728 ], [ 108.327156, 22.685116 ], [ 108.327539, 22.68566 ], [ 108.329061, 22.686826 ], [ 108.331932, 22.686441 ], [ 108.334688, 22.684163 ], [ 108.336854, 22.684879 ], [ 108.339698, 22.68689 ], [ 108.335941, 22.690243 ], [ 108.335054, 22.691813 ], [ 108.333332, 22.69487 ], [ 108.331123, 22.696103 ], [ 108.325087, 22.699168 ], [ 108.322983, 22.701148 ], [ 108.321235, 22.702603 ], [ 108.321078, 22.705464 ], [ 108.32247, 22.709762 ], [ 108.323584, 22.722368 ], [ 108.320671, 22.725547 ], [ 108.316027, 22.728649 ], [ 108.313783, 22.73158 ], [ 108.313288, 22.739329 ], [ 108.31181, 22.744723 ], [ 108.311539, 22.746727 ], [ 108.311746, 22.74767 ], [ 108.312307, 22.749439 ], [ 108.31269, 22.750456 ], [ 108.31317, 22.751481 ], [ 108.313472, 22.751849 ], [ 108.314299, 22.752263 ], [ 108.314564, 22.752522 ], [ 108.315191, 22.753252 ], [ 108.315538, 22.753908 ], [ 108.315899, 22.754277 ], [ 108.316497, 22.754654 ], [ 108.316807, 22.754912 ], [ 108.316969, 22.755259 ], [ 108.316939, 22.755745 ], [ 108.316863, 22.756291 ], [ 108.316541, 22.756827 ], [ 108.316089, 22.757128 ], [ 108.315634, 22.757319 ], [ 108.314793, 22.757516 ], [ 108.31452, 22.757641 ], [ 108.314328, 22.757964 ], [ 108.314218, 22.758509 ], [ 108.313981, 22.758944 ], [ 108.313591, 22.759613 ], [ 108.313454, 22.760162 ], [ 108.313487, 22.760652 ], [ 108.313738, 22.76172 ], [ 108.313724, 22.762154 ], [ 108.313569, 22.762648 ], [ 108.313392, 22.763134 ], [ 108.313362, 22.763495 ], [ 108.313488, 22.763914 ], [ 108.313834, 22.764342 ], [ 108.31472, 22.765191 ], [ 108.315716, 22.766386 ], [ 108.316416, 22.767507 ], [ 108.316785, 22.768517 ], [ 108.31725, 22.769851 ], [ 108.317966, 22.770677 ], [ 108.319316, 22.771873 ], [ 108.319813, 22.77198 ], [ 108.320536, 22.772126 ], [ 108.322056, 22.771956 ], [ 108.323487, 22.770985 ], [ 108.323775, 22.770617 ], [ 108.324185, 22.770534 ], [ 108.326584, 22.770532 ], [ 108.327884, 22.770249 ], [ 108.328715, 22.769955 ], [ 108.330068, 22.76971 ], [ 108.333206, 22.768418 ], [ 108.337728, 22.766218 ], [ 108.343608, 22.765563 ], [ 108.347626, 22.767431 ], [ 108.354557, 22.771674 ], [ 108.360539, 22.776219 ], [ 108.364774, 22.780324 ], [ 108.370503, 22.78275 ], [ 108.375753, 22.783541 ], [ 108.381036, 22.78247 ], [ 108.384538, 22.77877 ], [ 108.388299, 22.775899 ], [ 108.397367, 22.772482 ], [ 108.398965, 22.771884 ], [ 108.401891, 22.76992 ], [ 108.404261, 22.767437 ], [ 108.40672, 22.763043 ], [ 108.408546, 22.760865 ], [ 108.410857, 22.759057 ], [ 108.413252, 22.757839 ], [ 108.416054, 22.757295 ], [ 108.420557, 22.757372 ], [ 108.421945, 22.758082 ], [ 108.424573, 22.760504 ], [ 108.425336, 22.765195 ] ] ] } },
{ "type": "Feature", "properties": { "county_name": "邕宁区" }, "geometry": { "type": "Polygon", "coordinates": [ [ [ 108.842194, 22.541618 ], [ 108.837479, 22.53897 ], [ 108.835477, 22.534816 ], [ 108.834194, 22.534962 ], [ 108.831663, 22.535702 ], [ 108.830727, 22.535307 ], [ 108.82791, 22.53154 ], [ 108.827243, 22.530018 ], [ 108.825873, 22.5304 ], [ 108.822606, 22.531238 ], [ 108.822094, 22.532584 ], [ 108.82076, 22.533848 ], [ 108.81822, 22.532222 ], [ 108.815091, 22.529556 ], [ 108.815125, 22.527983 ], [ 108.811545, 22.524142 ], [ 108.807399, 22.523221 ], [ 108.805078, 22.52433 ], [ 108.802616, 22.525491 ], [ 108.801359, 22.525567 ], [ 108.797249, 22.526228 ], [ 108.79561, 22.526055 ], [ 108.791413, 22.52608 ], [ 108.788082, 22.525081 ], [ 108.784466, 22.527336 ], [ 108.782739, 22.527166 ], [ 108.780076, 22.523213 ], [ 108.780621, 22.522689 ], [ 108.781923, 22.522345 ], [ 108.782687, 22.520912 ], [ 108.781594, 22.518491 ], [ 108.778947, 22.515653 ], [ 108.776934, 22.514381 ], [ 108.775676, 22.513904 ], [ 108.776596, 22.510359 ], [ 108.77506, 22.5101 ], [ 108.772717, 22.511823 ], [ 108.771329, 22.512846 ], [ 108.769532, 22.512259 ], [ 108.769263, 22.510684 ], [ 108.767319, 22.507041 ], [ 108.766025, 22.506184 ], [ 108.762944, 22.505504 ], [ 108.760296, 22.50475 ], [ 108.756441, 22.504779 ], [ 108.755477, 22.505879 ], [ 108.755094, 22.507628 ], [ 108.749519, 22.507949 ], [ 108.746435, 22.507666 ], [ 108.746296, 22.505828 ], [ 108.749111, 22.504683 ], [ 108.748998, 22.504177 ], [ 108.74872, 22.503804 ], [ 108.747929, 22.50019 ], [ 108.746304, 22.494643 ], [ 108.745279, 22.494521 ], [ 108.745027, 22.495899 ], [ 108.743474, 22.497467 ], [ 108.7421, 22.496742 ], [ 108.740666, 22.494384 ], [ 108.739745, 22.489766 ], [ 108.736573, 22.487809 ], [ 108.733966, 22.486386 ], [ 108.732792, 22.486467 ], [ 108.73181, 22.486536 ], [ 108.730897, 22.486769 ], [ 108.72709, 22.48843 ], [ 108.726569, 22.486498 ], [ 108.725951, 22.486504 ], [ 108.723561, 22.488309 ], [ 108.721004, 22.486666 ], [ 108.720004, 22.487155 ], [ 108.719596, 22.489464 ], [ 108.716961, 22.489423 ], [ 108.713657, 22.488629 ], [ 108.712187, 22.487329 ], [ 108.71063, 22.484543 ], [ 108.712839, 22.482452 ], [ 108.712264, 22.478133 ], [ 108.713221, 22.475345 ], [ 108.713343, 22.474759 ], [ 108.715473, 22.468894 ], [ 108.715751, 22.465605 ], [ 108.716151, 22.46091 ], [ 108.71656, 22.459962 ], [ 108.719186, 22.457652 ], [ 108.721272, 22.45719 ], [ 108.721629, 22.45624 ], [ 108.720915, 22.450916 ], [ 108.720124, 22.450585 ], [ 108.716672, 22.451594 ], [ 108.714054, 22.452068 ], [ 108.71282, 22.45193 ], [ 108.712046, 22.45222 ], [ 108.711576, 22.452772 ], [ 108.70761, 22.452198 ], [ 108.707671, 22.4488 ], [ 108.7054, 22.447488 ], [ 108.703217, 22.44756 ], [ 108.699859, 22.450161 ], [ 108.699111, 22.453308 ], [ 108.699207, 22.453473 ], [ 108.70046, 22.455277 ], [ 108.700007, 22.458006 ], [ 108.698476, 22.461317 ], [ 108.695231, 22.463194 ], [ 108.692604, 22.463346 ], [ 108.691055, 22.463064 ], [ 108.688854, 22.462606 ], [ 108.687636, 22.458478 ], [ 108.683598, 22.454754 ], [ 108.683128, 22.453318 ], [ 108.683589, 22.451449 ], [ 108.682867, 22.449722 ], [ 108.682371, 22.446351 ], [ 108.677829, 22.444563 ], [ 108.676898, 22.443711 ], [ 108.67628, 22.442421 ], [ 108.677184, 22.43624 ], [ 108.675949, 22.434521 ], [ 108.673913, 22.431021 ], [ 108.665794, 22.430038 ], [ 108.661905, 22.429869 ], [ 108.660165, 22.431009 ], [ 108.660583, 22.43367 ], [ 108.657538, 22.437659 ], [ 108.656694, 22.440195 ], [ 108.653145, 22.446618 ], [ 108.650553, 22.448925 ], [ 108.648239, 22.450043 ], [ 108.646639, 22.450271 ], [ 108.645691, 22.450597 ], [ 108.64229, 22.451755 ], [ 108.639612, 22.454687 ], [ 108.639186, 22.459567 ], [ 108.638369, 22.460616 ], [ 108.635603, 22.461113 ], [ 108.633569, 22.460009 ], [ 108.630917, 22.455162 ], [ 108.629639, 22.45408 ], [ 108.629604, 22.453183 ], [ 108.628891, 22.452284 ], [ 108.629726, 22.450436 ], [ 108.631012, 22.449837 ], [ 108.633559, 22.447231 ], [ 108.63316, 22.445312 ], [ 108.631881, 22.444011 ], [ 108.629769, 22.442709 ], [ 108.625883, 22.439062 ], [ 108.621051, 22.437063 ], [ 108.620216, 22.43731 ], [ 108.617914, 22.438393 ], [ 108.616688, 22.436142 ], [ 108.616262, 22.433809 ], [ 108.615332, 22.428685 ], [ 108.612022, 22.425136 ], [ 108.611909, 22.42427 ], [ 108.610294, 22.420973 ], [ 108.606576, 22.417253 ], [ 108.605404, 22.415959 ], [ 108.603632, 22.414023 ], [ 108.601609, 22.413123 ], [ 108.598127, 22.413791 ], [ 108.59423, 22.415893 ], [ 108.59364, 22.416774 ], [ 108.593944, 22.419137 ], [ 108.593588, 22.420168 ], [ 108.590351, 22.423437 ], [ 108.583844, 22.430732 ], [ 108.582135, 22.42985 ], [ 108.575517, 22.425413 ], [ 108.573289, 22.423296 ], [ 108.570358, 22.423645 ], [ 108.569352, 22.423498 ], [ 108.568434, 22.425852 ], [ 108.567532, 22.426198 ], [ 108.565669, 22.42647 ], [ 108.562436, 22.427565 ], [ 108.559784, 22.428961 ], [ 108.556813, 22.430118 ], [ 108.555487, 22.432371 ], [ 108.554482, 22.433884 ], [ 108.553668, 22.433722 ], [ 108.553096, 22.433596 ], [ 108.553365, 22.432823 ], [ 108.554032, 22.431335 ], [ 108.55372, 22.430676 ], [ 108.551615, 22.430109 ], [ 108.551216, 22.430761 ], [ 108.551459, 22.432807 ], [ 108.548107, 22.433958 ], [ 108.545137, 22.437343 ], [ 108.544799, 22.438948 ], [ 108.541093, 22.442407 ], [ 108.539846, 22.441859 ], [ 108.536686, 22.439799 ], [ 108.533188, 22.438055 ], [ 108.531837, 22.437227 ], [ 108.530496, 22.435697 ], [ 108.531015, 22.435305 ], [ 108.531517, 22.431169 ], [ 108.52956, 22.430426 ], [ 108.527786, 22.429288 ], [ 108.526687, 22.428638 ], [ 108.523441, 22.428436 ], [ 108.522342, 22.427945 ], [ 108.517919, 22.428275 ], [ 108.516448, 22.427621 ], [ 108.513705, 22.428118 ], [ 108.512095, 22.428841 ], [ 108.507682, 22.427617 ], [ 108.503242, 22.427242 ], [ 108.501278, 22.429023 ], [ 108.500906, 22.430294 ], [ 108.499938, 22.433682 ], [ 108.49844, 22.43483 ], [ 108.49671, 22.435979 ], [ 108.492695, 22.437201 ], [ 108.492651, 22.439645 ], [ 108.490912, 22.441321 ], [ 108.488022, 22.443836 ], [ 108.486421, 22.444346 ], [ 108.484058, 22.442723 ], [ 108.482492, 22.44079 ], [ 108.480025, 22.438844 ], [ 108.479099, 22.439684 ], [ 108.477272, 22.439659 ], [ 108.47626, 22.438796 ], [ 108.4722, 22.436726 ], [ 108.469516, 22.433716 ], [ 108.471247, 22.432781 ], [ 108.473308, 22.432066 ], [ 108.473342, 22.430154 ], [ 108.471974, 22.428791 ], [ 108.468927, 22.427019 ], [ 108.468875, 22.426062 ], [ 108.471706, 22.425955 ], [ 108.472398, 22.425726 ], [ 108.475826, 22.425133 ], [ 108.476519, 22.424664 ], [ 108.474026, 22.420726 ], [ 108.472727, 22.417047 ], [ 108.472233, 22.416083 ], [ 108.470632, 22.414867 ], [ 108.467792, 22.415944 ], [ 108.465212, 22.416548 ], [ 108.463567, 22.41756 ], [ 108.461168, 22.417846 ], [ 108.45993, 22.415442 ], [ 108.456621, 22.414041 ], [ 108.455686, 22.414109 ], [ 108.456327, 22.416414 ], [ 108.454959, 22.416501 ], [ 108.451901, 22.41529 ], [ 108.45113, 22.413688 ], [ 108.451502, 22.412205 ], [ 108.448531, 22.412165 ], [ 108.44406, 22.413801 ], [ 108.440048, 22.414593 ], [ 108.441495, 22.416524 ], [ 108.44426, 22.421558 ], [ 108.443896, 22.4224 ], [ 108.441253, 22.423533 ], [ 108.440889, 22.424909 ], [ 108.441764, 22.426832 ], [ 108.440031, 22.428083 ], [ 108.436781, 22.43133 ], [ 108.437657, 22.433041 ], [ 108.437743, 22.434425 ], [ 108.437934, 22.436764 ], [ 108.438576, 22.439004 ], [ 108.441029, 22.442225 ], [ 108.441107, 22.444352 ], [ 108.442112, 22.445429 ], [ 108.443342, 22.446507 ], [ 108.444339, 22.448116 ], [ 108.445457, 22.449618 ], [ 108.446341, 22.451331 ], [ 108.446194, 22.452709 ], [ 108.443785, 22.453843 ], [ 108.441411, 22.452324 ], [ 108.439937, 22.451983 ], [ 108.439122, 22.452926 ], [ 108.438603, 22.456425 ], [ 108.438221, 22.458437 ], [ 108.436003, 22.461062 ], [ 108.434945, 22.462851 ], [ 108.434009, 22.464007 ], [ 108.433966, 22.466238 ], [ 108.435075, 22.467847 ], [ 108.436774, 22.468827 ], [ 108.437208, 22.470109 ], [ 108.436272, 22.471159 ], [ 108.436783, 22.474671 ], [ 108.438352, 22.47618 ], [ 108.439115, 22.47821 ], [ 108.439627, 22.481191 ], [ 108.44097, 22.482593 ], [ 108.441845, 22.484623 ], [ 108.441126, 22.486631 ], [ 108.439352, 22.488171 ], [ 108.436715, 22.490604 ], [ 108.434149, 22.493648 ], [ 108.432268, 22.496596 ], [ 108.432103, 22.499143 ], [ 108.432641, 22.500955 ], [ 108.434115, 22.501615 ], [ 108.435597, 22.501743 ], [ 108.437851, 22.503474 ], [ 108.43896, 22.505087 ], [ 108.440651, 22.506385 ], [ 108.442921, 22.506947 ], [ 108.441439, 22.513196 ], [ 108.440521, 22.513394 ], [ 108.437982, 22.514952 ], [ 108.434731, 22.517665 ], [ 108.433188, 22.520831 ], [ 108.431082, 22.523774 ], [ 108.430353, 22.526208 ], [ 108.429721, 22.529171 ], [ 108.43012, 22.532682 ], [ 108.430614, 22.536729 ], [ 108.429773, 22.538947 ], [ 108.427458, 22.540717 ], [ 108.426487, 22.543569 ], [ 108.422341, 22.545313 ], [ 108.421136, 22.548802 ], [ 108.423166, 22.550213 ], [ 108.423114, 22.553189 ], [ 108.421205, 22.553893 ], [ 108.420807, 22.556541 ], [ 108.421492, 22.556979 ], [ 108.424224, 22.557233 ], [ 108.425334, 22.55916 ], [ 108.423496, 22.559664 ], [ 108.421917, 22.558578 ], [ 108.421102, 22.559204 ], [ 108.421509, 22.56176 ], [ 108.420894, 22.564407 ], [ 108.419297, 22.563956 ], [ 108.417806, 22.564675 ], [ 108.417736, 22.568287 ], [ 108.419159, 22.571498 ], [ 108.421233, 22.570572 ], [ 108.421718, 22.5692 ], [ 108.423808, 22.567423 ], [ 108.427433, 22.569074 ], [ 108.427373, 22.572366 ], [ 108.42909, 22.572499 ], [ 108.430217, 22.572941 ], [ 108.431327, 22.574659 ], [ 108.431284, 22.578737 ], [ 108.431059, 22.580347 ], [ 108.434579, 22.581296 ], [ 108.43841, 22.582786 ], [ 108.441079, 22.584321 ], [ 108.443081, 22.585822 ], [ 108.443541, 22.588877 ], [ 108.44127, 22.590159 ], [ 108.440603, 22.591465 ], [ 108.440378, 22.593073 ], [ 108.441167, 22.595477 ], [ 108.440248, 22.596479 ], [ 108.437518, 22.59841 ], [ 108.435715, 22.598384 ], [ 108.434814, 22.598611 ], [ 108.43438, 22.601104 ], [ 108.433834, 22.602769 ], [ 108.432681, 22.605062 ], [ 108.432066, 22.607273 ], [ 108.435334, 22.609871 ], [ 108.438394, 22.611404 ], [ 108.440838, 22.615053 ], [ 108.441246, 22.61782 ], [ 108.441827, 22.623143 ], [ 108.438828, 22.62501 ], [ 108.438351, 22.626065 ], [ 108.440033, 22.627472 ], [ 108.442182, 22.628671 ], [ 108.442711, 22.631016 ], [ 108.442044, 22.63632 ], [ 108.444159, 22.639431 ], [ 108.446256, 22.643181 ], [ 108.44908, 22.644814 ], [ 108.448587, 22.647144 ], [ 108.447417, 22.648616 ], [ 108.444428, 22.64953 ], [ 108.441655, 22.651297 ], [ 108.439922, 22.652336 ], [ 108.437833, 22.654109 ], [ 108.437096, 22.656542 ], [ 108.438059, 22.660486 ], [ 108.434947, 22.661611 ], [ 108.430569, 22.663352 ], [ 108.42939, 22.665459 ], [ 108.429641, 22.670139 ], [ 108.428142, 22.67713 ], [ 108.428177, 22.681273 ], [ 108.428723, 22.682662 ], [ 108.430214, 22.682685 ], [ 108.431038, 22.681103 ], [ 108.430977, 22.678447 ], [ 108.432026, 22.677399 ], [ 108.434193, 22.677431 ], [ 108.439784, 22.678044 ], [ 108.443988, 22.679594 ], [ 108.444039, 22.682781 ], [ 108.443104, 22.684043 ], [ 108.439768, 22.685058 ], [ 108.434229, 22.688165 ], [ 108.434645, 22.690296 ], [ 108.436795, 22.691602 ], [ 108.441319, 22.693901 ], [ 108.441059, 22.695597 ], [ 108.439335, 22.696209 ], [ 108.435191, 22.697637 ], [ 108.43468, 22.700496 ], [ 108.434143, 22.705057 ], [ 108.433857, 22.708242 ], [ 108.437056, 22.708288 ], [ 108.437723, 22.708938 ], [ 108.436674, 22.710197 ], [ 108.434828, 22.711339 ], [ 108.434612, 22.716436 ], [ 108.433996, 22.719083 ], [ 108.436033, 22.719964 ], [ 108.437741, 22.720627 ], [ 108.44509, 22.724771 ], [ 108.446191, 22.727441 ], [ 108.44295, 22.729203 ], [ 108.439267, 22.73085 ], [ 108.438054, 22.732944 ], [ 108.438037, 22.735189 ], [ 108.438011, 22.736569 ], [ 108.438331, 22.737743 ], [ 108.439692, 22.738718 ], [ 108.439536, 22.740629 ], [ 108.436425, 22.742179 ], [ 108.435142, 22.743222 ], [ 108.435576, 22.744715 ], [ 108.434995, 22.745346 ], [ 108.431067, 22.747304 ], [ 108.429273, 22.751315 ], [ 108.429256, 22.752164 ], [ 108.430591, 22.754206 ], [ 108.432403, 22.755506 ], [ 108.434891, 22.756818 ], [ 108.434874, 22.757882 ], [ 108.433443, 22.759855 ], [ 108.431344, 22.760236 ], [ 108.428918, 22.760433 ], [ 108.429952, 22.76371 ], [ 108.429143, 22.764596 ], [ 108.425336, 22.765195 ], [ 108.425822, 22.768132 ], [ 108.426924, 22.770931 ], [ 108.428988, 22.773586 ], [ 108.429431, 22.777773 ], [ 108.429404, 22.78111 ], [ 108.430419, 22.783364 ], [ 108.43224, 22.785199 ], [ 108.43439, 22.785978 ], [ 108.437987, 22.785756 ], [ 108.440145, 22.785238 ], [ 108.442156, 22.784323 ], [ 108.447129, 22.784284 ], [ 108.451063, 22.785039 ], [ 108.454987, 22.78697 ], [ 108.456529, 22.788536 ], [ 108.458911, 22.790324 ], [ 108.462028, 22.793398 ], [ 108.463994, 22.796536 ], [ 108.466098, 22.801809 ], [ 108.468245, 22.805032 ], [ 108.470505, 22.806619 ], [ 108.474894, 22.807335 ], [ 108.477205, 22.806545 ], [ 108.478979, 22.804152 ], [ 108.482146, 22.793415 ], [ 108.485046, 22.789375 ], [ 108.490264, 22.786384 ], [ 108.491882, 22.783637 ], [ 108.491406, 22.77504 ], [ 108.489501, 22.768168 ], [ 108.488792, 22.763937 ], [ 108.489189, 22.759425 ], [ 108.491439, 22.75596 ], [ 108.494918, 22.754111 ], [ 108.49882, 22.754889 ], [ 108.501278, 22.757105 ], [ 108.502152, 22.760613 ], [ 108.502749, 22.762512 ], [ 108.502603, 22.770376 ], [ 108.500111, 22.778643 ], [ 108.499782, 22.783831 ], [ 108.500873, 22.788104 ], [ 108.502708, 22.79064 ], [ 108.507138, 22.792444 ], [ 108.514035, 22.793734 ], [ 108.518163, 22.793021 ], [ 108.518855, 22.791979 ], [ 108.51863, 22.790009 ], [ 108.516155, 22.785635 ], [ 108.515237, 22.782837 ], [ 108.515549, 22.780056 ], [ 108.517098, 22.777207 ], [ 108.518353, 22.775996 ], [ 108.520023, 22.775933 ], [ 108.522117, 22.777025 ], [ 108.524489, 22.782218 ], [ 108.526636, 22.785277 ], [ 108.528549, 22.786531 ], [ 108.53189, 22.787147 ], [ 108.538098, 22.789768 ], [ 108.544982, 22.794199 ], [ 108.551322, 22.799198 ], [ 108.557533, 22.802066 ], [ 108.562975, 22.803532 ], [ 108.567266, 22.805314 ], [ 108.571063, 22.809954 ], [ 108.573109, 22.808918 ], [ 108.574591, 22.804456 ], [ 108.577496, 22.7998 ], [ 108.578961, 22.796651 ], [ 108.582193, 22.796868 ], [ 108.583958, 22.79694 ], [ 108.586265, 22.796646 ], [ 108.588391, 22.796241 ], [ 108.588192, 22.795683 ], [ 108.58958, 22.792385 ], [ 108.589311, 22.788819 ], [ 108.591228, 22.7886 ], [ 108.591897, 22.788609 ], [ 108.597512, 22.785744 ], [ 108.59838, 22.784762 ], [ 108.598302, 22.782251 ], [ 108.597789, 22.778161 ], [ 108.59706, 22.777366 ], [ 108.594829, 22.77715 ], [ 108.594335, 22.776866 ], [ 108.594778, 22.77443 ], [ 108.594743, 22.773416 ], [ 108.594959, 22.772543 ], [ 108.596314, 22.77187 ], [ 108.597268, 22.771425 ], [ 108.597572, 22.770691 ], [ 108.598579, 22.767819 ], [ 108.598588, 22.7673 ], [ 108.599039, 22.764041 ], [ 108.599048, 22.763316 ], [ 108.598735, 22.762352 ], [ 108.598752, 22.761211 ], [ 108.598579, 22.759811 ], [ 108.59824, 22.758326 ], [ 108.598344, 22.757397 ], [ 108.599117, 22.756266 ], [ 108.599282, 22.754998 ], [ 108.600506, 22.753385 ], [ 108.601374, 22.752022 ], [ 108.602459, 22.749006 ], [ 108.603223, 22.748214 ], [ 108.602077, 22.747081 ], [ 108.600974, 22.746082 ], [ 108.599281, 22.745173 ], [ 108.598543, 22.744255 ], [ 108.597302, 22.743226 ], [ 108.596929, 22.742573 ], [ 108.597093, 22.741073 ], [ 108.59797, 22.738984 ], [ 108.598091, 22.738053 ], [ 108.59863, 22.737595 ], [ 108.599385, 22.737529 ], [ 108.599645, 22.736598 ], [ 108.600973, 22.731747 ], [ 108.601052, 22.730166 ], [ 108.601008, 22.729725 ], [ 108.60093, 22.729489 ], [ 108.601164, 22.728924 ], [ 108.602111, 22.728651 ], [ 108.602241, 22.728341 ], [ 108.60139, 22.724854 ], [ 108.601268, 22.724579 ], [ 108.600209, 22.723999 ], [ 108.599923, 22.723626 ], [ 108.599983, 22.723179 ], [ 108.600521, 22.722799 ], [ 108.60132, 22.721748 ], [ 108.60152, 22.721336 ], [ 108.602284, 22.720671 ], [ 108.602519, 22.720365 ], [ 108.602675, 22.719486 ], [ 108.603152, 22.719052 ], [ 108.603795, 22.719063 ], [ 108.605219, 22.719291 ], [ 108.606374, 22.720138 ], [ 108.609301, 22.720649 ], [ 108.609579, 22.721018 ], [ 108.610491, 22.721446 ], [ 108.611134, 22.723085 ], [ 108.611099, 22.723801 ], [ 108.611299, 22.724242 ], [ 108.614418, 22.726968 ], [ 108.614635, 22.72715 ], [ 108.614922, 22.727279 ], [ 108.615069, 22.727233 ], [ 108.617189, 22.726826 ], [ 108.617398, 22.726789 ], [ 108.618623, 22.726458 ], [ 108.618675, 22.725759 ], [ 108.618371, 22.724122 ], [ 108.618189, 22.723519 ], [ 108.61798, 22.720987 ], [ 108.617546, 22.719696 ], [ 108.617763, 22.719446 ], [ 108.618979, 22.719234 ], [ 108.61957, 22.718811 ], [ 108.620552, 22.718332 ], [ 108.622246, 22.715637 ], [ 108.62209, 22.713612 ], [ 108.621716, 22.71252 ], [ 108.620804, 22.711779 ], [ 108.620752, 22.711545 ], [ 108.619969, 22.711507 ], [ 108.619848, 22.710571 ], [ 108.619883, 22.710105 ], [ 108.61983, 22.7086 ], [ 108.619752, 22.707925 ], [ 108.619908, 22.70544 ], [ 108.619691, 22.703675 ], [ 108.621046, 22.70271 ], [ 108.622689, 22.701492 ], [ 108.622559, 22.701075 ], [ 108.622498, 22.699774 ], [ 108.623428, 22.697507 ], [ 108.624931, 22.695112 ], [ 108.626078, 22.69309 ], [ 108.626131, 22.69233 ], [ 108.625756, 22.690183 ], [ 108.629181, 22.686123 ], [ 108.629199, 22.685502 ], [ 108.629042, 22.684271 ], [ 108.62912, 22.683279 ], [ 108.629042, 22.681879 ], [ 108.631093, 22.679722 ], [ 108.633641, 22.679278 ], [ 108.63671, 22.678361 ], [ 108.637432, 22.677472 ], [ 108.638858, 22.67722 ], [ 108.639449, 22.677505 ], [ 108.639327, 22.677987 ], [ 108.639267, 22.679367 ], [ 108.639606, 22.679444 ], [ 108.64125, 22.679366 ], [ 108.643163, 22.680641 ], [ 108.643606, 22.680787 ], [ 108.64712, 22.68036 ], [ 108.647642, 22.680472 ], [ 108.65033, 22.680483 ], [ 108.650556, 22.680453 ], [ 108.652148, 22.67899 ], [ 108.653366, 22.677627 ], [ 108.655088, 22.67738 ], [ 108.655462, 22.67704 ], [ 108.655828, 22.67556 ], [ 108.656358, 22.675016 ], [ 108.657672, 22.67445 ], [ 108.660273, 22.675425 ], [ 108.6609, 22.675609 ], [ 108.662405, 22.674736 ], [ 108.664998, 22.67381 ], [ 108.667956, 22.671404 ], [ 108.668408, 22.671066 ], [ 108.668495, 22.670344 ], [ 108.668234, 22.667779 ], [ 108.667877, 22.666841 ], [ 108.666772, 22.664163 ], [ 108.666807, 22.661916 ], [ 108.668842, 22.660602 ], [ 108.670792, 22.659977 ], [ 108.67127, 22.658506 ], [ 108.672323, 22.658456 ], [ 108.673733, 22.658584 ], [ 108.676108, 22.659659 ], [ 108.676909, 22.66088 ], [ 108.677814, 22.66228 ], [ 108.678258, 22.662873 ], [ 108.67958, 22.663931 ], [ 108.679589, 22.665626 ], [ 108.679581, 22.666076 ], [ 108.68032, 22.666743 ], [ 108.681399, 22.666519 ], [ 108.683148, 22.666859 ], [ 108.684331, 22.667537 ], [ 108.68474, 22.667681 ], [ 108.685515, 22.668212 ], [ 108.686333, 22.670471 ], [ 108.687464, 22.672426 ], [ 108.689178, 22.672349 ], [ 108.691745, 22.670732 ], [ 108.69298, 22.670407 ], [ 108.693259, 22.669685 ], [ 108.695094, 22.668551 ], [ 108.695381, 22.668295 ], [ 108.696295, 22.665433 ], [ 108.697399, 22.664856 ], [ 108.699827, 22.665283 ], [ 108.701714, 22.665323 ], [ 108.701949, 22.664911 ], [ 108.702749, 22.661643 ], [ 108.702323, 22.660599 ], [ 108.702297, 22.659526 ], [ 108.702349, 22.658662 ], [ 108.702801, 22.658429 ], [ 108.704298, 22.660493 ], [ 108.705368, 22.661201 ], [ 108.709456, 22.662338 ], [ 108.710804, 22.662047 ], [ 108.711917, 22.662272 ], [ 108.712422, 22.663108 ], [ 108.713596, 22.664579 ], [ 108.714387, 22.666389 ], [ 108.71357, 22.668104 ], [ 108.713414, 22.668621 ], [ 108.713892, 22.668973 ], [ 108.717022, 22.66909 ], [ 108.720162, 22.668931 ], [ 108.720683, 22.669079 ], [ 108.72277, 22.669112 ], [ 108.726152, 22.670062 ], [ 108.726961, 22.670454 ], [ 108.728004, 22.670401 ], [ 108.728821, 22.671 ], [ 108.729134, 22.672353 ], [ 108.728299, 22.672825 ], [ 108.727847, 22.673059 ], [ 108.728091, 22.674342 ], [ 108.729482, 22.675848 ], [ 108.730629, 22.676249 ], [ 108.730951, 22.677358 ], [ 108.730899, 22.678152 ], [ 108.731394, 22.680892 ], [ 108.733376, 22.684286 ], [ 108.735115, 22.6874 ], [ 108.735358, 22.687672 ], [ 108.7378, 22.689056 ], [ 108.738791, 22.689901 ], [ 108.739373, 22.690841 ], [ 108.738982, 22.692046 ], [ 108.737922, 22.692998 ], [ 108.737626, 22.695069 ], [ 108.736401, 22.697019 ], [ 108.736731, 22.697369 ], [ 108.738104, 22.697598 ], [ 108.740312, 22.697146 ], [ 108.742223, 22.696864 ], [ 108.745933, 22.697137 ], [ 108.746428, 22.697096 ], [ 108.746967, 22.698142 ], [ 108.746636, 22.699297 ], [ 108.746567, 22.699512 ], [ 108.746932, 22.700606 ], [ 108.747192, 22.701017 ], [ 108.747592, 22.70116 ], [ 108.747992, 22.701166 ], [ 108.748426, 22.701062 ], [ 108.749147, 22.701058 ], [ 108.749677, 22.701328 ], [ 108.750259, 22.702035 ], [ 108.750102, 22.702849 ], [ 108.750215, 22.703071 ], [ 108.750085, 22.704492 ], [ 108.750276, 22.704864 ], [ 108.752343, 22.706229 ], [ 108.754202, 22.707777 ], [ 108.754923, 22.709123 ], [ 108.755505, 22.710054 ], [ 108.75593, 22.711671 ], [ 108.755166, 22.712859 ], [ 108.755097, 22.713918 ], [ 108.755123, 22.715301 ], [ 108.755427, 22.717749 ], [ 108.755818, 22.718123 ], [ 108.757867, 22.71746 ], [ 108.759065, 22.717521 ], [ 108.759534, 22.718727 ], [ 108.758214, 22.720827 ], [ 108.758527, 22.722676 ], [ 108.758675, 22.722909 ], [ 108.760133, 22.724728 ], [ 108.760637, 22.724686 ], [ 108.763806, 22.722195 ], [ 108.765047, 22.721936 ], [ 108.767087, 22.722103 ], [ 108.769569, 22.721906 ], [ 108.770168, 22.72196 ], [ 108.771791, 22.722582 ], [ 108.771826, 22.723409 ], [ 108.772659, 22.724159 ], [ 108.773396, 22.724537 ], [ 108.774516, 22.723264 ], [ 108.775201, 22.720734 ], [ 108.775617, 22.719636 ], [ 108.775105, 22.717233 ], [ 108.775192, 22.716267 ], [ 108.77547, 22.715409 ], [ 108.776806, 22.714814 ], [ 108.777188, 22.715371 ], [ 108.77691, 22.716413 ], [ 108.777301, 22.717092 ], [ 108.777761, 22.716914 ], [ 108.780459, 22.715511 ], [ 108.78084, 22.715068 ], [ 108.781083, 22.713965 ], [ 108.78091, 22.713132 ], [ 108.779634, 22.711631 ], [ 108.778715, 22.710616 ], [ 108.779009, 22.709435 ], [ 108.779434, 22.707596 ], [ 108.781421, 22.707316 ], [ 108.782427, 22.706835 ], [ 108.783876, 22.707162 ], [ 108.783911, 22.709252 ], [ 108.783972, 22.70956 ], [ 108.788005, 22.709551 ], [ 108.788604, 22.709494 ], [ 108.78954, 22.708709 ], [ 108.790278, 22.707981 ], [ 108.790954, 22.707377 ], [ 108.792671, 22.707459 ], [ 108.793261, 22.708019 ], [ 108.793729, 22.707655 ], [ 108.797128, 22.705793 ], [ 108.798385, 22.705626 ], [ 108.79862, 22.707655 ], [ 108.79914, 22.70852 ], [ 108.801455, 22.708119 ], [ 108.80077, 22.705347 ], [ 108.800284, 22.703066 ], [ 108.800917, 22.700616 ], [ 108.800951, 22.698281 ], [ 108.800969, 22.697421 ], [ 108.801246, 22.696318 ], [ 108.800674, 22.694838 ], [ 108.800908, 22.692565 ], [ 108.802494, 22.692771 ], [ 108.803032, 22.692468 ], [ 108.804774, 22.690771 ], [ 108.806448, 22.6895 ], [ 108.80643, 22.686244 ], [ 108.805078, 22.683952 ], [ 108.805026, 22.683338 ], [ 108.805892, 22.68298 ], [ 108.806482, 22.683355 ], [ 108.808181, 22.682681 ], [ 108.810452, 22.676808 ], [ 108.80916, 22.675134 ], [ 108.809039, 22.674394 ], [ 108.810582, 22.673183 ], [ 108.810452, 22.672998 ], [ 108.810599, 22.672128 ], [ 108.810643, 22.671876 ], [ 108.811085, 22.67102 ], [ 108.812411, 22.670696 ], [ 108.813442, 22.670069 ], [ 108.81339, 22.668394 ], [ 108.808813, 22.664831 ], [ 108.806767, 22.664251 ], [ 108.805224, 22.664231 ], [ 108.804643, 22.665938 ], [ 108.804279, 22.666629 ], [ 108.803117, 22.667642 ], [ 108.802589, 22.667932 ], [ 108.802398, 22.66803 ], [ 108.801696, 22.667758 ], [ 108.800863, 22.665825 ], [ 108.800698, 22.665128 ], [ 108.800594, 22.662906 ], [ 108.799866, 22.661472 ], [ 108.79984, 22.660878 ], [ 108.800117, 22.659388 ], [ 108.800498, 22.657638 ], [ 108.801166, 22.656089 ], [ 108.802388, 22.655141 ], [ 108.802562, 22.654448 ], [ 108.802701, 22.653754 ], [ 108.801123, 22.649957 ], [ 108.800169, 22.649317 ], [ 108.799276, 22.648979 ], [ 108.797654, 22.648331 ], [ 108.797429, 22.647667 ], [ 108.797905, 22.644404 ], [ 108.80035, 22.641891 ], [ 108.804052, 22.639604 ], [ 108.807, 22.639879 ], [ 108.809644, 22.639373 ], [ 108.812037, 22.639523 ], [ 108.812548, 22.639266 ], [ 108.814091, 22.637829 ], [ 108.81455, 22.637372 ], [ 108.816006, 22.635568 ], [ 108.816734, 22.634878 ], [ 108.817211, 22.633792 ], [ 108.818563, 22.631708 ], [ 108.818893, 22.631113 ], [ 108.818095, 22.628653 ], [ 108.818303, 22.623754 ], [ 108.81819, 22.622856 ], [ 108.815876, 22.622894 ], [ 108.815546, 22.622107 ], [ 108.815356, 22.621192 ], [ 108.815303, 22.618717 ], [ 108.814922, 22.615664 ], [ 108.814844, 22.614427 ], [ 108.815147, 22.613547 ], [ 108.816534, 22.61193 ], [ 108.816846, 22.611116 ], [ 108.81688, 22.609178 ], [ 108.817071, 22.60866 ], [ 108.817574, 22.608864 ], [ 108.818293, 22.609294 ], [ 108.81864, 22.609448 ], [ 108.818883, 22.609276 ], [ 108.820503, 22.606514 ], [ 108.82124, 22.60528 ], [ 108.821231, 22.603137 ], [ 108.822679, 22.602948 ], [ 108.823086, 22.60255 ], [ 108.823814, 22.602041 ], [ 108.824499, 22.601304 ], [ 108.824629, 22.60082 ], [ 108.824386, 22.599961 ], [ 108.823467, 22.598591 ], [ 108.822774, 22.597965 ], [ 108.82234, 22.597364 ], [ 108.822176, 22.596902 ], [ 108.822228, 22.59611 ], [ 108.822687, 22.595981 ], [ 108.824446, 22.595116 ], [ 108.824923, 22.594872 ], [ 108.825643, 22.594816 ], [ 108.826527, 22.594383 ], [ 108.830704, 22.590093 ], [ 108.830635, 22.589025 ], [ 108.830764, 22.587757 ], [ 108.831319, 22.586869 ], [ 108.832143, 22.586516 ], [ 108.834248, 22.586208 ], [ 108.834439, 22.585645 ], [ 108.835107, 22.585919 ], [ 108.835809, 22.586591 ], [ 108.836103, 22.588153 ], [ 108.836069, 22.588974 ], [ 108.834223, 22.590416 ], [ 108.833928, 22.590974 ], [ 108.833408, 22.594513 ], [ 108.834041, 22.597206 ], [ 108.834743, 22.597842 ], [ 108.83652, 22.598162 ], [ 108.83834, 22.598185 ], [ 108.839805, 22.597538 ], [ 108.842232, 22.594499 ], [ 108.843203, 22.593392 ], [ 108.843566, 22.592187 ], [ 108.8438, 22.587969 ], [ 108.84328, 22.587165 ], [ 108.843037, 22.586914 ], [ 108.839744, 22.587013 ], [ 108.837577, 22.584144 ], [ 108.837681, 22.582876 ], [ 108.837377, 22.58193 ], [ 108.83736, 22.580958 ], [ 108.837637, 22.580341 ], [ 108.838729, 22.578887 ], [ 108.839111, 22.578619 ], [ 108.846192, 22.576045 ], [ 108.847379, 22.576191 ], [ 108.849468, 22.576434 ], [ 108.851263, 22.577421 ], [ 108.852529, 22.578107 ], [ 108.853387, 22.577984 ], [ 108.853586, 22.577367 ], [ 108.853881, 22.576581 ], [ 108.85408, 22.576049 ], [ 108.856013, 22.573775 ], [ 108.857661, 22.572028 ], [ 108.858389, 22.570754 ], [ 108.860409, 22.567326 ], [ 108.860946, 22.565053 ], [ 108.861388, 22.564145 ], [ 108.861397, 22.563583 ], [ 108.860313, 22.559991 ], [ 108.860512, 22.558636 ], [ 108.860165, 22.558036 ], [ 108.857521, 22.555815 ], [ 108.857218, 22.555824 ], [ 108.857183, 22.557437 ], [ 108.856021, 22.557463 ], [ 108.855068, 22.557137 ], [ 108.854192, 22.556643 ], [ 108.853776, 22.556225 ], [ 108.85388, 22.55578 ], [ 108.854573, 22.555028 ], [ 108.854625, 22.554375 ], [ 108.854296, 22.553926 ], [ 108.853828, 22.552813 ], [ 108.853489, 22.552196 ], [ 108.852935, 22.552344 ], [ 108.851851, 22.552567 ], [ 108.851643, 22.552559 ], [ 108.851418, 22.552548 ], [ 108.850871, 22.552417 ], [ 108.850299, 22.551682 ], [ 108.84984, 22.550644 ], [ 108.849918, 22.550034 ], [ 108.850031, 22.549193 ], [ 108.847959, 22.545284 ], [ 108.847594, 22.544933 ], [ 108.846251, 22.544918 ], [ 108.84476, 22.545049 ], [ 108.843876, 22.54484 ], [ 108.843321, 22.542894 ], [ 108.842827, 22.542044 ], [ 108.842194, 22.541618 ] ] ] } },
{ "type": "Feature", "properties": { "county_name": "横州市" }, "geometry": { "type": "Polygon", "coordinates": [ [ [ 109.250118, 23.132179 ], [ 109.252402, 23.129044 ], [ 109.253097, 23.125414 ], [ 109.250135, 23.121626 ], [ 109.24819, 23.120602 ], [ 109.24786, 23.118556 ], [ 109.247929, 23.117671 ], [ 109.249518, 23.116631 ], [ 109.250369, 23.116242 ], [ 109.250986, 23.114507 ], [ 109.251038, 23.113293 ], [ 109.253799, 23.110356 ], [ 109.255988, 23.109679 ], [ 109.255701, 23.106728 ], [ 109.252149, 23.104325 ], [ 109.250204, 23.104114 ], [ 109.252974, 23.100528 ], [ 109.254163, 23.09551 ], [ 109.255596, 23.096112 ], [ 109.256526, 23.096179 ], [ 109.260261, 23.097864 ], [ 109.262199, 23.098089 ], [ 109.26663, 23.09755 ], [ 109.269106, 23.098344 ], [ 109.271271, 23.099812 ], [ 109.274721, 23.098295 ], [ 109.277754, 23.097951 ], [ 109.281015, 23.096783 ], [ 109.281458, 23.097758 ], [ 109.283831, 23.098134 ], [ 109.285718, 23.099756 ], [ 109.286397, 23.100095 ], [ 109.287014, 23.101642 ], [ 109.289449, 23.101347 ], [ 109.290067, 23.100654 ], [ 109.293171, 23.099969 ], [ 109.296103, 23.099509 ], [ 109.297886, 23.099587 ], [ 109.298129, 23.097078 ], [ 109.299095, 23.096513 ], [ 109.302157, 23.095718 ], [ 109.306359, 23.093619 ], [ 109.308969, 23.092035 ], [ 109.311875, 23.092598 ], [ 109.313893, 23.091832 ], [ 109.318679, 23.092223 ], [ 109.320063, 23.094484 ], [ 109.321621, 23.09613 ], [ 109.32384, 23.096364 ], [ 109.325694, 23.095773 ], [ 109.327025, 23.09116 ], [ 109.327895, 23.087625 ], [ 109.329992, 23.08721 ], [ 109.331733, 23.086026 ], [ 109.333664, 23.084927 ], [ 109.334238, 23.082505 ], [ 109.333943, 23.079977 ], [ 109.335004, 23.079666 ], [ 109.336475, 23.076849 ], [ 109.33872, 23.074539 ], [ 109.342357, 23.072047 ], [ 109.348396, 23.069572 ], [ 109.350171, 23.067159 ], [ 109.349466, 23.064012 ], [ 109.347099, 23.061811 ], [ 109.345489, 23.06049 ], [ 109.344018, 23.055487 ], [ 109.341754, 23.056136 ], [ 109.339832, 23.057046 ], [ 109.338771, 23.053747 ], [ 109.338318, 23.048742 ], [ 109.342095, 23.048287 ], [ 109.345297, 23.041445 ], [ 109.339771, 23.042125 ], [ 109.336864, 23.040774 ], [ 109.331643, 23.040236 ], [ 109.332965, 23.035881 ], [ 109.333435, 23.035163 ], [ 109.335446, 23.035927 ], [ 109.336951, 23.035196 ], [ 109.336037, 23.034471 ], [ 109.331756, 23.033462 ], [ 109.329876, 23.032692 ], [ 109.329554, 23.030442 ], [ 109.328361, 23.029205 ], [ 109.327552, 23.02893 ], [ 109.326795, 23.027923 ], [ 109.325516, 23.027736 ], [ 109.325072, 23.027968 ], [ 109.324967, 23.027518 ], [ 109.325176, 23.027126 ], [ 109.325681, 23.026742 ], [ 109.327004, 23.026241 ], [ 109.327517, 23.02629 ], [ 109.327822, 23.026475 ], [ 109.328022, 23.027739 ], [ 109.32824, 23.027629 ], [ 109.328648, 23.026042 ], [ 109.329031, 23.025911 ], [ 109.32931, 23.026072 ], [ 109.329658, 23.026507 ], [ 109.329789, 23.026149 ], [ 109.329849, 23.024551 ], [ 109.330084, 23.024215 ], [ 109.330606, 23.024409 ], [ 109.330719, 23.023708 ], [ 109.331563, 23.021628 ], [ 109.332503, 23.020631 ], [ 109.332355, 23.018931 ], [ 109.331999, 23.01934 ], [ 109.331416, 23.019786 ], [ 109.331146, 23.020921 ], [ 109.330902, 23.021084 ], [ 109.330484, 23.02105 ], [ 109.329275, 23.019283 ], [ 109.328979, 23.019324 ], [ 109.328961, 23.019621 ], [ 109.329606, 23.020723 ], [ 109.329631, 23.021711 ], [ 109.329301, 23.022008 ], [ 109.328683, 23.022074 ], [ 109.3279, 23.021121 ], [ 109.327734, 23.021316 ], [ 109.328118, 23.022203 ], [ 109.328509, 23.022985 ], [ 109.328875, 23.022632 ], [ 109.32991, 23.022015 ], [ 109.330293, 23.022064 ], [ 109.330067, 23.022914 ], [ 109.329223, 23.023488 ], [ 109.328831, 23.024516 ], [ 109.32857, 23.024694 ], [ 109.328048, 23.024717 ], [ 109.327752, 23.024458 ], [ 109.327517, 23.023376 ], [ 109.327317, 23.02297 ], [ 109.326577, 23.022083 ], [ 109.325916, 23.021528 ], [ 109.325898, 23.021862 ], [ 109.327152, 23.023899 ], [ 109.327526, 23.024859 ], [ 109.327187, 23.02511 ], [ 109.326612, 23.024714 ], [ 109.326247, 23.024321 ], [ 109.325864, 23.024765 ], [ 109.325281, 23.024638 ], [ 109.325141, 23.025293 ], [ 109.325428, 23.025535 ], [ 109.325394, 23.026121 ], [ 109.325098, 23.026314 ], [ 109.324567, 23.026065 ], [ 109.323932, 23.026389 ], [ 109.323218, 23.026508 ], [ 109.322557, 23.026179 ], [ 109.322304, 23.025717 ], [ 109.322104, 23.024656 ], [ 109.321896, 23.024134 ], [ 109.321713, 23.024293 ], [ 109.321643, 23.025191 ], [ 109.322165, 23.026356 ], [ 109.322574, 23.02676 ], [ 109.323462, 23.026929 ], [ 109.323453, 23.027331 ], [ 109.322861, 23.027662 ], [ 109.321704, 23.027508 ], [ 109.319502, 23.024395 ], [ 109.315456, 23.020143 ], [ 109.314673, 23.018895 ], [ 109.313533, 23.018719 ], [ 109.311758, 23.01688 ], [ 109.311783, 23.013829 ], [ 109.310383, 23.013047 ], [ 109.312288, 23.011709 ], [ 109.313837, 23.008723 ], [ 109.314228, 23.007503 ], [ 109.315481, 23.006585 ], [ 109.318997, 23.006914 ], [ 109.32186, 23.005431 ], [ 109.323469, 23.004287 ], [ 109.326428, 23.004158 ], [ 109.327559, 23.003455 ], [ 109.331789, 23.003504 ], [ 109.332163, 23.00065 ], [ 109.333016, 22.99972 ], [ 109.335069, 22.999533 ], [ 109.336383, 22.997238 ], [ 109.343014, 22.993981 ], [ 109.345659, 22.988239 ], [ 109.347243, 22.985146 ], [ 109.349949, 22.983935 ], [ 109.351646, 22.983064 ], [ 109.354578, 22.982324 ], [ 109.356265, 22.980314 ], [ 109.35657, 22.979601 ], [ 109.354977, 22.973916 ], [ 109.354977, 22.973063 ], [ 109.355691, 22.970127 ], [ 109.35797, 22.966145 ], [ 109.357987, 22.965331 ], [ 109.359666, 22.962322 ], [ 109.361515, 22.960335 ], [ 109.364163, 22.959474 ], [ 109.367347, 22.957966 ], [ 109.36993, 22.953944 ], [ 109.377443, 22.947877 ], [ 109.378225, 22.94682 ], [ 109.378669, 22.945241 ], [ 109.378495, 22.943664 ], [ 109.375538, 22.940964 ], [ 109.375216, 22.939533 ], [ 109.376286, 22.937231 ], [ 109.381337, 22.931603 ], [ 109.384553, 22.929426 ], [ 109.385233, 22.929185 ], [ 109.385828, 22.92859 ], [ 109.387038, 22.927932 ], [ 109.388817, 22.928288 ], [ 109.390214, 22.928137 ], [ 109.390241, 22.928377 ], [ 109.390454, 22.928448 ], [ 109.391272, 22.928297 ], [ 109.391655, 22.928021 ], [ 109.392216, 22.927808 ], [ 109.392681, 22.927771 ], [ 109.393151, 22.927761 ], [ 109.393772, 22.927684 ], [ 109.394649, 22.927615 ], [ 109.394961, 22.927626 ], [ 109.395162, 22.927532 ], [ 109.395403, 22.927419 ], [ 109.395527, 22.927354 ], [ 109.395736, 22.927104 ], [ 109.395909, 22.926917 ], [ 109.396085, 22.926789 ], [ 109.396557, 22.926562 ], [ 109.397856, 22.926073 ], [ 109.398891, 22.925816 ], [ 109.399463, 22.925856 ], [ 109.39977, 22.92558 ], [ 109.400338, 22.92544 ], [ 109.401142, 22.925338 ], [ 109.401107, 22.924298 ], [ 109.403648, 22.924104 ], [ 109.403513, 22.925295 ], [ 109.403566, 22.925293 ], [ 109.407424, 22.92592 ], [ 109.410068, 22.926155 ], [ 109.41105, 22.925405 ], [ 109.411536, 22.922539 ], [ 109.411206, 22.920472 ], [ 109.410225, 22.916892 ], [ 109.409244, 22.914341 ], [ 109.410641, 22.912999 ], [ 109.417473, 22.90948 ], [ 109.421118, 22.910032 ], [ 109.425196, 22.911703 ], [ 109.429646, 22.91294 ], [ 109.433784, 22.91218 ], [ 109.43596, 22.909887 ], [ 109.435541, 22.908523 ], [ 109.440977, 22.906655 ], [ 109.444609, 22.904771 ], [ 109.453899, 22.903252 ], [ 109.460977, 22.900276 ], [ 109.466199, 22.897491 ], [ 109.478992, 22.893576 ], [ 109.479765, 22.893179 ], [ 109.482174, 22.891539 ], [ 109.481932, 22.890604 ], [ 109.48181, 22.889024 ], [ 109.482459, 22.887845 ], [ 109.483031, 22.887546 ], [ 109.484182, 22.88263 ], [ 109.484095, 22.881213 ], [ 109.484242, 22.880489 ], [ 109.484943, 22.879521 ], [ 109.48516, 22.878663 ], [ 109.481983, 22.87609 ], [ 109.480208, 22.875247 ], [ 109.478217, 22.875055 ], [ 109.477022, 22.874584 ], [ 109.476199, 22.874917 ], [ 109.472277, 22.875073 ], [ 109.469316, 22.874268 ], [ 109.468441, 22.87373 ], [ 109.467644, 22.872592 ], [ 109.467627, 22.871444 ], [ 109.466518, 22.869736 ], [ 109.46573, 22.869312 ], [ 109.456851, 22.868106 ], [ 109.454503, 22.867266 ], [ 109.452779, 22.866136 ], [ 109.452303, 22.865423 ], [ 109.452129, 22.864134 ], [ 109.452424, 22.862985 ], [ 109.453801, 22.860967 ], [ 109.456114, 22.859512 ], [ 109.459207, 22.858192 ], [ 109.459631, 22.856917 ], [ 109.456018, 22.851243 ], [ 109.455984, 22.851037 ], [ 109.455282, 22.849829 ], [ 109.455715, 22.849042 ], [ 109.456174, 22.848944 ], [ 109.457837, 22.847803 ], [ 109.461701, 22.846624 ], [ 109.465685, 22.844018 ], [ 109.467997, 22.843281 ], [ 109.469695, 22.843266 ], [ 109.470881, 22.844151 ], [ 109.471738, 22.844235 ], [ 109.473556, 22.839187 ], [ 109.474734, 22.83675 ], [ 109.477591, 22.834302 ], [ 109.479547, 22.832028 ], [ 109.480119, 22.830978 ], [ 109.47882, 22.829781 ], [ 109.478292, 22.829509 ], [ 109.477911, 22.828885 ], [ 109.47869, 22.828128 ], [ 109.480335, 22.827682 ], [ 109.481036, 22.825668 ], [ 109.480568, 22.824364 ], [ 109.480958, 22.823562 ], [ 109.483659, 22.823622 ], [ 109.487095, 22.824244 ], [ 109.490359, 22.823791 ], [ 109.49608, 22.823729 ], [ 109.504778, 22.823047 ], [ 109.507357, 22.824131 ], [ 109.511122, 22.825264 ], [ 109.515588, 22.826358 ], [ 109.518557, 22.828357 ], [ 109.51912, 22.828479 ], [ 109.520738, 22.828292 ], [ 109.521353, 22.827923 ], [ 109.526001, 22.823881 ], [ 109.526797, 22.82331 ], [ 109.530909, 22.821197 ], [ 109.531541, 22.818659 ], [ 109.5318, 22.816711 ], [ 109.535012, 22.815205 ], [ 109.531739, 22.811929 ], [ 109.529393, 22.810021 ], [ 109.528813, 22.809729 ], [ 109.526207, 22.809671 ], [ 109.52568, 22.811509 ], [ 109.525299, 22.812112 ], [ 109.524364, 22.812948 ], [ 109.523663, 22.813406 ], [ 109.522979, 22.813599 ], [ 109.521637, 22.813635 ], [ 109.518054, 22.814579 ], [ 109.516037, 22.813965 ], [ 109.515172, 22.813522 ], [ 109.515024, 22.813316 ], [ 109.514471, 22.811043 ], [ 109.514635, 22.808843 ], [ 109.514557, 22.807686 ], [ 109.517188, 22.805412 ], [ 109.511614, 22.799033 ], [ 109.512687, 22.796844 ], [ 109.512557, 22.795197 ], [ 109.510912, 22.791635 ], [ 109.508835, 22.791645 ], [ 109.507277, 22.79 ], [ 109.507684, 22.787921 ], [ 109.509467, 22.785081 ], [ 109.510808, 22.784054 ], [ 109.511405, 22.782187 ], [ 109.51066, 22.777523 ], [ 109.509873, 22.777069 ], [ 109.509613, 22.777024 ], [ 109.508332, 22.777258 ], [ 109.507865, 22.777221 ], [ 109.507268, 22.776956 ], [ 109.506939, 22.776472 ], [ 109.50706, 22.774627 ], [ 109.505839, 22.771878 ], [ 109.507544, 22.770904 ], [ 109.510201, 22.770723 ], [ 109.511526, 22.770914 ], [ 109.513187, 22.771026 ], [ 109.514044, 22.771282 ], [ 109.515048, 22.773978 ], [ 109.518389, 22.772589 ], [ 109.52057, 22.773379 ], [ 109.523799, 22.77248 ], [ 109.524309, 22.770679 ], [ 109.524751, 22.770484 ], [ 109.527054, 22.770962 ], [ 109.52817, 22.771458 ], [ 109.530361, 22.773013 ], [ 109.532109, 22.7726 ], [ 109.533451, 22.771704 ], [ 109.533997, 22.771631 ], [ 109.534291, 22.7717 ], [ 109.534421, 22.771754 ], [ 109.536231, 22.77441 ], [ 109.539253, 22.775123 ], [ 109.542179, 22.775112 ], [ 109.54405, 22.774693 ], [ 109.54599, 22.774851 ], [ 109.547904, 22.772921 ], [ 109.555839, 22.774363 ], [ 109.559434, 22.77281 ], [ 109.559868, 22.772291 ], [ 109.560067, 22.771871 ], [ 109.560154, 22.771381 ], [ 109.560058, 22.770875 ], [ 109.559781, 22.770341 ], [ 109.559382, 22.769107 ], [ 109.559313, 22.768573 ], [ 109.559426, 22.76755 ], [ 109.559651, 22.766638 ], [ 109.560162, 22.765717 ], [ 109.561731, 22.76442 ], [ 109.562398, 22.763542 ], [ 109.566298, 22.761104 ], [ 109.568265, 22.760157 ], [ 109.56921, 22.760294 ], [ 109.570363, 22.76092 ], [ 109.571534, 22.762382 ], [ 109.57175, 22.762507 ], [ 109.572635, 22.76207 ], [ 109.572895, 22.762019 ], [ 109.574291, 22.761167 ], [ 109.575869, 22.760125 ], [ 109.576346, 22.759597 ], [ 109.5756, 22.755632 ], [ 109.576389, 22.753851 ], [ 109.580005, 22.751342 ], [ 109.581193, 22.748686 ], [ 109.581019, 22.747889 ], [ 109.580742, 22.747418 ], [ 109.580213, 22.746933 ], [ 109.578686, 22.746179 ], [ 109.577767, 22.745689 ], [ 109.577359, 22.745364 ], [ 109.576804, 22.744702 ], [ 109.576518, 22.744013 ], [ 109.576449, 22.743561 ], [ 109.576613, 22.740278 ], [ 109.576891, 22.738179 ], [ 109.577012, 22.737623 ], [ 109.577931, 22.735466 ], [ 109.578131, 22.735121 ], [ 109.580836, 22.733391 ], [ 109.583638, 22.731838 ], [ 109.583803, 22.731462 ], [ 109.585746, 22.728519 ], [ 109.586752, 22.72744 ], [ 109.587819, 22.726069 ], [ 109.588401, 22.724369 ], [ 109.588201, 22.723569 ], [ 109.587177, 22.721081 ], [ 109.586873, 22.720472 ], [ 109.586023, 22.719595 ], [ 109.581451, 22.717283 ], [ 109.58617, 22.712768 ], [ 109.58722, 22.710527 ], [ 109.588026, 22.709665 ], [ 109.588269, 22.709676 ], [ 109.589727, 22.710446 ], [ 109.590578, 22.71112 ], [ 109.590899, 22.711482 ], [ 109.591862, 22.71336 ], [ 109.592261, 22.713846 ], [ 109.593086, 22.714399 ], [ 109.593719, 22.714544 ], [ 109.594492, 22.714576 ], [ 109.595568, 22.714494 ], [ 109.59713, 22.713636 ], [ 109.597599, 22.713288 ], [ 109.602052, 22.709498 ], [ 109.607557, 22.703269 ], [ 109.605742, 22.700466 ], [ 109.60628, 22.698202 ], [ 109.606289, 22.697885 ], [ 109.606393, 22.697709 ], [ 109.606966, 22.697603 ], [ 109.608547, 22.697718 ], [ 109.610388, 22.697304 ], [ 109.611248, 22.696551 ], [ 109.613289, 22.693272 ], [ 109.614592, 22.691556 ], [ 109.615582, 22.690686 ], [ 109.616268, 22.690257 ], [ 109.616807, 22.689791 ], [ 109.617945, 22.688434 ], [ 109.6189, 22.68687 ], [ 109.618805, 22.682147 ], [ 109.621377, 22.680686 ], [ 109.621646, 22.679312 ], [ 109.621316, 22.678285 ], [ 109.620125, 22.676719 ], [ 109.616771, 22.674439 ], [ 109.612923, 22.673163 ], [ 109.611629, 22.672531 ], [ 109.611203, 22.672435 ], [ 109.611064, 22.672418 ], [ 109.608181, 22.673255 ], [ 109.60759, 22.674171 ], [ 109.606531, 22.674114 ], [ 109.604507, 22.673473 ], [ 109.604169, 22.67363 ], [ 109.603587, 22.67389 ], [ 109.602997, 22.674316 ], [ 109.60218, 22.675066 ], [ 109.600974, 22.676866 ], [ 109.600601, 22.677218 ], [ 109.598213, 22.678418 ], [ 109.596651, 22.679202 ], [ 109.593943, 22.677963 ], [ 109.593543, 22.677938 ], [ 109.592997, 22.678068 ], [ 109.592346, 22.678368 ], [ 109.591791, 22.678618 ], [ 109.591721, 22.678629 ], [ 109.589682, 22.679463 ], [ 109.58779, 22.679946 ], [ 109.584641, 22.681079 ], [ 109.584121, 22.681269 ], [ 109.583219, 22.681393 ], [ 109.582473, 22.681402 ], [ 109.5821, 22.681229 ], [ 109.581909, 22.681138 ], [ 109.581579, 22.680689 ], [ 109.58125, 22.678877 ], [ 109.579445, 22.677852 ], [ 109.579124, 22.677611 ], [ 109.578778, 22.677084 ], [ 109.5785, 22.676828 ], [ 109.578483, 22.676813 ], [ 109.576991, 22.676591 ], [ 109.57667, 22.675161 ], [ 109.577719, 22.674044 ], [ 109.577641, 22.673747 ], [ 109.57765, 22.673693 ], [ 109.577702, 22.673184 ], [ 109.577407, 22.672215 ], [ 109.577329, 22.672093 ], [ 109.577234, 22.671972 ], [ 109.577034, 22.671876 ], [ 109.576245, 22.671906 ], [ 109.575959, 22.671789 ], [ 109.575664, 22.671596 ], [ 109.57543, 22.671292 ], [ 109.575092, 22.670848 ], [ 109.57373, 22.67002 ], [ 109.572621, 22.669438 ], [ 109.572499, 22.669377 ], [ 109.572222, 22.669117 ], [ 109.572074, 22.668978 ], [ 109.57158, 22.668497 ], [ 109.570418, 22.667344 ], [ 109.569031, 22.665636 ], [ 109.568797, 22.665189 ], [ 109.568762, 22.664629 ], [ 109.568797, 22.663841 ], [ 109.56878, 22.663669 ], [ 109.568762, 22.663469 ], [ 109.568736, 22.663248 ], [ 109.568788, 22.662538 ], [ 109.568788, 22.662013 ], [ 109.569074, 22.660795 ], [ 109.569326, 22.659711 ], [ 109.569204, 22.659397 ], [ 109.568441, 22.657377 ], [ 109.567409, 22.656641 ], [ 109.564601, 22.655883 ], [ 109.563509, 22.656041 ], [ 109.561794, 22.657822 ], [ 109.561256, 22.657999 ], [ 109.557262, 22.659317 ], [ 109.55688, 22.659522 ], [ 109.556724, 22.659633 ], [ 109.556534, 22.659659 ], [ 109.556412, 22.659571 ], [ 109.556352, 22.659458 ], [ 109.556317, 22.659256 ], [ 109.556343, 22.659089 ], [ 109.556334, 22.658822 ], [ 109.556282, 22.658021 ], [ 109.556092, 22.657125 ], [ 109.556031, 22.656864 ], [ 109.555867, 22.656127 ], [ 109.555641, 22.655513 ], [ 109.554913, 22.653568 ], [ 109.554575, 22.652663 ], [ 109.554506, 22.652646 ], [ 109.553232, 22.652364 ], [ 109.553163, 22.652338 ], [ 109.553025, 22.652289 ], [ 109.552851, 22.652272 ], [ 109.552756, 22.652292 ], [ 109.551985, 22.652124 ], [ 109.551942, 22.652094 ], [ 109.551457, 22.651962 ], [ 109.551119, 22.651837 ], [ 109.551024, 22.651776 ], [ 109.548858, 22.649854 ], [ 109.548719, 22.649824 ], [ 109.548581, 22.649793 ], [ 109.545879, 22.649984 ], [ 109.545376, 22.650148 ], [ 109.545177, 22.650201 ], [ 109.544952, 22.650214 ], [ 109.544753, 22.650208 ], [ 109.544597, 22.650152 ], [ 109.544311, 22.649953 ], [ 109.543895, 22.649744 ], [ 109.54341, 22.64956 ], [ 109.543263, 22.649513 ], [ 109.54309, 22.6495 ], [ 109.542025, 22.649516 ], [ 109.541618, 22.649478 ], [ 109.540024, 22.649317 ], [ 109.538959, 22.649311 ], [ 109.536985, 22.648771 ], [ 109.536821, 22.648737 ], [ 109.53605, 22.64847 ], [ 109.535366, 22.648165 ], [ 109.534309, 22.647708 ], [ 109.533582, 22.647213 ], [ 109.533011, 22.646754 ], [ 109.532465, 22.646261 ], [ 109.53218, 22.646027 ], [ 109.531556, 22.645664 ], [ 109.531141, 22.645381 ], [ 109.529911, 22.644991 ], [ 109.526501, 22.643918 ], [ 109.526059, 22.643735 ], [ 109.525791, 22.643601 ], [ 109.523194, 22.642328 ], [ 109.523038, 22.642274 ], [ 109.522847, 22.64225 ], [ 109.521835, 22.641513 ], [ 109.520969, 22.642799 ], [ 109.51948, 22.641761 ], [ 109.517896, 22.638314 ], [ 109.518113, 22.635967 ], [ 109.517957, 22.635532 ], [ 109.517801, 22.635528 ], [ 109.517637, 22.635626 ], [ 109.517533, 22.635691 ], [ 109.517429, 22.635802 ], [ 109.516598, 22.63676 ], [ 109.515992, 22.637335 ], [ 109.515655, 22.637538 ], [ 109.515049, 22.637756 ], [ 109.514616, 22.637886 ], [ 109.513906, 22.637879 ], [ 109.513422, 22.637889 ], [ 109.513153, 22.637947 ], [ 109.512885, 22.638052 ], [ 109.512227, 22.638507 ], [ 109.511544, 22.639034 ], [ 109.510998, 22.639514 ], [ 109.510583, 22.640003 ], [ 109.510185, 22.640397 ], [ 109.509562, 22.641018 ], [ 109.509285, 22.641262 ], [ 109.508956, 22.641506 ], [ 109.508004, 22.642084 ], [ 109.507606, 22.642306 ], [ 109.507078, 22.642545 ], [ 109.506593, 22.642768 ], [ 109.506429, 22.642866 ], [ 109.50584, 22.643391 ], [ 109.505451, 22.643661 ], [ 109.504776, 22.644117 ], [ 109.499194, 22.647162 ], [ 109.493187, 22.651388 ], [ 109.491647, 22.65212 ], [ 109.48963, 22.651004 ], [ 109.487301, 22.646941 ], [ 109.483839, 22.645494 ], [ 109.478549, 22.64341 ], [ 109.477276, 22.642509 ], [ 109.475977, 22.640958 ], [ 109.474142, 22.638773 ], [ 109.473163, 22.634773 ], [ 109.472271, 22.633093 ], [ 109.467266, 22.631256 ], [ 109.464191, 22.629488 ], [ 109.459756, 22.631014 ], [ 109.456794, 22.631469 ], [ 109.450312, 22.63066 ], [ 109.446109, 22.625525 ], [ 109.447816, 22.622136 ], [ 109.446784, 22.619008 ], [ 109.448379, 22.614864 ], [ 109.447373, 22.611521 ], [ 109.447511, 22.611259 ], [ 109.446692, 22.610772 ], [ 109.445687, 22.610743 ], [ 109.445194, 22.610294 ], [ 109.444418, 22.61046 ], [ 109.444118, 22.610728 ], [ 109.443949, 22.610757 ], [ 109.443461, 22.610551 ], [ 109.442894, 22.610525 ], [ 109.442693, 22.610602 ], [ 109.442558, 22.610895 ], [ 109.44272, 22.611751 ], [ 109.442639, 22.611878 ], [ 109.442482, 22.611876 ], [ 109.442395, 22.611429 ], [ 109.442026, 22.610668 ], [ 109.441324, 22.610089 ], [ 109.441082, 22.609994 ], [ 109.440786, 22.609992 ], [ 109.440527, 22.610085 ], [ 109.440234, 22.610478 ], [ 109.440128, 22.61123 ], [ 109.439657, 22.611283 ], [ 109.439449, 22.611729 ], [ 109.439158, 22.611838 ], [ 109.438946, 22.612199 ], [ 109.438327, 22.612467 ], [ 109.438144, 22.612708 ], [ 109.438064, 22.613043 ], [ 109.438059, 22.613264 ], [ 109.438018, 22.613693 ], [ 109.438308, 22.614294 ], [ 109.438408, 22.615329 ], [ 109.438259, 22.61542 ], [ 109.437874, 22.615426 ], [ 109.437292, 22.615712 ], [ 109.437048, 22.615695 ], [ 109.437291, 22.616839 ], [ 109.436971, 22.617591 ], [ 109.436371, 22.617889 ], [ 109.436494, 22.618406 ], [ 109.436752, 22.619009 ], [ 109.436741, 22.620087 ], [ 109.436836, 22.620266 ], [ 109.437372, 22.620619 ], [ 109.437799, 22.621041 ], [ 109.437855, 22.621366 ], [ 109.437764, 22.622076 ], [ 109.43801, 22.622268 ], [ 109.438288, 22.622318 ], [ 109.438699, 22.622459 ], [ 109.439547, 22.625753 ], [ 109.440709, 22.630724 ], [ 109.439573, 22.632885 ], [ 109.437041, 22.631402 ], [ 109.431396, 22.631778 ], [ 109.428958, 22.631616 ], [ 109.427866, 22.634139 ], [ 109.419866, 22.63263 ], [ 109.417227, 22.630083 ], [ 109.416151, 22.63052 ], [ 109.412479, 22.634402 ], [ 109.410483, 22.634845 ], [ 109.408633, 22.63386 ], [ 109.406445, 22.630311 ], [ 109.403961, 22.628049 ], [ 109.401798, 22.627637 ], [ 109.399644, 22.628224 ], [ 109.398106, 22.629233 ], [ 109.396734, 22.631097 ], [ 109.395618, 22.631997 ], [ 109.394857, 22.631832 ], [ 109.394308, 22.631853 ], [ 109.393738, 22.632022 ], [ 109.392724, 22.632655 ], [ 109.39245, 22.632719 ], [ 109.392154, 22.632402 ], [ 109.392196, 22.631853 ], [ 109.391985, 22.631578 ], [ 109.391394, 22.631621 ], [ 109.390211, 22.632085 ], [ 109.389684, 22.632085 ], [ 109.389451, 22.632275 ], [ 109.38943, 22.633373 ], [ 109.389831, 22.63426 ], [ 109.390211, 22.634894 ], [ 109.390232, 22.635358 ], [ 109.389937, 22.635823 ], [ 109.389113, 22.636562 ], [ 109.388461, 22.637767 ], [ 109.386923, 22.639007 ], [ 109.383533, 22.639887 ], [ 109.382291, 22.639751 ], [ 109.379352, 22.638631 ], [ 109.374247, 22.636378 ], [ 109.373465, 22.635672 ], [ 109.371117, 22.630407 ], [ 109.368316, 22.627002 ], [ 109.367072, 22.626725 ], [ 109.359679, 22.628196 ], [ 109.353658, 22.628657 ], [ 109.351648, 22.628098 ], [ 109.351326, 22.626387 ], [ 109.351927, 22.625101 ], [ 109.351779, 22.624529 ], [ 109.350995, 22.623823 ], [ 109.349969, 22.623973 ], [ 109.348586, 22.625266 ], [ 109.346723, 22.625135 ], [ 109.343103, 22.620455 ], [ 109.341693, 22.619467 ], [ 109.339361, 22.618911 ], [ 109.338264, 22.617922 ], [ 109.337768, 22.615501 ], [ 109.337142, 22.614649 ], [ 109.331502, 22.609409 ], [ 109.328222, 22.608391 ], [ 109.324636, 22.607833 ], [ 109.324062, 22.604566 ], [ 109.324157, 22.601249 ], [ 109.321546, 22.596832 ], [ 109.316282, 22.592399 ], [ 109.313627, 22.590421 ], [ 109.309999, 22.587146 ], [ 109.30685, 22.586214 ], [ 109.306727, 22.584345 ], [ 109.304552, 22.577659 ], [ 109.302847, 22.575395 ], [ 109.300124, 22.57449 ], [ 109.297523, 22.572687 ], [ 109.294392, 22.571137 ], [ 109.293609, 22.570426 ], [ 109.292026, 22.56787 ], [ 109.291852, 22.566298 ], [ 109.290104, 22.561886 ], [ 109.289764, 22.559602 ], [ 109.290216, 22.557597 ], [ 109.291216, 22.555999 ], [ 109.292799, 22.554825 ], [ 109.292764, 22.54844 ], [ 109.295243, 22.546709 ], [ 109.292251, 22.543232 ], [ 109.292268, 22.541639 ], [ 109.294503, 22.540364 ], [ 109.295442, 22.539827 ], [ 109.298478, 22.540439 ], [ 109.30114, 22.538648 ], [ 109.302845, 22.537503 ], [ 109.305054, 22.533216 ], [ 109.307212, 22.531486 ], [ 109.310779, 22.53032 ], [ 109.313807, 22.529719 ], [ 109.317348, 22.525576 ], [ 109.321342, 22.522536 ], [ 109.31793, 22.514991 ], [ 109.317495, 22.514434 ], [ 109.31706, 22.51112 ], [ 109.314093, 22.509914 ], [ 109.309994, 22.50795 ], [ 109.304035, 22.507345 ], [ 109.302043, 22.509623 ], [ 109.299059, 22.509979 ], [ 109.298502, 22.509952 ], [ 109.295658, 22.508522 ], [ 109.291413, 22.505276 ], [ 109.2881, 22.501489 ], [ 109.284639, 22.498514 ], [ 109.281839, 22.497535 ], [ 109.278249, 22.495561 ], [ 109.274293, 22.492144 ], [ 109.27259, 22.489864 ], [ 109.26555, 22.484585 ], [ 109.263543, 22.484341 ], [ 109.262379, 22.485712 ], [ 109.262805, 22.488742 ], [ 109.263639, 22.494864 ], [ 109.260634, 22.496955 ], [ 109.255396, 22.504337 ], [ 109.254276, 22.506416 ], [ 109.25352, 22.507822 ], [ 109.250177, 22.509912 ], [ 109.247494, 22.510004 ], [ 109.241651, 22.510202 ], [ 109.237094, 22.509091 ], [ 109.235011, 22.507196 ], [ 109.232095, 22.503823 ], [ 109.231314, 22.504173 ], [ 109.228711, 22.506417 ], [ 109.229405, 22.507682 ], [ 109.229119, 22.510851 ], [ 109.228087, 22.512931 ], [ 109.227939, 22.514361 ], [ 109.228677, 22.515523 ], [ 109.230577, 22.516958 ], [ 109.230733, 22.518766 ], [ 109.230734, 22.51948 ], [ 109.230352, 22.519702 ], [ 109.229631, 22.520417 ], [ 109.228747, 22.519638 ], [ 109.224886, 22.516526 ], [ 109.222639, 22.513828 ], [ 109.221164, 22.513876 ], [ 109.219143, 22.516067 ], [ 109.217556, 22.518613 ], [ 109.216714, 22.519549 ], [ 109.216047, 22.520297 ], [ 109.214806, 22.518903 ], [ 109.214156, 22.517346 ], [ 109.213141, 22.516987 ], [ 109.209092, 22.516793 ], [ 109.205476, 22.517654 ], [ 109.203854, 22.515879 ], [ 109.202007, 22.512913 ], [ 109.199779, 22.512333 ], [ 109.198245, 22.512079 ], [ 109.198193, 22.516064 ], [ 109.19613, 22.516321 ], [ 109.195835, 22.515775 ], [ 109.190382, 22.513812 ], [ 109.190469, 22.515513 ], [ 109.19079, 22.517216 ], [ 109.189411, 22.517842 ], [ 109.186898, 22.517923 ], [ 109.182676, 22.517459 ], [ 109.182659, 22.518946 ], [ 109.183778, 22.520978 ], [ 109.187652, 22.521649 ], [ 109.189212, 22.522808 ], [ 109.19079, 22.525173 ], [ 109.191995, 22.525566 ], [ 109.192281, 22.527203 ], [ 109.194908, 22.530018 ], [ 109.197405, 22.531637 ], [ 109.197509, 22.532379 ], [ 109.197544, 22.538332 ], [ 109.195316, 22.540037 ], [ 109.191866, 22.544124 ], [ 109.188191, 22.546108 ], [ 109.18579, 22.546086 ], [ 109.183632, 22.54479 ], [ 109.182721, 22.543924 ], [ 109.181716, 22.542964 ], [ 109.179445, 22.542094 ], [ 109.178188, 22.543978 ], [ 109.17668, 22.544851 ], [ 109.175042, 22.546408 ], [ 109.171712, 22.547105 ], [ 109.171272, 22.546586 ], [ 109.171601, 22.545277 ], [ 109.171878, 22.544146 ], [ 109.169832, 22.54349 ], [ 109.167206, 22.543464 ], [ 109.165455, 22.545892 ], [ 109.164623, 22.548435 ], [ 109.164519, 22.549039 ], [ 109.163757, 22.553422 ], [ 109.162491, 22.553834 ], [ 109.157403, 22.550384 ], [ 109.153249, 22.544711 ], [ 109.153102, 22.543481 ], [ 109.152789, 22.540868 ], [ 109.153058, 22.539792 ], [ 109.153813, 22.536852 ], [ 109.156335, 22.535706 ], [ 109.158693, 22.536834 ], [ 109.159742, 22.537336 ], [ 109.163054, 22.537792 ], [ 109.164553, 22.536212 ], [ 109.164518, 22.533881 ], [ 109.165359, 22.530286 ], [ 109.167179, 22.527986 ], [ 109.168549, 22.527118 ], [ 109.169476, 22.526968 ], [ 109.171626, 22.527237 ], [ 109.173299, 22.526366 ], [ 109.173593, 22.524936 ], [ 109.173411, 22.520081 ], [ 109.172951, 22.519657 ], [ 109.168505, 22.518825 ], [ 109.161483, 22.518009 ], [ 109.155242, 22.516006 ], [ 109.152034, 22.515836 ], [ 109.150517, 22.515105 ], [ 109.147846, 22.512881 ], [ 109.145123, 22.511259 ], [ 109.142218, 22.511498 ], [ 109.14129, 22.511933 ], [ 109.141134, 22.512363 ], [ 109.138715, 22.514632 ], [ 109.136408, 22.513615 ], [ 109.135714, 22.514033 ], [ 109.134543, 22.516369 ], [ 109.130154, 22.51703 ], [ 109.126571, 22.51663 ], [ 109.125009, 22.515501 ], [ 109.122674, 22.514522 ], [ 109.120409, 22.51443 ], [ 109.117493, 22.516329 ], [ 109.115792, 22.515566 ], [ 109.113187, 22.513091 ], [ 109.107709, 22.512392 ], [ 109.104965, 22.512024 ], [ 109.103367, 22.511809 ], [ 109.100978, 22.511145 ], [ 109.096287, 22.510664 ], [ 109.093072, 22.511579 ], [ 109.088701, 22.512801 ], [ 109.084755, 22.51637 ], [ 109.083833, 22.518377 ], [ 109.080747, 22.521966 ], [ 109.0792, 22.522259 ], [ 109.076486, 22.517747 ], [ 109.073399, 22.518726 ], [ 109.069998, 22.520458 ], [ 109.067788, 22.520741 ], [ 109.063238, 22.520523 ], [ 109.059086, 22.520016 ], [ 109.057163, 22.519588 ], [ 109.055361, 22.519812 ], [ 109.054691, 22.520978 ], [ 109.053829, 22.521087 ], [ 109.048249, 22.518412 ], [ 109.046263, 22.518726 ], [ 109.045837, 22.518402 ], [ 109.045802, 22.515704 ], [ 109.044704, 22.513124 ], [ 109.045149, 22.512335 ], [ 109.046368, 22.511756 ], [ 109.046071, 22.510418 ], [ 109.043589, 22.50814 ], [ 109.041282, 22.507292 ], [ 109.038356, 22.507303 ], [ 109.035742, 22.507736 ], [ 109.034384, 22.506663 ], [ 109.032432, 22.506634 ], [ 109.031161, 22.50736 ], [ 109.031492, 22.50899 ], [ 109.030368, 22.509321 ], [ 109.028843, 22.508601 ], [ 109.026552, 22.508354 ], [ 109.024766, 22.509633 ], [ 109.023651, 22.510433 ], [ 109.019434, 22.510491 ], [ 109.01635, 22.510212 ], [ 109.014659, 22.510359 ], [ 109.011278, 22.511654 ], [ 109.009283, 22.512943 ], [ 109.008682, 22.514228 ], [ 109.008691, 22.517084 ], [ 109.009161, 22.518548 ], [ 109.009327, 22.524348 ], [ 109.0087, 22.528148 ], [ 109.006042, 22.529401 ], [ 109.005406, 22.527945 ], [ 109.0045, 22.527803 ], [ 109.001537, 22.527929 ], [ 109.000605, 22.529239 ], [ 108.999385, 22.530099 ], [ 108.997999, 22.531957 ], [ 108.996797, 22.537245 ], [ 108.995586, 22.538817 ], [ 108.991447, 22.539872 ], [ 108.987526, 22.539103 ], [ 108.984521, 22.540653 ], [ 108.984172, 22.541155 ], [ 108.983345, 22.542333 ], [ 108.979886, 22.543344 ], [ 108.977952, 22.542568 ], [ 108.978013, 22.538568 ], [ 108.977089, 22.537429 ], [ 108.974807, 22.532732 ], [ 108.973936, 22.532422 ], [ 108.970861, 22.533479 ], [ 108.969964, 22.533345 ], [ 108.967569, 22.530192 ], [ 108.968082, 22.526267 ], [ 108.965243, 22.524417 ], [ 108.963684, 22.521204 ], [ 108.963432, 22.520125 ], [ 108.96304, 22.518433 ], [ 108.960607, 22.518639 ], [ 108.957311, 22.517708 ], [ 108.955352, 22.518212 ], [ 108.953907, 22.519783 ], [ 108.950347, 22.521833 ], [ 108.948032, 22.524667 ], [ 108.945944, 22.525443 ], [ 108.945422, 22.525274 ], [ 108.944082, 22.52484 ], [ 108.941515, 22.523907 ], [ 108.939009, 22.522914 ], [ 108.938426, 22.523026 ], [ 108.938026, 22.524395 ], [ 108.937826, 22.524692 ], [ 108.937365, 22.525403 ], [ 108.935817, 22.525501 ], [ 108.932347, 22.524854 ], [ 108.931443, 22.524482 ], [ 108.930181, 22.522612 ], [ 108.927599, 22.520441 ], [ 108.926016, 22.518469 ], [ 108.922522, 22.516888 ], [ 108.920192, 22.515758 ], [ 108.918593, 22.512263 ], [ 108.918132, 22.512339 ], [ 108.916742, 22.513343 ], [ 108.914448, 22.515779 ], [ 108.912893, 22.516358 ], [ 108.911894, 22.516078 ], [ 108.909252, 22.515919 ], [ 108.906786, 22.513883 ], [ 108.905127, 22.512516 ], [ 108.902434, 22.511465 ], [ 108.8964, 22.510851 ], [ 108.891009, 22.510853 ], [ 108.888223, 22.510927 ], [ 108.884171, 22.511175 ], [ 108.880891, 22.511196 ], [ 108.875599, 22.512447 ], [ 108.873101, 22.512177 ], [ 108.871228, 22.51375 ], [ 108.870803, 22.515257 ], [ 108.872217, 22.516308 ], [ 108.872694, 22.517312 ], [ 108.872356, 22.518502 ], [ 108.870951, 22.519424 ], [ 108.866806, 22.519991 ], [ 108.864551, 22.520624 ], [ 108.862279, 22.52191 ], [ 108.860857, 22.522431 ], [ 108.857805, 22.524368 ], [ 108.855968, 22.526096 ], [ 108.855829, 22.52635 ], [ 108.855786, 22.526921 ], [ 108.856947, 22.528611 ], [ 108.856497, 22.530281 ], [ 108.855543, 22.530906 ], [ 108.852795, 22.531353 ], [ 108.851746, 22.532694 ], [ 108.849726, 22.535699 ], [ 108.846589, 22.53949 ], [ 108.845462, 22.540034 ], [ 108.843581, 22.539934 ], [ 108.842194, 22.541618 ], [ 108.842827, 22.542044 ], [ 108.843321, 22.542894 ], [ 108.843876, 22.54484 ], [ 108.84476, 22.545049 ], [ 108.846251, 22.544918 ], [ 108.847594, 22.544933 ], [ 108.847959, 22.545284 ], [ 108.850031, 22.549193 ], [ 108.849918, 22.550034 ], [ 108.84984, 22.550644 ], [ 108.850299, 22.551682 ], [ 108.850871, 22.552417 ], [ 108.851418, 22.552548 ], [ 108.851643, 22.552559 ], [ 108.851851, 22.552567 ], [ 108.852935, 22.552344 ], [ 108.853489, 22.552196 ], [ 108.853828, 22.552813 ], [ 108.854296, 22.553926 ], [ 108.854625, 22.554375 ], [ 108.854573, 22.555028 ], [ 108.85388, 22.55578 ], [ 108.853776, 22.556225 ], [ 108.854192, 22.556643 ], [ 108.855068, 22.557137 ], [ 108.856021, 22.557463 ], [ 108.857183, 22.557437 ], [ 108.857218, 22.555824 ], [ 108.857521, 22.555815 ], [ 108.860165, 22.558036 ], [ 108.860512, 22.558636 ], [ 108.860313, 22.559991 ], [ 108.861397, 22.563583 ], [ 108.861388, 22.564145 ], [ 108.860946, 22.565053 ], [ 108.860409, 22.567326 ], [ 108.858389, 22.570754 ], [ 108.857661, 22.572028 ], [ 108.856013, 22.573775 ], [ 108.85408, 22.576049 ], [ 108.853881, 22.576581 ], [ 108.853586, 22.577367 ], [ 108.853387, 22.577984 ], [ 108.852529, 22.578107 ], [ 108.851263, 22.577421 ], [ 108.849468, 22.576434 ], [ 108.847379, 22.576191 ], [ 108.846192, 22.576045 ], [ 108.839111, 22.578619 ], [ 108.838729, 22.578887 ], [ 108.837637, 22.580341 ], [ 108.83736, 22.580958 ], [ 108.837377, 22.58193 ], [ 108.837681, 22.582876 ], [ 108.837577, 22.584144 ], [ 108.839744, 22.587013 ], [ 108.843037, 22.586914 ], [ 108.84328, 22.587165 ], [ 108.8438, 22.587969 ], [ 108.843566, 22.592187 ], [ 108.843203, 22.593392 ], [ 108.842232, 22.594499 ], [ 108.839805, 22.597538 ], [ 108.83834, 22.598185 ], [ 108.83652, 22.598162 ], [ 108.834743, 22.597842 ], [ 108.834041, 22.597206 ], [ 108.833408, 22.594513 ], [ 108.833928, 22.590974 ], [ 108.834223, 22.590416 ], [ 108.836069, 22.588974 ], [ 108.836103, 22.588153 ], [ 108.835809, 22.586591 ], [ 108.835107, 22.585919 ], [ 108.834439, 22.585645 ], [ 108.834248, 22.586208 ], [ 108.832143, 22.586516 ], [ 108.831319, 22.586869 ], [ 108.830764, 22.587757 ], [ 108.830635, 22.589025 ], [ 108.830704, 22.590093 ], [ 108.826527, 22.594383 ], [ 108.825643, 22.594816 ], [ 108.824923, 22.594872 ], [ 108.824446, 22.595116 ], [ 108.822687, 22.595981 ], [ 108.822228, 22.59611 ], [ 108.822176, 22.596902 ], [ 108.82234, 22.597364 ], [ 108.822774, 22.597965 ], [ 108.823467, 22.598591 ], [ 108.824386, 22.599961 ], [ 108.824629, 22.60082 ], [ 108.824499, 22.601304 ], [ 108.823814, 22.602041 ], [ 108.823086, 22.60255 ], [ 108.822679, 22.602948 ], [ 108.821231, 22.603137 ], [ 108.82124, 22.60528 ], [ 108.820503, 22.606514 ], [ 108.818883, 22.609276 ], [ 108.81864, 22.609448 ], [ 108.818293, 22.609294 ], [ 108.817574, 22.608864 ], [ 108.817071, 22.60866 ], [ 108.81688, 22.609178 ], [ 108.816846, 22.611116 ], [ 108.816534, 22.61193 ], [ 108.815147, 22.613547 ], [ 108.814844, 22.614427 ], [ 108.814922, 22.615664 ], [ 108.815303, 22.618717 ], [ 108.815356, 22.621192 ], [ 108.815546, 22.622107 ], [ 108.815876, 22.622894 ], [ 108.81819, 22.622856 ], [ 108.818303, 22.623754 ], [ 108.818095, 22.628653 ], [ 108.818893, 22.631113 ], [ 108.818563, 22.631708 ], [ 108.817211, 22.633792 ], [ 108.816734, 22.634878 ], [ 108.816006, 22.635568 ], [ 108.81455, 22.637372 ], [ 108.814091, 22.637829 ], [ 108.812548, 22.639266 ], [ 108.812037, 22.639523 ], [ 108.809644, 22.639373 ], [ 108.807, 22.639879 ], [ 108.804052, 22.639604 ], [ 108.80035, 22.641891 ], [ 108.797905, 22.644404 ], [ 108.797429, 22.647667 ], [ 108.797654, 22.648331 ], [ 108.799276, 22.648979 ], [ 108.800169, 22.649317 ], [ 108.801123, 22.649957 ], [ 108.802701, 22.653754 ], [ 108.802562, 22.654448 ], [ 108.802388, 22.655141 ], [ 108.801166, 22.656089 ], [ 108.800498, 22.657638 ], [ 108.800117, 22.659388 ], [ 108.79984, 22.660878 ], [ 108.799866, 22.661472 ], [ 108.800594, 22.662906 ], [ 108.800698, 22.665128 ], [ 108.800863, 22.665825 ], [ 108.801696, 22.667758 ], [ 108.802398, 22.66803 ], [ 108.802589, 22.667932 ], [ 108.803117, 22.667642 ], [ 108.804279, 22.666629 ], [ 108.804643, 22.665938 ], [ 108.805224, 22.664231 ], [ 108.806767, 22.664251 ], [ 108.808813, 22.664831 ], [ 108.81339, 22.668394 ], [ 108.813442, 22.670069 ], [ 108.812411, 22.670696 ], [ 108.811085, 22.67102 ], [ 108.810643, 22.671876 ], [ 108.810599, 22.672128 ], [ 108.810452, 22.672998 ], [ 108.810582, 22.673183 ], [ 108.810833, 22.673534 ], [ 108.811718, 22.673778 ], [ 108.813338, 22.672668 ], [ 108.816424, 22.672886 ], [ 108.816988, 22.673669 ], [ 108.816199, 22.674794 ], [ 108.814075, 22.676027 ], [ 108.814067, 22.676754 ], [ 108.814466, 22.677606 ], [ 108.814778, 22.678817 ], [ 108.814596, 22.67928 ], [ 108.814076, 22.679671 ], [ 108.813079, 22.68042 ], [ 108.813139, 22.681019 ], [ 108.813772, 22.683609 ], [ 108.816546, 22.686658 ], [ 108.818584, 22.690707 ], [ 108.817578, 22.691411 ], [ 108.817587, 22.693099 ], [ 108.817813, 22.694262 ], [ 108.817683, 22.700557 ], [ 108.818567, 22.703317 ], [ 108.819347, 22.703524 ], [ 108.820266, 22.703006 ], [ 108.821462, 22.702819 ], [ 108.821982, 22.703424 ], [ 108.822112, 22.705336 ], [ 108.822017, 22.709656 ], [ 108.822303, 22.710354 ], [ 108.824218, 22.711073 ], [ 108.825674, 22.711585 ], [ 108.826403, 22.711644 ], [ 108.829012, 22.714069 ], [ 108.829757, 22.714278 ], [ 108.830962, 22.71492 ], [ 108.832011, 22.71583 ], [ 108.832028, 22.717286 ], [ 108.831508, 22.71854 ], [ 108.831629, 22.719901 ], [ 108.832011, 22.721407 ], [ 108.833675, 22.728044 ], [ 108.834897, 22.729615 ], [ 108.83976, 22.735604 ], [ 108.840254, 22.736042 ], [ 108.840809, 22.73601 ], [ 108.842508, 22.735924 ], [ 108.843756, 22.737188 ], [ 108.843634, 22.737535 ], [ 108.842924, 22.741021 ], [ 108.842586, 22.742078 ], [ 108.842369, 22.742634 ], [ 108.842491, 22.742843 ], [ 108.843635, 22.746809 ], [ 108.843852, 22.747557 ], [ 108.843132, 22.750552 ], [ 108.842274, 22.75094 ], [ 108.841997, 22.751412 ], [ 108.84204, 22.751809 ], [ 108.842552, 22.75216 ], [ 108.842535, 22.752761 ], [ 108.842517, 22.753184 ], [ 108.842431, 22.753426 ], [ 108.841399, 22.754105 ], [ 108.84042, 22.754968 ], [ 108.840073, 22.755449 ], [ 108.83795, 22.756692 ], [ 108.836615, 22.757472 ], [ 108.834856, 22.75782 ], [ 108.833131, 22.758861 ], [ 108.831397, 22.760019 ], [ 108.830054, 22.760035 ], [ 108.828286, 22.760336 ], [ 108.820937, 22.768084 ], [ 108.822783, 22.770775 ], [ 108.822618, 22.772121 ], [ 108.822124, 22.772895 ], [ 108.821639, 22.773499 ], [ 108.821205, 22.774043 ], [ 108.819082, 22.778584 ], [ 108.818476, 22.784464 ], [ 108.818433, 22.785532 ], [ 108.818641, 22.7864 ], [ 108.819057, 22.78979 ], [ 108.819169, 22.791057 ], [ 108.81936, 22.792674 ], [ 108.822091, 22.797461 ], [ 108.822524, 22.798777 ], [ 108.823027, 22.800083 ], [ 108.824059, 22.800984 ], [ 108.824596, 22.802208 ], [ 108.824509, 22.802842 ], [ 108.824171, 22.803081 ], [ 108.821727, 22.805927 ], [ 108.82041, 22.807966 ], [ 108.820401, 22.808466 ], [ 108.820826, 22.808769 ], [ 108.821537, 22.808609 ], [ 108.822447, 22.807958 ], [ 108.822949, 22.807534 ], [ 108.823296, 22.807777 ], [ 108.823166, 22.809852 ], [ 108.821953, 22.811426 ], [ 108.820627, 22.814064 ], [ 108.820566, 22.814991 ], [ 108.81989, 22.815424 ], [ 108.818971, 22.81522 ], [ 108.815617, 22.815106 ], [ 108.813112, 22.81711 ], [ 108.811162, 22.819827 ], [ 108.810425, 22.821674 ], [ 108.810833, 22.822872 ], [ 108.81313, 22.824665 ], [ 108.813346, 22.826039 ], [ 108.814387, 22.827053 ], [ 108.815176, 22.827829 ], [ 108.815635, 22.828894 ], [ 108.815202, 22.832381 ], [ 108.814257, 22.833334 ], [ 108.811908, 22.836544 ], [ 108.81027, 22.837092 ], [ 108.810166, 22.837622 ], [ 108.811336, 22.83919 ], [ 108.811761, 22.839573 ], [ 108.812446, 22.840656 ], [ 108.813963, 22.841202 ], [ 108.816104, 22.841096 ], [ 108.816693, 22.841449 ], [ 108.817378, 22.841863 ], [ 108.818202, 22.846908 ], [ 108.818141, 22.848298 ], [ 108.818054, 22.850486 ], [ 108.818687, 22.850941 ], [ 108.819606, 22.851211 ], [ 108.819884, 22.851922 ], [ 108.819008, 22.855934 ], [ 108.818531, 22.856149 ], [ 108.814518, 22.85777 ], [ 108.814154, 22.858239 ], [ 108.81262, 22.861014 ], [ 108.811086, 22.862313 ], [ 108.809075, 22.862898 ], [ 108.80637, 22.863189 ], [ 108.804341, 22.862737 ], [ 108.804021, 22.863441 ], [ 108.802764, 22.866232 ], [ 108.803076, 22.867272 ], [ 108.803735, 22.867944 ], [ 108.804636, 22.867951 ], [ 108.805694, 22.867437 ], [ 108.806154, 22.869332 ], [ 108.805677, 22.871106 ], [ 108.804931, 22.873039 ], [ 108.804723, 22.874275 ], [ 108.803553, 22.878812 ], [ 108.803337, 22.883758 ], [ 108.80312, 22.885434 ], [ 108.803198, 22.886274 ], [ 108.803961, 22.889024 ], [ 108.803892, 22.890791 ], [ 108.803892, 22.894246 ], [ 108.803658, 22.894743 ], [ 108.806432, 22.895837 ], [ 108.807733, 22.897146 ], [ 108.80827, 22.897021 ], [ 108.809692, 22.895356 ], [ 108.810593, 22.894265 ], [ 108.811347, 22.894077 ], [ 108.812891, 22.893629 ], [ 108.814217, 22.893618 ], [ 108.814841, 22.893675 ], [ 108.81615, 22.893239 ], [ 108.817086, 22.892786 ], [ 108.817719, 22.89339 ], [ 108.818091, 22.894877 ], [ 108.818039, 22.89667 ], [ 108.818534, 22.897038 ], [ 108.818794, 22.896712 ], [ 108.819496, 22.895293 ], [ 108.822122, 22.893669 ], [ 108.823171, 22.892818 ], [ 108.823639, 22.892758 ], [ 108.825043, 22.894234 ], [ 108.825598, 22.897622 ], [ 108.825268, 22.898213 ], [ 108.82415, 22.898895 ], [ 108.82363, 22.899556 ], [ 108.823457, 22.899784 ], [ 108.823362, 22.900939 ], [ 108.823631, 22.902037 ], [ 108.824697, 22.902715 ], [ 108.826005, 22.903392 ], [ 108.827184, 22.905393 ], [ 108.827288, 22.905882 ], [ 108.826387, 22.906519 ], [ 108.822859, 22.908717 ], [ 108.822588, 22.909948 ], [ 108.822813, 22.911661 ], [ 108.822389, 22.91419 ], [ 108.82193, 22.915008 ], [ 108.821418, 22.916598 ], [ 108.8218, 22.917867 ], [ 108.821141, 22.920111 ], [ 108.818255, 22.921623 ], [ 108.818784, 22.932204 ], [ 108.818377, 22.93923 ], [ 108.818932, 22.939939 ], [ 108.818949, 22.940936 ], [ 108.818525, 22.941824 ], [ 108.818629, 22.94339 ], [ 108.819106, 22.945388 ], [ 108.821602, 22.948942 ], [ 108.823787, 22.958243 ], [ 108.823059, 22.960884 ], [ 108.819566, 22.961942 ], [ 108.818864, 22.963508 ], [ 108.819081, 22.965556 ], [ 108.82065, 22.967776 ], [ 108.821838, 22.967945 ], [ 108.82234, 22.969101 ], [ 108.822193, 22.970389 ], [ 108.827315, 22.971489 ], [ 108.829335, 22.971329 ], [ 108.831501, 22.970881 ], [ 108.835835, 22.968557 ], [ 108.835636, 22.965531 ], [ 108.837213, 22.962681 ], [ 108.837386, 22.961526 ], [ 108.835037, 22.957992 ], [ 108.836025, 22.956509 ], [ 108.837966, 22.956234 ], [ 108.839578, 22.956151 ], [ 108.840861, 22.956087 ], [ 108.844294, 22.955111 ], [ 108.848376, 22.956119 ], [ 108.850326, 22.956036 ], [ 108.852173, 22.955064 ], [ 108.854808, 22.955114 ], [ 108.857591, 22.955519 ], [ 108.859091, 22.959542 ], [ 108.862135, 22.962662 ], [ 108.862811, 22.963216 ], [ 108.863349, 22.963161 ], [ 108.864554, 22.963179 ], [ 108.865967, 22.963385 ], [ 108.867667, 22.964603 ], [ 108.867043, 22.966111 ], [ 108.866601, 22.966901 ], [ 108.868422, 22.971389 ], [ 108.871388, 22.973894 ], [ 108.874831, 22.973858 ], [ 108.877581, 22.97405 ], [ 108.880323, 22.974881 ], [ 108.881398, 22.971866 ], [ 108.882118, 22.969642 ], [ 108.882847, 22.967101 ], [ 108.88237, 22.964623 ], [ 108.885788, 22.962676 ], [ 108.888365, 22.956105 ], [ 108.888461, 22.953701 ], [ 108.884824, 22.951205 ], [ 108.885197, 22.94919 ], [ 108.886507, 22.945804 ], [ 108.887566, 22.944331 ], [ 108.889267, 22.945309 ], [ 108.890968, 22.946926 ], [ 108.892348, 22.946519 ], [ 108.892374, 22.945136 ], [ 108.891254, 22.943209 ], [ 108.893554, 22.942812 ], [ 108.8978, 22.942761 ], [ 108.899658, 22.94119 ], [ 108.900526, 22.939138 ], [ 108.900404, 22.938079 ], [ 108.900447, 22.937488 ], [ 108.899744, 22.93545 ], [ 108.901194, 22.932575 ], [ 108.901211, 22.931433 ], [ 108.898164, 22.928579 ], [ 108.893189, 22.927559 ], [ 108.892946, 22.926358 ], [ 108.893762, 22.924137 ], [ 108.896418, 22.923506 ], [ 108.896479, 22.920158 ], [ 108.896253, 22.918161 ], [ 108.897937, 22.914595 ], [ 108.899109, 22.911504 ], [ 108.899656, 22.909117 ], [ 108.901083, 22.907774 ], [ 108.904313, 22.907456 ], [ 108.905989, 22.907539 ], [ 108.907379, 22.905107 ], [ 108.909577, 22.904956 ], [ 108.911957, 22.903462 ], [ 108.913156, 22.903558 ], [ 108.914234, 22.906524 ], [ 108.915867, 22.906944 ], [ 108.917005, 22.905603 ], [ 108.9179, 22.903226 ], [ 108.919795, 22.903331 ], [ 108.919048, 22.907608 ], [ 108.922663, 22.907656 ], [ 108.924089, 22.904965 ], [ 108.926932, 22.904607 ], [ 108.928749, 22.903076 ], [ 108.92894, 22.90297 ], [ 108.933123, 22.903444 ], [ 108.935324, 22.904352 ], [ 108.935463, 22.905396 ], [ 108.937046, 22.906894 ], [ 108.938151, 22.908602 ], [ 108.938026, 22.912027 ], [ 108.938661, 22.912953 ], [ 108.946622, 22.911372 ], [ 108.948145, 22.912456 ], [ 108.94986, 22.913122 ], [ 108.952026, 22.908823 ], [ 108.953289, 22.908962 ], [ 108.956153, 22.910692 ], [ 108.958877, 22.910279 ], [ 108.96277, 22.911508 ], [ 108.963083, 22.913851 ], [ 108.96203, 22.914791 ], [ 108.958217, 22.918111 ], [ 108.956563, 22.919069 ], [ 108.956867, 22.921412 ], [ 108.957886, 22.922384 ], [ 108.960716, 22.921826 ], [ 108.961508, 22.922447 ], [ 108.962605, 22.924167 ], [ 108.962744, 22.925671 ], [ 108.964843, 22.929468 ], [ 108.967177, 22.93157 ], [ 108.967021, 22.935278 ], [ 108.967848, 22.941457 ], [ 108.969564, 22.942225 ], [ 108.974503, 22.942939 ], [ 108.975653, 22.943171 ], [ 108.977168, 22.941494 ], [ 108.976637, 22.938827 ], [ 108.97655, 22.935266 ], [ 108.977281, 22.934821 ], [ 108.980688, 22.934394 ], [ 108.981376, 22.935757 ], [ 108.981149, 22.937421 ], [ 108.980609, 22.938531 ], [ 108.983179, 22.940243 ], [ 108.984138, 22.945124 ], [ 108.984818, 22.945849 ], [ 108.989915, 22.946011 ], [ 108.993644, 22.944952 ], [ 108.994385, 22.941776 ], [ 108.99401, 22.937782 ], [ 108.993931, 22.93575 ], [ 108.995264, 22.934534 ], [ 108.998758, 22.931878 ], [ 109.0041, 22.927335 ], [ 109.010513, 22.919942 ], [ 109.013841, 22.918545 ], [ 109.018616, 22.917394 ], [ 109.019549, 22.917396 ], [ 109.026013, 22.916911 ], [ 109.029289, 22.918961 ], [ 109.03158, 22.920105 ], [ 109.032669, 22.922672 ], [ 109.031215, 22.929414 ], [ 109.031241, 22.931739 ], [ 109.036598, 22.931582 ], [ 109.038593, 22.931139 ], [ 109.039629, 22.93091 ], [ 109.04576, 22.930441 ], [ 109.049312, 22.929378 ], [ 109.051532, 22.931003 ], [ 109.052508, 22.93137 ], [ 109.055459, 22.930171 ], [ 109.060106, 22.930464 ], [ 109.064919, 22.929037 ], [ 109.066468, 22.929038 ], [ 109.067094, 22.929469 ], [ 109.067859, 22.931332 ], [ 109.068947, 22.931191 ], [ 109.071739, 22.929473 ], [ 109.07267, 22.929188 ], [ 109.074809, 22.928798 ], [ 109.076688, 22.929074 ], [ 109.078097, 22.930067 ], [ 109.081428, 22.935197 ], [ 109.081775, 22.938343 ], [ 109.079619, 22.938931 ], [ 109.077376, 22.943367 ], [ 109.076846, 22.948038 ], [ 109.076872, 22.951889 ], [ 109.074689, 22.954599 ], [ 109.075455, 22.956842 ], [ 109.074985, 22.958112 ], [ 109.07302, 22.958404 ], [ 109.074681, 22.963105 ], [ 109.078812, 22.965734 ], [ 109.076212, 22.969969 ], [ 109.074899, 22.972599 ], [ 109.074752, 22.985611 ], [ 109.075857, 22.986467 ], [ 109.08024, 22.987881 ], [ 109.085091, 22.989865 ], [ 109.086334, 22.98986 ], [ 109.093804, 22.986525 ], [ 109.095837, 22.985798 ], [ 109.097705, 22.985501 ], [ 109.100363, 22.986346 ], [ 109.103646, 22.988335 ], [ 109.109743, 22.988299 ], [ 109.113216, 22.989109 ], [ 109.114423, 22.992149 ], [ 109.118772, 22.997313 ], [ 109.119188, 22.997886 ], [ 109.118641, 22.999656 ], [ 109.119275, 22.99969 ], [ 109.120968, 22.998866 ], [ 109.122382, 22.999864 ], [ 109.122729, 23.002974 ], [ 109.122868, 23.004798 ], [ 109.124621, 23.006242 ], [ 109.125966, 23.00952 ], [ 109.12647, 23.010327 ], [ 109.126548, 23.013362 ], [ 109.127763, 23.012429 ], [ 109.127841, 23.012559 ], [ 109.126739, 23.016612 ], [ 109.127546, 23.017631 ], [ 109.128908, 23.019441 ], [ 109.134217, 23.020262 ], [ 109.136438, 23.021006 ], [ 109.138424, 23.023073 ], [ 109.139205, 23.025863 ], [ 109.140957, 23.027826 ], [ 109.143004, 23.029132 ], [ 109.144235, 23.031145 ], [ 109.144096, 23.032113 ], [ 109.142718, 23.032871 ], [ 109.141582, 23.033915 ], [ 109.139136, 23.034572 ], [ 109.137037, 23.035822 ], [ 109.134374, 23.037413 ], [ 109.132067, 23.040761 ], [ 109.131902, 23.042809 ], [ 109.129109, 23.044547 ], [ 109.128363, 23.044934 ], [ 109.12969, 23.046283 ], [ 109.129656, 23.04741 ], [ 109.129604, 23.049277 ], [ 109.130506, 23.050503 ], [ 109.13153, 23.052314 ], [ 109.133195, 23.05231 ], [ 109.134436, 23.052695 ], [ 109.136874, 23.055449 ], [ 109.136787, 23.055851 ], [ 109.135798, 23.055891 ], [ 109.134905, 23.056937 ], [ 109.135312, 23.058226 ], [ 109.135477, 23.059103 ], [ 109.13755, 23.057687 ], [ 109.139068, 23.057316 ], [ 109.140421, 23.05851 ], [ 109.141487, 23.058771 ], [ 109.142277, 23.058162 ], [ 109.14317, 23.058498 ], [ 109.145355, 23.061403 ], [ 109.146665, 23.061644 ], [ 109.150003, 23.063978 ], [ 109.152925, 23.065169 ], [ 109.155517, 23.06457 ], [ 109.15641, 23.065161 ], [ 109.156766, 23.06777 ], [ 109.157589, 23.069132 ], [ 109.160944, 23.071683 ], [ 109.164715, 23.072979 ], [ 109.168069, 23.073227 ], [ 109.171389, 23.072298 ], [ 109.173747, 23.070479 ], [ 109.174804, 23.069491 ], [ 109.178358, 23.068433 ], [ 109.181192, 23.067816 ], [ 109.184694, 23.066307 ], [ 109.186801, 23.066349 ], [ 109.187086, 23.066476 ], [ 109.188404, 23.067548 ], [ 109.191056, 23.065752 ], [ 109.190961, 23.068909 ], [ 109.190883, 23.071219 ], [ 109.190771, 23.072787 ], [ 109.191664, 23.073309 ], [ 109.19299, 23.077466 ], [ 109.193112, 23.080162 ], [ 109.195184, 23.081159 ], [ 109.195912, 23.083262 ], [ 109.196917, 23.083879 ], [ 109.197559, 23.08558 ], [ 109.197577, 23.087158 ], [ 109.197239, 23.088077 ], [ 109.196181, 23.090947 ], [ 109.194335, 23.092149 ], [ 109.191821, 23.09305 ], [ 109.190711, 23.093447 ], [ 109.190321, 23.093991 ], [ 109.191665, 23.095581 ], [ 109.193165, 23.097346 ], [ 109.192801, 23.098398 ], [ 109.194352, 23.100151 ], [ 109.19515, 23.102874 ], [ 109.195766, 23.104964 ], [ 109.197049, 23.106138 ], [ 109.200829, 23.106466 ], [ 109.202554, 23.106616 ], [ 109.205077, 23.107241 ], [ 109.207132, 23.107748 ], [ 109.208658, 23.109591 ], [ 109.209517, 23.110122 ], [ 109.21152, 23.111358 ], [ 109.215319, 23.110849 ], [ 109.221486, 23.110458 ], [ 109.223698, 23.112233 ], [ 109.226795, 23.116233 ], [ 109.227793, 23.118694 ], [ 109.23017, 23.119189 ], [ 109.232696, 23.119797 ], [ 109.233338, 23.121032 ], [ 109.234588, 23.121878 ], [ 109.236609, 23.122573 ], [ 109.23871, 23.122666 ], [ 109.240472, 23.1239 ], [ 109.242243, 23.126532 ], [ 109.243936, 23.130034 ], [ 109.245421, 23.13137 ], [ 109.245837, 23.131318 ], [ 109.247409, 23.131123 ], [ 109.250118, 23.132179 ] ] ] } },
{ "type": "Feature", "properties": { "county_name": "兴宁区" }, "geometry": { "type": "Polygon", "coordinates": [ [ [ 108.770658, 22.997087 ], [ 108.769339, 22.9963 ], [ 108.769061, 22.995998 ], [ 108.76959, 22.994324 ], [ 108.769494, 22.99366 ], [ 108.768991, 22.993619 ], [ 108.767316, 22.993357 ], [ 108.766847, 22.993186 ], [ 108.764868, 22.991964 ], [ 108.764078, 22.992186 ], [ 108.76288, 22.993096 ], [ 108.761101, 22.994664 ], [ 108.759225, 22.995631 ], [ 108.758574, 22.995785 ], [ 108.75722, 22.995603 ], [ 108.755639, 22.995614 ], [ 108.755309, 22.996172 ], [ 108.752409, 22.997029 ], [ 108.751896, 22.99673 ], [ 108.74857, 22.993659 ], [ 108.748222, 22.993102 ], [ 108.747918, 22.991686 ], [ 108.74744, 22.990846 ], [ 108.746042, 22.989996 ], [ 108.743748, 22.988704 ], [ 108.742827, 22.987935 ], [ 108.741611, 22.987513 ], [ 108.73956, 22.987709 ], [ 108.7383, 22.988297 ], [ 108.737683, 22.989143 ], [ 108.735937, 22.989698 ], [ 108.734694, 22.990685 ], [ 108.733312, 22.991774 ], [ 108.732261, 22.992466 ], [ 108.732026, 22.993267 ], [ 108.731026, 22.99474 ], [ 108.730852, 22.995016 ], [ 108.730114, 22.995456 ], [ 108.726819, 22.99588 ], [ 108.72635, 22.995743 ], [ 108.726211, 22.995437 ], [ 108.72648, 22.994421 ], [ 108.726654, 22.993592 ], [ 108.725028, 22.991962 ], [ 108.724698, 22.991901 ], [ 108.72335, 22.991841 ], [ 108.721289, 22.991771 ], [ 108.720872, 22.991879 ], [ 108.720551, 22.992838 ], [ 108.719768, 22.993072 ], [ 108.718281, 22.993088 ], [ 108.717951, 22.992948 ], [ 108.716924, 22.992215 ], [ 108.716124, 22.992014 ], [ 108.716116, 22.991693 ], [ 108.716316, 22.989184 ], [ 108.716568, 22.987542 ], [ 108.716611, 22.985296 ], [ 108.716681, 22.984864 ], [ 108.716454, 22.984536 ], [ 108.715776, 22.983998 ], [ 108.715237, 22.983568 ], [ 108.715315, 22.982854 ], [ 108.716176, 22.98155 ], [ 108.716289, 22.979044 ], [ 108.716071, 22.976593 ], [ 108.715324, 22.974912 ], [ 108.714358, 22.974537 ], [ 108.713175, 22.975593 ], [ 108.71001, 22.975634 ], [ 108.709871, 22.975519 ], [ 108.709401, 22.973987 ], [ 108.709357, 22.973761 ], [ 108.708739, 22.972733 ], [ 108.708609, 22.972256 ], [ 108.707304, 22.969896 ], [ 108.705625, 22.968701 ], [ 108.705373, 22.968462 ], [ 108.705504, 22.968076 ], [ 108.705443, 22.967234 ], [ 108.704564, 22.966731 ], [ 108.704086, 22.966769 ], [ 108.702807, 22.966901 ], [ 108.701641, 22.967141 ], [ 108.700754, 22.967026 ], [ 108.700267, 22.967019 ], [ 108.699875, 22.966875 ], [ 108.699832, 22.966664 ], [ 108.699858, 22.966401 ], [ 108.699971, 22.966154 ], [ 108.700023, 22.965492 ], [ 108.699936, 22.965206 ], [ 108.699588, 22.964328 ], [ 108.699136, 22.962449 ], [ 108.698892, 22.962184 ], [ 108.698431, 22.961875 ], [ 108.698013, 22.961794 ], [ 108.697596, 22.961739 ], [ 108.697352, 22.96156 ], [ 108.697039, 22.96118 ], [ 108.697065, 22.961093 ], [ 108.697204, 22.960984 ], [ 108.697483, 22.960939 ], [ 108.697622, 22.96079 ], [ 108.698387, 22.959432 ], [ 108.698631, 22.958774 ], [ 108.699892, 22.958234 ], [ 108.701571, 22.957813 ], [ 108.701858, 22.957642 ], [ 108.701875, 22.957306 ], [ 108.701667, 22.956181 ], [ 108.701771, 22.954049 ], [ 108.701754, 22.953914 ], [ 108.700892, 22.953451 ], [ 108.700527, 22.95327 ], [ 108.700187, 22.953213 ], [ 108.697691, 22.951789 ], [ 108.697656, 22.951502 ], [ 108.697029, 22.947066 ], [ 108.697334, 22.946673 ], [ 108.697638, 22.946304 ], [ 108.698177, 22.944703 ], [ 108.698229, 22.944119 ], [ 108.698386, 22.943772 ], [ 108.698604, 22.943375 ], [ 108.698778, 22.942533 ], [ 108.698786, 22.94161 ], [ 108.698595, 22.94087 ], [ 108.698334, 22.940042 ], [ 108.698421, 22.939248 ], [ 108.698447, 22.938312 ], [ 108.698464, 22.93654 ], [ 108.698429, 22.936354 ], [ 108.696637, 22.936301 ], [ 108.695793, 22.936449 ], [ 108.695349, 22.936442 ], [ 108.695123, 22.936263 ], [ 108.694358, 22.935341 ], [ 108.693809, 22.934835 ], [ 108.693522, 22.934691 ], [ 108.693183, 22.934736 ], [ 108.692853, 22.934905 ], [ 108.692461, 22.935247 ], [ 108.691991, 22.935886 ], [ 108.6916, 22.936741 ], [ 108.691495, 22.937362 ], [ 108.691086, 22.937593 ], [ 108.69053, 22.937736 ], [ 108.689947, 22.937737 ], [ 108.689451, 22.937653 ], [ 108.688398, 22.9369 ], [ 108.688128, 22.936759 ], [ 108.687815, 22.93643 ], [ 108.687832, 22.935247 ], [ 108.687728, 22.934908 ], [ 108.687406, 22.934304 ], [ 108.687136, 22.93258 ], [ 108.68711, 22.931698 ], [ 108.686683, 22.929874 ], [ 108.686483, 22.929007 ], [ 108.686022, 22.928214 ], [ 108.685561, 22.927655 ], [ 108.685378, 22.927518 ], [ 108.684804, 22.927376 ], [ 108.684595, 22.927349 ], [ 108.684029, 22.927531 ], [ 108.683603, 22.927586 ], [ 108.683116, 22.92757 ], [ 108.682846, 22.927502 ], [ 108.682507, 22.927154 ], [ 108.68168, 22.925815 ], [ 108.68161, 22.925259 ], [ 108.681227, 22.924918 ], [ 108.680557, 22.924261 ], [ 108.679531, 22.924734 ], [ 108.678539, 22.925017 ], [ 108.677416, 22.925432 ], [ 108.676868, 22.925754 ], [ 108.676433, 22.926314 ], [ 108.675946, 22.92737 ], [ 108.675232, 22.929136 ], [ 108.674771, 22.930103 ], [ 108.674162, 22.931046 ], [ 108.67404, 22.931064 ], [ 108.673675, 22.93077 ], [ 108.672692, 22.930067 ], [ 108.671491, 22.929465 ], [ 108.671021, 22.92931 ], [ 108.670186, 22.929022 ], [ 108.669255, 22.928788 ], [ 108.668672, 22.928709 ], [ 108.668393, 22.928487 ], [ 108.668245, 22.928232 ], [ 108.668176, 22.927598 ], [ 108.668263, 22.927238 ], [ 108.669254, 22.926118 ], [ 108.669585, 22.925871 ], [ 108.669785, 22.925697 ], [ 108.670081, 22.92524 ], [ 108.670229, 22.92443 ], [ 108.670107, 22.923944 ], [ 108.669811, 22.923468 ], [ 108.669298, 22.922857 ], [ 108.669063, 22.922439 ], [ 108.669054, 22.922159 ], [ 108.669106, 22.921803 ], [ 108.669446, 22.921086 ], [ 108.669907, 22.920139 ], [ 108.670333, 22.919648 ], [ 108.670672, 22.919542 ], [ 108.671142, 22.919284 ], [ 108.671308, 22.919103 ], [ 108.671664, 22.918352 ], [ 108.67169, 22.918211 ], [ 108.668558, 22.914738 ], [ 108.668166, 22.914542 ], [ 108.667801, 22.914528 ], [ 108.667488, 22.914579 ], [ 108.667253, 22.914616 ], [ 108.66687, 22.914407 ], [ 108.666478, 22.914311 ], [ 108.665765, 22.91432 ], [ 108.665565, 22.914359 ], [ 108.665191, 22.914618 ], [ 108.664964, 22.914699 ], [ 108.664877, 22.914657 ], [ 108.664773, 22.914505 ], [ 108.664764, 22.914036 ], [ 108.664895, 22.913702 ], [ 108.664921, 22.913532 ], [ 108.665095, 22.913207 ], [ 108.665269, 22.912574 ], [ 108.665504, 22.912211 ], [ 108.666121, 22.910847 ], [ 108.6664, 22.910452 ], [ 108.6664, 22.910214 ], [ 108.666252, 22.910101 ], [ 108.665982, 22.910096 ], [ 108.664955, 22.910484 ], [ 108.66365, 22.910538 ], [ 108.662215, 22.910679 ], [ 108.661945, 22.910631 ], [ 108.660466, 22.909988 ], [ 108.659544, 22.909623 ], [ 108.659152, 22.90956 ], [ 108.658987, 22.909571 ], [ 108.658604, 22.909726 ], [ 108.657804, 22.91017 ], [ 108.657029, 22.910639 ], [ 108.656655, 22.910697 ], [ 108.656481, 22.910654 ], [ 108.656377, 22.910469 ], [ 108.656333, 22.910032 ], [ 108.656586, 22.909518 ], [ 108.656899, 22.908894 ], [ 108.657101, 22.908279 ], [ 108.657153, 22.907902 ], [ 108.657136, 22.907322 ], [ 108.657049, 22.906786 ], [ 108.656448, 22.906355 ], [ 108.655657, 22.905787 ], [ 108.655057, 22.905421 ], [ 108.654891, 22.905353 ], [ 108.6547, 22.905344 ], [ 108.654099, 22.905391 ], [ 108.653638, 22.905377 ], [ 108.653169, 22.905409 ], [ 108.652986, 22.9054 ], [ 108.652308, 22.904982 ], [ 108.647366, 22.902651 ], [ 108.64721, 22.902529 ], [ 108.647166, 22.902225 ], [ 108.647227, 22.902036 ], [ 108.648775, 22.899959 ], [ 108.649315, 22.898966 ], [ 108.649871, 22.898413 ], [ 108.650211, 22.89837 ], [ 108.650646, 22.898251 ], [ 108.650872, 22.898071 ], [ 108.650924, 22.897883 ], [ 108.650906, 22.897307 ], [ 108.650619, 22.896195 ], [ 108.650471, 22.895451 ], [ 108.650115, 22.894544 ], [ 108.649053, 22.893247 ], [ 108.648575, 22.892846 ], [ 108.648001, 22.892576 ], [ 108.647096, 22.892531 ], [ 108.646548, 22.8927 ], [ 108.642652, 22.892679 ], [ 108.642347, 22.89285 ], [ 108.640869, 22.893657 ], [ 108.639921, 22.893574 ], [ 108.639608, 22.893547 ], [ 108.639234, 22.893531 ], [ 108.638721, 22.893413 ], [ 108.637747, 22.892878 ], [ 108.636556, 22.89196 ], [ 108.636347, 22.891656 ], [ 108.636138, 22.890714 ], [ 108.635895, 22.89052 ], [ 108.635408, 22.890294 ], [ 108.634695, 22.889854 ], [ 108.633912, 22.889198 ], [ 108.633234, 22.888919 ], [ 108.632773, 22.888408 ], [ 108.63233, 22.888156 ], [ 108.631834, 22.888064 ], [ 108.631504, 22.888051 ], [ 108.631026, 22.88805 ], [ 108.630713, 22.888186 ], [ 108.630591, 22.888379 ], [ 108.630556, 22.888679 ], [ 108.630435, 22.888839 ], [ 108.630139, 22.888835 ], [ 108.627783, 22.889699 ], [ 108.626279, 22.890346 ], [ 108.626097, 22.890346 ], [ 108.623837, 22.890361 ], [ 108.623655, 22.890339 ], [ 108.623055, 22.890013 ], [ 108.622725, 22.889778 ], [ 108.622151, 22.88927 ], [ 108.621299, 22.887665 ], [ 108.620821, 22.886396 ], [ 108.619952, 22.885009 ], [ 108.619396, 22.884025 ], [ 108.619127, 22.883968 ], [ 108.618206, 22.883778 ], [ 108.616494, 22.884055 ], [ 108.615998, 22.883501 ], [ 108.615607, 22.883149 ], [ 108.615017, 22.882621 ], [ 108.614756, 22.882554 ], [ 108.614513, 22.882124 ], [ 108.614374, 22.881496 ], [ 108.614139, 22.880941 ], [ 108.613635, 22.880356 ], [ 108.613331, 22.880122 ], [ 108.613018, 22.8801 ], [ 108.612245, 22.880221 ], [ 108.612211, 22.880314 ], [ 108.612158, 22.881224 ], [ 108.612263, 22.882201 ], [ 108.611985, 22.883508 ], [ 108.611872, 22.883597 ], [ 108.60785, 22.887056 ], [ 108.600704, 22.887144 ], [ 108.597587, 22.884984 ], [ 108.596745, 22.884446 ], [ 108.596571, 22.884029 ], [ 108.593602, 22.880179 ], [ 108.593507, 22.87979 ], [ 108.593194, 22.879022 ], [ 108.592908, 22.878134 ], [ 108.592474, 22.877565 ], [ 108.592465, 22.877461 ], [ 108.590131, 22.876377 ], [ 108.589792, 22.876294 ], [ 108.589133, 22.875793 ], [ 108.588543, 22.875615 ], [ 108.58718, 22.874776 ], [ 108.586304, 22.874412 ], [ 108.585836, 22.874397 ], [ 108.585723, 22.874326 ], [ 108.585515, 22.874156 ], [ 108.585263, 22.873273 ], [ 108.584794, 22.872741 ], [ 108.584786, 22.872553 ], [ 108.585011, 22.871658 ], [ 108.585003, 22.870887 ], [ 108.584838, 22.870169 ], [ 108.584707, 22.86978 ], [ 108.584439, 22.869281 ], [ 108.584256, 22.869173 ], [ 108.584109, 22.869162 ], [ 108.583953, 22.869288 ], [ 108.583762, 22.869571 ], [ 108.583667, 22.869668 ], [ 108.582591, 22.870739 ], [ 108.581524, 22.871908 ], [ 108.580943, 22.872343 ], [ 108.580102, 22.873388 ], [ 108.579946, 22.873479 ], [ 108.579841, 22.873449 ], [ 108.579633, 22.873158 ], [ 108.579312, 22.872173 ], [ 108.578974, 22.871142 ], [ 108.578887, 22.87063 ], [ 108.578982, 22.869868 ], [ 108.578991, 22.867899 ], [ 108.578982, 22.867399 ], [ 108.578844, 22.866351 ], [ 108.579026, 22.865289 ], [ 108.578974, 22.864152 ], [ 108.578184, 22.863777 ], [ 108.577716, 22.863461 ], [ 108.577499, 22.863261 ], [ 108.577005, 22.862834 ], [ 108.576814, 22.862439 ], [ 108.576692, 22.862022 ], [ 108.57645, 22.861699 ], [ 108.576164, 22.86163 ], [ 108.575843, 22.86138 ], [ 108.57514, 22.860172 ], [ 108.574915, 22.859593 ], [ 108.574377, 22.859094 ], [ 108.573805, 22.858469 ], [ 108.573493, 22.858227 ], [ 108.573042, 22.857995 ], [ 108.572409, 22.857748 ], [ 108.571741, 22.857745 ], [ 108.571455, 22.857797 ], [ 108.571161, 22.858039 ], [ 108.570103, 22.858663 ], [ 108.56921, 22.858636 ], [ 108.56537, 22.858269 ], [ 108.564789, 22.858252 ], [ 108.564581, 22.858201 ], [ 108.564373, 22.857973 ], [ 108.564364, 22.857636 ], [ 108.564425, 22.857124 ], [ 108.564547, 22.855984 ], [ 108.564555, 22.8555 ], [ 108.56446, 22.854818 ], [ 108.564382, 22.854721 ], [ 108.564209, 22.854708 ], [ 108.563689, 22.855174 ], [ 108.562623, 22.855998 ], [ 108.561687, 22.856421 ], [ 108.561071, 22.856615 ], [ 108.560664, 22.857018 ], [ 108.560421, 22.857328 ], [ 108.56037, 22.857758 ], [ 108.560075, 22.858601 ], [ 108.559867, 22.859785 ], [ 108.559694, 22.861127 ], [ 108.559529, 22.861463 ], [ 108.559105, 22.861807 ], [ 108.55881, 22.861929 ], [ 108.557658, 22.861838 ], [ 108.556921, 22.861399 ], [ 108.552425, 22.861213 ], [ 108.552338, 22.861161 ], [ 108.552252, 22.860228 ], [ 108.552269, 22.859702 ], [ 108.552329, 22.859283 ], [ 108.552416, 22.858989 ], [ 108.553092, 22.858102 ], [ 108.553404, 22.857572 ], [ 108.553404, 22.857349 ], [ 108.553352, 22.857201 ], [ 108.552633, 22.856781 ], [ 108.551238, 22.855944 ], [ 108.550848, 22.855426 ], [ 108.550441, 22.855121 ], [ 108.549852, 22.854874 ], [ 108.549445, 22.854912 ], [ 108.549228, 22.855 ], [ 108.548951, 22.855311 ], [ 108.548821, 22.855435 ], [ 108.548198, 22.855855 ], [ 108.54786, 22.855962 ], [ 108.547782, 22.85601 ], [ 108.547661, 22.856176 ], [ 108.547349, 22.856643 ], [ 108.547011, 22.856961 ], [ 108.546829, 22.857044 ], [ 108.546492, 22.857066 ], [ 108.54469, 22.856597 ], [ 108.544223, 22.856474 ], [ 108.543746, 22.856041 ], [ 108.543374, 22.855728 ], [ 108.542655, 22.855362 ], [ 108.542482, 22.855261 ], [ 108.542066, 22.854814 ], [ 108.541382, 22.854293 ], [ 108.540967, 22.853999 ], [ 108.540672, 22.853995 ], [ 108.53991, 22.854238 ], [ 108.539339, 22.854595 ], [ 108.538733, 22.855057 ], [ 108.538265, 22.855388 ], [ 108.537495, 22.855405 ], [ 108.536819, 22.855474 ], [ 108.53604, 22.855466 ], [ 108.53559, 22.855576 ], [ 108.535226, 22.855587 ], [ 108.53488, 22.855623 ], [ 108.534733, 22.855741 ], [ 108.534569, 22.855886 ], [ 108.534508, 22.856664 ], [ 108.534525, 22.857196 ], [ 108.534794, 22.85751 ], [ 108.535027, 22.857728 ], [ 108.535417, 22.858114 ], [ 108.535573, 22.858446 ], [ 108.535815, 22.859107 ], [ 108.535876, 22.859786 ], [ 108.535815, 22.859958 ], [ 108.535668, 22.859937 ], [ 108.53301, 22.860117 ], [ 108.532906, 22.86005 ], [ 108.530154, 22.858603 ], [ 108.52992, 22.858337 ], [ 108.528786, 22.857304 ], [ 108.528457, 22.857114 ], [ 108.527704, 22.856852 ], [ 108.527211, 22.856508 ], [ 108.526839, 22.856103 ], [ 108.526717, 22.855867 ], [ 108.526639, 22.855361 ], [ 108.526656, 22.8551 ], [ 108.526406, 22.854834 ], [ 108.526051, 22.854831 ], [ 108.522493, 22.854804 ], [ 108.519439, 22.856671 ], [ 108.519109, 22.856824 ], [ 108.518789, 22.856766 ], [ 108.518599, 22.856604 ], [ 108.518539, 22.856415 ], [ 108.518443, 22.855649 ], [ 108.518365, 22.854937 ], [ 108.517863, 22.854286 ], [ 108.517439, 22.853672 ], [ 108.517318, 22.853673 ], [ 108.514471, 22.853972 ], [ 108.512238, 22.854354 ], [ 108.510335, 22.854553 ], [ 108.509919, 22.854565 ], [ 108.508258, 22.854612 ], [ 108.507825, 22.854559 ], [ 108.507539, 22.85464 ], [ 108.506587, 22.855535 ], [ 108.506043, 22.855828 ], [ 108.504996, 22.856187 ], [ 108.504096, 22.8567 ], [ 108.503819, 22.856761 ], [ 108.502417, 22.856659 ], [ 108.501768, 22.856551 ], [ 108.500479, 22.855981 ], [ 108.495771, 22.85407 ], [ 108.495494, 22.853832 ], [ 108.495347, 22.853524 ], [ 108.494507, 22.851679 ], [ 108.49269, 22.848916 ], [ 108.491565, 22.846686 ], [ 108.491487, 22.845842 ], [ 108.491522, 22.844932 ], [ 108.490163, 22.843917 ], [ 108.489886, 22.843934 ], [ 108.489574, 22.843928 ], [ 108.48658, 22.843629 ], [ 108.486399, 22.843622 ], [ 108.484019, 22.843558 ], [ 108.483776, 22.843756 ], [ 108.483396, 22.843837 ], [ 108.482642, 22.843853 ], [ 108.481725, 22.84419 ], [ 108.480609, 22.844599 ], [ 108.480185, 22.844906 ], [ 108.479648, 22.845235 ], [ 108.478479, 22.846044 ], [ 108.477787, 22.846183 ], [ 108.477493, 22.846316 ], [ 108.474602, 22.847548 ], [ 108.474403, 22.847497 ], [ 108.473399, 22.847469 ], [ 108.472386, 22.847919 ], [ 108.472117, 22.848364 ], [ 108.471823, 22.848658 ], [ 108.471243, 22.848714 ], [ 108.470663, 22.848881 ], [ 108.470282, 22.848899 ], [ 108.469789, 22.849043 ], [ 108.468992, 22.849469 ], [ 108.46888, 22.849591 ], [ 108.468958, 22.849868 ], [ 108.469685, 22.851173 ], [ 108.470204, 22.852527 ], [ 108.470204, 22.852789 ], [ 108.470144, 22.853011 ], [ 108.468084, 22.854045 ], [ 108.46772, 22.854066 ], [ 108.465486, 22.853759 ], [ 108.464915, 22.85374 ], [ 108.463919, 22.852916 ], [ 108.462689, 22.852076 ], [ 108.462282, 22.851734 ], [ 108.462118, 22.851346 ], [ 108.461823, 22.851091 ], [ 108.460559, 22.849978 ], [ 108.460135, 22.849523 ], [ 108.459909, 22.849434 ], [ 108.459329, 22.849461 ], [ 108.459017, 22.849284 ], [ 108.458567, 22.848966 ], [ 108.458169, 22.848709 ], [ 108.457779, 22.848644 ], [ 108.457467, 22.848714 ], [ 108.456844, 22.849254 ], [ 108.456566, 22.849585 ], [ 108.455337, 22.850966 ], [ 108.454107, 22.852579 ], [ 108.453959, 22.85279 ], [ 108.453111, 22.852779 ], [ 108.451803, 22.852473 ], [ 108.4513, 22.852303 ], [ 108.450997, 22.85185 ], [ 108.450772, 22.850102 ], [ 108.450815, 22.849516 ], [ 108.450729, 22.849093 ], [ 108.450312, 22.848761 ], [ 108.449516, 22.84875 ], [ 108.449351, 22.848787 ], [ 108.448979, 22.849192 ], [ 108.44806, 22.849738 ], [ 108.44728, 22.850378 ], [ 108.447047, 22.850661 ], [ 108.446943, 22.851108 ], [ 108.446908, 22.851592 ], [ 108.446925, 22.853388 ], [ 108.447038, 22.854786 ], [ 108.446951, 22.855185 ], [ 108.446813, 22.85542 ], [ 108.445946, 22.855843 ], [ 108.445704, 22.855802 ], [ 108.445374, 22.855548 ], [ 108.444932, 22.854144 ], [ 108.444439, 22.853652 ], [ 108.443269, 22.852602 ], [ 108.443061, 22.852248 ], [ 108.442498, 22.852151 ], [ 108.440296, 22.852732 ], [ 108.439872, 22.853126 ], [ 108.439846, 22.853312 ], [ 108.440027, 22.853651 ], [ 108.440166, 22.853976 ], [ 108.439967, 22.855355 ], [ 108.439828, 22.855605 ], [ 108.438459, 22.857791 ], [ 108.438372, 22.857852 ], [ 108.431455, 22.857424 ], [ 108.430414, 22.857345 ], [ 108.429842, 22.857187 ], [ 108.429686, 22.856968 ], [ 108.429816, 22.856006 ], [ 108.429625, 22.855653 ], [ 108.428862, 22.854262 ], [ 108.429079, 22.853252 ], [ 108.428992, 22.85302 ], [ 108.428654, 22.852829 ], [ 108.426217, 22.853739 ], [ 108.426052, 22.853904 ], [ 108.426122, 22.854039 ], [ 108.426582, 22.854362 ], [ 108.426772, 22.854746 ], [ 108.426582, 22.855423 ], [ 108.426182, 22.855927 ], [ 108.425099, 22.857292 ], [ 108.424917, 22.857526 ], [ 108.423078, 22.858794 ], [ 108.422687, 22.85887 ], [ 108.421534, 22.85912 ], [ 108.421083, 22.859294 ], [ 108.420771, 22.859689 ], [ 108.420493, 22.860317 ], [ 108.420424, 22.860697 ], [ 108.420163, 22.860821 ], [ 108.417561, 22.862066 ], [ 108.415574, 22.864605 ], [ 108.415089, 22.86522 ], [ 108.414091, 22.865138 ], [ 108.413639, 22.865086 ], [ 108.413674, 22.864534 ], [ 108.413605, 22.864178 ], [ 108.412711, 22.863742 ], [ 108.412051, 22.863699 ], [ 108.407253, 22.863724 ], [ 108.406416, 22.863765 ], [ 108.405392, 22.864258 ], [ 108.404913, 22.864924 ], [ 108.404877, 22.865525 ], [ 108.404969, 22.86728 ], [ 108.404952, 22.868461 ], [ 108.404726, 22.868604 ], [ 108.403576, 22.868057 ], [ 108.403464, 22.868024 ], [ 108.403357, 22.867953 ], [ 108.401396, 22.86702 ], [ 108.401316, 22.866974 ], [ 108.401269, 22.866947 ], [ 108.400862, 22.866716 ], [ 108.400104, 22.866285 ], [ 108.399699, 22.866054 ], [ 108.398197, 22.86466 ], [ 108.397632, 22.864262 ], [ 108.395314, 22.863691 ], [ 108.391188, 22.861048 ], [ 108.390693, 22.860449 ], [ 108.390404, 22.859891 ], [ 108.390105, 22.859446 ], [ 108.389945, 22.859022 ], [ 108.389619, 22.858373 ], [ 108.388099, 22.857816 ], [ 108.387443, 22.85769 ], [ 108.387048, 22.857243 ], [ 108.385857, 22.85601 ], [ 108.384608, 22.854543 ], [ 108.383182, 22.852966 ], [ 108.382287, 22.850779 ], [ 108.381999, 22.850299 ], [ 108.381623, 22.849939 ], [ 108.37945, 22.849528 ], [ 108.377894, 22.848764 ], [ 108.375756, 22.84719 ], [ 108.374313, 22.845805 ], [ 108.37294, 22.844301 ], [ 108.370688, 22.841444 ], [ 108.370358, 22.841124 ], [ 108.369098, 22.840779 ], [ 108.369072, 22.840771 ], [ 108.369044, 22.840764 ], [ 108.365751, 22.839862 ], [ 108.363525, 22.838457 ], [ 108.362829, 22.83829 ], [ 108.361274, 22.837551 ], [ 108.358342, 22.83637 ], [ 108.358288, 22.836354 ], [ 108.358245, 22.836331 ], [ 108.358117, 22.836279 ], [ 108.356925, 22.835594 ], [ 108.351255, 22.832672 ], [ 108.349978, 22.832156 ], [ 108.349207, 22.831756 ], [ 108.348267, 22.831232 ], [ 108.347499, 22.830875 ], [ 108.346871, 22.830702 ], [ 108.346628, 22.830658 ], [ 108.346181, 22.830506 ], [ 108.346059, 22.830471 ], [ 108.345856, 22.830455 ], [ 108.345506, 22.830479 ], [ 108.344141, 22.830764 ], [ 108.343487, 22.831114 ], [ 108.343215, 22.831253 ], [ 108.342461, 22.830684 ], [ 108.34209, 22.83036 ], [ 108.341669, 22.829736 ], [ 108.339471, 22.827981 ], [ 108.337853, 22.826593 ], [ 108.335888, 22.82513 ], [ 108.335785, 22.825063 ], [ 108.335719, 22.825038 ], [ 108.335647, 22.824973 ], [ 108.335604, 22.824945 ], [ 108.335569, 22.824922 ], [ 108.335239, 22.824708 ], [ 108.33517, 22.824662 ], [ 108.335094, 22.824614 ], [ 108.3348, 22.824422 ], [ 108.334298, 22.824068 ], [ 108.334168, 22.823975 ], [ 108.333219, 22.823304 ], [ 108.331982, 22.82183 ], [ 108.330225, 22.821253 ], [ 108.328025, 22.821249 ], [ 108.327252, 22.820919 ], [ 108.326891, 22.820751 ], [ 108.326441, 22.820572 ], [ 108.325303, 22.820085 ], [ 108.326224, 22.817516 ], [ 108.325645, 22.817205 ], [ 108.325602, 22.817157 ], [ 108.32552, 22.817138 ], [ 108.32398, 22.816311 ], [ 108.324024, 22.815822 ], [ 108.324044, 22.815734 ], [ 108.324079, 22.815696 ], [ 108.324042, 22.815664 ], [ 108.324041, 22.815628 ], [ 108.324119, 22.814759 ], [ 108.322832, 22.813157 ], [ 108.322658, 22.813009 ], [ 108.31882, 22.813047 ], [ 108.317451, 22.813433 ], [ 108.317588, 22.814083 ], [ 108.316292, 22.815451 ], [ 108.314453, 22.816277 ], [ 108.314271, 22.816491 ], [ 108.314103, 22.816852 ], [ 108.314225, 22.816992 ], [ 108.314507, 22.81747 ], [ 108.314566, 22.817644 ], [ 108.314575, 22.817974 ], [ 108.314555, 22.818164 ], [ 108.314401, 22.818787 ], [ 108.314338, 22.818944 ], [ 108.314055, 22.819443 ], [ 108.313824, 22.819726 ], [ 108.31337, 22.820429 ], [ 108.313092, 22.820812 ], [ 108.312962, 22.821043 ], [ 108.312777, 22.821439 ], [ 108.312716, 22.821644 ], [ 108.312693, 22.822015 ], [ 108.31271, 22.822342 ], [ 108.312802, 22.823142 ], [ 108.312776, 22.823425 ], [ 108.312739, 22.823574 ], [ 108.312616, 22.823831 ], [ 108.312762, 22.823941 ], [ 108.319179, 22.827378 ], [ 108.31944, 22.827537 ], [ 108.320042, 22.827771 ], [ 108.320066, 22.82791 ], [ 108.320054, 22.828014 ], [ 108.319415, 22.829313 ], [ 108.321963, 22.830718 ], [ 108.328704, 22.834241 ], [ 108.329945, 22.835311 ], [ 108.330047, 22.835392 ], [ 108.330118, 22.83546 ], [ 108.330443, 22.835741 ], [ 108.331304, 22.836826 ], [ 108.332053, 22.838959 ], [ 108.332183, 22.840737 ], [ 108.331485, 22.841703 ], [ 108.331438, 22.841755 ], [ 108.331409, 22.841807 ], [ 108.330052, 22.843686 ], [ 108.33002, 22.843796 ], [ 108.329629, 22.844416 ], [ 108.329414, 22.845057 ], [ 108.329246, 22.846414 ], [ 108.329079, 22.846981 ], [ 108.328113, 22.854421 ], [ 108.327801, 22.856826 ], [ 108.32754, 22.859498 ], [ 108.328209, 22.859888 ], [ 108.331654, 22.860833 ], [ 108.335722, 22.862764 ], [ 108.335784, 22.862812 ], [ 108.335931, 22.862863 ], [ 108.336098, 22.862942 ], [ 108.335246, 22.864669 ], [ 108.334672, 22.869683 ], [ 108.334855, 22.870504 ], [ 108.334965, 22.870616 ], [ 108.334974, 22.870683 ], [ 108.335324, 22.871206 ], [ 108.336489, 22.872124 ], [ 108.337799, 22.872856 ], [ 108.338149, 22.873288 ], [ 108.338252, 22.873416 ], [ 108.338345, 22.87353 ], [ 108.338712, 22.873984 ], [ 108.339048, 22.874397 ], [ 108.340717, 22.876457 ], [ 108.341891, 22.878804 ], [ 108.343179, 22.882534 ], [ 108.343417, 22.883201 ], [ 108.343479, 22.883375 ], [ 108.343604, 22.883723 ], [ 108.344466, 22.886138 ], [ 108.344214, 22.888775 ], [ 108.344145, 22.892542 ], [ 108.346998, 22.895988 ], [ 108.347598, 22.897241 ], [ 108.349641, 22.899493 ], [ 108.352322, 22.905075 ], [ 108.354755, 22.909097 ], [ 108.355911, 22.912422 ], [ 108.355878, 22.913472 ], [ 108.355783, 22.913922 ], [ 108.35578, 22.914043 ], [ 108.355729, 22.914682 ], [ 108.355588, 22.919327 ], [ 108.355569, 22.919454 ], [ 108.35558, 22.919585 ], [ 108.355546, 22.920711 ], [ 108.354807, 22.923777 ], [ 108.354686, 22.926602 ], [ 108.35412, 22.927786 ], [ 108.354016, 22.928283 ], [ 108.354356, 22.932389 ], [ 108.354912, 22.935438 ], [ 108.356512, 22.939357 ], [ 108.357834, 22.942173 ], [ 108.357852, 22.943409 ], [ 108.3584, 22.944799 ], [ 108.358234, 22.945502 ], [ 108.356667, 22.947007 ], [ 108.356519, 22.947677 ], [ 108.356349, 22.948331 ], [ 108.355896, 22.949417 ], [ 108.355811, 22.951054 ], [ 108.355158, 22.952302 ], [ 108.355115, 22.952695 ], [ 108.355174, 22.953293 ], [ 108.355583, 22.954041 ], [ 108.355922, 22.954259 ], [ 108.355757, 22.95461 ], [ 108.355026, 22.955056 ], [ 108.354409, 22.955185 ], [ 108.354174, 22.955393 ], [ 108.353879, 22.957049 ], [ 108.35414, 22.959282 ], [ 108.354453, 22.96116 ], [ 108.353917, 22.963294 ], [ 108.353785, 22.963558 ], [ 108.353778, 22.963884 ], [ 108.353288, 22.966052 ], [ 108.353514, 22.968141 ], [ 108.353766, 22.968534 ], [ 108.354523, 22.969147 ], [ 108.355579, 22.97049 ], [ 108.355682, 22.972013 ], [ 108.355581, 22.973047 ], [ 108.355288, 22.974301 ], [ 108.357479, 22.973892 ], [ 108.358184, 22.974077 ], [ 108.358288, 22.974701 ], [ 108.358341, 22.975669 ], [ 108.358888, 22.9763 ], [ 108.359923, 22.976907 ], [ 108.364044, 22.97819 ], [ 108.365974, 22.978538 ], [ 108.367209, 22.97849 ], [ 108.367965, 22.978088 ], [ 108.368826, 22.978036 ], [ 108.369452, 22.97853 ], [ 108.369678, 22.980157 ], [ 108.369695, 22.983231 ], [ 108.370182, 22.985107 ], [ 108.371017, 22.986053 ], [ 108.371191, 22.987169 ], [ 108.37093, 22.989227 ], [ 108.370783, 22.991728 ], [ 108.374224, 22.992394 ], [ 108.380769, 22.992758 ], [ 108.381064, 22.993003 ], [ 108.384375, 22.993649 ], [ 108.38778, 22.994811 ], [ 108.388718, 22.994727 ], [ 108.391133, 22.995044 ], [ 108.391741, 22.996117 ], [ 108.391872, 22.996781 ], [ 108.392445, 22.997207 ], [ 108.397447, 22.997062 ], [ 108.398585, 22.997129 ], [ 108.398776, 22.997043 ], [ 108.399071, 22.996802 ], [ 108.399479, 22.996594 ], [ 108.400269, 22.996494 ], [ 108.400842, 22.996273 ], [ 108.401598, 22.996284 ], [ 108.402041, 22.996132 ], [ 108.402344, 22.995799 ], [ 108.402501, 22.994888 ], [ 108.40277, 22.994061 ], [ 108.402796, 22.993433 ], [ 108.402657, 22.993183 ], [ 108.402926, 22.993129 ], [ 108.403898, 22.993436 ], [ 108.405296, 22.993549 ], [ 108.40639, 22.992926 ], [ 108.40672, 22.992902 ], [ 108.4079, 22.993156 ], [ 108.408421, 22.993164 ], [ 108.409246, 22.992693 ], [ 108.411745, 22.992619 ], [ 108.413454, 22.99282 ], [ 108.41427, 22.993052 ], [ 108.415389, 22.993449 ], [ 108.415971, 22.993738 ], [ 108.416101, 22.994089 ], [ 108.416049, 22.994421 ], [ 108.416084, 22.995123 ], [ 108.416873, 22.995791 ], [ 108.417472, 22.99642 ], [ 108.418053, 22.997306 ], [ 108.418764, 22.998167 ], [ 108.421063, 22.998125 ], [ 108.423536, 22.999384 ], [ 108.425149, 22.998827 ], [ 108.425686, 22.997999 ], [ 108.427109, 23.000056 ], [ 108.428522, 23.00222 ], [ 108.429077, 23.002545 ], [ 108.430092, 23.000952 ], [ 108.431444, 22.999461 ], [ 108.433941, 22.998959 ], [ 108.436377, 22.999444 ], [ 108.438214, 22.999427 ], [ 108.439384, 22.999492 ], [ 108.441074, 22.99855 ], [ 108.442201, 22.99758 ], [ 108.446603, 22.999402 ], [ 108.449219, 23.000633 ], [ 108.449358, 23.001686 ], [ 108.449427, 23.002231 ], [ 108.450762, 23.003481 ], [ 108.452217, 23.004496 ], [ 108.45369, 23.006601 ], [ 108.454486, 23.00719 ], [ 108.455474, 23.009693 ], [ 108.454582, 23.011152 ], [ 108.454591, 23.012793 ], [ 108.45421, 23.015297 ], [ 108.453603, 23.016252 ], [ 108.454123, 23.016952 ], [ 108.453222, 23.017922 ], [ 108.451542, 23.018455 ], [ 108.451404, 23.022687 ], [ 108.452807, 23.023904 ], [ 108.453353, 23.025714 ], [ 108.456237, 23.026157 ], [ 108.458047, 23.025615 ], [ 108.460437, 23.02592 ], [ 108.461589, 23.02694 ], [ 108.462914, 23.027252 ], [ 108.464308, 23.027233 ], [ 108.465953, 23.025634 ], [ 108.466923, 23.026925 ], [ 108.468516, 23.027566 ], [ 108.47107, 23.028428 ], [ 108.472195, 23.029259 ], [ 108.474481, 23.029763 ], [ 108.475952, 23.031906 ], [ 108.476515, 23.033031 ], [ 108.476878, 23.034361 ], [ 108.478021, 23.034931 ], [ 108.480497, 23.037638 ], [ 108.48099, 23.037787 ], [ 108.482686, 23.038498 ], [ 108.484815, 23.039085 ], [ 108.485776, 23.039748 ], [ 108.486996, 23.040588 ], [ 108.487888, 23.04075 ], [ 108.489117, 23.04097 ], [ 108.490519, 23.040981 ], [ 108.491323, 23.040868 ], [ 108.491609, 23.041104 ], [ 108.491912, 23.042151 ], [ 108.493963, 23.043419 ], [ 108.495763, 23.044421 ], [ 108.497606, 23.04251 ], [ 108.497839, 23.042031 ], [ 108.498826, 23.041911 ], [ 108.500375, 23.041136 ], [ 108.503646, 23.0396 ], [ 108.505463, 23.038161 ], [ 108.506795, 23.037782 ], [ 108.506726, 23.036633 ], [ 108.507236, 23.036297 ], [ 108.508361, 23.034681 ], [ 108.510551, 23.033988 ], [ 108.511658, 23.033434 ], [ 108.514557, 23.033696 ], [ 108.516349, 23.035927 ], [ 108.517776, 23.035191 ], [ 108.518001, 23.035078 ], [ 108.518183, 23.033892 ], [ 108.518443, 23.032191 ], [ 108.520026, 23.028578 ], [ 108.521307, 23.027263 ], [ 108.521367, 23.025949 ], [ 108.524422, 23.024979 ], [ 108.526214, 23.022674 ], [ 108.528369, 23.021579 ], [ 108.529771, 23.022233 ], [ 108.533113, 23.020871 ], [ 108.534368, 23.020659 ], [ 108.535545, 23.020066 ], [ 108.53577, 23.019236 ], [ 108.536549, 23.01739 ], [ 108.53835, 23.017357 ], [ 108.540342, 23.018306 ], [ 108.541822, 23.018017 ], [ 108.543849, 23.01593 ], [ 108.545069, 23.01522 ], [ 108.5461, 23.014994 ], [ 108.546663, 23.014183 ], [ 108.548196, 23.013254 ], [ 108.549998, 23.013107 ], [ 108.549876, 23.011733 ], [ 108.549105, 23.011148 ], [ 108.549192, 23.010384 ], [ 108.549304, 23.0094 ], [ 108.549781, 23.007942 ], [ 108.550508, 23.008774 ], [ 108.550093, 23.010221 ], [ 108.551513, 23.010639 ], [ 108.553834, 23.009927 ], [ 108.554761, 23.00933 ], [ 108.557863, 23.009029 ], [ 108.55873, 23.01076 ], [ 108.562612, 23.011337 ], [ 108.56308, 23.012743 ], [ 108.564614, 23.012449 ], [ 108.56522, 23.012333 ], [ 108.566477, 23.012425 ], [ 108.566997, 23.012973 ], [ 108.566113, 23.014331 ], [ 108.568281, 23.018321 ], [ 108.569199, 23.018697 ], [ 108.571956, 23.018303 ], [ 108.574705, 23.021384 ], [ 108.575668, 23.022727 ], [ 108.575442, 23.025956 ], [ 108.57422, 23.027787 ], [ 108.576431, 23.029137 ], [ 108.576015, 23.03089 ], [ 108.57814, 23.03422 ], [ 108.580204, 23.038293 ], [ 108.582928, 23.036971 ], [ 108.585174, 23.037729 ], [ 108.587509, 23.036733 ], [ 108.588689, 23.036294 ], [ 108.590476, 23.035632 ], [ 108.594112, 23.03828 ], [ 108.595171, 23.037652 ], [ 108.596933, 23.036601 ], [ 108.599008, 23.036099 ], [ 108.600927, 23.037046 ], [ 108.603393, 23.03992 ], [ 108.607327, 23.040887 ], [ 108.610185, 23.042663 ], [ 108.613242, 23.043946 ], [ 108.613277, 23.044354 ], [ 108.613408, 23.046054 ], [ 108.612513, 23.047484 ], [ 108.612999, 23.050791 ], [ 108.612226, 23.052011 ], [ 108.615163, 23.055074 ], [ 108.613652, 23.056542 ], [ 108.613634, 23.058981 ], [ 108.612522, 23.061713 ], [ 108.61208, 23.066068 ], [ 108.610751, 23.068406 ], [ 108.613843, 23.072509 ], [ 108.613844, 23.073909 ], [ 108.612923, 23.075367 ], [ 108.611715, 23.077848 ], [ 108.614288, 23.086037 ], [ 108.613871, 23.087869 ], [ 108.615139, 23.089745 ], [ 108.616877, 23.092328 ], [ 108.618702, 23.097109 ], [ 108.61719, 23.099147 ], [ 108.616304, 23.101997 ], [ 108.615244, 23.105316 ], [ 108.616078, 23.106576 ], [ 108.616991, 23.106064 ], [ 108.621857, 23.104581 ], [ 108.629349, 23.103671 ], [ 108.636261, 23.103393 ], [ 108.637583, 23.104172 ], [ 108.63994, 23.105571 ], [ 108.644062, 23.102851 ], [ 108.648889, 23.10044 ], [ 108.654613, 23.097601 ], [ 108.655796, 23.095753 ], [ 108.661442, 23.096951 ], [ 108.663252, 23.095882 ], [ 108.670761, 23.097392 ], [ 108.67184, 23.097239 ], [ 108.673076, 23.096656 ], [ 108.675077, 23.094632 ], [ 108.679209, 23.089787 ], [ 108.681185, 23.089481 ], [ 108.681498, 23.090878 ], [ 108.681494, 23.090969 ], [ 108.681533, 23.091037 ], [ 108.681794, 23.0922 ], [ 108.684134, 23.093012 ], [ 108.685144, 23.090791 ], [ 108.685883, 23.090388 ], [ 108.687745, 23.089801 ], [ 108.689138, 23.089791 ], [ 108.690704, 23.090643 ], [ 108.693201, 23.092241 ], [ 108.693549, 23.096301 ], [ 108.694341, 23.097514 ], [ 108.695907, 23.098941 ], [ 108.697778, 23.099789 ], [ 108.699639, 23.099631 ], [ 108.701684, 23.098323 ], [ 108.702431, 23.096442 ], [ 108.701101, 23.09482 ], [ 108.701135, 23.094304 ], [ 108.701727, 23.092431 ], [ 108.70311, 23.090408 ], [ 108.704189, 23.089684 ], [ 108.707137, 23.089804 ], [ 108.709851, 23.09026 ], [ 108.714626, 23.087553 ], [ 108.715321, 23.086218 ], [ 108.713851, 23.084573 ], [ 108.71493, 23.083849 ], [ 108.717121, 23.082386 ], [ 108.721478, 23.082414 ], [ 108.72412, 23.080471 ], [ 108.725398, 23.07709 ], [ 108.724633, 23.071768 ], [ 108.722111, 23.066993 ], [ 108.720885, 23.064671 ], [ 108.72185, 23.062753 ], [ 108.723693, 23.059075 ], [ 108.725719, 23.056628 ], [ 108.723441, 23.054504 ], [ 108.730734, 23.04878 ], [ 108.735836, 23.048476 ], [ 108.746444, 23.034827 ], [ 108.754573, 23.033936 ], [ 108.758559, 23.03059 ], [ 108.761138, 23.029778 ], [ 108.765113, 23.02853 ], [ 108.765547, 23.027053 ], [ 108.769435, 23.014012 ], [ 108.77413, 23.014473 ], [ 108.776508, 23.018041 ], [ 108.77525, 23.021357 ], [ 108.779544, 23.018939 ], [ 108.780238, 23.01546 ], [ 108.778763, 23.01042 ], [ 108.779379, 23.005993 ], [ 108.773287, 23.00455 ], [ 108.770702, 23.003494 ], [ 108.770424, 23.002624 ], [ 108.770667, 23.001227 ], [ 108.770519, 22.999667 ], [ 108.77045, 22.99834 ], [ 108.770658, 22.997087 ] ] ] } },
{ "type": "Feature", "properties": { "county_name": "青秀区" }, "geometry": { "type": "Polygon", "coordinates": [ [ [ 108.317451, 22.813433 ], [ 108.31882, 22.813047 ], [ 108.322658, 22.813009 ], [ 108.322832, 22.813157 ], [ 108.324119, 22.814759 ], [ 108.324041, 22.815628 ], [ 108.324042, 22.815664 ], [ 108.324079, 22.815696 ], [ 108.324044, 22.815734 ], [ 108.324024, 22.815822 ], [ 108.32398, 22.816311 ], [ 108.32552, 22.817138 ], [ 108.325602, 22.817157 ], [ 108.325645, 22.817205 ], [ 108.326224, 22.817516 ], [ 108.325303, 22.820085 ], [ 108.326441, 22.820572 ], [ 108.326891, 22.820751 ], [ 108.327252, 22.820919 ], [ 108.328025, 22.821249 ], [ 108.330225, 22.821253 ], [ 108.331982, 22.82183 ], [ 108.333219, 22.823304 ], [ 108.334168, 22.823975 ], [ 108.334298, 22.824068 ], [ 108.3348, 22.824422 ], [ 108.335094, 22.824614 ], [ 108.33517, 22.824662 ], [ 108.335239, 22.824708 ], [ 108.335569, 22.824922 ], [ 108.335604, 22.824945 ], [ 108.335647, 22.824973 ], [ 108.335719, 22.825038 ], [ 108.335785, 22.825063 ], [ 108.335888, 22.82513 ], [ 108.337853, 22.826593 ], [ 108.339471, 22.827981 ], [ 108.341669, 22.829736 ], [ 108.34209, 22.83036 ], [ 108.342461, 22.830684 ], [ 108.343215, 22.831253 ], [ 108.343487, 22.831114 ], [ 108.344141, 22.830764 ], [ 108.345506, 22.830479 ], [ 108.345856, 22.830455 ], [ 108.346059, 22.830471 ], [ 108.346181, 22.830506 ], [ 108.346628, 22.830658 ], [ 108.346871, 22.830702 ], [ 108.347499, 22.830875 ], [ 108.348267, 22.831232 ], [ 108.349207, 22.831756 ], [ 108.349978, 22.832156 ], [ 108.351255, 22.832672 ], [ 108.356925, 22.835594 ], [ 108.358117, 22.836279 ], [ 108.358245, 22.836331 ], [ 108.358288, 22.836354 ], [ 108.358342, 22.83637 ], [ 108.361274, 22.837551 ], [ 108.362829, 22.83829 ], [ 108.363525, 22.838457 ], [ 108.365751, 22.839862 ], [ 108.369044, 22.840764 ], [ 108.369072, 22.840771 ], [ 108.369098, 22.840779 ], [ 108.370358, 22.841124 ], [ 108.370688, 22.841444 ], [ 108.37294, 22.844301 ], [ 108.374313, 22.845805 ], [ 108.375756, 22.84719 ], [ 108.377894, 22.848764 ], [ 108.37945, 22.849528 ], [ 108.381623, 22.849939 ], [ 108.381999, 22.850299 ], [ 108.382287, 22.850779 ], [ 108.383182, 22.852966 ], [ 108.384608, 22.854543 ], [ 108.385857, 22.85601 ], [ 108.387048, 22.857243 ], [ 108.387443, 22.85769 ], [ 108.388099, 22.857816 ], [ 108.389619, 22.858373 ], [ 108.389945, 22.859022 ], [ 108.390105, 22.859446 ], [ 108.390404, 22.859891 ], [ 108.390693, 22.860449 ], [ 108.391188, 22.861048 ], [ 108.395314, 22.863691 ], [ 108.397632, 22.864262 ], [ 108.398197, 22.86466 ], [ 108.399699, 22.866054 ], [ 108.400104, 22.866285 ], [ 108.400862, 22.866716 ], [ 108.401269, 22.866947 ], [ 108.401316, 22.866974 ], [ 108.401396, 22.86702 ], [ 108.403357, 22.867953 ], [ 108.403464, 22.868024 ], [ 108.403576, 22.868057 ], [ 108.404726, 22.868604 ], [ 108.404952, 22.868461 ], [ 108.404969, 22.86728 ], [ 108.404877, 22.865525 ], [ 108.404913, 22.864924 ], [ 108.405392, 22.864258 ], [ 108.406416, 22.863765 ], [ 108.407253, 22.863724 ], [ 108.412051, 22.863699 ], [ 108.412711, 22.863742 ], [ 108.413605, 22.864178 ], [ 108.413674, 22.864534 ], [ 108.413639, 22.865086 ], [ 108.414091, 22.865138 ], [ 108.415089, 22.86522 ], [ 108.415574, 22.864605 ], [ 108.417561, 22.862066 ], [ 108.420163, 22.860821 ], [ 108.420424, 22.860697 ], [ 108.420493, 22.860317 ], [ 108.420771, 22.859689 ], [ 108.421083, 22.859294 ], [ 108.421534, 22.85912 ], [ 108.422687, 22.85887 ], [ 108.423078, 22.858794 ], [ 108.424917, 22.857526 ], [ 108.425099, 22.857292 ], [ 108.426182, 22.855927 ], [ 108.426582, 22.855423 ], [ 108.426772, 22.854746 ], [ 108.426582, 22.854362 ], [ 108.426122, 22.854039 ], [ 108.426052, 22.853904 ], [ 108.426217, 22.853739 ], [ 108.428654, 22.852829 ], [ 108.428992, 22.85302 ], [ 108.429079, 22.853252 ], [ 108.428862, 22.854262 ], [ 108.429625, 22.855653 ], [ 108.429816, 22.856006 ], [ 108.429686, 22.856968 ], [ 108.429842, 22.857187 ], [ 108.430414, 22.857345 ], [ 108.431455, 22.857424 ], [ 108.438372, 22.857852 ], [ 108.438459, 22.857791 ], [ 108.439828, 22.855605 ], [ 108.439967, 22.855355 ], [ 108.440166, 22.853976 ], [ 108.440027, 22.853651 ], [ 108.439846, 22.853312 ], [ 108.439872, 22.853126 ], [ 108.440296, 22.852732 ], [ 108.442498, 22.852151 ], [ 108.443061, 22.852248 ], [ 108.443269, 22.852602 ], [ 108.444439, 22.853652 ], [ 108.444932, 22.854144 ], [ 108.445374, 22.855548 ], [ 108.445704, 22.855802 ], [ 108.445946, 22.855843 ], [ 108.446813, 22.85542 ], [ 108.446951, 22.855185 ], [ 108.447038, 22.854786 ], [ 108.446925, 22.853388 ], [ 108.446908, 22.851592 ], [ 108.446943, 22.851108 ], [ 108.447047, 22.850661 ], [ 108.44728, 22.850378 ], [ 108.44806, 22.849738 ], [ 108.448979, 22.849192 ], [ 108.449351, 22.848787 ], [ 108.449516, 22.84875 ], [ 108.450312, 22.848761 ], [ 108.450729, 22.849093 ], [ 108.450815, 22.849516 ], [ 108.450772, 22.850102 ], [ 108.450997, 22.85185 ], [ 108.4513, 22.852303 ], [ 108.451803, 22.852473 ], [ 108.453111, 22.852779 ], [ 108.453959, 22.85279 ], [ 108.454107, 22.852579 ], [ 108.455337, 22.850966 ], [ 108.456566, 22.849585 ], [ 108.456844, 22.849254 ], [ 108.457467, 22.848714 ], [ 108.457779, 22.848644 ], [ 108.458169, 22.848709 ], [ 108.458567, 22.848966 ], [ 108.459017, 22.849284 ], [ 108.459329, 22.849461 ], [ 108.459909, 22.849434 ], [ 108.460135, 22.849523 ], [ 108.460559, 22.849978 ], [ 108.461823, 22.851091 ], [ 108.462118, 22.851346 ], [ 108.462282, 22.851734 ], [ 108.462689, 22.852076 ], [ 108.463919, 22.852916 ], [ 108.464915, 22.85374 ], [ 108.465486, 22.853759 ], [ 108.46772, 22.854066 ], [ 108.468084, 22.854045 ], [ 108.470144, 22.853011 ], [ 108.470204, 22.852789 ], [ 108.470204, 22.852527 ], [ 108.469685, 22.851173 ], [ 108.468958, 22.849868 ], [ 108.46888, 22.849591 ], [ 108.468992, 22.849469 ], [ 108.469789, 22.849043 ], [ 108.470282, 22.848899 ], [ 108.470663, 22.848881 ], [ 108.471243, 22.848714 ], [ 108.471823, 22.848658 ], [ 108.472117, 22.848364 ], [ 108.472386, 22.847919 ], [ 108.473399, 22.847469 ], [ 108.474403, 22.847497 ], [ 108.474602, 22.847548 ], [ 108.477493, 22.846316 ], [ 108.477787, 22.846183 ], [ 108.478479, 22.846044 ], [ 108.479648, 22.845235 ], [ 108.480185, 22.844906 ], [ 108.480609, 22.844599 ], [ 108.481725, 22.84419 ], [ 108.482642, 22.843853 ], [ 108.483396, 22.843837 ], [ 108.483776, 22.843756 ], [ 108.484019, 22.843558 ], [ 108.486399, 22.843622 ], [ 108.48658, 22.843629 ], [ 108.489574, 22.843928 ], [ 108.489886, 22.843934 ], [ 108.490163, 22.843917 ], [ 108.491522, 22.844932 ], [ 108.491487, 22.845842 ], [ 108.491565, 22.846686 ], [ 108.49269, 22.848916 ], [ 108.494507, 22.851679 ], [ 108.495347, 22.853524 ], [ 108.495494, 22.853832 ], [ 108.495771, 22.85407 ], [ 108.500479, 22.855981 ], [ 108.501768, 22.856551 ], [ 108.502417, 22.856659 ], [ 108.503819, 22.856761 ], [ 108.504096, 22.8567 ], [ 108.504996, 22.856187 ], [ 108.506043, 22.855828 ], [ 108.506587, 22.855535 ], [ 108.507539, 22.85464 ], [ 108.507825, 22.854559 ], [ 108.508258, 22.854612 ], [ 108.509919, 22.854565 ], [ 108.510335, 22.854553 ], [ 108.512238, 22.854354 ], [ 108.514471, 22.853972 ], [ 108.517318, 22.853673 ], [ 108.517439, 22.853672 ], [ 108.517863, 22.854286 ], [ 108.518365, 22.854937 ], [ 108.518443, 22.855649 ], [ 108.518539, 22.856415 ], [ 108.518599, 22.856604 ], [ 108.518789, 22.856766 ], [ 108.519109, 22.856824 ], [ 108.519439, 22.856671 ], [ 108.522493, 22.854804 ], [ 108.526051, 22.854831 ], [ 108.526406, 22.854834 ], [ 108.526656, 22.8551 ], [ 108.526639, 22.855361 ], [ 108.526717, 22.855867 ], [ 108.526839, 22.856103 ], [ 108.527211, 22.856508 ], [ 108.527704, 22.856852 ], [ 108.528457, 22.857114 ], [ 108.528786, 22.857304 ], [ 108.52992, 22.858337 ], [ 108.530154, 22.858603 ], [ 108.532906, 22.86005 ], [ 108.53301, 22.860117 ], [ 108.535668, 22.859937 ], [ 108.535815, 22.859958 ], [ 108.535876, 22.859786 ], [ 108.535815, 22.859107 ], [ 108.535573, 22.858446 ], [ 108.535417, 22.858114 ], [ 108.535027, 22.857728 ], [ 108.534794, 22.85751 ], [ 108.534525, 22.857196 ], [ 108.534508, 22.856664 ], [ 108.534569, 22.855886 ], [ 108.534733, 22.855741 ], [ 108.53488, 22.855623 ], [ 108.535226, 22.855587 ], [ 108.53559, 22.855576 ], [ 108.53604, 22.855466 ], [ 108.536819, 22.855474 ], [ 108.537495, 22.855405 ], [ 108.538265, 22.855388 ], [ 108.538733, 22.855057 ], [ 108.539339, 22.854595 ], [ 108.53991, 22.854238 ], [ 108.540672, 22.853995 ], [ 108.540967, 22.853999 ], [ 108.541382, 22.854293 ], [ 108.542066, 22.854814 ], [ 108.542482, 22.855261 ], [ 108.542655, 22.855362 ], [ 108.543374, 22.855728 ], [ 108.543746, 22.856041 ], [ 108.544223, 22.856474 ], [ 108.54469, 22.856597 ], [ 108.546492, 22.857066 ], [ 108.546829, 22.857044 ], [ 108.547011, 22.856961 ], [ 108.547349, 22.856643 ], [ 108.547661, 22.856176 ], [ 108.547782, 22.85601 ], [ 108.54786, 22.855962 ], [ 108.548198, 22.855855 ], [ 108.548821, 22.855435 ], [ 108.548951, 22.855311 ], [ 108.549228, 22.855 ], [ 108.549445, 22.854912 ], [ 108.549852, 22.854874 ], [ 108.550441, 22.855121 ], [ 108.550848, 22.855426 ], [ 108.551238, 22.855944 ], [ 108.552633, 22.856781 ], [ 108.553352, 22.857201 ], [ 108.553404, 22.857349 ], [ 108.553404, 22.857572 ], [ 108.553092, 22.858102 ], [ 108.552416, 22.858989 ], [ 108.552329, 22.859283 ], [ 108.552269, 22.859702 ], [ 108.552252, 22.860228 ], [ 108.552338, 22.861161 ], [ 108.552425, 22.861213 ], [ 108.556921, 22.861399 ], [ 108.557658, 22.861838 ], [ 108.55881, 22.861929 ], [ 108.559105, 22.861807 ], [ 108.559529, 22.861463 ], [ 108.559694, 22.861127 ], [ 108.559867, 22.859785 ], [ 108.560075, 22.858601 ], [ 108.56037, 22.857758 ], [ 108.560421, 22.857328 ], [ 108.560664, 22.857018 ], [ 108.561071, 22.856615 ], [ 108.561687, 22.856421 ], [ 108.562623, 22.855998 ], [ 108.563689, 22.855174 ], [ 108.564209, 22.854708 ], [ 108.564382, 22.854721 ], [ 108.56446, 22.854818 ], [ 108.564555, 22.8555 ], [ 108.564547, 22.855984 ], [ 108.564425, 22.857124 ], [ 108.564364, 22.857636 ], [ 108.564373, 22.857973 ], [ 108.564581, 22.858201 ], [ 108.564789, 22.858252 ], [ 108.56537, 22.858269 ], [ 108.56921, 22.858636 ], [ 108.570103, 22.858663 ], [ 108.571161, 22.858039 ], [ 108.571455, 22.857797 ], [ 108.571741, 22.857745 ], [ 108.572409, 22.857748 ], [ 108.573042, 22.857995 ], [ 108.573493, 22.858227 ], [ 108.573805, 22.858469 ], [ 108.574377, 22.859094 ], [ 108.574915, 22.859593 ], [ 108.57514, 22.860172 ], [ 108.575843, 22.86138 ], [ 108.576164, 22.86163 ], [ 108.57645, 22.861699 ], [ 108.576692, 22.862022 ], [ 108.576814, 22.862439 ], [ 108.577005, 22.862834 ], [ 108.577499, 22.863261 ], [ 108.577716, 22.863461 ], [ 108.578184, 22.863777 ], [ 108.578974, 22.864152 ], [ 108.579026, 22.865289 ], [ 108.578844, 22.866351 ], [ 108.578982, 22.867399 ], [ 108.578991, 22.867899 ], [ 108.578982, 22.869868 ], [ 108.578887, 22.87063 ], [ 108.578974, 22.871142 ], [ 108.579312, 22.872173 ], [ 108.579633, 22.873158 ], [ 108.579841, 22.873449 ], [ 108.579946, 22.873479 ], [ 108.580102, 22.873388 ], [ 108.580943, 22.872343 ], [ 108.581524, 22.871908 ], [ 108.582591, 22.870739 ], [ 108.583667, 22.869668 ], [ 108.583762, 22.869571 ], [ 108.583953, 22.869288 ], [ 108.584109, 22.869162 ], [ 108.584256, 22.869173 ], [ 108.584439, 22.869281 ], [ 108.584707, 22.86978 ], [ 108.584838, 22.870169 ], [ 108.585003, 22.870887 ], [ 108.585011, 22.871658 ], [ 108.584786, 22.872553 ], [ 108.584794, 22.872741 ], [ 108.585263, 22.873273 ], [ 108.585515, 22.874156 ], [ 108.585723, 22.874326 ], [ 108.585836, 22.874397 ], [ 108.586304, 22.874412 ], [ 108.58718, 22.874776 ], [ 108.588543, 22.875615 ], [ 108.589133, 22.875793 ], [ 108.589792, 22.876294 ], [ 108.590131, 22.876377 ], [ 108.592465, 22.877461 ], [ 108.592474, 22.877565 ], [ 108.592908, 22.878134 ], [ 108.593194, 22.879022 ], [ 108.593507, 22.87979 ], [ 108.593602, 22.880179 ], [ 108.596571, 22.884029 ], [ 108.596745, 22.884446 ], [ 108.597587, 22.884984 ], [ 108.600704, 22.887144 ], [ 108.60785, 22.887056 ], [ 108.611872, 22.883597 ], [ 108.611985, 22.883508 ], [ 108.612263, 22.882201 ], [ 108.612158, 22.881224 ], [ 108.612211, 22.880314 ], [ 108.612245, 22.880221 ], [ 108.613018, 22.8801 ], [ 108.613331, 22.880122 ], [ 108.613635, 22.880356 ], [ 108.614139, 22.880941 ], [ 108.614374, 22.881496 ], [ 108.614513, 22.882124 ], [ 108.614756, 22.882554 ], [ 108.615017, 22.882621 ], [ 108.615607, 22.883149 ], [ 108.615998, 22.883501 ], [ 108.616494, 22.884055 ], [ 108.618206, 22.883778 ], [ 108.619127, 22.883968 ], [ 108.619396, 22.884025 ], [ 108.619952, 22.885009 ], [ 108.620821, 22.886396 ], [ 108.621299, 22.887665 ], [ 108.622151, 22.88927 ], [ 108.622725, 22.889778 ], [ 108.623055, 22.890013 ], [ 108.623655, 22.890339 ], [ 108.623837, 22.890361 ], [ 108.626097, 22.890346 ], [ 108.626279, 22.890346 ], [ 108.627783, 22.889699 ], [ 108.630139, 22.888835 ], [ 108.630435, 22.888839 ], [ 108.630556, 22.888679 ], [ 108.630591, 22.888379 ], [ 108.630713, 22.888186 ], [ 108.631026, 22.88805 ], [ 108.631504, 22.888051 ], [ 108.631834, 22.888064 ], [ 108.63233, 22.888156 ], [ 108.632773, 22.888408 ], [ 108.633234, 22.888919 ], [ 108.633912, 22.889198 ], [ 108.634695, 22.889854 ], [ 108.635408, 22.890294 ], [ 108.635895, 22.89052 ], [ 108.636138, 22.890714 ], [ 108.636347, 22.891656 ], [ 108.636556, 22.89196 ], [ 108.637747, 22.892878 ], [ 108.638721, 22.893413 ], [ 108.639234, 22.893531 ], [ 108.639608, 22.893547 ], [ 108.639921, 22.893574 ], [ 108.640869, 22.893657 ], [ 108.642347, 22.89285 ], [ 108.642652, 22.892679 ], [ 108.646548, 22.8927 ], [ 108.647096, 22.892531 ], [ 108.648001, 22.892576 ], [ 108.648575, 22.892846 ], [ 108.649053, 22.893247 ], [ 108.650115, 22.894544 ], [ 108.650471, 22.895451 ], [ 108.650619, 22.896195 ], [ 108.650906, 22.897307 ], [ 108.650924, 22.897883 ], [ 108.650872, 22.898071 ], [ 108.650646, 22.898251 ], [ 108.650211, 22.89837 ], [ 108.649871, 22.898413 ], [ 108.649315, 22.898966 ], [ 108.648775, 22.899959 ], [ 108.647227, 22.902036 ], [ 108.647166, 22.902225 ], [ 108.64721, 22.902529 ], [ 108.647366, 22.902651 ], [ 108.652308, 22.904982 ], [ 108.652986, 22.9054 ], [ 108.653169, 22.905409 ], [ 108.653638, 22.905377 ], [ 108.654099, 22.905391 ], [ 108.6547, 22.905344 ], [ 108.654891, 22.905353 ], [ 108.655057, 22.905421 ], [ 108.655657, 22.905787 ], [ 108.656448, 22.906355 ], [ 108.657049, 22.906786 ], [ 108.657136, 22.907322 ], [ 108.657153, 22.907902 ], [ 108.657101, 22.908279 ], [ 108.656899, 22.908894 ], [ 108.656586, 22.909518 ], [ 108.656333, 22.910032 ], [ 108.656377, 22.910469 ], [ 108.656481, 22.910654 ], [ 108.656655, 22.910697 ], [ 108.657029, 22.910639 ], [ 108.657804, 22.91017 ], [ 108.658604, 22.909726 ], [ 108.658987, 22.909571 ], [ 108.659152, 22.90956 ], [ 108.659544, 22.909623 ], [ 108.660466, 22.909988 ], [ 108.661945, 22.910631 ], [ 108.662215, 22.910679 ], [ 108.66365, 22.910538 ], [ 108.664955, 22.910484 ], [ 108.665982, 22.910096 ], [ 108.666252, 22.910101 ], [ 108.6664, 22.910214 ], [ 108.6664, 22.910452 ], [ 108.666121, 22.910847 ], [ 108.665504, 22.912211 ], [ 108.665269, 22.912574 ], [ 108.665095, 22.913207 ], [ 108.664921, 22.913532 ], [ 108.664895, 22.913702 ], [ 108.664764, 22.914036 ], [ 108.664773, 22.914505 ], [ 108.664877, 22.914657 ], [ 108.664964, 22.914699 ], [ 108.665191, 22.914618 ], [ 108.665565, 22.914359 ], [ 108.665765, 22.91432 ], [ 108.666478, 22.914311 ], [ 108.66687, 22.914407 ], [ 108.667253, 22.914616 ], [ 108.667488, 22.914579 ], [ 108.667801, 22.914528 ], [ 108.668166, 22.914542 ], [ 108.668558, 22.914738 ], [ 108.67169, 22.918211 ], [ 108.671664, 22.918352 ], [ 108.671308, 22.919103 ], [ 108.671142, 22.919284 ], [ 108.670672, 22.919542 ], [ 108.670333, 22.919648 ], [ 108.669907, 22.920139 ], [ 108.669446, 22.921086 ], [ 108.669106, 22.921803 ], [ 108.669054, 22.922159 ], [ 108.669063, 22.922439 ], [ 108.669298, 22.922857 ], [ 108.669811, 22.923468 ], [ 108.670107, 22.923944 ], [ 108.670229, 22.92443 ], [ 108.670081, 22.92524 ], [ 108.669785, 22.925697 ], [ 108.669585, 22.925871 ], [ 108.669254, 22.926118 ], [ 108.668263, 22.927238 ], [ 108.668176, 22.927598 ], [ 108.668245, 22.928232 ], [ 108.668393, 22.928487 ], [ 108.668672, 22.928709 ], [ 108.669255, 22.928788 ], [ 108.670186, 22.929022 ], [ 108.671021, 22.92931 ], [ 108.671491, 22.929465 ], [ 108.672692, 22.930067 ], [ 108.673675, 22.93077 ], [ 108.67404, 22.931064 ], [ 108.674162, 22.931046 ], [ 108.674771, 22.930103 ], [ 108.675232, 22.929136 ], [ 108.675946, 22.92737 ], [ 108.676433, 22.926314 ], [ 108.676868, 22.925754 ], [ 108.677416, 22.925432 ], [ 108.678539, 22.925017 ], [ 108.679531, 22.924734 ], [ 108.680557, 22.924261 ], [ 108.681227, 22.924918 ], [ 108.68161, 22.925259 ], [ 108.68168, 22.925815 ], [ 108.682507, 22.927154 ], [ 108.682846, 22.927502 ], [ 108.683116, 22.92757 ], [ 108.683603, 22.927586 ], [ 108.684029, 22.927531 ], [ 108.684595, 22.927349 ], [ 108.684804, 22.927376 ], [ 108.685378, 22.927518 ], [ 108.685561, 22.927655 ], [ 108.686022, 22.928214 ], [ 108.686483, 22.929007 ], [ 108.686683, 22.929874 ], [ 108.68711, 22.931698 ], [ 108.687136, 22.93258 ], [ 108.687406, 22.934304 ], [ 108.687728, 22.934908 ], [ 108.687832, 22.935247 ], [ 108.687815, 22.93643 ], [ 108.688128, 22.936759 ], [ 108.688398, 22.9369 ], [ 108.689451, 22.937653 ], [ 108.689947, 22.937737 ], [ 108.69053, 22.937736 ], [ 108.691086, 22.937593 ], [ 108.691495, 22.937362 ], [ 108.6916, 22.936741 ], [ 108.691991, 22.935886 ], [ 108.692461, 22.935247 ], [ 108.692853, 22.934905 ], [ 108.693183, 22.934736 ], [ 108.693522, 22.934691 ], [ 108.693809, 22.934835 ], [ 108.694358, 22.935341 ], [ 108.695123, 22.936263 ], [ 108.695349, 22.936442 ], [ 108.695793, 22.936449 ], [ 108.696637, 22.936301 ], [ 108.698429, 22.936354 ], [ 108.698464, 22.93654 ], [ 108.698447, 22.938312 ], [ 108.698421, 22.939248 ], [ 108.698334, 22.940042 ], [ 108.698595, 22.94087 ], [ 108.698786, 22.94161 ], [ 108.698778, 22.942533 ], [ 108.698604, 22.943375 ], [ 108.698386, 22.943772 ], [ 108.698229, 22.944119 ], [ 108.698177, 22.944703 ], [ 108.697638, 22.946304 ], [ 108.697334, 22.946673 ], [ 108.697029, 22.947066 ], [ 108.697656, 22.951502 ], [ 108.697691, 22.951789 ], [ 108.700187, 22.953213 ], [ 108.700527, 22.95327 ], [ 108.700892, 22.953451 ], [ 108.701754, 22.953914 ], [ 108.701771, 22.954049 ], [ 108.701667, 22.956181 ], [ 108.701875, 22.957306 ], [ 108.701858, 22.957642 ], [ 108.701571, 22.957813 ], [ 108.699892, 22.958234 ], [ 108.698631, 22.958774 ], [ 108.698387, 22.959432 ], [ 108.697622, 22.96079 ], [ 108.697483, 22.960939 ], [ 108.697204, 22.960984 ], [ 108.697065, 22.961093 ], [ 108.697039, 22.96118 ], [ 108.697352, 22.96156 ], [ 108.697596, 22.961739 ], [ 108.698013, 22.961794 ], [ 108.698431, 22.961875 ], [ 108.698892, 22.962184 ], [ 108.699136, 22.962449 ], [ 108.699588, 22.964328 ], [ 108.699936, 22.965206 ], [ 108.700023, 22.965492 ], [ 108.699971, 22.966154 ], [ 108.699858, 22.966401 ], [ 108.699832, 22.966664 ], [ 108.699875, 22.966875 ], [ 108.700267, 22.967019 ], [ 108.700754, 22.967026 ], [ 108.701641, 22.967141 ], [ 108.702807, 22.966901 ], [ 108.704086, 22.966769 ], [ 108.704564, 22.966731 ], [ 108.705443, 22.967234 ], [ 108.705504, 22.968076 ], [ 108.705373, 22.968462 ], [ 108.705625, 22.968701 ], [ 108.707304, 22.969896 ], [ 108.708609, 22.972256 ], [ 108.708739, 22.972733 ], [ 108.709357, 22.973761 ], [ 108.709401, 22.973987 ], [ 108.709871, 22.975519 ], [ 108.71001, 22.975634 ], [ 108.713175, 22.975593 ], [ 108.714358, 22.974537 ], [ 108.715324, 22.974912 ], [ 108.716071, 22.976593 ], [ 108.716289, 22.979044 ], [ 108.716176, 22.98155 ], [ 108.715315, 22.982854 ], [ 108.715237, 22.983568 ], [ 108.715776, 22.983998 ], [ 108.716454, 22.984536 ], [ 108.716681, 22.984864 ], [ 108.716611, 22.985296 ], [ 108.716568, 22.987542 ], [ 108.716316, 22.989184 ], [ 108.716116, 22.991693 ], [ 108.716124, 22.992014 ], [ 108.716924, 22.992215 ], [ 108.717951, 22.992948 ], [ 108.718281, 22.993088 ], [ 108.719768, 22.993072 ], [ 108.720551, 22.992838 ], [ 108.720872, 22.991879 ], [ 108.721289, 22.991771 ], [ 108.72335, 22.991841 ], [ 108.724698, 22.991901 ], [ 108.725028, 22.991962 ], [ 108.726654, 22.993592 ], [ 108.72648, 22.994421 ], [ 108.726211, 22.995437 ], [ 108.72635, 22.995743 ], [ 108.726819, 22.99588 ], [ 108.730114, 22.995456 ], [ 108.730852, 22.995016 ], [ 108.731026, 22.99474 ], [ 108.732026, 22.993267 ], [ 108.732261, 22.992466 ], [ 108.733312, 22.991774 ], [ 108.734694, 22.990685 ], [ 108.735937, 22.989698 ], [ 108.737683, 22.989143 ], [ 108.7383, 22.988297 ], [ 108.73956, 22.987709 ], [ 108.741611, 22.987513 ], [ 108.742827, 22.987935 ], [ 108.743748, 22.988704 ], [ 108.746042, 22.989996 ], [ 108.74744, 22.990846 ], [ 108.747918, 22.991686 ], [ 108.748222, 22.993102 ], [ 108.74857, 22.993659 ], [ 108.751896, 22.99673 ], [ 108.752409, 22.997029 ], [ 108.755309, 22.996172 ], [ 108.755639, 22.995614 ], [ 108.75722, 22.995603 ], [ 108.758574, 22.995785 ], [ 108.759225, 22.995631 ], [ 108.761101, 22.994664 ], [ 108.76288, 22.993096 ], [ 108.764078, 22.992186 ], [ 108.764868, 22.991964 ], [ 108.766847, 22.993186 ], [ 108.767316, 22.993357 ], [ 108.768991, 22.993619 ], [ 108.769494, 22.99366 ], [ 108.76959, 22.994324 ], [ 108.769061, 22.995998 ], [ 108.769339, 22.9963 ], [ 108.770658, 22.997087 ], [ 108.77314, 22.996853 ], [ 108.775951, 22.996914 ], [ 108.776784, 22.996927 ], [ 108.777027, 22.996755 ], [ 108.776723, 22.994341 ], [ 108.775109, 22.991533 ], [ 108.775265, 22.988995 ], [ 108.775742, 22.987876 ], [ 108.775682, 22.986979 ], [ 108.775178, 22.985464 ], [ 108.773989, 22.981862 ], [ 108.773182, 22.980929 ], [ 108.773095, 22.980596 ], [ 108.773009, 22.980223 ], [ 108.774571, 22.978696 ], [ 108.775212, 22.978107 ], [ 108.775412, 22.97691 ], [ 108.775394, 22.976344 ], [ 108.775906, 22.975885 ], [ 108.776948, 22.975496 ], [ 108.778613, 22.974752 ], [ 108.779446, 22.974061 ], [ 108.780166, 22.973014 ], [ 108.781294, 22.97034 ], [ 108.780912, 22.9697 ], [ 108.779811, 22.969219 ], [ 108.779576, 22.96875 ], [ 108.779941, 22.96819 ], [ 108.782014, 22.966553 ], [ 108.78374, 22.966208 ], [ 108.786533, 22.965745 ], [ 108.791824, 22.964021 ], [ 108.794781, 22.96419 ], [ 108.796333, 22.965539 ], [ 108.797894, 22.967909 ], [ 108.797591, 22.968646 ], [ 108.797824, 22.969317 ], [ 108.799195, 22.970563 ], [ 108.799585, 22.970768 ], [ 108.800547, 22.97078 ], [ 108.801813, 22.970264 ], [ 108.804839, 22.970734 ], [ 108.805697, 22.970804 ], [ 108.807908, 22.971003 ], [ 108.810101, 22.972647 ], [ 108.810578, 22.973473 ], [ 108.810552, 22.974854 ], [ 108.812217, 22.977354 ], [ 108.813032, 22.978287 ], [ 108.813664, 22.979004 ], [ 108.815441, 22.979583 ], [ 108.815667, 22.979181 ], [ 108.815433, 22.978256 ], [ 108.815771, 22.977266 ], [ 108.817106, 22.976879 ], [ 108.818492, 22.976357 ], [ 108.820121, 22.973734 ], [ 108.820278, 22.971782 ], [ 108.820823, 22.971125 ], [ 108.821889, 22.970878 ], [ 108.822193, 22.970389 ], [ 108.82234, 22.969101 ], [ 108.821838, 22.967945 ], [ 108.82065, 22.967776 ], [ 108.819081, 22.965556 ], [ 108.818864, 22.963508 ], [ 108.819566, 22.961942 ], [ 108.823059, 22.960884 ], [ 108.823787, 22.958243 ], [ 108.821602, 22.948942 ], [ 108.819106, 22.945388 ], [ 108.818629, 22.94339 ], [ 108.818525, 22.941824 ], [ 108.818949, 22.940936 ], [ 108.818932, 22.939939 ], [ 108.818377, 22.93923 ], [ 108.818784, 22.932204 ], [ 108.818255, 22.921623 ], [ 108.821141, 22.920111 ], [ 108.8218, 22.917867 ], [ 108.821418, 22.916598 ], [ 108.82193, 22.915008 ], [ 108.822389, 22.91419 ], [ 108.822813, 22.911661 ], [ 108.822588, 22.909948 ], [ 108.822859, 22.908717 ], [ 108.826387, 22.906519 ], [ 108.827288, 22.905882 ], [ 108.827184, 22.905393 ], [ 108.826005, 22.903392 ], [ 108.824697, 22.902715 ], [ 108.823631, 22.902037 ], [ 108.823362, 22.900939 ], [ 108.823457, 22.899784 ], [ 108.82363, 22.899556 ], [ 108.82415, 22.898895 ], [ 108.825268, 22.898213 ], [ 108.825598, 22.897622 ], [ 108.825043, 22.894234 ], [ 108.823639, 22.892758 ], [ 108.823171, 22.892818 ], [ 108.822122, 22.893669 ], [ 108.819496, 22.895293 ], [ 108.818794, 22.896712 ], [ 108.818534, 22.897038 ], [ 108.818039, 22.89667 ], [ 108.818091, 22.894877 ], [ 108.817719, 22.89339 ], [ 108.817086, 22.892786 ], [ 108.81615, 22.893239 ], [ 108.814841, 22.893675 ], [ 108.814217, 22.893618 ], [ 108.812891, 22.893629 ], [ 108.811347, 22.894077 ], [ 108.810593, 22.894265 ], [ 108.809692, 22.895356 ], [ 108.80827, 22.897021 ], [ 108.807733, 22.897146 ], [ 108.806432, 22.895837 ], [ 108.803658, 22.894743 ], [ 108.803892, 22.894246 ], [ 108.803892, 22.890791 ], [ 108.803961, 22.889024 ], [ 108.803198, 22.886274 ], [ 108.80312, 22.885434 ], [ 108.803337, 22.883758 ], [ 108.803553, 22.878812 ], [ 108.804723, 22.874275 ], [ 108.804931, 22.873039 ], [ 108.805677, 22.871106 ], [ 108.806154, 22.869332 ], [ 108.805694, 22.867437 ], [ 108.804636, 22.867951 ], [ 108.803735, 22.867944 ], [ 108.803076, 22.867272 ], [ 108.802764, 22.866232 ], [ 108.804021, 22.863441 ], [ 108.804341, 22.862737 ], [ 108.80637, 22.863189 ], [ 108.809075, 22.862898 ], [ 108.811086, 22.862313 ], [ 108.81262, 22.861014 ], [ 108.814154, 22.858239 ], [ 108.814518, 22.85777 ], [ 108.818531, 22.856149 ], [ 108.819008, 22.855934 ], [ 108.819884, 22.851922 ], [ 108.819606, 22.851211 ], [ 108.818687, 22.850941 ], [ 108.818054, 22.850486 ], [ 108.818141, 22.848298 ], [ 108.818202, 22.846908 ], [ 108.817378, 22.841863 ], [ 108.816693, 22.841449 ], [ 108.816104, 22.841096 ], [ 108.813963, 22.841202 ], [ 108.812446, 22.840656 ], [ 108.811761, 22.839573 ], [ 108.811336, 22.83919 ], [ 108.810166, 22.837622 ], [ 108.81027, 22.837092 ], [ 108.811908, 22.836544 ], [ 108.814257, 22.833334 ], [ 108.815202, 22.832381 ], [ 108.815635, 22.828894 ], [ 108.815176, 22.827829 ], [ 108.814387, 22.827053 ], [ 108.813346, 22.826039 ], [ 108.81313, 22.824665 ], [ 108.810833, 22.822872 ], [ 108.810425, 22.821674 ], [ 108.811162, 22.819827 ], [ 108.813112, 22.81711 ], [ 108.815617, 22.815106 ], [ 108.818971, 22.81522 ], [ 108.81989, 22.815424 ], [ 108.820566, 22.814991 ], [ 108.820627, 22.814064 ], [ 108.821953, 22.811426 ], [ 108.823166, 22.809852 ], [ 108.823296, 22.807777 ], [ 108.822949, 22.807534 ], [ 108.822447, 22.807958 ], [ 108.821537, 22.808609 ], [ 108.820826, 22.808769 ], [ 108.820401, 22.808466 ], [ 108.82041, 22.807966 ], [ 108.821727, 22.805927 ], [ 108.824171, 22.803081 ], [ 108.824509, 22.802842 ], [ 108.824596, 22.802208 ], [ 108.824059, 22.800984 ], [ 108.823027, 22.800083 ], [ 108.822524, 22.798777 ], [ 108.822091, 22.797461 ], [ 108.81936, 22.792674 ], [ 108.819169, 22.791057 ], [ 108.819057, 22.78979 ], [ 108.818641, 22.7864 ], [ 108.818433, 22.785532 ], [ 108.818476, 22.784464 ], [ 108.819082, 22.778584 ], [ 108.821205, 22.774043 ], [ 108.821639, 22.773499 ], [ 108.822124, 22.772895 ], [ 108.822618, 22.772121 ], [ 108.822783, 22.770775 ], [ 108.820937, 22.768084 ], [ 108.828286, 22.760336 ], [ 108.830054, 22.760035 ], [ 108.831397, 22.760019 ], [ 108.833131, 22.758861 ], [ 108.834856, 22.75782 ], [ 108.836615, 22.757472 ], [ 108.83795, 22.756692 ], [ 108.840073, 22.755449 ], [ 108.84042, 22.754968 ], [ 108.841399, 22.754105 ], [ 108.842431, 22.753426 ], [ 108.842517, 22.753184 ], [ 108.842535, 22.752761 ], [ 108.842552, 22.75216 ], [ 108.84204, 22.751809 ], [ 108.841997, 22.751412 ], [ 108.842274, 22.75094 ], [ 108.843132, 22.750552 ], [ 108.843852, 22.747557 ], [ 108.843635, 22.746809 ], [ 108.842491, 22.742843 ], [ 108.842369, 22.742634 ], [ 108.842586, 22.742078 ], [ 108.842924, 22.741021 ], [ 108.843634, 22.737535 ], [ 108.843756, 22.737188 ], [ 108.842508, 22.735924 ], [ 108.840809, 22.73601 ], [ 108.840254, 22.736042 ], [ 108.83976, 22.735604 ], [ 108.834897, 22.729615 ], [ 108.833675, 22.728044 ], [ 108.832011, 22.721407 ], [ 108.831629, 22.719901 ], [ 108.831508, 22.71854 ], [ 108.832028, 22.717286 ], [ 108.832011, 22.71583 ], [ 108.830962, 22.71492 ], [ 108.829757, 22.714278 ], [ 108.829012, 22.714069 ], [ 108.826403, 22.711644 ], [ 108.825674, 22.711585 ], [ 108.824218, 22.711073 ], [ 108.822303, 22.710354 ], [ 108.822017, 22.709656 ], [ 108.822112, 22.705336 ], [ 108.821982, 22.703424 ], [ 108.821462, 22.702819 ], [ 108.820266, 22.703006 ], [ 108.819347, 22.703524 ], [ 108.818567, 22.703317 ], [ 108.817683, 22.700557 ], [ 108.817813, 22.694262 ], [ 108.817587, 22.693099 ], [ 108.817578, 22.691411 ], [ 108.818584, 22.690707 ], [ 108.816546, 22.686658 ], [ 108.813772, 22.683609 ], [ 108.813139, 22.681019 ], [ 108.813079, 22.68042 ], [ 108.814076, 22.679671 ], [ 108.814596, 22.67928 ], [ 108.814778, 22.678817 ], [ 108.814466, 22.677606 ], [ 108.814067, 22.676754 ], [ 108.814075, 22.676027 ], [ 108.816199, 22.674794 ], [ 108.816988, 22.673669 ], [ 108.816424, 22.672886 ], [ 108.813338, 22.672668 ], [ 108.811718, 22.673778 ], [ 108.810833, 22.673534 ], [ 108.810582, 22.673183 ], [ 108.809039, 22.674394 ], [ 108.80916, 22.675134 ], [ 108.810452, 22.676808 ], [ 108.808181, 22.682681 ], [ 108.806482, 22.683355 ], [ 108.805892, 22.68298 ], [ 108.805026, 22.683338 ], [ 108.805078, 22.683952 ], [ 108.80643, 22.686244 ], [ 108.806448, 22.6895 ], [ 108.804774, 22.690771 ], [ 108.803032, 22.692468 ], [ 108.802494, 22.692771 ], [ 108.800908, 22.692565 ], [ 108.800674, 22.694838 ], [ 108.801246, 22.696318 ], [ 108.800969, 22.697421 ], [ 108.800951, 22.698281 ], [ 108.800917, 22.700616 ], [ 108.800284, 22.703066 ], [ 108.80077, 22.705347 ], [ 108.801455, 22.708119 ], [ 108.79914, 22.70852 ], [ 108.79862, 22.707655 ], [ 108.798385, 22.705626 ], [ 108.797128, 22.705793 ], [ 108.793729, 22.707655 ], [ 108.793261, 22.708019 ], [ 108.792671, 22.707459 ], [ 108.790954, 22.707377 ], [ 108.790278, 22.707981 ], [ 108.78954, 22.708709 ], [ 108.788604, 22.709494 ], [ 108.788005, 22.709551 ], [ 108.783972, 22.70956 ], [ 108.783911, 22.709252 ], [ 108.783876, 22.707162 ], [ 108.782427, 22.706835 ], [ 108.781421, 22.707316 ], [ 108.779434, 22.707596 ], [ 108.779009, 22.709435 ], [ 108.778715, 22.710616 ], [ 108.779634, 22.711631 ], [ 108.78091, 22.713132 ], [ 108.781083, 22.713965 ], [ 108.78084, 22.715068 ], [ 108.780459, 22.715511 ], [ 108.777761, 22.716914 ], [ 108.777301, 22.717092 ], [ 108.77691, 22.716413 ], [ 108.777188, 22.715371 ], [ 108.776806, 22.714814 ], [ 108.77547, 22.715409 ], [ 108.775192, 22.716267 ], [ 108.775105, 22.717233 ], [ 108.775617, 22.719636 ], [ 108.775201, 22.720734 ], [ 108.774516, 22.723264 ], [ 108.773396, 22.724537 ], [ 108.772659, 22.724159 ], [ 108.771826, 22.723409 ], [ 108.771791, 22.722582 ], [ 108.770168, 22.72196 ], [ 108.769569, 22.721906 ], [ 108.767087, 22.722103 ], [ 108.765047, 22.721936 ], [ 108.763806, 22.722195 ], [ 108.760637, 22.724686 ], [ 108.760133, 22.724728 ], [ 108.758675, 22.722909 ], [ 108.758527, 22.722676 ], [ 108.758214, 22.720827 ], [ 108.759534, 22.718727 ], [ 108.759065, 22.717521 ], [ 108.757867, 22.71746 ], [ 108.755818, 22.718123 ], [ 108.755427, 22.717749 ], [ 108.755123, 22.715301 ], [ 108.755097, 22.713918 ], [ 108.755166, 22.712859 ], [ 108.75593, 22.711671 ], [ 108.755505, 22.710054 ], [ 108.754923, 22.709123 ], [ 108.754202, 22.707777 ], [ 108.752343, 22.706229 ], [ 108.750276, 22.704864 ], [ 108.750085, 22.704492 ], [ 108.750215, 22.703071 ], [ 108.750102, 22.702849 ], [ 108.750259, 22.702035 ], [ 108.749677, 22.701328 ], [ 108.749147, 22.701058 ], [ 108.748426, 22.701062 ], [ 108.747992, 22.701166 ], [ 108.747592, 22.70116 ], [ 108.747192, 22.701017 ], [ 108.746932, 22.700606 ], [ 108.746567, 22.699512 ], [ 108.746636, 22.699297 ], [ 108.746967, 22.698142 ], [ 108.746428, 22.697096 ], [ 108.745933, 22.697137 ], [ 108.742223, 22.696864 ], [ 108.740312, 22.697146 ], [ 108.738104, 22.697598 ], [ 108.736731, 22.697369 ], [ 108.736401, 22.697019 ], [ 108.737626, 22.695069 ], [ 108.737922, 22.692998 ], [ 108.738982, 22.692046 ], [ 108.739373, 22.690841 ], [ 108.738791, 22.689901 ], [ 108.7378, 22.689056 ], [ 108.735358, 22.687672 ], [ 108.735115, 22.6874 ], [ 108.733376, 22.684286 ], [ 108.731394, 22.680892 ], [ 108.730899, 22.678152 ], [ 108.730951, 22.677358 ], [ 108.730629, 22.676249 ], [ 108.729482, 22.675848 ], [ 108.728091, 22.674342 ], [ 108.727847, 22.673059 ], [ 108.728299, 22.672825 ], [ 108.729134, 22.672353 ], [ 108.728821, 22.671 ], [ 108.728004, 22.670401 ], [ 108.726961, 22.670454 ], [ 108.726152, 22.670062 ], [ 108.72277, 22.669112 ], [ 108.720683, 22.669079 ], [ 108.720162, 22.668931 ], [ 108.717022, 22.66909 ], [ 108.713892, 22.668973 ], [ 108.713414, 22.668621 ], [ 108.71357, 22.668104 ], [ 108.714387, 22.666389 ], [ 108.713596, 22.664579 ], [ 108.712422, 22.663108 ], [ 108.711917, 22.662272 ], [ 108.710804, 22.662047 ], [ 108.709456, 22.662338 ], [ 108.705368, 22.661201 ], [ 108.704298, 22.660493 ], [ 108.702801, 22.658429 ], [ 108.702349, 22.658662 ], [ 108.702297, 22.659526 ], [ 108.702323, 22.660599 ], [ 108.702749, 22.661643 ], [ 108.701949, 22.664911 ], [ 108.701714, 22.665323 ], [ 108.699827, 22.665283 ], [ 108.697399, 22.664856 ], [ 108.696295, 22.665433 ], [ 108.695381, 22.668295 ], [ 108.695094, 22.668551 ], [ 108.693259, 22.669685 ], [ 108.69298, 22.670407 ], [ 108.691745, 22.670732 ], [ 108.689178, 22.672349 ], [ 108.687464, 22.672426 ], [ 108.686333, 22.670471 ], [ 108.685515, 22.668212 ], [ 108.68474, 22.667681 ], [ 108.684331, 22.667537 ], [ 108.683148, 22.666859 ], [ 108.681399, 22.666519 ], [ 108.68032, 22.666743 ], [ 108.679581, 22.666076 ], [ 108.679589, 22.665626 ], [ 108.67958, 22.663931 ], [ 108.678258, 22.662873 ], [ 108.677814, 22.66228 ], [ 108.676909, 22.66088 ], [ 108.676108, 22.659659 ], [ 108.673733, 22.658584 ], [ 108.672323, 22.658456 ], [ 108.67127, 22.658506 ], [ 108.670792, 22.659977 ], [ 108.668842, 22.660602 ], [ 108.666807, 22.661916 ], [ 108.666772, 22.664163 ], [ 108.667877, 22.666841 ], [ 108.668234, 22.667779 ], [ 108.668495, 22.670344 ], [ 108.668408, 22.671066 ], [ 108.667956, 22.671404 ], [ 108.664998, 22.67381 ], [ 108.662405, 22.674736 ], [ 108.6609, 22.675609 ], [ 108.660273, 22.675425 ], [ 108.657672, 22.67445 ], [ 108.656358, 22.675016 ], [ 108.655828, 22.67556 ], [ 108.655462, 22.67704 ], [ 108.655088, 22.67738 ], [ 108.653366, 22.677627 ], [ 108.652148, 22.67899 ], [ 108.650556, 22.680453 ], [ 108.65033, 22.680483 ], [ 108.647642, 22.680472 ], [ 108.64712, 22.68036 ], [ 108.643606, 22.680787 ], [ 108.643163, 22.680641 ], [ 108.64125, 22.679366 ], [ 108.639606, 22.679444 ], [ 108.639267, 22.679367 ], [ 108.639327, 22.677987 ], [ 108.639449, 22.677505 ], [ 108.638858, 22.67722 ], [ 108.637432, 22.677472 ], [ 108.63671, 22.678361 ], [ 108.633641, 22.679278 ], [ 108.631093, 22.679722 ], [ 108.629042, 22.681879 ], [ 108.62912, 22.683279 ], [ 108.629042, 22.684271 ], [ 108.629199, 22.685502 ], [ 108.629181, 22.686123 ], [ 108.625756, 22.690183 ], [ 108.626131, 22.69233 ], [ 108.626078, 22.69309 ], [ 108.624931, 22.695112 ], [ 108.623428, 22.697507 ], [ 108.622498, 22.699774 ], [ 108.622559, 22.701075 ], [ 108.622689, 22.701492 ], [ 108.621046, 22.70271 ], [ 108.619691, 22.703675 ], [ 108.619908, 22.70544 ], [ 108.619752, 22.707925 ], [ 108.61983, 22.7086 ], [ 108.619883, 22.710105 ], [ 108.619848, 22.710571 ], [ 108.619969, 22.711507 ], [ 108.620752, 22.711545 ], [ 108.620804, 22.711779 ], [ 108.621716, 22.71252 ], [ 108.62209, 22.713612 ], [ 108.622246, 22.715637 ], [ 108.620552, 22.718332 ], [ 108.61957, 22.718811 ], [ 108.618979, 22.719234 ], [ 108.617763, 22.719446 ], [ 108.617546, 22.719696 ], [ 108.61798, 22.720987 ], [ 108.618189, 22.723519 ], [ 108.618371, 22.724122 ], [ 108.618675, 22.725759 ], [ 108.618623, 22.726458 ], [ 108.617398, 22.726789 ], [ 108.617189, 22.726826 ], [ 108.615069, 22.727233 ], [ 108.614922, 22.727279 ], [ 108.614635, 22.72715 ], [ 108.614418, 22.726968 ], [ 108.611299, 22.724242 ], [ 108.611099, 22.723801 ], [ 108.611134, 22.723085 ], [ 108.610491, 22.721446 ], [ 108.609579, 22.721018 ], [ 108.609301, 22.720649 ], [ 108.606374, 22.720138 ], [ 108.605219, 22.719291 ], [ 108.603795, 22.719063 ], [ 108.603152, 22.719052 ], [ 108.602675, 22.719486 ], [ 108.602519, 22.720365 ], [ 108.602284, 22.720671 ], [ 108.60152, 22.721336 ], [ 108.60132, 22.721748 ], [ 108.600521, 22.722799 ], [ 108.599983, 22.723179 ], [ 108.599923, 22.723626 ], [ 108.600209, 22.723999 ], [ 108.601268, 22.724579 ], [ 108.60139, 22.724854 ], [ 108.602241, 22.728341 ], [ 108.602111, 22.728651 ], [ 108.601164, 22.728924 ], [ 108.60093, 22.729489 ], [ 108.601008, 22.729725 ], [ 108.601052, 22.730166 ], [ 108.600973, 22.731747 ], [ 108.599645, 22.736598 ], [ 108.599385, 22.737529 ], [ 108.59863, 22.737595 ], [ 108.598091, 22.738053 ], [ 108.59797, 22.738984 ], [ 108.597093, 22.741073 ], [ 108.596929, 22.742573 ], [ 108.597302, 22.743226 ], [ 108.598543, 22.744255 ], [ 108.599281, 22.745173 ], [ 108.600974, 22.746082 ], [ 108.602077, 22.747081 ], [ 108.603223, 22.748214 ], [ 108.602459, 22.749006 ], [ 108.601374, 22.752022 ], [ 108.600506, 22.753385 ], [ 108.599282, 22.754998 ], [ 108.599117, 22.756266 ], [ 108.598344, 22.757397 ], [ 108.59824, 22.758326 ], [ 108.598579, 22.759811 ], [ 108.598752, 22.761211 ], [ 108.598735, 22.762352 ], [ 108.599048, 22.763316 ], [ 108.599039, 22.764041 ], [ 108.598588, 22.7673 ], [ 108.598579, 22.767819 ], [ 108.597572, 22.770691 ], [ 108.597268, 22.771425 ], [ 108.596314, 22.77187 ], [ 108.594959, 22.772543 ], [ 108.594743, 22.773416 ], [ 108.594778, 22.77443 ], [ 108.594335, 22.776866 ], [ 108.594829, 22.77715 ], [ 108.59706, 22.777366 ], [ 108.597789, 22.778161 ], [ 108.598302, 22.782251 ], [ 108.59838, 22.784762 ], [ 108.597512, 22.785744 ], [ 108.591897, 22.788609 ], [ 108.591228, 22.7886 ], [ 108.589311, 22.788819 ], [ 108.58958, 22.792385 ], [ 108.588192, 22.795683 ], [ 108.588391, 22.796241 ], [ 108.586265, 22.796646 ], [ 108.583958, 22.79694 ], [ 108.582193, 22.796868 ], [ 108.578961, 22.796651 ], [ 108.577496, 22.7998 ], [ 108.574591, 22.804456 ], [ 108.573109, 22.808918 ], [ 108.571063, 22.809954 ], [ 108.567266, 22.805314 ], [ 108.562975, 22.803532 ], [ 108.557533, 22.802066 ], [ 108.551322, 22.799198 ], [ 108.544982, 22.794199 ], [ 108.538098, 22.789768 ], [ 108.53189, 22.787147 ], [ 108.528549, 22.786531 ], [ 108.526636, 22.785277 ], [ 108.524489, 22.782218 ], [ 108.522117, 22.777025 ], [ 108.520023, 22.775933 ], [ 108.518353, 22.775996 ], [ 108.517098, 22.777207 ], [ 108.515549, 22.780056 ], [ 108.515237, 22.782837 ], [ 108.516155, 22.785635 ], [ 108.51863, 22.790009 ], [ 108.518855, 22.791979 ], [ 108.518163, 22.793021 ], [ 108.514035, 22.793734 ], [ 108.507138, 22.792444 ], [ 108.502708, 22.79064 ], [ 108.500873, 22.788104 ], [ 108.499782, 22.783831 ], [ 108.500111, 22.778643 ], [ 108.502603, 22.770376 ], [ 108.502749, 22.762512 ], [ 108.502152, 22.760613 ], [ 108.501278, 22.757105 ], [ 108.49882, 22.754889 ], [ 108.494918, 22.754111 ], [ 108.491439, 22.75596 ], [ 108.489189, 22.759425 ], [ 108.488792, 22.763937 ], [ 108.489501, 22.768168 ], [ 108.491406, 22.77504 ], [ 108.491882, 22.783637 ], [ 108.490264, 22.786384 ], [ 108.485046, 22.789375 ], [ 108.482146, 22.793415 ], [ 108.478979, 22.804152 ], [ 108.477205, 22.806545 ], [ 108.474894, 22.807335 ], [ 108.470505, 22.806619 ], [ 108.468245, 22.805032 ], [ 108.466098, 22.801809 ], [ 108.463994, 22.796536 ], [ 108.462028, 22.793398 ], [ 108.458911, 22.790324 ], [ 108.456529, 22.788536 ], [ 108.454987, 22.78697 ], [ 108.451063, 22.785039 ], [ 108.447129, 22.784284 ], [ 108.442156, 22.784323 ], [ 108.440145, 22.785238 ], [ 108.437987, 22.785756 ], [ 108.43439, 22.785978 ], [ 108.43224, 22.785199 ], [ 108.430419, 22.783364 ], [ 108.429404, 22.78111 ], [ 108.429431, 22.777773 ], [ 108.428988, 22.773586 ], [ 108.426924, 22.770931 ], [ 108.425822, 22.768132 ], [ 108.425336, 22.765195 ], [ 108.424573, 22.760504 ], [ 108.421945, 22.758082 ], [ 108.420557, 22.757372 ], [ 108.416054, 22.757295 ], [ 108.413252, 22.757839 ], [ 108.410857, 22.759057 ], [ 108.408546, 22.760865 ], [ 108.40672, 22.763043 ], [ 108.404261, 22.767437 ], [ 108.401891, 22.76992 ], [ 108.398965, 22.771884 ], [ 108.397367, 22.772482 ], [ 108.388299, 22.775899 ], [ 108.384538, 22.77877 ], [ 108.381036, 22.78247 ], [ 108.375753, 22.783541 ], [ 108.370503, 22.78275 ], [ 108.364774, 22.780324 ], [ 108.360539, 22.776219 ], [ 108.354557, 22.771674 ], [ 108.347626, 22.767431 ], [ 108.343608, 22.765563 ], [ 108.337728, 22.766218 ], [ 108.333206, 22.768418 ], [ 108.330068, 22.76971 ], [ 108.329709, 22.772097 ], [ 108.330466, 22.776579 ], [ 108.331632, 22.778498 ], [ 108.33438, 22.780003 ], [ 108.340477, 22.782798 ], [ 108.343591, 22.783859 ], [ 108.345374, 22.785456 ], [ 108.346418, 22.787374 ], [ 108.345635, 22.790599 ], [ 108.342826, 22.792222 ], [ 108.340765, 22.792743 ], [ 108.335338, 22.792753 ], [ 108.331137, 22.791557 ], [ 108.328136, 22.790497 ], [ 108.32584, 22.791011 ], [ 108.324214, 22.793773 ], [ 108.32291, 22.798888 ], [ 108.322197, 22.804234 ], [ 108.321162, 22.807903 ], [ 108.319684, 22.809663 ], [ 108.316883, 22.810726 ], [ 108.317451, 22.813433 ] ] ] } },
{ "type": "Feature", "properties": { "county_name": "钦南区" }, "geometry": { "type": "MultiPolygon", "coordinates": [ [ [ [ 108.708873, 21.639388 ], [ 108.708839, 21.639496 ], [ 108.708865, 21.639679 ], [ 108.708986, 21.639978 ], [ 108.709299, 21.640549 ], [ 108.709352, 21.640671 ], [ 108.709308, 21.640968 ], [ 108.709308, 21.641124 ], [ 108.709412, 21.641419 ], [ 108.709587, 21.641662 ], [ 108.709787, 21.641901 ], [ 108.710065, 21.642136 ], [ 108.71043, 21.642345 ], [ 108.710613, 21.642523 ], [ 108.710761, 21.642771 ], [ 108.711039, 21.64312 ], [ 108.711213, 21.643459 ], [ 108.711283, 21.643663 ], [ 108.711335, 21.644192 ], [ 108.7113, 21.644483 ], [ 108.711291, 21.644735 ], [ 108.711326, 21.644878 ], [ 108.711353, 21.644896 ], [ 108.711431, 21.644883 ], [ 108.711579, 21.644774 ], [ 108.711726, 21.644492 ], [ 108.711753, 21.644106 ], [ 108.71177, 21.643213 ], [ 108.711752, 21.642989 ], [ 108.711613, 21.642807 ], [ 108.711178, 21.642546 ], [ 108.71103, 21.642372 ], [ 108.710935, 21.642033 ], [ 108.710882, 21.641764 ], [ 108.710587, 21.640996 ], [ 108.709926, 21.639873 ], [ 108.709734, 21.639563 ], [ 108.709699, 21.639502 ], [ 108.709674, 21.639463 ], [ 108.709447, 21.639365 ], [ 108.709213, 21.639302 ], [ 108.708986, 21.639299 ], [ 108.708934, 21.639301 ], [ 108.708873, 21.639388 ] ] ], [ [ [ 108.697294, 21.612176 ], [ 108.697598, 21.612476 ], [ 108.698025, 21.612748 ], [ 108.698094, 21.61278 ], [ 108.698512, 21.612863 ], [ 108.698599, 21.612618 ], [ 108.69846, 21.61231 ], [ 108.698242, 21.611867 ], [ 108.697807, 21.611626 ], [ 108.69752, 21.611534 ], [ 108.697294, 21.612176 ] ] ], [ [ [ 108.695284, 21.610769 ], [ 108.695345, 21.610678 ], [ 108.695363, 21.61061 ], [ 108.695397, 21.610018 ], [ 108.695354, 21.609526 ], [ 108.695301, 21.609261 ], [ 108.695101, 21.608935 ], [ 108.695014, 21.608835 ], [ 108.694823, 21.608681 ], [ 108.694693, 21.608615 ], [ 108.693953, 21.608499 ], [ 108.693779, 21.608436 ], [ 108.693718, 21.608388 ], [ 108.693561, 21.60829 ], [ 108.692683, 21.608037 ], [ 108.692552, 21.60795 ], [ 108.692378, 21.607867 ], [ 108.692309, 21.607863 ], [ 108.692239, 21.607902 ], [ 108.69203, 21.608032 ], [ 108.691952, 21.608105 ], [ 108.691943, 21.608235 ], [ 108.691952, 21.608387 ], [ 108.692048, 21.608537 ], [ 108.692135, 21.60863 ], [ 108.692596, 21.608711 ], [ 108.693005, 21.608881 ], [ 108.693161, 21.609003 ], [ 108.693466, 21.609208 ], [ 108.693666, 21.609269 ], [ 108.693822, 21.609434 ], [ 108.694275, 21.609977 ], [ 108.694806, 21.610499 ], [ 108.695284, 21.610769 ] ] ], [ [ [ 108.743305, 21.597476 ], [ 108.743339, 21.597416 ], [ 108.743366, 21.597363 ], [ 108.743383, 21.59706 ], [ 108.743391, 21.596832 ], [ 108.743409, 21.59678 ], [ 108.743444, 21.596724 ], [ 108.743505, 21.596613 ], [ 108.743531, 21.596602 ], [ 108.743687, 21.596602 ], [ 108.743965, 21.596481 ], [ 108.744217, 21.596439 ], [ 108.744321, 21.596429 ], [ 108.744521, 21.596457 ], [ 108.744564, 21.596455 ], [ 108.744651, 21.596412 ], [ 108.744703, 21.596357 ], [ 108.744729, 21.596275 ], [ 108.744721, 21.596249 ], [ 108.744695, 21.596212 ], [ 108.744651, 21.596186 ], [ 108.744486, 21.596162 ], [ 108.744295, 21.596162 ], [ 108.744139, 21.596153 ], [ 108.743791, 21.596047 ], [ 108.743722, 21.596036 ], [ 108.7434, 21.596066 ], [ 108.743348, 21.596081 ], [ 108.743296, 21.596127 ], [ 108.743279, 21.596159 ], [ 108.743279, 21.596333 ], [ 108.74327, 21.596361 ], [ 108.743105, 21.59653 ], [ 108.742896, 21.596671 ], [ 108.742757, 21.596734 ], [ 108.742731, 21.596756 ], [ 108.742722, 21.596838 ], [ 108.74274, 21.596873 ], [ 108.742853, 21.596999 ], [ 108.742923, 21.597166 ], [ 108.742896, 21.597272 ], [ 108.742888, 21.597344 ], [ 108.742896, 21.597378 ], [ 108.743001, 21.597504 ], [ 108.743035, 21.597535 ], [ 108.74307, 21.597541 ], [ 108.743305, 21.597476 ] ] ], [ [ [ 108.744755, 21.589788 ], [ 108.74512, 21.590276 ], [ 108.745164, 21.590326 ], [ 108.745346, 21.590357 ], [ 108.745398, 21.590357 ], [ 108.745407, 21.590309 ], [ 108.74532, 21.590058 ], [ 108.745302, 21.589977 ], [ 108.745346, 21.589799 ], [ 108.745381, 21.589762 ], [ 108.745702, 21.589533 ], [ 108.745884, 21.589374 ], [ 108.745902, 21.589346 ], [ 108.745902, 21.589223 ], [ 108.745902, 21.589183 ], [ 108.745876, 21.589155 ], [ 108.745841, 21.589136 ], [ 108.745676, 21.589081 ], [ 108.745537, 21.588996 ], [ 108.745407, 21.588868 ], [ 108.745372, 21.588788 ], [ 108.745355, 21.588521 ], [ 108.745346, 21.588483 ], [ 108.745294, 21.588459 ], [ 108.745181, 21.588443 ], [ 108.745051, 21.588443 ], [ 108.745007, 21.588462 ], [ 108.744981, 21.588543 ], [ 108.744955, 21.588588 ], [ 108.744851, 21.588625 ], [ 108.744746, 21.58863 ], [ 108.744634, 21.588617 ], [ 108.744564, 21.588577 ], [ 108.744512, 21.588534 ], [ 108.744382, 21.588406 ], [ 108.744304, 21.588393 ], [ 108.744225, 21.588399 ], [ 108.744173, 21.588458 ], [ 108.744156, 21.588514 ], [ 108.744173, 21.588645 ], [ 108.744173, 21.588673 ], [ 108.744121, 21.588771 ], [ 108.744104, 21.588896 ], [ 108.744112, 21.588996 ], [ 108.744138, 21.5891 ], [ 108.74419, 21.589178 ], [ 108.744521, 21.589445 ], [ 108.744712, 21.589649 ], [ 108.744755, 21.589788 ] ] ], [ [ [ 108.842756, 21.607191 ], [ 108.846651, 21.605916 ], [ 108.855501, 21.59834 ], [ 108.86506, 21.587932 ], [ 108.864989, 21.583471 ], [ 108.863149, 21.581772 ], [ 108.859396, 21.581913 ], [ 108.841907, 21.588711 ], [ 108.837517, 21.593455 ], [ 108.836242, 21.604288 ], [ 108.839146, 21.606766 ], [ 108.842756, 21.607191 ] ] ], [ [ [ 108.419229, 21.914653 ], [ 108.41916, 21.91608 ], [ 108.420765, 21.925623 ], [ 108.420566, 21.928586 ], [ 108.417052, 21.933486 ], [ 108.413382, 21.936802 ], [ 108.41248, 21.938561 ], [ 108.412532, 21.939264 ], [ 108.413235, 21.940118 ], [ 108.416446, 21.944386 ], [ 108.416949, 21.945794 ], [ 108.416897, 21.946646 ], [ 108.414442, 21.949712 ], [ 108.410571, 21.953355 ], [ 108.409617, 21.955615 ], [ 108.409062, 21.959483 ], [ 108.409722, 21.961492 ], [ 108.41223, 21.964656 ], [ 108.415146, 21.969576 ], [ 108.415597, 21.97337 ], [ 108.415849, 21.977689 ], [ 108.416855, 21.978543 ], [ 108.417202, 21.978542 ], [ 108.417653, 21.977889 ], [ 108.418261, 21.976733 ], [ 108.419814, 21.976181 ], [ 108.421019, 21.976532 ], [ 108.427498, 21.978535 ], [ 108.428955, 21.97979 ], [ 108.430915, 21.982903 ], [ 108.433074, 21.98531 ], [ 108.435475, 21.987315 ], [ 108.439792, 21.989748 ], [ 108.4424, 21.992004 ], [ 108.443605, 21.993759 ], [ 108.443804, 21.994914 ], [ 108.442851, 21.999738 ], [ 108.443103, 22.001345 ], [ 108.445512, 22.004404 ], [ 108.448475, 22.007262 ], [ 108.454141, 22.009663 ], [ 108.456601, 22.011265 ], [ 108.457501, 22.013072 ], [ 108.457701, 22.018195 ], [ 108.456497, 22.021913 ], [ 108.45389, 22.023526 ], [ 108.446666, 22.025551 ], [ 108.441952, 22.028572 ], [ 108.438138, 22.033499 ], [ 108.43774, 22.036714 ], [ 108.438746, 22.039125 ], [ 108.44015, 22.042136 ], [ 108.439543, 22.045202 ], [ 108.438642, 22.047314 ], [ 108.439145, 22.050528 ], [ 108.442361, 22.059664 ], [ 108.444761, 22.062271 ], [ 108.446572, 22.063275 ], [ 108.457201, 22.064861 ], [ 108.460414, 22.065205 ], [ 108.466328, 22.064085 ], [ 108.471142, 22.062164 ], [ 108.474345, 22.062156 ], [ 108.478655, 22.062346 ], [ 108.481962, 22.063241 ], [ 108.484766, 22.065543 ], [ 108.487778, 22.068849 ], [ 108.488825, 22.069425 ], [ 108.493031, 22.070016 ], [ 108.496596, 22.070506 ], [ 108.499296, 22.071704 ], [ 108.502057, 22.075765 ], [ 108.506106, 22.078414 ], [ 108.51418, 22.08296 ], [ 108.517884, 22.085912 ], [ 108.518637, 22.086212 ], [ 108.519434, 22.086209 ], [ 108.522143, 22.084746 ], [ 108.524246, 22.083534 ], [ 108.525899, 22.083529 ], [ 108.528409, 22.084526 ], [ 108.530461, 22.086957 ], [ 108.532622, 22.08868 ], [ 108.534597, 22.092455 ], [ 108.535451, 22.093691 ], [ 108.537319, 22.094986 ], [ 108.539029, 22.095648 ], [ 108.540169, 22.095804 ], [ 108.541214, 22.095516 ], [ 108.541752, 22.094785 ], [ 108.541593, 22.094087 ], [ 108.540517, 22.093741 ], [ 108.538617, 22.092826 ], [ 108.537319, 22.091624 ], [ 108.536686, 22.090578 ], [ 108.536496, 22.088993 ], [ 108.536717, 22.087183 ], [ 108.537609, 22.085482 ], [ 108.537911, 22.084553 ], [ 108.537804, 22.083911 ], [ 108.537662, 22.083233 ], [ 108.537787, 22.082644 ], [ 108.538392, 22.081893 ], [ 108.539229, 22.081088 ], [ 108.540778, 22.080388 ], [ 108.543254, 22.079561 ], [ 108.544803, 22.078826 ], [ 108.545711, 22.078342 ], [ 108.549007, 22.075925 ], [ 108.551483, 22.074653 ], [ 108.553051, 22.074168 ], [ 108.553959, 22.07388 ], [ 108.555153, 22.073217 ], [ 108.555759, 22.072449 ], [ 108.555777, 22.071717 ], [ 108.555474, 22.07104 ], [ 108.55469, 22.069667 ], [ 108.554654, 22.069204 ], [ 108.554975, 22.068828 ], [ 108.555777, 22.068523 ], [ 108.556667, 22.068325 ], [ 108.559358, 22.068195 ], [ 108.560142, 22.067908 ], [ 108.560641, 22.067158 ], [ 108.560677, 22.066444 ], [ 108.560356, 22.065213 ], [ 108.559964, 22.063929 ], [ 108.559946, 22.063144 ], [ 108.560267, 22.062662 ], [ 108.561087, 22.062606 ], [ 108.561942, 22.062659 ], [ 108.562673, 22.062532 ], [ 108.563243, 22.062156 ], [ 108.564741, 22.059888 ], [ 108.567682, 22.0561 ], [ 108.567985, 22.055208 ], [ 108.56786, 22.05444 ], [ 108.567361, 22.053906 ], [ 108.566131, 22.053426 ], [ 108.563546, 22.052948 ], [ 108.562922, 22.052646 ], [ 108.562637, 22.052111 ], [ 108.562566, 22.050933 ], [ 108.562726, 22.050023 ], [ 108.563439, 22.049094 ], [ 108.564776, 22.047735 ], [ 108.565845, 22.047216 ], [ 108.56638, 22.046858 ], [ 108.56777, 22.045482 ], [ 108.568412, 22.044339 ], [ 108.568501, 22.043375 ], [ 108.568056, 22.042502 ], [ 108.566754, 22.041272 ], [ 108.565613, 22.040453 ], [ 108.564775, 22.040222 ], [ 108.563349, 22.040225 ], [ 108.562048, 22.040423 ], [ 108.560783, 22.040158 ], [ 108.559981, 22.039374 ], [ 108.559713, 22.038554 ], [ 108.559624, 22.03768 ], [ 108.560123, 22.036519 ], [ 108.560622, 22.035804 ], [ 108.56121, 22.03566 ], [ 108.56301, 22.035746 ], [ 108.564205, 22.035709 ], [ 108.565024, 22.035457 ], [ 108.565631, 22.034921 ], [ 108.566076, 22.034028 ], [ 108.566932, 22.033081 ], [ 108.567716, 22.032616 ], [ 108.568839, 22.032418 ], [ 108.569267, 22.032453 ], [ 108.569499, 22.032988 ], [ 108.570537, 22.034657 ], [ 108.571735, 22.036137 ], [ 108.576652, 22.041355 ], [ 108.580216, 22.046223 ], [ 108.579913, 22.049488 ], [ 108.593683, 22.062088 ], [ 108.608053, 22.076252 ], [ 108.608861, 22.076352 ], [ 108.610572, 22.075249 ], [ 108.611979, 22.07113 ], [ 108.612882, 22.067415 ], [ 108.611778, 22.058874 ], [ 108.611474, 22.054252 ], [ 108.610666, 22.052846 ], [ 108.606644, 22.051539 ], [ 108.60232, 22.051336 ], [ 108.600314, 22.050332 ], [ 108.598804, 22.047319 ], [ 108.598699, 22.040387 ], [ 108.599307, 22.037875 ], [ 108.601616, 22.036367 ], [ 108.603231, 22.035866 ], [ 108.60594, 22.033355 ], [ 108.609866, 22.030343 ], [ 108.610969, 22.027831 ], [ 108.611169, 22.025469 ], [ 108.611473, 22.02135 ], [ 108.614391, 22.019041 ], [ 108.623446, 22.016638 ], [ 108.62784, 22.014675 ], [ 108.627842, 22.014228 ], [ 108.627918, 22.013928 ], [ 108.628081, 22.013688 ], [ 108.62812, 22.013437 ], [ 108.628372, 22.013088 ], [ 108.628589, 22.01298 ], [ 108.628877, 22.013064 ], [ 108.629418, 22.013401 ], [ 108.629953, 22.013316 ], [ 108.630216, 22.012663 ], [ 108.630797, 22.012273 ], [ 108.630878, 22.012057 ], [ 108.631078, 22.010671 ], [ 108.631354, 22.010061 ], [ 108.631964, 22.009215 ], [ 108.632288, 22.008721 ], [ 108.632551, 22.008261 ], [ 108.632718, 22.008134 ], [ 108.633305, 22.008061 ], [ 108.633697, 22.007188 ], [ 108.633704, 22.007062 ], [ 108.633695, 22.006972 ], [ 108.633652, 22.006809 ], [ 108.633421, 22.006133 ], [ 108.633446, 22.005693 ], [ 108.634197, 22.004882 ], [ 108.634431, 22.004521 ], [ 108.634464, 22.004209 ], [ 108.633977, 22.003466 ], [ 108.633968, 22.002973 ], [ 108.634094, 22.002667 ], [ 108.634641, 22.002045 ], [ 108.634706, 22.001693 ], [ 108.634684, 22.001447 ], [ 108.634654, 22.001254 ], [ 108.634292, 22.00063 ], [ 108.633354, 21.99938 ], [ 108.63305, 21.998759 ], [ 108.632877, 21.998556 ], [ 108.632091, 21.998238 ], [ 108.629659, 21.998435 ], [ 108.625872, 21.998741 ], [ 108.620937, 21.99737 ], [ 108.620496, 21.997248 ], [ 108.620353, 21.997208 ], [ 108.619678, 21.99702 ], [ 108.618371, 21.996657 ], [ 108.616803, 21.996222 ], [ 108.615975, 21.995992 ], [ 108.615002, 21.995722 ], [ 108.612958, 21.995154 ], [ 108.608693, 21.993969 ], [ 108.607822, 21.993727 ], [ 108.599798, 21.991498 ], [ 108.598876, 21.986383 ], [ 108.599277, 21.985796 ], [ 108.599481, 21.985587 ], [ 108.599921, 21.985696 ], [ 108.600479, 21.986005 ], [ 108.601756, 21.986333 ], [ 108.601788, 21.986313 ], [ 108.601831, 21.986293 ], [ 108.602271, 21.986035 ], [ 108.60255, 21.985806 ], [ 108.602893, 21.985587 ], [ 108.60314, 21.985308 ], [ 108.603118, 21.983219 ], [ 108.602861, 21.982761 ], [ 108.602593, 21.981398 ], [ 108.602378, 21.98098 ], [ 108.60241, 21.980681 ], [ 108.602904, 21.979865 ], [ 108.603086, 21.979656 ], [ 108.603322, 21.979497 ], [ 108.603773, 21.979318 ], [ 108.604384, 21.979159 ], [ 108.604803, 21.979139 ], [ 108.605296, 21.979089 ], [ 108.605961, 21.978612 ], [ 108.60623, 21.978114 ], [ 108.606208, 21.977646 ], [ 108.605404, 21.97685 ], [ 108.604974, 21.976283 ], [ 108.604856, 21.975985 ], [ 108.604921, 21.975627 ], [ 108.604974, 21.975477 ], [ 108.606498, 21.974761 ], [ 108.606734, 21.974731 ], [ 108.60726, 21.974393 ], [ 108.607474, 21.974383 ], [ 108.60786, 21.974204 ], [ 108.607903, 21.973995 ], [ 108.607646, 21.973139 ], [ 108.6077, 21.972731 ], [ 108.608043, 21.972433 ], [ 108.608118, 21.972273 ], [ 108.608279, 21.972134 ], [ 108.608526, 21.972015 ], [ 108.608655, 21.971925 ], [ 108.610908, 21.971272 ], [ 108.611555, 21.971028 ], [ 108.611647, 21.971007 ], [ 108.611852, 21.97093 ], [ 108.612903, 21.970767 ], [ 108.614384, 21.970579 ], [ 108.617201, 21.970214 ], [ 108.618908, 21.969968 ], [ 108.620314, 21.969845 ], [ 108.621844, 21.969655 ], [ 108.624379, 21.969349 ], [ 108.625902, 21.969139 ], [ 108.628938, 21.968764 ], [ 108.630297, 21.968618 ], [ 108.631452, 21.968451 ], [ 108.634073, 21.967931 ], [ 108.637447, 21.966647 ], [ 108.637926, 21.966443 ], [ 108.641368, 21.964733 ], [ 108.647547, 21.961985 ], [ 108.648255, 21.961642 ], [ 108.648944, 21.961793 ], [ 108.653554, 21.961625 ], [ 108.656706, 21.961738 ], [ 108.658988, 21.962023 ], [ 108.65915, 21.962036 ], [ 108.659815, 21.962104 ], [ 108.659816, 21.962322 ], [ 108.659818, 21.962998 ], [ 108.659851, 21.964626 ], [ 108.659825, 21.965649 ], [ 108.659825, 21.965704 ], [ 108.659876, 21.966656 ], [ 108.659841, 21.970017 ], [ 108.659841, 21.970083 ], [ 108.659845, 21.97142 ], [ 108.659848, 21.972092 ], [ 108.659835, 21.972732 ], [ 108.659834, 21.972778 ], [ 108.659824, 21.973246 ], [ 108.659791, 21.974821 ], [ 108.660477, 21.974831 ], [ 108.671441, 21.974745 ], [ 108.671597, 21.974741 ], [ 108.671661, 21.974751 ], [ 108.671522, 21.975437 ], [ 108.671575, 21.975925 ], [ 108.671736, 21.976213 ], [ 108.671565, 21.976691 ], [ 108.671339, 21.977059 ], [ 108.6712, 21.977258 ], [ 108.671211, 21.977527 ], [ 108.671329, 21.977716 ], [ 108.670992, 21.97804 ], [ 108.667917, 21.980989 ], [ 108.666586, 21.982273 ], [ 108.662391, 21.986213 ], [ 108.663722, 21.98697 ], [ 108.66561, 21.989317 ], [ 108.666082, 21.991984 ], [ 108.664349, 21.99317 ], [ 108.662478, 21.994452 ], [ 108.659516, 21.997993 ], [ 108.658766, 21.998543 ], [ 108.658384, 21.998726 ], [ 108.657934, 21.99892 ], [ 108.656426, 21.999386 ], [ 108.655525, 21.999585 ], [ 108.655214, 21.999783 ], [ 108.655305, 22.000116 ], [ 108.655539, 22.000622 ], [ 108.656149, 22.002715 ], [ 108.656134, 22.003069 ], [ 108.655853, 22.003346 ], [ 108.65488, 22.003772 ], [ 108.65412, 22.003887 ], [ 108.653877, 22.003993 ], [ 108.653237, 22.004491 ], [ 108.652902, 22.00498 ], [ 108.65285, 22.005367 ], [ 108.652984, 22.0059 ], [ 108.653859, 22.007511 ], [ 108.654515, 22.008383 ], [ 108.65463, 22.008798 ], [ 108.654609, 22.009337 ], [ 108.654535, 22.009506 ], [ 108.654074, 22.009956 ], [ 108.653747, 22.010472 ], [ 108.653673, 22.010927 ], [ 108.65415, 22.012034 ], [ 108.655612, 22.013342 ], [ 108.659492, 22.016865 ], [ 108.663877, 22.019986 ], [ 108.664782, 22.022148 ], [ 108.665034, 22.023857 ], [ 108.665035, 22.025704 ], [ 108.66493, 22.026532 ], [ 108.664199, 22.027936 ], [ 108.663443, 22.030924 ], [ 108.663295, 22.032279 ], [ 108.663721, 22.036651 ], [ 108.665331, 22.040671 ], [ 108.667298, 22.044996 ], [ 108.670587, 22.048982 ], [ 108.672693, 22.051535 ], [ 108.674807, 22.05586 ], [ 108.675208, 22.057969 ], [ 108.674608, 22.070426 ], [ 108.675609, 22.074146 ], [ 108.679646, 22.078222 ], [ 108.682161, 22.083551 ], [ 108.683266, 22.084559 ], [ 108.685285, 22.084964 ], [ 108.690523, 22.083668 ], [ 108.693951, 22.083674 ], [ 108.695961, 22.084782 ], [ 108.697274, 22.087498 ], [ 108.69717, 22.088903 ], [ 108.696369, 22.089505 ], [ 108.692341, 22.090001 ], [ 108.690018, 22.091001 ], [ 108.688913, 22.093711 ], [ 108.689218, 22.096726 ], [ 108.690924, 22.100346 ], [ 108.695961, 22.105177 ], [ 108.696971, 22.107489 ], [ 108.69838, 22.107994 ], [ 108.701103, 22.107396 ], [ 108.703017, 22.106998 ], [ 108.706035, 22.107003 ], [ 108.709062, 22.10781 ], [ 108.71188, 22.10779 ], [ 108.716411, 22.10669 ], [ 108.717515, 22.106691 ], [ 108.719028, 22.107346 ], [ 108.718924, 22.107899 ], [ 108.717516, 22.111162 ], [ 108.717872, 22.112067 ], [ 108.719281, 22.113073 ], [ 108.721289, 22.113679 ], [ 108.722698, 22.113581 ], [ 108.724663, 22.11293 ], [ 108.725567, 22.111924 ], [ 108.725619, 22.110369 ], [ 108.725219, 22.107807 ], [ 108.725271, 22.105245 ], [ 108.725619, 22.10439 ], [ 108.726375, 22.103888 ], [ 108.727531, 22.103839 ], [ 108.728487, 22.104294 ], [ 108.729696, 22.105548 ], [ 108.731208, 22.107057 ], [ 108.732112, 22.107511 ], [ 108.733972, 22.108014 ], [ 108.735484, 22.108367 ], [ 108.736492, 22.10892 ], [ 108.738048, 22.110579 ], [ 108.740212, 22.112691 ], [ 108.743383, 22.113796 ], [ 108.746823, 22.115593 ], [ 108.748057, 22.116273 ], [ 108.748812, 22.116876 ], [ 108.749117, 22.117579 ], [ 108.75108, 22.119538 ], [ 108.754797, 22.118507 ], [ 108.75497, 22.116575 ], [ 108.751375, 22.111024 ], [ 108.749941, 22.108436 ], [ 108.748942, 22.101906 ], [ 108.748134, 22.096782 ], [ 108.744312, 22.091757 ], [ 108.738473, 22.087737 ], [ 108.736161, 22.086328 ], [ 108.735657, 22.083917 ], [ 108.736265, 22.076482 ], [ 108.737768, 22.074272 ], [ 108.738976, 22.073872 ], [ 108.740288, 22.073873 ], [ 108.742504, 22.075179 ], [ 108.742903, 22.077089 ], [ 108.745119, 22.083118 ], [ 108.747829, 22.087539 ], [ 108.750244, 22.089047 ], [ 108.75628, 22.093767 ], [ 108.762514, 22.100497 ], [ 108.768643, 22.105117 ], [ 108.771655, 22.106723 ], [ 108.773616, 22.107199 ], [ 108.775074, 22.107148 ], [ 108.776332, 22.107398 ], [ 108.777538, 22.10815 ], [ 108.77844, 22.108651 ], [ 108.779646, 22.108649 ], [ 108.781147, 22.10875 ], [ 108.781902, 22.1093 ], [ 108.782709, 22.110004 ], [ 108.783811, 22.110606 ], [ 108.787176, 22.111405 ], [ 108.789032, 22.111151 ], [ 108.790593, 22.110698 ], [ 108.792148, 22.110792 ], [ 108.792783, 22.111334 ], [ 108.79391, 22.112825 ], [ 108.79408, 22.114325 ], [ 108.798553, 22.119691 ], [ 108.80046, 22.121627 ], [ 108.80647, 22.123397 ], [ 108.809986, 22.124288 ], [ 108.816236, 22.125212 ], [ 108.821907, 22.126658 ], [ 108.828929, 22.129181 ], [ 108.830884, 22.127929 ], [ 108.832517, 22.125399 ], [ 108.833525, 22.122752 ], [ 108.837143, 22.120738 ], [ 108.838298, 22.119639 ], [ 108.840473, 22.116407 ], [ 108.839089, 22.110563 ], [ 108.837379, 22.110704 ], [ 108.835942, 22.109731 ], [ 108.836046, 22.108537 ], [ 108.840496, 22.10787 ], [ 108.847676, 22.107476 ], [ 108.849467, 22.107654 ], [ 108.851538, 22.110001 ], [ 108.854242, 22.111945 ], [ 108.862654, 22.112999 ], [ 108.866084, 22.112188 ], [ 108.870739, 22.113305 ], [ 108.872191, 22.115233 ], [ 108.87627, 22.11677 ], [ 108.88051, 22.117939 ], [ 108.884146, 22.117514 ], [ 108.886851, 22.117667 ], [ 108.890809, 22.11515 ], [ 108.889895, 22.112791 ], [ 108.889919, 22.111199 ], [ 108.894841, 22.109879 ], [ 108.897013, 22.112034 ], [ 108.89889, 22.113036 ], [ 108.899759, 22.113728 ], [ 108.903328, 22.114554 ], [ 108.909041, 22.113989 ], [ 108.910826, 22.118472 ], [ 108.914944, 22.122254 ], [ 108.916533, 22.124811 ], [ 108.916991, 22.126953 ], [ 108.918276, 22.12697 ], [ 108.920717, 22.123973 ], [ 108.919925, 22.119661 ], [ 108.920384, 22.117517 ], [ 108.922722, 22.115796 ], [ 108.925746, 22.114003 ], [ 108.927382, 22.113468 ], [ 108.930193, 22.114623 ], [ 108.932135, 22.116561 ], [ 108.934014, 22.116986 ], [ 108.936343, 22.115983 ], [ 108.936381, 22.111376 ], [ 108.935287, 22.108067 ], [ 108.937015, 22.107137 ], [ 108.941196, 22.110381 ], [ 108.944717, 22.11192 ], [ 108.946878, 22.112693 ], [ 108.949412, 22.111455 ], [ 108.951014, 22.111372 ], [ 108.95119, 22.114986 ], [ 108.951719, 22.117969 ], [ 108.95478, 22.119818 ], [ 108.957866, 22.119969 ], [ 108.96014, 22.120959 ], [ 108.961028, 22.122885 ], [ 108.961315, 22.126821 ], [ 108.961983, 22.127997 ], [ 108.964729, 22.128038 ], [ 108.968456, 22.127692 ], [ 108.968832, 22.127952 ], [ 108.970339, 22.127804 ], [ 108.974664, 22.124235 ], [ 108.976459, 22.12407 ], [ 108.979191, 22.117103 ], [ 108.979113, 22.11455 ], [ 108.97709, 22.111971 ], [ 108.973703, 22.110365 ], [ 108.971199, 22.107741 ], [ 108.968991, 22.11015 ], [ 108.967862, 22.109071 ], [ 108.967788, 22.106307 ], [ 108.970749, 22.099234 ], [ 108.971354, 22.096906 ], [ 108.973935, 22.09238 ], [ 108.976138, 22.090394 ], [ 108.980752, 22.087809 ], [ 108.985614, 22.088291 ], [ 108.987281, 22.087702 ], [ 108.988179, 22.08763 ], [ 108.995869, 22.084479 ], [ 109.001079, 22.083 ], [ 109.004453, 22.081776 ], [ 109.007328, 22.083663 ], [ 109.009016, 22.084429 ], [ 109.009791, 22.085004 ], [ 109.013386, 22.087152 ], [ 109.018124, 22.089472 ], [ 109.018034, 22.093031 ], [ 109.018772, 22.094883 ], [ 109.022437, 22.094653 ], [ 109.023375, 22.093111 ], [ 109.021304, 22.088406 ], [ 109.019794, 22.0859 ], [ 109.018179, 22.084761 ], [ 109.016446, 22.084739 ], [ 109.015009, 22.084314 ], [ 109.014521, 22.082315 ], [ 109.014721, 22.080247 ], [ 109.01395, 22.080075 ], [ 109.012328, 22.079334 ], [ 109.012872, 22.077271 ], [ 109.014262, 22.076096 ], [ 109.014847, 22.077222 ], [ 109.015084, 22.078739 ], [ 109.017397, 22.078449 ], [ 109.018969, 22.073345 ], [ 109.018984, 22.071157 ], [ 109.018162, 22.070829 ], [ 109.016912, 22.070638 ], [ 109.015864, 22.069885 ], [ 109.014748, 22.068918 ], [ 109.014237, 22.068836 ], [ 109.013592, 22.068968 ], [ 109.011791, 22.070167 ], [ 109.011482, 22.070233 ], [ 109.011186, 22.070017 ], [ 109.01081, 22.068946 ], [ 109.010384, 22.068924 ], [ 109.008569, 22.069294 ], [ 109.008059, 22.069158 ], [ 109.00783, 22.068849 ], [ 109.007817, 22.067685 ], [ 109.007763, 22.06731 ], [ 109.007454, 22.066961 ], [ 109.007032, 22.06666 ], [ 109.006854, 22.066451 ], [ 109.006835, 22.066116 ], [ 109.007166, 22.065649 ], [ 109.007529, 22.065439 ], [ 109.009878, 22.064854 ], [ 109.01012, 22.064534 ], [ 109.01015, 22.064172 ], [ 109.007741, 22.058825 ], [ 109.007226, 22.057418 ], [ 109.006783, 22.056754 ], [ 109.006379, 22.056341 ], [ 109.006158, 22.055819 ], [ 109.006208, 22.055247 ], [ 109.00649, 22.054766 ], [ 109.007982, 22.054188 ], [ 109.008537, 22.053778 ], [ 109.008728, 22.053327 ], [ 109.008827, 22.052656 ], [ 109.008637, 22.049874 ], [ 109.008758, 22.048459 ], [ 109.008577, 22.048097 ], [ 109.00773, 22.047462 ], [ 109.006369, 22.046303 ], [ 109.00525, 22.044864 ], [ 109.004847, 22.044753 ], [ 109.004, 22.045032 ], [ 109.003607, 22.04493 ], [ 109.003466, 22.044679 ], [ 109.003566, 22.044418 ], [ 109.004746, 22.043127 ], [ 109.005099, 22.042476 ], [ 109.005048, 22.041943 ], [ 109.004766, 22.04127 ], [ 109.004282, 22.040987 ], [ 109.00298, 22.040599 ], [ 109.002791, 22.040471 ], [ 109.002519, 22.040154 ], [ 109.002164, 22.039889 ], [ 109.001731, 22.039685 ], [ 109.001908, 22.038268 ], [ 109.003755, 22.033642 ], [ 109.004448, 22.033177 ], [ 109.007789, 22.033546 ], [ 109.010465, 22.03247 ], [ 109.012371, 22.031224 ], [ 109.013936, 22.029734 ], [ 109.016637, 22.031546 ], [ 109.017726, 22.030761 ], [ 109.019679, 22.03022 ], [ 109.022276, 22.028585 ], [ 109.024516, 22.027901 ], [ 109.02555, 22.025877 ], [ 109.024953, 22.024282 ], [ 109.023676, 22.023488 ], [ 109.024121, 22.01931 ], [ 109.025703, 22.016586 ], [ 109.026555, 22.015464 ], [ 109.028446, 22.013698 ], [ 109.029998, 22.013065 ], [ 109.032967, 22.012391 ], [ 109.034694, 22.008413 ], [ 109.035314, 22.005435 ], [ 109.03702, 22.00301 ], [ 109.038307, 22.003029 ], [ 109.039137, 22.003399 ], [ 109.038588, 22.005961 ], [ 109.037604, 22.00732 ], [ 109.037455, 22.008811 ], [ 109.038092, 22.009238 ], [ 109.03913, 22.008597 ], [ 109.039673, 22.006514 ], [ 109.040439, 22.006942 ], [ 109.040855, 22.009458 ], [ 109.040519, 22.011353 ], [ 109.040152, 22.014839 ], [ 109.041229, 22.017564 ], [ 109.042251, 22.018057 ], [ 109.042859, 22.017509 ], [ 109.045155, 22.01268 ], [ 109.045746, 22.008184 ], [ 109.045839, 22.006556 ], [ 109.044411, 22.004466 ], [ 109.046563, 22.003779 ], [ 109.048186, 22.00428 ], [ 109.04878, 22.004685 ], [ 109.047947, 22.009135 ], [ 109.048533, 22.010179 ], [ 109.051098, 22.010693 ], [ 109.054103, 22.010336 ], [ 109.056333, 22.010208 ], [ 109.057422, 22.012297 ], [ 109.057575, 22.013492 ], [ 109.059009, 22.015186 ], [ 109.060715, 22.015766 ], [ 109.062516, 22.015631 ], [ 109.061195, 22.011946 ], [ 109.060976, 22.00823 ], [ 109.061245, 22.007695 ], [ 109.063892, 22.008956 ], [ 109.065136, 22.008451 ], [ 109.065932, 22.00663 ], [ 109.064545, 22.001511 ], [ 109.065085, 21.999607 ], [ 109.067124, 21.999571 ], [ 109.068709, 21.999685 ], [ 109.07177, 21.998693 ], [ 109.07232, 21.997268 ], [ 109.069714, 21.995094 ], [ 109.069285, 21.994588 ], [ 109.067408, 21.993171 ], [ 109.066929, 21.991689 ], [ 109.067158, 21.989104 ], [ 109.066868, 21.988485 ], [ 109.067072, 21.986956 ], [ 109.068975, 21.984335 ], [ 109.070266, 21.981443 ], [ 109.071008, 21.978662 ], [ 109.071322, 21.97706 ], [ 109.073043, 21.974608 ], [ 109.073495, 21.974253 ], [ 109.074397, 21.970707 ], [ 109.076115, 21.96631 ], [ 109.076473, 21.965845 ], [ 109.077985, 21.963271 ], [ 109.0809, 21.961523 ], [ 109.082792, 21.959862 ], [ 109.083577, 21.958841 ], [ 109.088802, 21.955905 ], [ 109.089344, 21.955724 ], [ 109.092539, 21.952392 ], [ 109.092792, 21.952326 ], [ 109.095124, 21.950991 ], [ 109.097454, 21.951158 ], [ 109.097891, 21.950983 ], [ 109.098906, 21.946546 ], [ 109.100255, 21.944787 ], [ 109.101943, 21.940206 ], [ 109.102233, 21.936919 ], [ 109.101584, 21.932201 ], [ 109.10144, 21.931743 ], [ 109.097772, 21.93023 ], [ 109.097776, 21.926401 ], [ 109.099581, 21.926781 ], [ 109.100523, 21.925552 ], [ 109.101546, 21.924424 ], [ 109.101527, 21.922531 ], [ 109.102689, 21.920262 ], [ 109.102753, 21.918668 ], [ 109.104605, 21.91725 ], [ 109.105934, 21.916913 ], [ 109.1064, 21.917736 ], [ 109.106284, 21.919633 ], [ 109.10689, 21.921454 ], [ 109.108399, 21.922186 ], [ 109.110048, 21.92086 ], [ 109.111589, 21.920631 ], [ 109.111214, 21.922421 ], [ 109.110352, 21.923773 ], [ 109.110301, 21.925113 ], [ 109.111871, 21.927001 ], [ 109.112945, 21.929304 ], [ 109.11403, 21.928175 ], [ 109.114277, 21.926217 ], [ 109.114377, 21.923861 ], [ 109.115497, 21.924004 ], [ 109.116115, 21.923857 ], [ 109.116638, 21.92311 ], [ 109.118193, 21.920167 ], [ 109.119392, 21.919734 ], [ 109.121829, 21.92112 ], [ 109.122918, 21.920479 ], [ 109.123799, 21.91944 ], [ 109.125748, 21.918541 ], [ 109.132662, 21.914887 ], [ 109.138344, 21.911459 ], [ 109.143521, 21.906429 ], [ 109.146997, 21.899784 ], [ 109.149737, 21.889698 ], [ 109.151991, 21.880069 ], [ 109.153264, 21.869061 ], [ 109.153047, 21.859888 ], [ 109.153064, 21.856446 ], [ 109.153567, 21.852549 ], [ 109.15407, 21.850713 ], [ 109.150636, 21.846351 ], [ 109.146206, 21.845655 ], [ 109.141531, 21.844954 ], [ 109.133162, 21.847688 ], [ 109.128452, 21.854098 ], [ 109.123497, 21.862111 ], [ 109.119784, 21.866229 ], [ 109.113855, 21.871257 ], [ 109.104218, 21.874433 ], [ 109.094618, 21.87164 ], [ 109.088979, 21.864048 ], [ 109.084588, 21.851872 ], [ 109.077029, 21.847013 ], [ 109.067856, 21.839399 ], [ 109.061199, 21.837067 ], [ 109.054524, 21.838631 ], [ 109.050554, 21.84044 ], [ 109.045853, 21.842933 ], [ 109.03596, 21.843179 ], [ 109.030296, 21.839792 ], [ 109.022152, 21.83635 ], [ 109.015974, 21.835386 ], [ 109.015242, 21.835719 ], [ 109.015081, 21.835944 ], [ 109.014057, 21.836371 ], [ 109.013699, 21.836284 ], [ 109.013704, 21.835869 ], [ 109.012985, 21.835976 ], [ 109.012827, 21.836172 ], [ 109.012715, 21.836549 ], [ 109.012969, 21.83714 ], [ 109.012985, 21.837365 ], [ 109.012857, 21.837463 ], [ 109.011964, 21.837512 ], [ 109.010985, 21.838084 ], [ 109.010743, 21.838009 ], [ 109.010283, 21.837586 ], [ 109.009867, 21.837535 ], [ 109.009543, 21.837774 ], [ 109.009202, 21.838554 ], [ 109.009186, 21.838586 ], [ 109.008261, 21.838798 ], [ 109.006905, 21.838575 ], [ 109.003246, 21.838517 ], [ 109.001738, 21.838294 ], [ 109.000226, 21.838271 ], [ 108.998827, 21.837947 ], [ 108.997668, 21.835823 ], [ 108.997685, 21.834618 ], [ 108.9965, 21.8344 ], [ 108.995073, 21.836084 ], [ 108.994454, 21.834965 ], [ 108.992246, 21.833494 ], [ 108.989925, 21.832801 ], [ 108.988524, 21.831812 ], [ 108.987891, 21.831937 ], [ 108.986977, 21.834856 ], [ 108.984448, 21.833262 ], [ 108.984684, 21.830921 ], [ 108.984496, 21.83042 ], [ 108.983715, 21.829567 ], [ 108.982796, 21.82972 ], [ 108.981724, 21.830448 ], [ 108.980193, 21.831181 ], [ 108.979419, 21.831045 ], [ 108.978761, 21.830013 ], [ 108.97909, 21.829759 ], [ 108.979848, 21.828318 ], [ 108.979672, 21.826743 ], [ 108.977168, 21.824043 ], [ 108.977249, 21.82344 ], [ 108.976978, 21.820291 ], [ 108.975862, 21.81956 ], [ 108.973801, 21.819114 ], [ 108.974311, 21.817807 ], [ 108.974305, 21.817335 ], [ 108.974908, 21.81604 ], [ 108.974796, 21.81522 ], [ 108.972248, 21.813896 ], [ 108.971532, 21.814544 ], [ 108.971142, 21.815296 ], [ 108.970185, 21.817657 ], [ 108.968857, 21.819354 ], [ 108.968237, 21.820913 ], [ 108.967734, 21.821916 ], [ 108.96772, 21.822876 ], [ 108.968035, 21.823689 ], [ 108.969763, 21.824423 ], [ 108.970621, 21.825193 ], [ 108.97349, 21.825942 ], [ 108.974084, 21.826256 ], [ 108.974352, 21.826512 ], [ 108.975845, 21.828506 ], [ 108.975947, 21.829013 ], [ 108.97593, 21.830174 ], [ 108.975703, 21.830879 ], [ 108.97564, 21.831482 ], [ 108.975198, 21.831981 ], [ 108.974108, 21.83222 ], [ 108.971935, 21.832187 ], [ 108.97079, 21.831818 ], [ 108.970424, 21.831457 ], [ 108.970552, 21.830044 ], [ 108.972208, 21.828249 ], [ 108.971727, 21.827686 ], [ 108.970854, 21.827926 ], [ 108.970468, 21.828374 ], [ 108.969702, 21.828716 ], [ 108.968831, 21.828805 ], [ 108.967803, 21.828537 ], [ 108.966787, 21.827674 ], [ 108.964463, 21.826568 ], [ 108.96377, 21.825647 ], [ 108.962644, 21.82457 ], [ 108.961353, 21.823692 ], [ 108.960595, 21.82353 ], [ 108.95929, 21.82361 ], [ 108.957328, 21.824089 ], [ 108.956621, 21.824178 ], [ 108.956134, 21.824071 ], [ 108.955658, 21.823205 ], [ 108.955621, 21.821941 ], [ 108.9558, 21.82078 ], [ 108.956428, 21.818666 ], [ 108.956875, 21.817764 ], [ 108.956997, 21.816805 ], [ 108.956871, 21.814227 ], [ 108.956345, 21.813057 ], [ 108.956144, 21.811891 ], [ 108.956324, 21.810682 ], [ 108.957309, 21.810139 ], [ 108.959042, 21.810469 ], [ 108.960177, 21.810889 ], [ 108.961951, 21.812228 ], [ 108.963031, 21.812598 ], [ 108.96542, 21.812683 ], [ 108.966619, 21.812398 ], [ 108.967715, 21.811758 ], [ 108.967619, 21.810848 ], [ 108.966645, 21.81058 ], [ 108.966714, 21.809569 ], [ 108.968032, 21.808528 ], [ 108.968216, 21.807064 ], [ 108.967898, 21.806505 ], [ 108.966604, 21.805829 ], [ 108.965691, 21.805058 ], [ 108.965104, 21.804289 ], [ 108.963745, 21.803779 ], [ 108.963539, 21.803609 ], [ 108.963383, 21.803102 ], [ 108.964044, 21.802455 ], [ 108.965373, 21.800719 ], [ 108.965339, 21.800697 ], [ 108.96517, 21.800365 ], [ 108.965138, 21.80006 ], [ 108.965188, 21.799865 ], [ 108.965444, 21.799757 ], [ 108.965818, 21.799794 ], [ 108.966434, 21.800254 ], [ 108.966936, 21.800419 ], [ 108.967215, 21.800338 ], [ 108.967297, 21.797691 ], [ 108.967196, 21.797327 ], [ 108.96679, 21.797254 ], [ 108.965731, 21.797574 ], [ 108.965307, 21.797591 ], [ 108.963599, 21.797309 ], [ 108.962846, 21.797339 ], [ 108.961997, 21.797497 ], [ 108.961596, 21.797487 ], [ 108.961335, 21.797345 ], [ 108.961043, 21.796849 ], [ 108.961066, 21.794438 ], [ 108.960898, 21.793851 ], [ 108.960669, 21.79352 ], [ 108.960469, 21.793267 ], [ 108.960184, 21.79249 ], [ 108.959847, 21.791897 ], [ 108.95955, 21.791632 ], [ 108.958975, 21.791545 ], [ 108.958633, 21.791685 ], [ 108.958401, 21.792035 ], [ 108.958391, 21.792331 ], [ 108.958574, 21.792945 ], [ 108.958734, 21.794009 ], [ 108.958587, 21.794305 ], [ 108.958282, 21.794536 ], [ 108.957972, 21.794604 ], [ 108.957543, 21.794457 ], [ 108.956452, 21.793818 ], [ 108.955895, 21.793267 ], [ 108.955945, 21.79278 ], [ 108.957131, 21.791823 ], [ 108.957273, 21.791609 ], [ 108.957172, 21.791168 ], [ 108.954868, 21.790845 ], [ 108.954503, 21.790644 ], [ 108.954339, 21.790429 ], [ 108.954348, 21.789934 ], [ 108.954521, 21.789771 ], [ 108.955005, 21.789621 ], [ 108.955119, 21.789413 ], [ 108.954987, 21.789294 ], [ 108.953321, 21.788681 ], [ 108.952732, 21.788193 ], [ 108.952495, 21.787801 ], [ 108.952481, 21.787497 ], [ 108.952586, 21.787188 ], [ 108.953262, 21.787057 ], [ 108.953609, 21.786826 ], [ 108.953864, 21.786403 ], [ 108.954047, 21.785826 ], [ 108.95401, 21.785549 ], [ 108.953038, 21.785265 ], [ 108.952782, 21.785051 ], [ 108.952787, 21.784837 ], [ 108.952919, 21.784691 ], [ 108.953631, 21.784333 ], [ 108.955616, 21.783732 ], [ 108.956173, 21.783374 ], [ 108.956323, 21.783166 ], [ 108.956296, 21.782711 ], [ 108.954849, 21.781761 ], [ 108.952646, 21.781129 ], [ 108.951131, 21.780317 ], [ 108.950879, 21.779998 ], [ 108.950889, 21.779698 ], [ 108.951094, 21.779502 ], [ 108.951637, 21.77929 ], [ 108.952116, 21.778963 ], [ 108.952349, 21.778609 ], [ 108.952527, 21.778027 ], [ 108.952695, 21.776895 ], [ 108.952682, 21.776017 ], [ 108.952504, 21.775584 ], [ 108.951981, 21.775292 ], [ 108.949829, 21.774641 ], [ 108.948509, 21.77411 ], [ 108.947926, 21.773667 ], [ 108.947504, 21.77303 ], [ 108.947049, 21.771951 ], [ 108.946801, 21.770991 ], [ 108.946769, 21.769751 ], [ 108.946477, 21.768759 ], [ 108.946422, 21.76781 ], [ 108.946502, 21.766134 ], [ 108.946332, 21.765745 ], [ 108.946089, 21.765508 ], [ 108.945791, 21.765489 ], [ 108.944988, 21.766021 ], [ 108.944739, 21.766009 ], [ 108.944556, 21.765833 ], [ 108.94455, 21.765621 ], [ 108.944842, 21.764948 ], [ 108.944976, 21.763887 ], [ 108.945116, 21.763584 ], [ 108.945505, 21.76333 ], [ 108.945748, 21.763015 ], [ 108.945894, 21.762403 ], [ 108.945937, 21.761541 ], [ 108.945815, 21.760862 ], [ 108.945594, 21.760536 ], [ 108.945306, 21.760451 ], [ 108.944718, 21.760457 ], [ 108.943479, 21.760707 ], [ 108.942071, 21.761183 ], [ 108.939649, 21.763089 ], [ 108.939001, 21.763425 ], [ 108.938635, 21.76334 ], [ 108.937621, 21.761429 ], [ 108.937058, 21.760023 ], [ 108.936241, 21.758927 ], [ 108.935256, 21.75842 ], [ 108.934046, 21.758278 ], [ 108.932187, 21.758501 ], [ 108.93078, 21.758331 ], [ 108.929884, 21.757793 ], [ 108.929133, 21.756843 ], [ 108.927132, 21.755893 ], [ 108.925131, 21.754692 ], [ 108.92348, 21.752993 ], [ 108.922479, 21.752493 ], [ 108.921078, 21.752442 ], [ 108.919978, 21.752092 ], [ 108.918527, 21.751442 ], [ 108.917177, 21.751541 ], [ 108.914177, 21.752289 ], [ 108.910127, 21.752137 ], [ 108.907493, 21.750981 ], [ 108.903702, 21.747904 ], [ 108.898608, 21.742697 ], [ 108.892569, 21.740096 ], [ 108.886886, 21.740336 ], [ 108.882388, 21.743063 ], [ 108.87943, 21.744367 ], [ 108.872922, 21.744375 ], [ 108.86677, 21.742963 ], [ 108.859909, 21.737292 ], [ 108.854705, 21.724517 ], [ 108.852221, 21.714579 ], [ 108.850716, 21.703731 ], [ 108.850295, 21.686898 ], [ 108.853181, 21.677811 ], [ 108.854277, 21.670806 ], [ 108.858334, 21.660545 ], [ 108.869545, 21.644664 ], [ 108.881445, 21.627232 ], [ 108.868035, 21.620783 ], [ 108.864046, 21.620136 ], [ 108.860855, 21.620069 ], [ 108.858392, 21.619964 ], [ 108.856433, 21.619351 ], [ 108.85339, 21.617541 ], [ 108.852298, 21.616237 ], [ 108.850833, 21.614957 ], [ 108.844384, 21.614802 ], [ 108.84317, 21.614409 ], [ 108.837449, 21.610608 ], [ 108.835117, 21.609851 ], [ 108.833272, 21.610685 ], [ 108.819465, 21.622394 ], [ 108.816275, 21.624866 ], [ 108.813302, 21.62567 ], [ 108.801998, 21.626415 ], [ 108.795764, 21.625843 ], [ 108.791774, 21.624614 ], [ 108.789025, 21.622682 ], [ 108.787065, 21.622064 ], [ 108.780237, 21.618967 ], [ 108.777843, 21.615995 ], [ 108.775613, 21.611764 ], [ 108.774294, 21.610336 ], [ 108.771968, 21.609777 ], [ 108.760354, 21.609622 ], [ 108.758244, 21.609529 ], [ 108.756464, 21.609057 ], [ 108.752765, 21.60677 ], [ 108.7524, 21.602199 ], [ 108.753312, 21.60194 ], [ 108.753784, 21.601309 ], [ 108.753064, 21.60078 ], [ 108.750801, 21.600168 ], [ 108.749533, 21.599723 ], [ 108.749238, 21.599567 ], [ 108.748917, 21.599201 ], [ 108.748743, 21.598669 ], [ 108.748595, 21.598057 ], [ 108.749162, 21.597329 ], [ 108.748566, 21.596652 ], [ 108.748088, 21.596388 ], [ 108.747623, 21.596426 ], [ 108.746962, 21.597252 ], [ 108.746537, 21.597579 ], [ 108.74585, 21.598399 ], [ 108.745624, 21.598644 ], [ 108.745355, 21.598924 ], [ 108.745103, 21.599195 ], [ 108.745051, 21.599649 ], [ 108.745225, 21.600156 ], [ 108.745824, 21.601063 ], [ 108.745989, 21.601699 ], [ 108.745989, 21.602426 ], [ 108.744409, 21.60441 ], [ 108.744156, 21.604918 ], [ 108.743905, 21.605516 ], [ 108.743193, 21.606751 ], [ 108.741611, 21.60831 ], [ 108.740412, 21.609181 ], [ 108.740056, 21.609626 ], [ 108.739726, 21.610368 ], [ 108.739039, 21.611402 ], [ 108.73784, 21.612744 ], [ 108.735094, 21.614556 ], [ 108.734747, 21.615272 ], [ 108.734695, 21.615617 ], [ 108.734764, 21.615981 ], [ 108.734781, 21.616452 ], [ 108.734729, 21.616996 ], [ 108.734529, 21.61812 ], [ 108.73453, 21.618719 ], [ 108.73466, 21.619446 ], [ 108.734695, 21.619754 ], [ 108.734443, 21.620478 ], [ 108.734278, 21.621151 ], [ 108.734295, 21.621441 ], [ 108.734512, 21.621695 ], [ 108.735147, 21.621984 ], [ 108.735347, 21.622203 ], [ 108.735477, 21.62262 ], [ 108.733843, 21.625114 ], [ 108.733843, 21.625567 ], [ 108.7339, 21.6264 ], [ 108.735894, 21.628181 ], [ 108.735894, 21.629233 ], [ 108.726734, 21.638914 ], [ 108.716014, 21.644362 ], [ 108.710101, 21.646722 ], [ 108.707979, 21.646777 ], [ 108.7065, 21.646161 ], [ 108.705514, 21.644805 ], [ 108.705144, 21.642463 ], [ 108.705761, 21.637533 ], [ 108.706747, 21.633958 ], [ 108.709951, 21.627796 ], [ 108.711677, 21.623728 ], [ 108.71217, 21.619044 ], [ 108.711431, 21.614484 ], [ 108.708472, 21.607089 ], [ 108.704898, 21.601666 ], [ 108.697996, 21.594763 ], [ 108.694421, 21.592668 ], [ 108.684899, 21.58971 ], [ 108.689589, 21.58464 ], [ 108.689129, 21.582377 ], [ 108.681794, 21.575629 ], [ 108.681, 21.575518 ], [ 108.680411, 21.575713 ], [ 108.6784, 21.578228 ], [ 108.67819, 21.579862 ], [ 108.680411, 21.58288 ], [ 108.680453, 21.584514 ], [ 108.676179, 21.588601 ], [ 108.674331, 21.589587 ], [ 108.673221, 21.591066 ], [ 108.672852, 21.592914 ], [ 108.673345, 21.594887 ], [ 108.674577, 21.596366 ], [ 108.681356, 21.600803 ], [ 108.689861, 21.604624 ], [ 108.694421, 21.607952 ], [ 108.6992, 21.612553 ], [ 108.703665, 21.617566 ], [ 108.704405, 21.619291 ], [ 108.705021, 21.622003 ], [ 108.704898, 21.623975 ], [ 108.704035, 21.626686 ], [ 108.701693, 21.630138 ], [ 108.69986, 21.633573 ], [ 108.698127, 21.637618 ], [ 108.693697, 21.652061 ], [ 108.691578, 21.655991 ], [ 108.689253, 21.659136 ], [ 108.685834, 21.660777 ], [ 108.682334, 21.660728 ], [ 108.678098, 21.659187 ], [ 108.675979, 21.656106 ], [ 108.675016, 21.651676 ], [ 108.675979, 21.644743 ], [ 108.675016, 21.641084 ], [ 108.672898, 21.638581 ], [ 108.669431, 21.638003 ], [ 108.664231, 21.639543 ], [ 108.659224, 21.643973 ], [ 108.646128, 21.660535 ], [ 108.63804, 21.67132 ], [ 108.631492, 21.677675 ], [ 108.626576, 21.680008 ], [ 108.62012, 21.681126 ], [ 108.610438, 21.681638 ], [ 108.599908, 21.680508 ], [ 108.591682, 21.677222 ], [ 108.591634, 21.677755 ], [ 108.591961, 21.680394 ], [ 108.592408, 21.681756 ], [ 108.592404, 21.682037 ], [ 108.593549, 21.684262 ], [ 108.595399, 21.688005 ], [ 108.596726, 21.69069 ], [ 108.597035, 21.691446 ], [ 108.596813, 21.695322 ], [ 108.595689, 21.697494 ], [ 108.594959, 21.698618 ], [ 108.59323, 21.699836 ], [ 108.591417, 21.701319 ], [ 108.590355, 21.701679 ], [ 108.589473, 21.701975 ], [ 108.587973, 21.703191 ], [ 108.587065, 21.705013 ], [ 108.586314, 21.706244 ], [ 108.585222, 21.707979 ], [ 108.5843, 21.708749 ], [ 108.583445, 21.709436 ], [ 108.581678, 21.710857 ], [ 108.578907, 21.712193 ], [ 108.576146, 21.713434 ], [ 108.575905, 21.713542 ], [ 108.573224, 21.714053 ], [ 108.572226, 21.714126 ], [ 108.569222, 21.714922 ], [ 108.56851, 21.715111 ], [ 108.567622, 21.715873 ], [ 108.566831, 21.7167 ], [ 108.565492, 21.717541 ], [ 108.563822, 21.717679 ], [ 108.562723, 21.717449 ], [ 108.559457, 21.718838 ], [ 108.556041, 21.720784 ], [ 108.553358, 21.72224 ], [ 108.549429, 21.725372 ], [ 108.54708, 21.727257 ], [ 108.544593, 21.729267 ], [ 108.542542, 21.729625 ], [ 108.540228, 21.729467 ], [ 108.538742, 21.728685 ], [ 108.537607, 21.728116 ], [ 108.536746, 21.727719 ], [ 108.536626, 21.727664 ], [ 108.533282, 21.725047 ], [ 108.533174, 21.724942 ], [ 108.531949, 21.723278 ], [ 108.528264, 21.717489 ], [ 108.528185, 21.717319 ], [ 108.527679, 21.716074 ], [ 108.527195, 21.715712 ], [ 108.526278, 21.715514 ], [ 108.525979, 21.715429 ], [ 108.524592, 21.714737 ], [ 108.524417, 21.714726 ], [ 108.523138, 21.714711 ], [ 108.519326, 21.71551 ], [ 108.516716, 21.716681 ], [ 108.51265, 21.720378 ], [ 108.50696, 21.725731 ], [ 108.50602, 21.727648 ], [ 108.506094, 21.729383 ], [ 108.506206, 21.730958 ], [ 108.506637, 21.731823 ], [ 108.507207, 21.732712 ], [ 108.507874, 21.734704 ], [ 108.507904, 21.735451 ], [ 108.507626, 21.738371 ], [ 108.507467, 21.741335 ], [ 108.507461, 21.741445 ], [ 108.507506, 21.742339 ], [ 108.507529, 21.743261 ], [ 108.507278, 21.743992 ], [ 108.507004, 21.744791 ], [ 108.506665, 21.746025 ], [ 108.506612, 21.746771 ], [ 108.506637, 21.747698 ], [ 108.506632, 21.749013 ], [ 108.50626, 21.7507 ], [ 108.506144, 21.751661 ], [ 108.505921, 21.752324 ], [ 108.505729, 21.754656 ], [ 108.506034, 21.756651 ], [ 108.506227, 21.757086 ], [ 108.506866, 21.759074 ], [ 108.507326, 21.759901 ], [ 108.507794, 21.760606 ], [ 108.509488, 21.761129 ], [ 108.510372, 21.761731 ], [ 108.511596, 21.762566 ], [ 108.512986, 21.763458 ], [ 108.515085, 21.764406 ], [ 108.517022, 21.765223 ], [ 108.517694, 21.765437 ], [ 108.518895, 21.765794 ], [ 108.519643, 21.766261 ], [ 108.519985, 21.767057 ], [ 108.520147, 21.767898 ], [ 108.520269, 21.76863 ], [ 108.520728, 21.769197 ], [ 108.521247, 21.76958 ], [ 108.521584, 21.769686 ], [ 108.522225, 21.769526 ], [ 108.522902, 21.769165 ], [ 108.523693, 21.768633 ], [ 108.524253, 21.768257 ], [ 108.525888, 21.76769 ], [ 108.526523, 21.767858 ], [ 108.527132, 21.768017 ], [ 108.528179, 21.76828 ], [ 108.528883, 21.768492 ], [ 108.529268, 21.769304 ], [ 108.52904, 21.770216 ], [ 108.528096, 21.771955 ], [ 108.527713, 21.772311 ], [ 108.526273, 21.773087 ], [ 108.52103, 21.775441 ], [ 108.518411, 21.777644 ], [ 108.518314, 21.777774 ], [ 108.516944, 21.77962 ], [ 108.516651, 21.781319 ], [ 108.516495, 21.782231 ], [ 108.516136, 21.784477 ], [ 108.515401, 21.790048 ], [ 108.514441, 21.793678 ], [ 108.513832, 21.796684 ], [ 108.513877, 21.800297 ], [ 108.513613, 21.803259 ], [ 108.513739, 21.806139 ], [ 108.513968, 21.808122 ], [ 108.513291, 21.810353 ], [ 108.511903, 21.812318 ], [ 108.509474, 21.814765 ], [ 108.5077, 21.816615 ], [ 108.504942, 21.817752 ], [ 108.497697, 21.822298 ], [ 108.49344, 21.826322 ], [ 108.484666, 21.833916 ], [ 108.478418, 21.840404 ], [ 108.477136, 21.841336 ], [ 108.467173, 21.851748 ], [ 108.464781, 21.855881 ], [ 108.462722, 21.861146 ], [ 108.462789, 21.866272 ], [ 108.464362, 21.871311 ], [ 108.465037, 21.87206 ], [ 108.46576, 21.873283 ], [ 108.467861, 21.876134 ], [ 108.467906, 21.876797 ], [ 108.467754, 21.877821 ], [ 108.467343, 21.879236 ], [ 108.467184, 21.880337 ], [ 108.467618, 21.881421 ], [ 108.468888, 21.883205 ], [ 108.469292, 21.884281 ], [ 108.469429, 21.8856 ], [ 108.469421, 21.886868 ], [ 108.46917, 21.887743 ], [ 108.4685, 21.888506 ], [ 108.467808, 21.889704 ], [ 108.466803, 21.893542 ], [ 108.464926, 21.897851 ], [ 108.461531, 21.903113 ], [ 108.460241, 21.904235 ], [ 108.457262, 21.906825 ], [ 108.450333, 21.910683 ], [ 108.444416, 21.913401 ], [ 108.439831, 21.915048 ], [ 108.436269, 21.916328 ], [ 108.430105, 21.917206 ], [ 108.423228, 21.915553 ], [ 108.419229, 21.914653 ] ] ] ] } },
{ "type": "Feature", "properties": { "county_name": "钦北区" }, "geometry": { "type": "Polygon", "coordinates": [ [ [ 108.916533, 22.124811 ], [ 108.914944, 22.122254 ], [ 108.910826, 22.118472 ], [ 108.909041, 22.113989 ], [ 108.903328, 22.114554 ], [ 108.899759, 22.113728 ], [ 108.89889, 22.113036 ], [ 108.897013, 22.112034 ], [ 108.894841, 22.109879 ], [ 108.889919, 22.111199 ], [ 108.889895, 22.112791 ], [ 108.890809, 22.11515 ], [ 108.886851, 22.117667 ], [ 108.884146, 22.117514 ], [ 108.88051, 22.117939 ], [ 108.87627, 22.11677 ], [ 108.872191, 22.115233 ], [ 108.870739, 22.113305 ], [ 108.866084, 22.112188 ], [ 108.862654, 22.112999 ], [ 108.854242, 22.111945 ], [ 108.851538, 22.110001 ], [ 108.849467, 22.107654 ], [ 108.847676, 22.107476 ], [ 108.840496, 22.10787 ], [ 108.836046, 22.108537 ], [ 108.835942, 22.109731 ], [ 108.837379, 22.110704 ], [ 108.839089, 22.110563 ], [ 108.840473, 22.116407 ], [ 108.838298, 22.119639 ], [ 108.837143, 22.120738 ], [ 108.833525, 22.122752 ], [ 108.832517, 22.125399 ], [ 108.830884, 22.127929 ], [ 108.828929, 22.129181 ], [ 108.821907, 22.126658 ], [ 108.816236, 22.125212 ], [ 108.809986, 22.124288 ], [ 108.80647, 22.123397 ], [ 108.80046, 22.121627 ], [ 108.798553, 22.119691 ], [ 108.79408, 22.114325 ], [ 108.79391, 22.112825 ], [ 108.792783, 22.111334 ], [ 108.792148, 22.110792 ], [ 108.790593, 22.110698 ], [ 108.789032, 22.111151 ], [ 108.787176, 22.111405 ], [ 108.783811, 22.110606 ], [ 108.782709, 22.110004 ], [ 108.781902, 22.1093 ], [ 108.781147, 22.10875 ], [ 108.779646, 22.108649 ], [ 108.77844, 22.108651 ], [ 108.777538, 22.10815 ], [ 108.776332, 22.107398 ], [ 108.775074, 22.107148 ], [ 108.773616, 22.107199 ], [ 108.771655, 22.106723 ], [ 108.768643, 22.105117 ], [ 108.762514, 22.100497 ], [ 108.75628, 22.093767 ], [ 108.750244, 22.089047 ], [ 108.747829, 22.087539 ], [ 108.745119, 22.083118 ], [ 108.742903, 22.077089 ], [ 108.742504, 22.075179 ], [ 108.740288, 22.073873 ], [ 108.738976, 22.073872 ], [ 108.737768, 22.074272 ], [ 108.736265, 22.076482 ], [ 108.735657, 22.083917 ], [ 108.736161, 22.086328 ], [ 108.738473, 22.087737 ], [ 108.744312, 22.091757 ], [ 108.748134, 22.096782 ], [ 108.748942, 22.101906 ], [ 108.749941, 22.108436 ], [ 108.751375, 22.111024 ], [ 108.75497, 22.116575 ], [ 108.754797, 22.118507 ], [ 108.75108, 22.119538 ], [ 108.749117, 22.117579 ], [ 108.748812, 22.116876 ], [ 108.748057, 22.116273 ], [ 108.746823, 22.115593 ], [ 108.743383, 22.113796 ], [ 108.740212, 22.112691 ], [ 108.738048, 22.110579 ], [ 108.736492, 22.10892 ], [ 108.735484, 22.108367 ], [ 108.733972, 22.108014 ], [ 108.732112, 22.107511 ], [ 108.731208, 22.107057 ], [ 108.729696, 22.105548 ], [ 108.728487, 22.104294 ], [ 108.727531, 22.103839 ], [ 108.726375, 22.103888 ], [ 108.725619, 22.10439 ], [ 108.725271, 22.105245 ], [ 108.725219, 22.107807 ], [ 108.725619, 22.110369 ], [ 108.725567, 22.111924 ], [ 108.724663, 22.11293 ], [ 108.722698, 22.113581 ], [ 108.721289, 22.113679 ], [ 108.719281, 22.113073 ], [ 108.717872, 22.112067 ], [ 108.717516, 22.111162 ], [ 108.718924, 22.107899 ], [ 108.719028, 22.107346 ], [ 108.717515, 22.106691 ], [ 108.716411, 22.10669 ], [ 108.71188, 22.10779 ], [ 108.709062, 22.10781 ], [ 108.706035, 22.107003 ], [ 108.703017, 22.106998 ], [ 108.701103, 22.107396 ], [ 108.69838, 22.107994 ], [ 108.696971, 22.107489 ], [ 108.695961, 22.105177 ], [ 108.690924, 22.100346 ], [ 108.689218, 22.096726 ], [ 108.688913, 22.093711 ], [ 108.690018, 22.091001 ], [ 108.692341, 22.090001 ], [ 108.696369, 22.089505 ], [ 108.69717, 22.088903 ], [ 108.697274, 22.087498 ], [ 108.695961, 22.084782 ], [ 108.693951, 22.083674 ], [ 108.690523, 22.083668 ], [ 108.685285, 22.084964 ], [ 108.683266, 22.084559 ], [ 108.682161, 22.083551 ], [ 108.679646, 22.078222 ], [ 108.675609, 22.074146 ], [ 108.674608, 22.070426 ], [ 108.675208, 22.057969 ], [ 108.674807, 22.05586 ], [ 108.672693, 22.051535 ], [ 108.670587, 22.048982 ], [ 108.667298, 22.044996 ], [ 108.665331, 22.040671 ], [ 108.663721, 22.036651 ], [ 108.663295, 22.032279 ], [ 108.663443, 22.030924 ], [ 108.664199, 22.027936 ], [ 108.66493, 22.026532 ], [ 108.665035, 22.025704 ], [ 108.665034, 22.023857 ], [ 108.664782, 22.022148 ], [ 108.663877, 22.019986 ], [ 108.659492, 22.016865 ], [ 108.655612, 22.013342 ], [ 108.65415, 22.012034 ], [ 108.653673, 22.010927 ], [ 108.653747, 22.010472 ], [ 108.654074, 22.009956 ], [ 108.654535, 22.009506 ], [ 108.654609, 22.009337 ], [ 108.65463, 22.008798 ], [ 108.654515, 22.008383 ], [ 108.653859, 22.007511 ], [ 108.652984, 22.0059 ], [ 108.65285, 22.005367 ], [ 108.652902, 22.00498 ], [ 108.653237, 22.004491 ], [ 108.653877, 22.003993 ], [ 108.65412, 22.003887 ], [ 108.65488, 22.003772 ], [ 108.655853, 22.003346 ], [ 108.656134, 22.003069 ], [ 108.656149, 22.002715 ], [ 108.655539, 22.000622 ], [ 108.655305, 22.000116 ], [ 108.655214, 21.999783 ], [ 108.655525, 21.999585 ], [ 108.656426, 21.999386 ], [ 108.657934, 21.99892 ], [ 108.658384, 21.998726 ], [ 108.658766, 21.998543 ], [ 108.659516, 21.997993 ], [ 108.662478, 21.994452 ], [ 108.664349, 21.99317 ], [ 108.666082, 21.991984 ], [ 108.66561, 21.989317 ], [ 108.663722, 21.98697 ], [ 108.662391, 21.986213 ], [ 108.666586, 21.982273 ], [ 108.667917, 21.980989 ], [ 108.670992, 21.97804 ], [ 108.671329, 21.977716 ], [ 108.671211, 21.977527 ], [ 108.6712, 21.977258 ], [ 108.671339, 21.977059 ], [ 108.671565, 21.976691 ], [ 108.671736, 21.976213 ], [ 108.671575, 21.975925 ], [ 108.671522, 21.975437 ], [ 108.671661, 21.974751 ], [ 108.671597, 21.974741 ], [ 108.671441, 21.974745 ], [ 108.660477, 21.974831 ], [ 108.659791, 21.974821 ], [ 108.659824, 21.973246 ], [ 108.659834, 21.972778 ], [ 108.659835, 21.972732 ], [ 108.659848, 21.972092 ], [ 108.659845, 21.97142 ], [ 108.659841, 21.970083 ], [ 108.659841, 21.970017 ], [ 108.659876, 21.966656 ], [ 108.659825, 21.965704 ], [ 108.659825, 21.965649 ], [ 108.659851, 21.964626 ], [ 108.659818, 21.962998 ], [ 108.659816, 21.962322 ], [ 108.659815, 21.962104 ], [ 108.65915, 21.962036 ], [ 108.658988, 21.962023 ], [ 108.656706, 21.961738 ], [ 108.653554, 21.961625 ], [ 108.648944, 21.961793 ], [ 108.648255, 21.961642 ], [ 108.647547, 21.961985 ], [ 108.641368, 21.964733 ], [ 108.637926, 21.966443 ], [ 108.637447, 21.966647 ], [ 108.634073, 21.967931 ], [ 108.631452, 21.968451 ], [ 108.630297, 21.968618 ], [ 108.628938, 21.968764 ], [ 108.625902, 21.969139 ], [ 108.624379, 21.969349 ], [ 108.621844, 21.969655 ], [ 108.620314, 21.969845 ], [ 108.618908, 21.969968 ], [ 108.617201, 21.970214 ], [ 108.614384, 21.970579 ], [ 108.612903, 21.970767 ], [ 108.611852, 21.97093 ], [ 108.611647, 21.971007 ], [ 108.611555, 21.971028 ], [ 108.610908, 21.971272 ], [ 108.608655, 21.971925 ], [ 108.608526, 21.972015 ], [ 108.608279, 21.972134 ], [ 108.608118, 21.972273 ], [ 108.608043, 21.972433 ], [ 108.6077, 21.972731 ], [ 108.607646, 21.973139 ], [ 108.607903, 21.973995 ], [ 108.60786, 21.974204 ], [ 108.607474, 21.974383 ], [ 108.60726, 21.974393 ], [ 108.606734, 21.974731 ], [ 108.606498, 21.974761 ], [ 108.604974, 21.975477 ], [ 108.604921, 21.975627 ], [ 108.604856, 21.975985 ], [ 108.604974, 21.976283 ], [ 108.605404, 21.97685 ], [ 108.606208, 21.977646 ], [ 108.60623, 21.978114 ], [ 108.605961, 21.978612 ], [ 108.605296, 21.979089 ], [ 108.604803, 21.979139 ], [ 108.604384, 21.979159 ], [ 108.603773, 21.979318 ], [ 108.603322, 21.979497 ], [ 108.603086, 21.979656 ], [ 108.602904, 21.979865 ], [ 108.60241, 21.980681 ], [ 108.602378, 21.98098 ], [ 108.602593, 21.981398 ], [ 108.602861, 21.982761 ], [ 108.603118, 21.983219 ], [ 108.60314, 21.985308 ], [ 108.602893, 21.985587 ], [ 108.60255, 21.985806 ], [ 108.602271, 21.986035 ], [ 108.601831, 21.986293 ], [ 108.601788, 21.986313 ], [ 108.601756, 21.986333 ], [ 108.600479, 21.986005 ], [ 108.599921, 21.985696 ], [ 108.599481, 21.985587 ], [ 108.599277, 21.985796 ], [ 108.598876, 21.986383 ], [ 108.599798, 21.991498 ], [ 108.607822, 21.993727 ], [ 108.608693, 21.993969 ], [ 108.612958, 21.995154 ], [ 108.615002, 21.995722 ], [ 108.615975, 21.995992 ], [ 108.616803, 21.996222 ], [ 108.618371, 21.996657 ], [ 108.619678, 21.99702 ], [ 108.620353, 21.997208 ], [ 108.620496, 21.997248 ], [ 108.620937, 21.99737 ], [ 108.625872, 21.998741 ], [ 108.629659, 21.998435 ], [ 108.632091, 21.998238 ], [ 108.632877, 21.998556 ], [ 108.63305, 21.998759 ], [ 108.633354, 21.99938 ], [ 108.634292, 22.00063 ], [ 108.634654, 22.001254 ], [ 108.634684, 22.001447 ], [ 108.634706, 22.001693 ], [ 108.634641, 22.002045 ], [ 108.634094, 22.002667 ], [ 108.633968, 22.002973 ], [ 108.633977, 22.003466 ], [ 108.634464, 22.004209 ], [ 108.634431, 22.004521 ], [ 108.634197, 22.004882 ], [ 108.633446, 22.005693 ], [ 108.633421, 22.006133 ], [ 108.633652, 22.006809 ], [ 108.633695, 22.006972 ], [ 108.633704, 22.007062 ], [ 108.633697, 22.007188 ], [ 108.633305, 22.008061 ], [ 108.632718, 22.008134 ], [ 108.632551, 22.008261 ], [ 108.632288, 22.008721 ], [ 108.631964, 22.009215 ], [ 108.631354, 22.010061 ], [ 108.631078, 22.010671 ], [ 108.630878, 22.012057 ], [ 108.630797, 22.012273 ], [ 108.630216, 22.012663 ], [ 108.629953, 22.013316 ], [ 108.629418, 22.013401 ], [ 108.628877, 22.013064 ], [ 108.628589, 22.01298 ], [ 108.628372, 22.013088 ], [ 108.62812, 22.013437 ], [ 108.628081, 22.013688 ], [ 108.627918, 22.013928 ], [ 108.627842, 22.014228 ], [ 108.62784, 22.014675 ], [ 108.623446, 22.016638 ], [ 108.614391, 22.019041 ], [ 108.611473, 22.02135 ], [ 108.611169, 22.025469 ], [ 108.610969, 22.027831 ], [ 108.609866, 22.030343 ], [ 108.60594, 22.033355 ], [ 108.603231, 22.035866 ], [ 108.601616, 22.036367 ], [ 108.599307, 22.037875 ], [ 108.598699, 22.040387 ], [ 108.598804, 22.047319 ], [ 108.600314, 22.050332 ], [ 108.60232, 22.051336 ], [ 108.606644, 22.051539 ], [ 108.610666, 22.052846 ], [ 108.611474, 22.054252 ], [ 108.611778, 22.058874 ], [ 108.612882, 22.067415 ], [ 108.611979, 22.07113 ], [ 108.610572, 22.075249 ], [ 108.608861, 22.076352 ], [ 108.608053, 22.076252 ], [ 108.593683, 22.062088 ], [ 108.579913, 22.049488 ], [ 108.580216, 22.046223 ], [ 108.576652, 22.041355 ], [ 108.571735, 22.036137 ], [ 108.570537, 22.034657 ], [ 108.569499, 22.032988 ], [ 108.569267, 22.032453 ], [ 108.568839, 22.032418 ], [ 108.567716, 22.032616 ], [ 108.566932, 22.033081 ], [ 108.566076, 22.034028 ], [ 108.565631, 22.034921 ], [ 108.565024, 22.035457 ], [ 108.564205, 22.035709 ], [ 108.56301, 22.035746 ], [ 108.56121, 22.03566 ], [ 108.560622, 22.035804 ], [ 108.560123, 22.036519 ], [ 108.559624, 22.03768 ], [ 108.559713, 22.038554 ], [ 108.559981, 22.039374 ], [ 108.560783, 22.040158 ], [ 108.562048, 22.040423 ], [ 108.563349, 22.040225 ], [ 108.564775, 22.040222 ], [ 108.565613, 22.040453 ], [ 108.566754, 22.041272 ], [ 108.568056, 22.042502 ], [ 108.568501, 22.043375 ], [ 108.568412, 22.044339 ], [ 108.56777, 22.045482 ], [ 108.56638, 22.046858 ], [ 108.565845, 22.047216 ], [ 108.564776, 22.047735 ], [ 108.563439, 22.049094 ], [ 108.562726, 22.050023 ], [ 108.562566, 22.050933 ], [ 108.562637, 22.052111 ], [ 108.562922, 22.052646 ], [ 108.563546, 22.052948 ], [ 108.566131, 22.053426 ], [ 108.567361, 22.053906 ], [ 108.56786, 22.05444 ], [ 108.567985, 22.055208 ], [ 108.567682, 22.0561 ], [ 108.564741, 22.059888 ], [ 108.563243, 22.062156 ], [ 108.562673, 22.062532 ], [ 108.561942, 22.062659 ], [ 108.561087, 22.062606 ], [ 108.560267, 22.062662 ], [ 108.559946, 22.063144 ], [ 108.559964, 22.063929 ], [ 108.560356, 22.065213 ], [ 108.560677, 22.066444 ], [ 108.560641, 22.067158 ], [ 108.560142, 22.067908 ], [ 108.559358, 22.068195 ], [ 108.556667, 22.068325 ], [ 108.555777, 22.068523 ], [ 108.554975, 22.068828 ], [ 108.554654, 22.069204 ], [ 108.55469, 22.069667 ], [ 108.555474, 22.07104 ], [ 108.555777, 22.071717 ], [ 108.555759, 22.072449 ], [ 108.555153, 22.073217 ], [ 108.553959, 22.07388 ], [ 108.553051, 22.074168 ], [ 108.551483, 22.074653 ], [ 108.549007, 22.075925 ], [ 108.545711, 22.078342 ], [ 108.544803, 22.078826 ], [ 108.543254, 22.079561 ], [ 108.540778, 22.080388 ], [ 108.539229, 22.081088 ], [ 108.538392, 22.081893 ], [ 108.537787, 22.082644 ], [ 108.537662, 22.083233 ], [ 108.537804, 22.083911 ], [ 108.537911, 22.084553 ], [ 108.537609, 22.085482 ], [ 108.536717, 22.087183 ], [ 108.536496, 22.088993 ], [ 108.536686, 22.090578 ], [ 108.537319, 22.091624 ], [ 108.538617, 22.092826 ], [ 108.540517, 22.093741 ], [ 108.541593, 22.094087 ], [ 108.541752, 22.094785 ], [ 108.541214, 22.095516 ], [ 108.540169, 22.095804 ], [ 108.539029, 22.095648 ], [ 108.537319, 22.094986 ], [ 108.535451, 22.093691 ], [ 108.534597, 22.092455 ], [ 108.532622, 22.08868 ], [ 108.530461, 22.086957 ], [ 108.528409, 22.084526 ], [ 108.525899, 22.083529 ], [ 108.524246, 22.083534 ], [ 108.522143, 22.084746 ], [ 108.519434, 22.086209 ], [ 108.518637, 22.086212 ], [ 108.517884, 22.085912 ], [ 108.51418, 22.08296 ], [ 108.506106, 22.078414 ], [ 108.502057, 22.075765 ], [ 108.499296, 22.071704 ], [ 108.496596, 22.070506 ], [ 108.493031, 22.070016 ], [ 108.488825, 22.069425 ], [ 108.487778, 22.068849 ], [ 108.484766, 22.065543 ], [ 108.481962, 22.063241 ], [ 108.478655, 22.062346 ], [ 108.474345, 22.062156 ], [ 108.471142, 22.062164 ], [ 108.466328, 22.064085 ], [ 108.460414, 22.065205 ], [ 108.457201, 22.064861 ], [ 108.446572, 22.063275 ], [ 108.444761, 22.062271 ], [ 108.442361, 22.059664 ], [ 108.439145, 22.050528 ], [ 108.438642, 22.047314 ], [ 108.439543, 22.045202 ], [ 108.44015, 22.042136 ], [ 108.438746, 22.039125 ], [ 108.43774, 22.036714 ], [ 108.438138, 22.033499 ], [ 108.441952, 22.028572 ], [ 108.446666, 22.025551 ], [ 108.45389, 22.023526 ], [ 108.456497, 22.021913 ], [ 108.457701, 22.018195 ], [ 108.457501, 22.013072 ], [ 108.456601, 22.011265 ], [ 108.454141, 22.009663 ], [ 108.448475, 22.007262 ], [ 108.445512, 22.004404 ], [ 108.443103, 22.001345 ], [ 108.442851, 21.999738 ], [ 108.443804, 21.994914 ], [ 108.443605, 21.993759 ], [ 108.4424, 21.992004 ], [ 108.439792, 21.989748 ], [ 108.435475, 21.987315 ], [ 108.433074, 21.98531 ], [ 108.430915, 21.982903 ], [ 108.428955, 21.97979 ], [ 108.427498, 21.978535 ], [ 108.421019, 21.976532 ], [ 108.419814, 21.976181 ], [ 108.418261, 21.976733 ], [ 108.417653, 21.977889 ], [ 108.417202, 21.978542 ], [ 108.416855, 21.978543 ], [ 108.415849, 21.977689 ], [ 108.415597, 21.97337 ], [ 108.415146, 21.969576 ], [ 108.41223, 21.964656 ], [ 108.409722, 21.961492 ], [ 108.409062, 21.959483 ], [ 108.409617, 21.955615 ], [ 108.410571, 21.953355 ], [ 108.414442, 21.949712 ], [ 108.416897, 21.946646 ], [ 108.416949, 21.945794 ], [ 108.416446, 21.944386 ], [ 108.413235, 21.940118 ], [ 108.412532, 21.939264 ], [ 108.41248, 21.938561 ], [ 108.413382, 21.936802 ], [ 108.417052, 21.933486 ], [ 108.420566, 21.928586 ], [ 108.420765, 21.925623 ], [ 108.41916, 21.91608 ], [ 108.419229, 21.914653 ], [ 108.415845, 21.913889 ], [ 108.410422, 21.914307 ], [ 108.404737, 21.916327 ], [ 108.399024, 21.921781 ], [ 108.390322, 21.92813 ], [ 108.381947, 21.927364 ], [ 108.377785, 21.924114 ], [ 108.364007, 21.918706 ], [ 108.359573, 21.918202 ], [ 108.355113, 21.919763 ], [ 108.348904, 21.922913 ], [ 108.337528, 21.924399 ], [ 108.326961, 21.92016 ], [ 108.319333, 21.916183 ], [ 108.305794, 21.9126 ], [ 108.299125, 21.910923 ], [ 108.290746, 21.91038 ], [ 108.282091, 21.913505 ], [ 108.267716, 21.919788 ], [ 108.263009, 21.922037 ], [ 108.258252, 21.928416 ], [ 108.259442, 21.932784 ], [ 108.262342, 21.939462 ], [ 108.258097, 21.944239 ], [ 108.25097, 21.94257 ], [ 108.243769, 21.94778 ], [ 108.24468, 21.955586 ], [ 108.243388, 21.962686 ], [ 108.239129, 21.968612 ], [ 108.234671, 21.971096 ], [ 108.226044, 21.971483 ], [ 108.215694, 21.972087 ], [ 108.211249, 21.973657 ], [ 108.205531, 21.979577 ], [ 108.199536, 21.987786 ], [ 108.195777, 21.99441 ], [ 108.196487, 21.997168 ], [ 108.199381, 22.003154 ], [ 108.200345, 22.006617 ], [ 108.20059, 22.006621 ], [ 108.201997, 22.007748 ], [ 108.202051, 22.008396 ], [ 108.202718, 22.010257 ], [ 108.202908, 22.012323 ], [ 108.203321, 22.01299 ], [ 108.204873, 22.013373 ], [ 108.205354, 22.016557 ], [ 108.204927, 22.018207 ], [ 108.204272, 22.019061 ], [ 108.202066, 22.020698 ], [ 108.200767, 22.024977 ], [ 108.199417, 22.0286 ], [ 108.199724, 22.029202 ], [ 108.201356, 22.030781 ], [ 108.201636, 22.033446 ], [ 108.20273, 22.034949 ], [ 108.203934, 22.035254 ], [ 108.207277, 22.037635 ], [ 108.207748, 22.039732 ], [ 108.210221, 22.040846 ], [ 108.215432, 22.046389 ], [ 108.217087, 22.046799 ], [ 108.217558, 22.047039 ], [ 108.219953, 22.04709 ], [ 108.221525, 22.048549 ], [ 108.223266, 22.051145 ], [ 108.223624, 22.052465 ], [ 108.223416, 22.053298 ], [ 108.221307, 22.053145 ], [ 108.220087, 22.053365 ], [ 108.217692, 22.0547 ], [ 108.215891, 22.055208 ], [ 108.21285, 22.056294 ], [ 108.211801, 22.057128 ], [ 108.21105, 22.057513 ], [ 108.209768, 22.057834 ], [ 108.208055, 22.058485 ], [ 108.206976, 22.059292 ], [ 108.205211, 22.059492 ], [ 108.203725, 22.06017 ], [ 108.20328, 22.060447 ], [ 108.202894, 22.060899 ], [ 108.202869, 22.063751 ], [ 108.202367, 22.06549 ], [ 108.201318, 22.067589 ], [ 108.20082, 22.068149 ], [ 108.197989, 22.069125 ], [ 108.1968, 22.069077 ], [ 108.195972, 22.071382 ], [ 108.196478, 22.073079 ], [ 108.197518, 22.075084 ], [ 108.198391, 22.075878 ], [ 108.198999, 22.076072 ], [ 108.20046, 22.076338 ], [ 108.201366, 22.076907 ], [ 108.201868, 22.077494 ], [ 108.202387, 22.079612 ], [ 108.202188, 22.080802 ], [ 108.200315, 22.082494 ], [ 108.199431, 22.083467 ], [ 108.198291, 22.083752 ], [ 108.197961, 22.084076 ], [ 108.198402, 22.086349 ], [ 108.199265, 22.087774 ], [ 108.199186, 22.089057 ], [ 108.198246, 22.090177 ], [ 108.198018, 22.09214 ], [ 108.19896, 22.094373 ], [ 108.199084, 22.094954 ], [ 108.198432, 22.095145 ], [ 108.197757, 22.095135 ], [ 108.195023, 22.095545 ], [ 108.194802, 22.095844 ], [ 108.194886, 22.097029 ], [ 108.195731, 22.099387 ], [ 108.196908, 22.10127 ], [ 108.197095, 22.101373 ], [ 108.197827, 22.101208 ], [ 108.200679, 22.098959 ], [ 108.200695, 22.098127 ], [ 108.200507, 22.096715 ], [ 108.200704, 22.096314 ], [ 108.201997, 22.096452 ], [ 108.204174, 22.095554 ], [ 108.204585, 22.095259 ], [ 108.204767, 22.094254 ], [ 108.207764, 22.093944 ], [ 108.209146, 22.095689 ], [ 108.211602, 22.096992 ], [ 108.214218, 22.100677 ], [ 108.215766, 22.103331 ], [ 108.216307, 22.105129 ], [ 108.216391, 22.107401 ], [ 108.216201, 22.110564 ], [ 108.211435, 22.11204 ], [ 108.20849, 22.111387 ], [ 108.207997, 22.111508 ], [ 108.203792, 22.113355 ], [ 108.197462, 22.115631 ], [ 108.198816, 22.11907 ], [ 108.200058, 22.124226 ], [ 108.198722, 22.127073 ], [ 108.196838, 22.131666 ], [ 108.195686, 22.131649 ], [ 108.192941, 22.131308 ], [ 108.191463, 22.13285 ], [ 108.19167, 22.134096 ], [ 108.19248, 22.135182 ], [ 108.192334, 22.136135 ], [ 108.190815, 22.138502 ], [ 108.1887, 22.138648 ], [ 108.186178, 22.139984 ], [ 108.184998, 22.141398 ], [ 108.184947, 22.143965 ], [ 108.183723, 22.146194 ], [ 108.183822, 22.147353 ], [ 108.184591, 22.149071 ], [ 108.185171, 22.1495 ], [ 108.186944, 22.150242 ], [ 108.188657, 22.150365 ], [ 108.189034, 22.150978 ], [ 108.189433, 22.152544 ], [ 108.191716, 22.159087 ], [ 108.193044, 22.163532 ], [ 108.194917, 22.165344 ], [ 108.197381, 22.165324 ], [ 108.203198, 22.165466 ], [ 108.207231, 22.16803 ], [ 108.210212, 22.169155 ], [ 108.212355, 22.170654 ], [ 108.21227, 22.172593 ], [ 108.211885, 22.173362 ], [ 108.209618, 22.173543 ], [ 108.208673, 22.17456 ], [ 108.208826, 22.176202 ], [ 108.210679, 22.178633 ], [ 108.211972, 22.179235 ], [ 108.212288, 22.179269 ], [ 108.221695, 22.182963 ], [ 108.224122, 22.182247 ], [ 108.225741, 22.182548 ], [ 108.226788, 22.186295 ], [ 108.227666, 22.187844 ], [ 108.230432, 22.190286 ], [ 108.237818, 22.194161 ], [ 108.238966, 22.195215 ], [ 108.242335, 22.195069 ], [ 108.247033, 22.196348 ], [ 108.253682, 22.195731 ], [ 108.25379, 22.197626 ], [ 108.253759, 22.197928 ], [ 108.25377, 22.198029 ], [ 108.25612, 22.200462 ], [ 108.25903, 22.201142 ], [ 108.267651, 22.205122 ], [ 108.270679, 22.207669 ], [ 108.273688, 22.20944 ], [ 108.276615, 22.210395 ], [ 108.279821, 22.206972 ], [ 108.278639, 22.204184 ], [ 108.279603, 22.20426 ], [ 108.285851, 22.208228 ], [ 108.291969, 22.210409 ], [ 108.296906, 22.212089 ], [ 108.299853, 22.21517 ], [ 108.299653, 22.21636 ], [ 108.300741, 22.218132 ], [ 108.301732, 22.224523 ], [ 108.302471, 22.225969 ], [ 108.304871, 22.226174 ], [ 108.308696, 22.224617 ], [ 108.309696, 22.226041 ], [ 108.314496, 22.230766 ], [ 108.31634, 22.233384 ], [ 108.321741, 22.237431 ], [ 108.324707, 22.238213 ], [ 108.331352, 22.241504 ], [ 108.335674, 22.243079 ], [ 108.341241, 22.24379 ], [ 108.346972, 22.243178 ], [ 108.348755, 22.244018 ], [ 108.353468, 22.246135 ], [ 108.354364, 22.246391 ], [ 108.358912, 22.243903 ], [ 108.36205, 22.244616 ], [ 108.364937, 22.243143 ], [ 108.367466, 22.242467 ], [ 108.369622, 22.242175 ], [ 108.371787, 22.24289 ], [ 108.376898, 22.247899 ], [ 108.382928, 22.252619 ], [ 108.390722, 22.256908 ], [ 108.398121, 22.260485 ], [ 108.399468, 22.261019 ], [ 108.403496, 22.260586 ], [ 108.405484, 22.259343 ], [ 108.406352, 22.25856 ], [ 108.40906, 22.260675 ], [ 108.409667, 22.264428 ], [ 108.409859, 22.26586 ], [ 108.412749, 22.267484 ], [ 108.415369, 22.268627 ], [ 108.418293, 22.268621 ], [ 108.422283, 22.267605 ], [ 108.423159, 22.267216 ], [ 108.424799, 22.265141 ], [ 108.425726, 22.26125 ], [ 108.427582, 22.258251 ], [ 108.431206, 22.254684 ], [ 108.432489, 22.251713 ], [ 108.436035, 22.249296 ], [ 108.43945, 22.249345 ], [ 108.441911, 22.251201 ], [ 108.443904, 22.251191 ], [ 108.445897, 22.248174 ], [ 108.446816, 22.247311 ], [ 108.448505, 22.246588 ], [ 108.451182, 22.247996 ], [ 108.454794, 22.24484 ], [ 108.456318, 22.243687 ], [ 108.458968, 22.242367 ], [ 108.463272, 22.24017 ], [ 108.465523, 22.239633 ], [ 108.468251, 22.239225 ], [ 108.475661, 22.239796 ], [ 108.478249, 22.239435 ], [ 108.48255, 22.239447 ], [ 108.485467, 22.240586 ], [ 108.48853, 22.237273 ], [ 108.490841, 22.236401 ], [ 108.493913, 22.236678 ], [ 108.495298, 22.23739 ], [ 108.496215, 22.238248 ], [ 108.498223, 22.242406 ], [ 108.499607, 22.244124 ], [ 108.501312, 22.247419 ], [ 108.501806, 22.250166 ], [ 108.498362, 22.251554 ], [ 108.49741, 22.253665 ], [ 108.498206, 22.259499 ], [ 108.500612, 22.261635 ], [ 108.505, 22.264238 ], [ 108.507051, 22.275028 ], [ 108.511213, 22.275532 ], [ 108.51554, 22.275276 ], [ 108.518422, 22.273416 ], [ 108.519703, 22.272141 ], [ 108.521131, 22.271922 ], [ 108.528133, 22.274953 ], [ 108.528427, 22.275462 ], [ 108.528125, 22.277617 ], [ 108.528176, 22.278227 ], [ 108.527077, 22.279473 ], [ 108.527493, 22.281496 ], [ 108.530133, 22.283669 ], [ 108.53254, 22.285806 ], [ 108.533059, 22.288774 ], [ 108.533596, 22.290813 ], [ 108.537042, 22.295531 ], [ 108.538228, 22.299051 ], [ 108.538973, 22.302033 ], [ 108.540991, 22.303866 ], [ 108.544299, 22.304812 ], [ 108.545892, 22.307516 ], [ 108.54636, 22.309659 ], [ 108.544498, 22.311876 ], [ 108.543883, 22.314737 ], [ 108.545312, 22.31868 ], [ 108.547096, 22.319769 ], [ 108.549574, 22.321608 ], [ 108.551532, 22.326731 ], [ 108.549219, 22.328506 ], [ 108.547651, 22.329694 ], [ 108.54178, 22.330429 ], [ 108.541226, 22.336477 ], [ 108.541123, 22.341999 ], [ 108.540594, 22.346349 ], [ 108.542629, 22.346018 ], [ 108.545833, 22.34631 ], [ 108.546682, 22.349825 ], [ 108.549021, 22.353148 ], [ 108.550451, 22.356142 ], [ 108.549221, 22.357832 ], [ 108.547774, 22.359185 ], [ 108.551984, 22.364036 ], [ 108.55765, 22.368026 ], [ 108.560544, 22.369132 ], [ 108.563933, 22.367967 ], [ 108.566706, 22.368095 ], [ 108.568241, 22.368945 ], [ 108.568604, 22.369611 ], [ 108.568596, 22.372121 ], [ 108.563968, 22.379992 ], [ 108.563777, 22.380717 ], [ 108.564115, 22.383409 ], [ 108.563838, 22.385848 ], [ 108.563058, 22.386299 ], [ 108.560606, 22.387887 ], [ 108.554913, 22.388495 ], [ 108.553224, 22.389507 ], [ 108.551076, 22.392526 ], [ 108.548573, 22.394935 ], [ 108.547655, 22.395369 ], [ 108.547343, 22.396233 ], [ 108.549829, 22.399526 ], [ 108.552462, 22.401667 ], [ 108.557271, 22.406674 ], [ 108.558666, 22.408639 ], [ 108.558389, 22.40972 ], [ 108.556405, 22.413285 ], [ 108.557011, 22.415386 ], [ 108.558459, 22.419877 ], [ 108.560044, 22.420749 ], [ 108.565868, 22.422985 ], [ 108.569352, 22.423498 ], [ 108.570358, 22.423645 ], [ 108.573289, 22.423296 ], [ 108.575517, 22.425413 ], [ 108.582135, 22.42985 ], [ 108.583844, 22.430732 ], [ 108.590351, 22.423437 ], [ 108.593588, 22.420168 ], [ 108.593944, 22.419137 ], [ 108.59364, 22.416774 ], [ 108.59423, 22.415893 ], [ 108.598127, 22.413791 ], [ 108.601609, 22.413123 ], [ 108.603632, 22.414023 ], [ 108.605404, 22.415959 ], [ 108.606576, 22.417253 ], [ 108.610294, 22.420973 ], [ 108.611909, 22.42427 ], [ 108.612022, 22.425136 ], [ 108.615332, 22.428685 ], [ 108.616262, 22.433809 ], [ 108.616688, 22.436142 ], [ 108.617914, 22.438393 ], [ 108.620216, 22.43731 ], [ 108.621051, 22.437063 ], [ 108.625883, 22.439062 ], [ 108.629769, 22.442709 ], [ 108.631881, 22.444011 ], [ 108.63316, 22.445312 ], [ 108.633559, 22.447231 ], [ 108.631012, 22.449837 ], [ 108.629726, 22.450436 ], [ 108.628891, 22.452284 ], [ 108.629604, 22.453183 ], [ 108.629639, 22.45408 ], [ 108.630917, 22.455162 ], [ 108.633569, 22.460009 ], [ 108.635603, 22.461113 ], [ 108.638369, 22.460616 ], [ 108.639186, 22.459567 ], [ 108.639612, 22.454687 ], [ 108.64229, 22.451755 ], [ 108.645691, 22.450597 ], [ 108.646639, 22.450271 ], [ 108.648239, 22.450043 ], [ 108.650553, 22.448925 ], [ 108.653145, 22.446618 ], [ 108.656694, 22.440195 ], [ 108.657538, 22.437659 ], [ 108.660583, 22.43367 ], [ 108.660165, 22.431009 ], [ 108.661905, 22.429869 ], [ 108.665794, 22.430038 ], [ 108.673913, 22.431021 ], [ 108.675949, 22.434521 ], [ 108.677184, 22.43624 ], [ 108.67628, 22.442421 ], [ 108.676898, 22.443711 ], [ 108.677829, 22.444563 ], [ 108.682371, 22.446351 ], [ 108.682867, 22.449722 ], [ 108.683589, 22.451449 ], [ 108.683128, 22.453318 ], [ 108.683598, 22.454754 ], [ 108.687636, 22.458478 ], [ 108.688854, 22.462606 ], [ 108.691055, 22.463064 ], [ 108.692604, 22.463346 ], [ 108.695231, 22.463194 ], [ 108.698476, 22.461317 ], [ 108.700007, 22.458006 ], [ 108.70046, 22.455277 ], [ 108.699207, 22.453473 ], [ 108.699111, 22.453308 ], [ 108.697545, 22.450521 ], [ 108.695152, 22.441883 ], [ 108.692151, 22.443533 ], [ 108.690906, 22.44224 ], [ 108.692437, 22.439927 ], [ 108.694987, 22.437434 ], [ 108.694656, 22.434754 ], [ 108.693621, 22.432976 ], [ 108.693379, 22.431759 ], [ 108.693398, 22.431719 ], [ 108.69277, 22.428667 ], [ 108.693235, 22.427573 ], [ 108.693943, 22.425184 ], [ 108.698516, 22.425138 ], [ 108.699719, 22.424105 ], [ 108.701577, 22.420631 ], [ 108.699309, 22.419289 ], [ 108.699598, 22.417383 ], [ 108.701547, 22.416396 ], [ 108.702238, 22.416143 ], [ 108.706047, 22.415626 ], [ 108.710702, 22.410914 ], [ 108.715808, 22.410165 ], [ 108.718518, 22.412472 ], [ 108.721087, 22.41407 ], [ 108.722624, 22.413385 ], [ 108.723204, 22.408282 ], [ 108.721676, 22.407223 ], [ 108.714654, 22.406079 ], [ 108.712797, 22.404138 ], [ 108.708074, 22.404143 ], [ 108.706795, 22.403565 ], [ 108.706296, 22.402601 ], [ 108.707528, 22.400788 ], [ 108.710561, 22.399083 ], [ 108.711058, 22.397455 ], [ 108.710911, 22.396659 ], [ 108.710936, 22.395143 ], [ 108.711827, 22.393551 ], [ 108.713374, 22.393038 ], [ 108.714815, 22.39306 ], [ 108.715445, 22.393735 ], [ 108.718204, 22.394337 ], [ 108.721096, 22.394806 ], [ 108.722765, 22.390849 ], [ 108.723376, 22.389699 ], [ 108.725072, 22.389404 ], [ 108.726929, 22.390258 ], [ 108.730787, 22.389093 ], [ 108.738181, 22.38404 ], [ 108.740786, 22.380013 ], [ 108.741784, 22.376675 ], [ 108.745551, 22.371807 ], [ 108.748791, 22.368156 ], [ 108.754028, 22.362454 ], [ 108.761981, 22.354699 ], [ 108.767961, 22.348539 ], [ 108.771684, 22.345575 ], [ 108.776874, 22.344916 ], [ 108.780821, 22.346999 ], [ 108.787466, 22.35116 ], [ 108.792904, 22.351414 ], [ 108.79639, 22.345922 ], [ 108.798653, 22.341114 ], [ 108.802372, 22.337232 ], [ 108.812029, 22.333369 ], [ 108.821876, 22.336619 ], [ 108.831488, 22.338948 ], [ 108.841152, 22.334167 ], [ 108.846621, 22.326616 ], [ 108.847141, 22.3218 ], [ 108.845442, 22.316748 ], [ 108.843006, 22.310545 ], [ 108.840327, 22.305718 ], [ 108.838126, 22.301811 ], [ 108.838646, 22.296305 ], [ 108.841878, 22.293565 ], [ 108.848544, 22.292213 ], [ 108.85547, 22.291092 ], [ 108.858444, 22.287433 ], [ 108.857473, 22.284218 ], [ 108.856259, 22.280542 ], [ 108.853562, 22.276173 ], [ 108.852357, 22.272727 ], [ 108.855105, 22.267234 ], [ 108.861035, 22.266109 ], [ 108.866697, 22.268654 ], [ 108.874832, 22.270292 ], [ 108.881235, 22.273529 ], [ 108.888142, 22.274935 ], [ 108.894113, 22.267855 ], [ 108.895363, 22.264647 ], [ 108.900572, 22.261459 ], [ 108.902429, 22.260182 ], [ 108.902553, 22.259978 ], [ 108.906233, 22.256423 ], [ 108.906691, 22.255847 ], [ 108.907931, 22.255318 ], [ 108.90827, 22.254676 ], [ 108.910213, 22.253434 ], [ 108.910906, 22.252727 ], [ 108.91117, 22.251914 ], [ 108.911257, 22.250745 ], [ 108.911087, 22.249805 ], [ 108.910529, 22.249083 ], [ 108.908563, 22.247522 ], [ 108.907567, 22.247448 ], [ 108.904581, 22.248312 ], [ 108.903302, 22.249458 ], [ 108.902594, 22.24957 ], [ 108.902051, 22.249444 ], [ 108.901706, 22.249011 ], [ 108.901546, 22.248359 ], [ 108.901716, 22.247797 ], [ 108.902379, 22.247425 ], [ 108.902691, 22.246973 ], [ 108.902801, 22.24621 ], [ 108.902289, 22.245397 ], [ 108.901455, 22.244373 ], [ 108.900425, 22.243738 ], [ 108.902305, 22.24094 ], [ 108.903681, 22.242717 ], [ 108.906521, 22.241797 ], [ 108.908054, 22.242415 ], [ 108.910091, 22.239335 ], [ 108.910438, 22.236134 ], [ 108.909913, 22.2346 ], [ 108.908632, 22.233642 ], [ 108.90857, 22.231591 ], [ 108.907532, 22.229455 ], [ 108.906413, 22.227615 ], [ 108.906656, 22.222759 ], [ 108.904578, 22.218509 ], [ 108.899691, 22.218925 ], [ 108.898556, 22.219998 ], [ 108.893454, 22.217703 ], [ 108.893747, 22.215036 ], [ 108.891224, 22.213757 ], [ 108.889622, 22.214471 ], [ 108.884613, 22.213771 ], [ 108.882013, 22.212185 ], [ 108.881078, 22.20604 ], [ 108.88182, 22.202226 ], [ 108.882544, 22.201506 ], [ 108.88338, 22.200889 ], [ 108.882911, 22.197937 ], [ 108.881479, 22.196404 ], [ 108.880615, 22.191296 ], [ 108.880744, 22.18843 ], [ 108.879231, 22.186659 ], [ 108.876576, 22.185008 ], [ 108.874916, 22.18358 ], [ 108.874079, 22.182374 ], [ 108.876478, 22.180247 ], [ 108.878348, 22.179405 ], [ 108.880455, 22.176645 ], [ 108.881458, 22.174977 ], [ 108.884482, 22.17294 ], [ 108.889966, 22.172369 ], [ 108.893194, 22.173922 ], [ 108.894776, 22.17689 ], [ 108.898946, 22.178456 ], [ 108.899886, 22.178547 ], [ 108.902486, 22.176349 ], [ 108.90765, 22.174584 ], [ 108.912633, 22.173453 ], [ 108.91692, 22.173192 ], [ 108.918671, 22.172119 ], [ 108.926286, 22.169799 ], [ 108.928114, 22.169109 ], [ 108.931664, 22.167019 ], [ 108.936153, 22.166457 ], [ 108.941543, 22.163278 ], [ 108.945084, 22.161829 ], [ 108.946341, 22.160216 ], [ 108.945096, 22.157328 ], [ 108.943735, 22.156592 ], [ 108.941323, 22.157275 ], [ 108.938565, 22.158271 ], [ 108.936509, 22.158163 ], [ 108.934811, 22.157025 ], [ 108.93407, 22.154942 ], [ 108.93106, 22.155617 ], [ 108.929004, 22.15551 ], [ 108.926249, 22.155073 ], [ 108.924908, 22.15434 ], [ 108.922618, 22.154588 ], [ 108.921066, 22.15316 ], [ 108.920593, 22.152156 ], [ 108.920249, 22.146986 ], [ 108.918873, 22.145256 ], [ 108.916819, 22.145147 ], [ 108.914334, 22.145274 ], [ 108.911099, 22.143957 ], [ 108.910872, 22.141963 ], [ 108.912111, 22.139191 ], [ 108.913947, 22.130641 ], [ 108.913863, 22.127417 ], [ 108.915321, 22.125703 ], [ 108.916533, 22.124811 ] ] ] } },
{ "type": "Feature", "properties": { "county_name": "浦北县" }, "geometry": { "type": "Polygon", "coordinates": [ [ [ 109.60762, 21.908842 ], [ 109.606518, 21.908269 ], [ 109.605732, 21.908018 ], [ 109.604961, 21.908044 ], [ 109.603877, 21.908311 ], [ 109.600733, 21.908308 ], [ 109.599764, 21.908477 ], [ 109.59939, 21.908629 ], [ 109.599047, 21.911536 ], [ 109.59891, 21.911658 ], [ 109.597697, 21.91147 ], [ 109.596217, 21.911411 ], [ 109.595134, 21.911606 ], [ 109.594844, 21.912086 ], [ 109.594554, 21.912899 ], [ 109.594219, 21.913356 ], [ 109.593067, 21.912726 ], [ 109.590058, 21.911849 ], [ 109.588801, 21.911081 ], [ 109.58728, 21.910672 ], [ 109.585432, 21.910687 ], [ 109.582668, 21.911451 ], [ 109.580184, 21.911997 ], [ 109.579958, 21.911533 ], [ 109.579996, 21.90993 ], [ 109.580072, 21.909687 ], [ 109.579988, 21.909514 ], [ 109.580385, 21.908863 ], [ 109.581399, 21.909175 ], [ 109.584158, 21.909082 ], [ 109.58441, 21.908935 ], [ 109.585736, 21.906988 ], [ 109.584174, 21.905642 ], [ 109.58242, 21.904958 ], [ 109.582259, 21.904534 ], [ 109.58258, 21.903535 ], [ 109.582496, 21.903306 ], [ 109.582282, 21.90311 ], [ 109.580087, 21.902526 ], [ 109.579896, 21.902231 ], [ 109.579988, 21.901681 ], [ 109.579926, 21.901314 ], [ 109.578707, 21.900486 ], [ 109.577952, 21.900389 ], [ 109.577654, 21.900183 ], [ 109.577045, 21.899026 ], [ 109.577075, 21.897843 ], [ 109.576755, 21.897384 ], [ 109.576016, 21.89717 ], [ 109.57456, 21.897049 ], [ 109.572319, 21.896552 ], [ 109.566826, 21.894344 ], [ 109.566414, 21.894255 ], [ 109.566049, 21.894424 ], [ 109.565104, 21.895356 ], [ 109.564799, 21.896492 ], [ 109.564335, 21.896382 ], [ 109.563474, 21.895994 ], [ 109.561333, 21.894713 ], [ 109.559297, 21.89403 ], [ 109.558866, 21.893885 ], [ 109.55831, 21.894093 ], [ 109.55668, 21.895395 ], [ 109.556376, 21.895951 ], [ 109.556079, 21.896788 ], [ 109.555644, 21.897153 ], [ 109.553931, 21.897898 ], [ 109.55269, 21.897984 ], [ 109.552058, 21.89727 ], [ 109.551884, 21.896867 ], [ 109.550451, 21.89534 ], [ 109.549591, 21.894688 ], [ 109.549149, 21.894662 ], [ 109.548099, 21.895178 ], [ 109.549013, 21.896936 ], [ 109.54899, 21.897053 ], [ 109.548426, 21.897248 ], [ 109.548016, 21.897286 ], [ 109.547346, 21.896811 ], [ 109.546729, 21.896753 ], [ 109.546485, 21.896934 ], [ 109.546173, 21.897697 ], [ 109.545579, 21.898324 ], [ 109.544271, 21.898401 ], [ 109.542299, 21.89878 ], [ 109.541941, 21.898931 ], [ 109.541553, 21.899393 ], [ 109.541294, 21.900136 ], [ 109.541234, 21.900659 ], [ 109.54029, 21.902061 ], [ 109.540123, 21.902123 ], [ 109.539857, 21.901855 ], [ 109.539575, 21.901226 ], [ 109.539179, 21.900862 ], [ 109.538442, 21.900077 ], [ 109.538512, 21.898043 ], [ 109.538386, 21.897416 ], [ 109.538181, 21.897054 ], [ 109.537968, 21.896926 ], [ 109.537702, 21.896902 ], [ 109.536933, 21.897293 ], [ 109.536621, 21.897219 ], [ 109.535807, 21.895864 ], [ 109.53535, 21.895292 ], [ 109.535807, 21.894894 ], [ 109.536149, 21.893239 ], [ 109.536019, 21.893166 ], [ 109.535129, 21.893373 ], [ 109.534825, 21.893334 ], [ 109.535319, 21.892521 ], [ 109.53535, 21.892164 ], [ 109.535129, 21.891793 ], [ 109.534977, 21.890822 ], [ 109.534505, 21.890008 ], [ 109.533751, 21.889085 ], [ 109.532374, 21.888362 ], [ 109.531796, 21.889221 ], [ 109.531111, 21.889437 ], [ 109.530259, 21.889565 ], [ 109.529924, 21.889537 ], [ 109.527877, 21.888829 ], [ 109.527886, 21.888606 ], [ 109.528852, 21.887694 ], [ 109.52941, 21.887002 ], [ 109.529776, 21.885914 ], [ 109.529659, 21.884734 ], [ 109.529382, 21.883369 ], [ 109.528579, 21.882699 ], [ 109.528422, 21.882675 ], [ 109.528546, 21.881643 ], [ 109.527182, 21.879853 ], [ 109.526939, 21.879692 ], [ 109.526318, 21.878985 ], [ 109.525709, 21.877616 ], [ 109.524812, 21.876835 ], [ 109.524644, 21.876581 ], [ 109.524568, 21.876198 ], [ 109.524667, 21.875731 ], [ 109.524606, 21.875278 ], [ 109.523914, 21.873717 ], [ 109.523792, 21.873157 ], [ 109.523678, 21.873115 ], [ 109.522909, 21.873319 ], [ 109.521525, 21.873929 ], [ 109.520795, 21.874088 ], [ 109.52062, 21.873845 ], [ 109.520407, 21.872969 ], [ 109.519661, 21.871965 ], [ 109.519144, 21.871621 ], [ 109.518816, 21.871906 ], [ 109.518041, 21.873946 ], [ 109.517561, 21.874252 ], [ 109.51693, 21.874371 ], [ 109.516268, 21.874238 ], [ 109.514739, 21.874227 ], [ 109.513066, 21.875163 ], [ 109.512526, 21.874889 ], [ 109.512336, 21.874897 ], [ 109.512005, 21.875019 ], [ 109.511727, 21.875304 ], [ 109.511529, 21.875935 ], [ 109.510837, 21.876228 ], [ 109.509452, 21.876191 ], [ 109.508745, 21.87576 ], [ 109.508387, 21.875916 ], [ 109.508053, 21.876252 ], [ 109.507809, 21.877115 ], [ 109.507688, 21.877245 ], [ 109.507254, 21.877371 ], [ 109.506531, 21.877378 ], [ 109.506196, 21.87757 ], [ 109.505657, 21.878399 ], [ 109.505411, 21.880783 ], [ 109.504721, 21.880657 ], [ 109.503754, 21.880187 ], [ 109.500589, 21.879062 ], [ 109.497044, 21.879481 ], [ 109.493872, 21.880844 ], [ 109.492335, 21.882001 ], [ 109.49003, 21.883548 ], [ 109.487877, 21.88586 ], [ 109.486782, 21.888344 ], [ 109.486044, 21.890832 ], [ 109.485664, 21.893321 ], [ 109.485634, 21.89631 ], [ 109.484888, 21.899628 ], [ 109.483633, 21.901281 ], [ 109.48113, 21.902262 ], [ 109.477934, 21.902738 ], [ 109.474745, 21.901886 ], [ 109.473337, 21.900548 ], [ 109.473193, 21.897741 ], [ 109.473245, 21.892078 ], [ 109.471497, 21.888447 ], [ 109.4684, 21.885875 ], [ 109.461488, 21.885619 ], [ 109.458988, 21.886779 ], [ 109.45702, 21.887969 ], [ 109.455713, 21.890109 ], [ 109.453608, 21.89157 ], [ 109.4507, 21.892349 ], [ 109.449185, 21.89469 ], [ 109.445724, 21.895329 ], [ 109.444692, 21.896 ], [ 109.444074, 21.898967 ], [ 109.443793, 21.899418 ], [ 109.443447, 21.902538 ], [ 109.442554, 21.904796 ], [ 109.442159, 21.907011 ], [ 109.443146, 21.910901 ], [ 109.442425, 21.91474 ], [ 109.442195, 21.914941 ], [ 109.43885, 21.916538 ], [ 109.435047, 21.917996 ], [ 109.432006, 21.918589 ], [ 109.428804, 21.919038 ], [ 109.426661, 21.918336 ], [ 109.42419, 21.912908 ], [ 109.423115, 21.911626 ], [ 109.4222, 21.911345 ], [ 109.419606, 21.911503 ], [ 109.419007, 21.911066 ], [ 109.419033, 21.908664 ], [ 109.418942, 21.907381 ], [ 109.418532, 21.906094 ], [ 109.416535, 21.904891 ], [ 109.414316, 21.904672 ], [ 109.413448, 21.906541 ], [ 109.41239, 21.906531 ], [ 109.409101, 21.907091 ], [ 109.407937, 21.90708 ], [ 109.406451, 21.907361 ], [ 109.405175, 21.907942 ], [ 109.403478, 21.908121 ], [ 109.40018, 21.909471 ], [ 109.398161, 21.910045 ], [ 109.395618, 21.910116 ], [ 109.393343, 21.909919 ], [ 109.391808, 21.909066 ], [ 109.390884, 21.90735 ], [ 109.391624, 21.902765 ], [ 109.390062, 21.894665 ], [ 109.389875, 21.893176 ], [ 109.390846, 21.891607 ], [ 109.390752, 21.890618 ], [ 109.389806, 21.889918 ], [ 109.38797, 21.890239 ], [ 109.38518, 21.889609 ], [ 109.384449, 21.89047 ], [ 109.386802, 21.893243 ], [ 109.387002, 21.894231 ], [ 109.386147, 21.894914 ], [ 109.381808, 21.895644 ], [ 109.379058, 21.896228 ], [ 109.378453, 21.896659 ], [ 109.373662, 21.898097 ], [ 109.371806, 21.897717 ], [ 109.369903, 21.897202 ], [ 109.367575, 21.896781 ], [ 109.365892, 21.895577 ], [ 109.363793, 21.893679 ], [ 109.363283, 21.891895 ], [ 109.362013, 21.891684 ], [ 109.360623, 21.892654 ], [ 109.36029, 21.893934 ], [ 109.359529, 21.895603 ], [ 109.357929, 21.896374 ], [ 109.356269, 21.896303 ], [ 109.355664, 21.897 ], [ 109.353823, 21.898618 ], [ 109.351212, 21.899357 ], [ 109.348006, 21.901393 ], [ 109.347482, 21.90216 ], [ 109.347406, 21.905284 ], [ 109.346036, 21.905554 ], [ 109.343397, 21.905566 ], [ 109.342608, 21.906285 ], [ 109.3419, 21.906452 ], [ 109.340829, 21.907328 ], [ 109.339967, 21.908403 ], [ 109.337954, 21.908183 ], [ 109.336587, 21.907659 ], [ 109.334926, 21.907747 ], [ 109.333526, 21.907604 ], [ 109.333051, 21.907172 ], [ 109.332569, 21.904874 ], [ 109.332646, 21.903961 ], [ 109.330696, 21.902764 ], [ 109.329858, 21.901865 ], [ 109.327854, 21.900853 ], [ 109.325436, 21.898949 ], [ 109.325451, 21.897666 ], [ 109.326748, 21.895608 ], [ 109.326767, 21.894029 ], [ 109.326362, 21.892346 ], [ 109.325639, 21.890659 ], [ 109.32429, 21.88891 ], [ 109.321432, 21.887549 ], [ 109.321626, 21.88913 ], [ 109.322242, 21.890816 ], [ 109.322017, 21.891899 ], [ 109.320631, 21.892476 ], [ 109.317875, 21.892343 ], [ 109.317678, 21.891057 ], [ 109.317695, 21.889577 ], [ 109.318346, 21.888301 ], [ 109.317928, 21.887802 ], [ 109.315912, 21.887877 ], [ 109.313692, 21.887257 ], [ 109.312541, 21.885863 ], [ 109.312344, 21.884577 ], [ 109.310648, 21.883868 ], [ 109.309054, 21.884734 ], [ 109.308084, 21.886105 ], [ 109.306686, 21.887667 ], [ 109.306674, 21.888655 ], [ 109.306775, 21.889148 ], [ 109.308038, 21.889953 ], [ 109.309401, 21.891253 ], [ 109.31046, 21.891464 ], [ 109.311516, 21.891872 ], [ 109.311825, 21.892665 ], [ 109.312447, 21.893857 ], [ 109.312501, 21.898299 ], [ 109.312911, 21.899489 ], [ 109.312906, 21.899904 ], [ 109.312526, 21.901153 ], [ 109.311616, 21.90147 ], [ 109.310472, 21.902106 ], [ 109.310555, 21.902702 ], [ 109.310323, 21.903753 ], [ 109.308817, 21.90461 ], [ 109.30712, 21.904651 ], [ 109.304355, 21.905674 ], [ 109.303287, 21.905618 ], [ 109.30141, 21.903732 ], [ 109.300781, 21.902373 ], [ 109.301625, 21.901948 ], [ 109.303515, 21.901247 ], [ 109.305106, 21.899546 ], [ 109.304901, 21.899088 ], [ 109.301014, 21.897864 ], [ 109.299629, 21.898716 ], [ 109.297035, 21.902952 ], [ 109.296672, 21.90415 ], [ 109.297966, 21.908824 ], [ 109.298187, 21.909837 ], [ 109.299594, 21.911394 ], [ 109.303486, 21.914067 ], [ 109.303501, 21.914929 ], [ 109.302431, 21.915516 ], [ 109.299976, 21.915979 ], [ 109.298898, 21.916424 ], [ 109.298141, 21.91715 ], [ 109.29718, 21.91937 ], [ 109.297551, 21.920631 ], [ 109.299094, 21.920649 ], [ 109.301276, 21.920407 ], [ 109.303746, 21.92066 ], [ 109.304679, 21.92165 ], [ 109.305336, 21.923936 ], [ 109.305378, 21.926227 ], [ 109.304891, 21.92683 ], [ 109.302829, 21.926665 ], [ 109.299186, 21.927053 ], [ 109.298529, 21.928338 ], [ 109.298597, 21.931041 ], [ 109.297186, 21.93506 ], [ 109.297183, 21.935349 ], [ 109.29831, 21.938223 ], [ 109.298488, 21.939391 ], [ 109.296003, 21.939664 ], [ 109.295475, 21.940493 ], [ 109.295997, 21.942209 ], [ 109.295077, 21.943098 ], [ 109.291898, 21.944307 ], [ 109.290992, 21.947695 ], [ 109.288053, 21.9507 ], [ 109.281905, 21.954416 ], [ 109.277072, 21.967076 ], [ 109.270493, 21.975162 ], [ 109.275743, 21.983854 ], [ 109.277021, 21.988208 ], [ 109.276631, 21.999466 ], [ 109.265125, 22.011026 ], [ 109.267419, 22.019279 ], [ 109.266742, 22.025712 ], [ 109.261616, 22.03241 ], [ 109.260739, 22.035106 ], [ 109.260666, 22.036164 ], [ 109.260894, 22.03646 ], [ 109.261392, 22.036636 ], [ 109.261914, 22.036686 ], [ 109.263248, 22.036558 ], [ 109.264443, 22.036962 ], [ 109.264978, 22.037343 ], [ 109.265465, 22.038103 ], [ 109.265764, 22.039275 ], [ 109.266432, 22.040478 ], [ 109.266615, 22.041631 ], [ 109.26654, 22.042752 ], [ 109.266204, 22.043434 ], [ 109.265653, 22.044103 ], [ 109.265477, 22.045111 ], [ 109.265839, 22.045698 ], [ 109.266847, 22.046323 ], [ 109.267851, 22.046563 ], [ 109.269035, 22.046319 ], [ 109.270268, 22.04512 ], [ 109.270965, 22.044579 ], [ 109.271475, 22.04494 ], [ 109.271421, 22.045347 ], [ 109.270083, 22.047662 ], [ 109.269682, 22.049132 ], [ 109.269836, 22.049657 ], [ 109.270152, 22.050254 ], [ 109.270497, 22.050719 ], [ 109.271111, 22.051261 ], [ 109.271655, 22.051519 ], [ 109.272388, 22.051696 ], [ 109.273077, 22.05181 ], [ 109.273527, 22.051804 ], [ 109.273948, 22.051929 ], [ 109.274957, 22.052437 ], [ 109.275529, 22.052881 ], [ 109.275591, 22.053104 ], [ 109.275552, 22.053593 ], [ 109.2751, 22.053907 ], [ 109.273422, 22.05424 ], [ 109.273289, 22.054317 ], [ 109.272919, 22.0547 ], [ 109.272706, 22.055339 ], [ 109.272706, 22.055917 ], [ 109.273181, 22.05765 ], [ 109.273665, 22.058878 ], [ 109.274212, 22.059752 ], [ 109.274577, 22.060587 ], [ 109.274372, 22.06237 ], [ 109.271848, 22.064642 ], [ 109.27128, 22.065682 ], [ 109.271135, 22.066735 ], [ 109.271812, 22.067955 ], [ 109.275332, 22.068899 ], [ 109.276509, 22.071652 ], [ 109.277671, 22.073535 ], [ 109.278539, 22.074217 ], [ 109.278571, 22.075042 ], [ 109.277951, 22.075779 ], [ 109.274669, 22.077521 ], [ 109.274792, 22.077949 ], [ 109.275426, 22.078784 ], [ 109.275956, 22.078939 ], [ 109.278963, 22.078752 ], [ 109.280022, 22.079342 ], [ 109.281571, 22.081609 ], [ 109.283197, 22.082596 ], [ 109.283278, 22.083353 ], [ 109.282516, 22.083728 ], [ 109.282034, 22.08417 ], [ 109.281736, 22.085255 ], [ 109.281686, 22.085436 ], [ 109.281662, 22.085522 ], [ 109.281616, 22.085691 ], [ 109.281286, 22.086891 ], [ 109.280472, 22.088599 ], [ 109.280443, 22.089038 ], [ 109.280748, 22.089527 ], [ 109.281793, 22.089891 ], [ 109.28271, 22.089802 ], [ 109.28447, 22.089325 ], [ 109.28494, 22.089197 ], [ 109.286306, 22.08921 ], [ 109.286668, 22.089624 ], [ 109.286471, 22.090344 ], [ 109.285251, 22.09129 ], [ 109.285083, 22.09142 ], [ 109.284851, 22.091529 ], [ 109.283259, 22.092277 ], [ 109.279774, 22.093914 ], [ 109.279495, 22.094635 ], [ 109.28005, 22.095637 ], [ 109.281528, 22.097216 ], [ 109.281811, 22.098863 ], [ 109.281528, 22.1018 ], [ 109.281318, 22.102631 ], [ 109.280932, 22.104157 ], [ 109.280038, 22.106256 ], [ 109.279244, 22.107089 ], [ 109.277859, 22.108588 ], [ 109.278045, 22.11038 ], [ 109.277864, 22.111032 ], [ 109.275942, 22.111992 ], [ 109.274237, 22.115923 ], [ 109.259222, 22.122918 ], [ 109.256304, 22.128219 ], [ 109.256383, 22.136489 ], [ 109.254429, 22.139949 ], [ 109.245381, 22.149204 ], [ 109.240172, 22.147178 ], [ 109.236726, 22.148814 ], [ 109.23914, 22.155949 ], [ 109.240115, 22.157107 ], [ 109.243602, 22.158423 ], [ 109.248103, 22.159891 ], [ 109.249501, 22.157824 ], [ 109.252264, 22.156935 ], [ 109.254882, 22.157196 ], [ 109.262487, 22.162199 ], [ 109.26736, 22.161989 ], [ 109.269563, 22.16447 ], [ 109.269932, 22.167495 ], [ 109.265175, 22.168753 ], [ 109.263248, 22.17721 ], [ 109.26341, 22.186026 ], [ 109.264742, 22.187803 ], [ 109.271769, 22.18889 ], [ 109.275654, 22.186856 ], [ 109.278886, 22.188405 ], [ 109.276059, 22.192465 ], [ 109.280264, 22.194373 ], [ 109.284645, 22.199362 ], [ 109.286247, 22.201396 ], [ 109.293013, 22.202231 ], [ 109.298642, 22.207819 ], [ 109.300644, 22.212518 ], [ 109.302233, 22.213599 ], [ 109.303955, 22.213088 ], [ 109.307769, 22.209842 ], [ 109.313248, 22.215941 ], [ 109.31381, 22.217857 ], [ 109.313811, 22.221193 ], [ 109.314091, 22.223322 ], [ 109.313018, 22.223734 ], [ 109.311343, 22.223431 ], [ 109.310903, 22.219083 ], [ 109.311271, 22.216772 ], [ 109.306393, 22.216429 ], [ 109.304517, 22.220231 ], [ 109.303117, 22.222481 ], [ 109.304003, 22.224899 ], [ 109.307309, 22.229048 ], [ 109.309366, 22.228987 ], [ 109.311602, 22.227259 ], [ 109.316177, 22.227456 ], [ 109.319111, 22.229293 ], [ 109.321224, 22.22949 ], [ 109.323223, 22.229812 ], [ 109.326056, 22.231274 ], [ 109.32628, 22.231832 ], [ 109.326075, 22.232733 ], [ 109.319603, 22.233493 ], [ 109.317308, 22.234031 ], [ 109.316503, 22.237564 ], [ 109.31694, 22.239268 ], [ 109.322426, 22.239901 ], [ 109.325441, 22.243056 ], [ 109.331776, 22.24381 ], [ 109.332068, 22.244635 ], [ 109.335385, 22.249687 ], [ 109.332229, 22.252931 ], [ 109.332433, 22.255059 ], [ 109.338575, 22.258642 ], [ 109.341484, 22.258341 ], [ 109.345277, 22.257033 ], [ 109.346034, 22.258396 ], [ 109.348155, 22.260495 ], [ 109.348824, 22.262017 ], [ 109.34761, 22.266723 ], [ 109.347473, 22.269029 ], [ 109.343621, 22.270572 ], [ 109.340404, 22.271596 ], [ 109.339585, 22.273073 ], [ 109.34586, 22.279274 ], [ 109.351466, 22.281686 ], [ 109.358562, 22.285859 ], [ 109.359194, 22.28967 ], [ 109.363603, 22.294291 ], [ 109.364401, 22.294567 ], [ 109.368671, 22.289054 ], [ 109.37204, 22.290938 ], [ 109.376515, 22.293982 ], [ 109.379734, 22.301115 ], [ 109.38141, 22.301463 ], [ 109.382788, 22.300851 ], [ 109.384262, 22.299432 ], [ 109.389561, 22.301003 ], [ 109.391181, 22.301898 ], [ 109.393106, 22.306061 ], [ 109.394688, 22.310142 ], [ 109.393391, 22.311085 ], [ 109.392041, 22.310622 ], [ 109.389431, 22.308892 ], [ 109.388053, 22.309672 ], [ 109.387667, 22.310205 ], [ 109.38918, 22.311403 ], [ 109.390865, 22.313477 ], [ 109.392211, 22.315829 ], [ 109.394137, 22.319534 ], [ 109.397195, 22.322116 ], [ 109.40026, 22.323402 ], [ 109.40114, 22.324756 ], [ 109.401621, 22.326613 ], [ 109.401346, 22.330341 ], [ 109.398918, 22.3338 ], [ 109.398314, 22.334241 ], [ 109.398269, 22.334477 ], [ 109.398984, 22.340466 ], [ 109.407626, 22.350348 ], [ 109.418243, 22.354038 ], [ 109.428621, 22.355197 ], [ 109.437762, 22.356579 ], [ 109.443189, 22.360254 ], [ 109.447627, 22.365987 ], [ 109.447359, 22.375854 ], [ 109.446857, 22.379981 ], [ 109.448079, 22.390764 ], [ 109.454735, 22.397416 ], [ 109.463865, 22.393282 ], [ 109.472274, 22.384788 ], [ 109.475979, 22.380883 ], [ 109.482143, 22.382481 ], [ 109.485096, 22.389359 ], [ 109.489771, 22.40243 ], [ 109.488767, 22.411837 ], [ 109.482102, 22.421254 ], [ 109.478138, 22.433187 ], [ 109.482814, 22.445571 ], [ 109.486502, 22.448779 ], [ 109.49044, 22.454049 ], [ 109.502766, 22.465733 ], [ 109.511898, 22.475813 ], [ 109.519532, 22.486353 ], [ 109.526665, 22.497356 ], [ 109.531106, 22.504462 ], [ 109.541714, 22.518903 ], [ 109.544339, 22.521466 ], [ 109.544632, 22.523147 ], [ 109.544615, 22.523799 ], [ 109.544806, 22.524507 ], [ 109.545026, 22.524949 ], [ 109.54508, 22.525405 ], [ 109.545985, 22.527388 ], [ 109.546845, 22.528144 ], [ 109.547452, 22.528987 ], [ 109.548981, 22.531754 ], [ 109.549381, 22.532074 ], [ 109.549853, 22.533017 ], [ 109.550767, 22.53373 ], [ 109.551566, 22.534056 ], [ 109.552175, 22.534259 ], [ 109.553276, 22.534388 ], [ 109.557558, 22.536797 ], [ 109.558841, 22.537382 ], [ 109.559996, 22.538031 ], [ 109.561801, 22.538419 ], [ 109.563949, 22.539364 ], [ 109.564759, 22.539894 ], [ 109.573846, 22.544849 ], [ 109.57444, 22.545301 ], [ 109.576572, 22.549306 ], [ 109.576636, 22.550489 ], [ 109.575973, 22.551098 ], [ 109.5753, 22.551341 ], [ 109.573525, 22.551384 ], [ 109.569762, 22.551901 ], [ 109.569267, 22.551862 ], [ 109.568748, 22.551465 ], [ 109.567292, 22.551761 ], [ 109.566187, 22.552584 ], [ 109.566044, 22.552837 ], [ 109.565961, 22.554155 ], [ 109.566022, 22.554664 ], [ 109.566639, 22.555729 ], [ 109.567599, 22.556664 ], [ 109.567629, 22.556944 ], [ 109.567515, 22.557298 ], [ 109.567279, 22.557592 ], [ 109.565299, 22.558972 ], [ 109.562951, 22.559901 ], [ 109.559177, 22.560991 ], [ 109.558611, 22.560851 ], [ 109.557316, 22.561104 ], [ 109.554994, 22.561106 ], [ 109.553661, 22.560945 ], [ 109.550868, 22.559831 ], [ 109.549185, 22.560521 ], [ 109.547656, 22.561748 ], [ 109.547639, 22.561994 ], [ 109.547487, 22.562176 ], [ 109.547032, 22.562446 ], [ 109.546386, 22.563069 ], [ 109.546098, 22.563834 ], [ 109.546224, 22.564467 ], [ 109.546787, 22.565304 ], [ 109.547761, 22.565805 ], [ 109.548409, 22.566272 ], [ 109.548561, 22.566479 ], [ 109.548759, 22.56701 ], [ 109.548873, 22.567914 ], [ 109.549551, 22.569144 ], [ 109.550003, 22.570371 ], [ 109.550145, 22.571288 ], [ 109.552094, 22.569807 ], [ 109.553361, 22.569864 ], [ 109.554739, 22.57207 ], [ 109.549469, 22.579214 ], [ 109.542936, 22.582689 ], [ 109.542327, 22.582928 ], [ 109.539501, 22.583092 ], [ 109.53833, 22.582847 ], [ 109.536896, 22.58235 ], [ 109.535829, 22.582369 ], [ 109.529286, 22.583163 ], [ 109.528646, 22.583818 ], [ 109.528166, 22.58403 ], [ 109.527481, 22.584097 ], [ 109.525861, 22.583986 ], [ 109.525283, 22.584065 ], [ 109.524111, 22.584877 ], [ 109.522734, 22.5866 ], [ 109.522422, 22.58688 ], [ 109.521951, 22.587717 ], [ 109.520508, 22.588943 ], [ 109.519521, 22.590144 ], [ 109.518801, 22.591735 ], [ 109.517827, 22.59281 ], [ 109.517173, 22.593309 ], [ 109.516222, 22.593892 ], [ 109.515506, 22.593965 ], [ 109.507909, 22.597224 ], [ 109.507247, 22.597176 ], [ 109.506037, 22.597366 ], [ 109.50552, 22.597615 ], [ 109.504767, 22.598166 ], [ 109.503208, 22.599921 ], [ 109.502576, 22.602657 ], [ 109.500459, 22.606683 ], [ 109.49943, 22.607726 ], [ 109.499332, 22.608769 ], [ 109.503438, 22.609039 ], [ 109.504171, 22.608623 ], [ 109.504768, 22.608636 ], [ 109.50549, 22.607974 ], [ 109.505726, 22.607876 ], [ 109.506365, 22.607835 ], [ 109.507293, 22.607947 ], [ 109.509584, 22.607366 ], [ 109.51123, 22.606444 ], [ 109.512473, 22.605494 ], [ 109.513074, 22.605239 ], [ 109.514102, 22.605339 ], [ 109.515174, 22.607862 ], [ 109.515168, 22.607885 ], [ 109.514831, 22.608791 ], [ 109.514433, 22.60983 ], [ 109.514095, 22.610878 ], [ 109.513931, 22.611438 ], [ 109.513861, 22.611783 ], [ 109.513862, 22.612349 ], [ 109.513931, 22.612719 ], [ 109.514061, 22.61302 ], [ 109.514467, 22.614456 ], [ 109.514537, 22.614694 ], [ 109.515221, 22.616474 ], [ 109.51529, 22.616515 ], [ 109.515368, 22.616734 ], [ 109.515437, 22.616996 ], [ 109.515584, 22.617237 ], [ 109.515896, 22.617479 ], [ 109.516147, 22.617604 ], [ 109.516692, 22.617785 ], [ 109.516978, 22.617964 ], [ 109.517159, 22.618111 ], [ 109.517281, 22.618302 ], [ 109.517307, 22.618634 ], [ 109.517229, 22.619229 ], [ 109.51722, 22.619811 ], [ 109.517237, 22.619891 ], [ 109.517315, 22.620251 ], [ 109.517384, 22.620947 ], [ 109.517488, 22.621157 ], [ 109.518631, 22.623284 ], [ 109.518856, 22.624969 ], [ 109.518753, 22.626215 ], [ 109.519029, 22.627419 ], [ 109.519064, 22.627489 ], [ 109.519514, 22.628232 ], [ 109.519852, 22.629127 ], [ 109.520164, 22.629912 ], [ 109.52057, 22.631129 ], [ 109.520666, 22.631699 ], [ 109.520709, 22.632266 ], [ 109.520709, 22.632626 ], [ 109.520597, 22.632967 ], [ 109.520423, 22.633378 ], [ 109.520025, 22.634062 ], [ 109.519584, 22.634554 ], [ 109.519091, 22.634907 ], [ 109.518563, 22.635226 ], [ 109.517957, 22.635532 ], [ 109.518113, 22.635967 ], [ 109.517896, 22.638314 ], [ 109.51948, 22.641761 ], [ 109.520969, 22.642799 ], [ 109.521835, 22.641513 ], [ 109.522847, 22.64225 ], [ 109.523038, 22.642274 ], [ 109.523194, 22.642328 ], [ 109.525791, 22.643601 ], [ 109.526059, 22.643735 ], [ 109.526501, 22.643918 ], [ 109.529911, 22.644991 ], [ 109.531141, 22.645381 ], [ 109.531556, 22.645664 ], [ 109.53218, 22.646027 ], [ 109.532465, 22.646261 ], [ 109.533011, 22.646754 ], [ 109.533582, 22.647213 ], [ 109.534309, 22.647708 ], [ 109.535366, 22.648165 ], [ 109.53605, 22.64847 ], [ 109.536821, 22.648737 ], [ 109.536985, 22.648771 ], [ 109.538959, 22.649311 ], [ 109.540024, 22.649317 ], [ 109.541618, 22.649478 ], [ 109.542025, 22.649516 ], [ 109.54309, 22.6495 ], [ 109.543263, 22.649513 ], [ 109.54341, 22.64956 ], [ 109.543895, 22.649744 ], [ 109.544311, 22.649953 ], [ 109.544597, 22.650152 ], [ 109.544753, 22.650208 ], [ 109.544952, 22.650214 ], [ 109.545177, 22.650201 ], [ 109.545376, 22.650148 ], [ 109.545879, 22.649984 ], [ 109.548581, 22.649793 ], [ 109.548719, 22.649824 ], [ 109.548858, 22.649854 ], [ 109.551024, 22.651776 ], [ 109.551119, 22.651837 ], [ 109.551457, 22.651962 ], [ 109.551942, 22.652094 ], [ 109.551985, 22.652124 ], [ 109.552756, 22.652292 ], [ 109.552851, 22.652272 ], [ 109.553025, 22.652289 ], [ 109.553163, 22.652338 ], [ 109.553232, 22.652364 ], [ 109.554506, 22.652646 ], [ 109.554575, 22.652663 ], [ 109.554913, 22.653568 ], [ 109.555641, 22.655513 ], [ 109.555867, 22.656127 ], [ 109.556031, 22.656864 ], [ 109.556092, 22.657125 ], [ 109.556282, 22.658021 ], [ 109.556334, 22.658822 ], [ 109.556343, 22.659089 ], [ 109.556317, 22.659256 ], [ 109.556352, 22.659458 ], [ 109.556412, 22.659571 ], [ 109.556534, 22.659659 ], [ 109.556724, 22.659633 ], [ 109.55688, 22.659522 ], [ 109.557262, 22.659317 ], [ 109.561256, 22.657999 ], [ 109.561794, 22.657822 ], [ 109.563509, 22.656041 ], [ 109.564601, 22.655883 ], [ 109.567409, 22.656641 ], [ 109.568441, 22.657377 ], [ 109.569204, 22.659397 ], [ 109.569326, 22.659711 ], [ 109.569074, 22.660795 ], [ 109.568788, 22.662013 ], [ 109.568788, 22.662538 ], [ 109.568736, 22.663248 ], [ 109.568762, 22.663469 ], [ 109.56878, 22.663669 ], [ 109.568797, 22.663841 ], [ 109.568762, 22.664629 ], [ 109.568797, 22.665189 ], [ 109.569031, 22.665636 ], [ 109.570418, 22.667344 ], [ 109.57158, 22.668497 ], [ 109.572074, 22.668978 ], [ 109.572222, 22.669117 ], [ 109.572499, 22.669377 ], [ 109.572621, 22.669438 ], [ 109.57373, 22.67002 ], [ 109.575092, 22.670848 ], [ 109.57543, 22.671292 ], [ 109.575664, 22.671596 ], [ 109.575959, 22.671789 ], [ 109.576245, 22.671906 ], [ 109.577034, 22.671876 ], [ 109.577234, 22.671972 ], [ 109.577329, 22.672093 ], [ 109.577407, 22.672215 ], [ 109.577702, 22.673184 ], [ 109.57765, 22.673693 ], [ 109.577641, 22.673747 ], [ 109.577719, 22.674044 ], [ 109.57667, 22.675161 ], [ 109.576991, 22.676591 ], [ 109.578483, 22.676813 ], [ 109.5785, 22.676828 ], [ 109.578778, 22.677084 ], [ 109.579124, 22.677611 ], [ 109.579445, 22.677852 ], [ 109.58125, 22.678877 ], [ 109.581579, 22.680689 ], [ 109.581909, 22.681138 ], [ 109.5821, 22.681229 ], [ 109.582473, 22.681402 ], [ 109.583219, 22.681393 ], [ 109.584121, 22.681269 ], [ 109.584641, 22.681079 ], [ 109.58779, 22.679946 ], [ 109.589682, 22.679463 ], [ 109.591721, 22.678629 ], [ 109.591791, 22.678618 ], [ 109.592346, 22.678368 ], [ 109.592997, 22.678068 ], [ 109.593543, 22.677938 ], [ 109.593943, 22.677963 ], [ 109.596651, 22.679202 ], [ 109.598213, 22.678418 ], [ 109.600601, 22.677218 ], [ 109.600974, 22.676866 ], [ 109.60218, 22.675066 ], [ 109.602997, 22.674316 ], [ 109.603587, 22.67389 ], [ 109.604169, 22.67363 ], [ 109.604507, 22.673473 ], [ 109.606531, 22.674114 ], [ 109.60759, 22.674171 ], [ 109.608181, 22.673255 ], [ 109.611064, 22.672418 ], [ 109.611203, 22.672435 ], [ 109.611989, 22.671769 ], [ 109.612061, 22.671911 ], [ 109.613467, 22.670998 ], [ 109.614377, 22.669964 ], [ 109.613944, 22.668289 ], [ 109.612926, 22.665221 ], [ 109.613019, 22.663414 ], [ 109.613999, 22.662867 ], [ 109.618055, 22.662282 ], [ 109.619028, 22.662281 ], [ 109.621449, 22.660085 ], [ 109.622361, 22.658911 ], [ 109.623198, 22.657668 ], [ 109.623814, 22.656076 ], [ 109.624131, 22.65434 ], [ 109.62444, 22.653368 ], [ 109.625796, 22.652756 ], [ 109.627143, 22.653705 ], [ 109.627763, 22.654278 ], [ 109.628381, 22.655239 ], [ 109.629481, 22.656509 ], [ 109.632122, 22.657684 ], [ 109.634068, 22.658191 ], [ 109.635039, 22.658548 ], [ 109.636689, 22.658702 ], [ 109.641415, 22.658748 ], [ 109.642461, 22.659176 ], [ 109.643789, 22.659876 ], [ 109.645145, 22.660036 ], [ 109.646586, 22.659427 ], [ 109.647334, 22.659713 ], [ 109.648378, 22.660349 ], [ 109.648511, 22.662158 ], [ 109.647792, 22.663332 ], [ 109.646684, 22.664714 ], [ 109.651609, 22.668042 ], [ 109.652359, 22.66769 ], [ 109.655746, 22.665449 ], [ 109.656682, 22.665208 ], [ 109.657507, 22.664825 ], [ 109.658333, 22.664256 ], [ 109.662252, 22.662395 ], [ 109.660396, 22.660901 ], [ 109.659041, 22.65995 ], [ 109.659685, 22.658389 ], [ 109.659784, 22.656253 ], [ 109.659811, 22.655648 ], [ 109.659364, 22.654563 ], [ 109.6593, 22.653935 ], [ 109.658695, 22.653045 ], [ 109.658421, 22.652106 ], [ 109.658663, 22.651268 ], [ 109.658568, 22.651025 ], [ 109.659608, 22.651101 ], [ 109.660762, 22.650224 ], [ 109.661323, 22.650325 ], [ 109.662736, 22.651053 ], [ 109.663797, 22.651013 ], [ 109.663816, 22.650653 ], [ 109.664228, 22.650734 ], [ 109.664371, 22.650437 ], [ 109.664691, 22.650498 ], [ 109.664787, 22.649915 ], [ 109.665318, 22.649487 ], [ 109.665742, 22.649589 ], [ 109.665892, 22.648721 ], [ 109.665717, 22.648404 ], [ 109.666176, 22.647671 ], [ 109.666951, 22.647516 ], [ 109.667229, 22.646964 ], [ 109.666517, 22.646632 ], [ 109.666171, 22.646296 ], [ 109.666141, 22.645724 ], [ 109.666713, 22.645846 ], [ 109.666929, 22.645686 ], [ 109.666287, 22.645544 ], [ 109.665832, 22.645643 ], [ 109.664994, 22.645353 ], [ 109.664273, 22.644238 ], [ 109.664687, 22.643484 ], [ 109.664398, 22.642269 ], [ 109.664554, 22.642036 ], [ 109.663853, 22.641544 ], [ 109.663478, 22.64178 ], [ 109.663245, 22.64229 ], [ 109.663694, 22.642646 ], [ 109.663876, 22.643459 ], [ 109.663544, 22.644404 ], [ 109.663664, 22.644878 ], [ 109.662721, 22.645289 ], [ 109.661356, 22.644771 ], [ 109.66124, 22.644624 ], [ 109.660638, 22.644861 ], [ 109.659841, 22.644868 ], [ 109.659333, 22.644354 ], [ 109.659057, 22.644229 ], [ 109.659143, 22.642833 ], [ 109.657929, 22.642505 ], [ 109.657737, 22.641797 ], [ 109.658507, 22.640214 ], [ 109.658455, 22.63977 ], [ 109.65675, 22.638495 ], [ 109.657146, 22.637222 ], [ 109.657826, 22.636877 ], [ 109.658301, 22.635765 ], [ 109.658584, 22.635104 ], [ 109.658715, 22.634796 ], [ 109.661071, 22.633977 ], [ 109.662942, 22.633735 ], [ 109.664304, 22.633782 ], [ 109.666683, 22.633657 ], [ 109.667909, 22.633278 ], [ 109.668762, 22.632849 ], [ 109.668683, 22.631961 ], [ 109.666801, 22.631173 ], [ 109.665493, 22.630719 ], [ 109.664794, 22.627657 ], [ 109.662685, 22.626934 ], [ 109.662351, 22.625795 ], [ 109.663925, 22.623814 ], [ 109.663182, 22.62272 ], [ 109.661727, 22.621442 ], [ 109.661348, 22.620197 ], [ 109.664332, 22.616039 ], [ 109.664762, 22.615812 ], [ 109.665103, 22.615441 ], [ 109.669275, 22.613992 ], [ 109.66951, 22.613909 ], [ 109.669442, 22.61387 ], [ 109.669652, 22.613747 ], [ 109.670049, 22.613291 ], [ 109.670303, 22.612752 ], [ 109.670259, 22.612429 ], [ 109.670053, 22.612073 ], [ 109.669691, 22.611696 ], [ 109.669303, 22.611446 ], [ 109.665802, 22.611137 ], [ 109.664561, 22.610489 ], [ 109.664247, 22.610015 ], [ 109.663798, 22.608558 ], [ 109.663784, 22.607656 ], [ 109.663892, 22.607072 ], [ 109.664046, 22.60673 ], [ 109.664321, 22.606421 ], [ 109.665004, 22.606047 ], [ 109.667884, 22.605528 ], [ 109.668373, 22.605341 ], [ 109.669603, 22.60466 ], [ 109.669907, 22.604229 ], [ 109.669956, 22.603692 ], [ 109.66909, 22.601734 ], [ 109.668978, 22.60122 ], [ 109.669026, 22.600632 ], [ 109.669283, 22.600139 ], [ 109.669413, 22.600004 ], [ 109.66961, 22.599798 ], [ 109.671196, 22.599014 ], [ 109.671784, 22.598907 ], [ 109.672105, 22.598949 ], [ 109.673012, 22.599297 ], [ 109.673329, 22.599489 ], [ 109.673745, 22.60001 ], [ 109.674047, 22.601027 ], [ 109.674396, 22.601608 ], [ 109.674744, 22.601948 ], [ 109.675191, 22.602104 ], [ 109.676003, 22.601961 ], [ 109.676561, 22.601567 ], [ 109.676809, 22.601306 ], [ 109.67716, 22.60074 ], [ 109.677543, 22.599615 ], [ 109.677826, 22.599356 ], [ 109.678187, 22.599206 ], [ 109.678462, 22.599199 ], [ 109.678836, 22.599306 ], [ 109.680643, 22.600254 ], [ 109.681567, 22.600609 ], [ 109.683209, 22.600729 ], [ 109.683874, 22.600705 ], [ 109.684506, 22.600421 ], [ 109.684814, 22.600143 ], [ 109.685034, 22.599792 ], [ 109.685136, 22.598678 ], [ 109.685644, 22.59853 ], [ 109.685954, 22.598348 ], [ 109.68646, 22.598395 ], [ 109.686724, 22.598324 ], [ 109.686749, 22.598281 ], [ 109.686995, 22.597848 ], [ 109.687308, 22.596686 ], [ 109.687443, 22.596184 ], [ 109.687565, 22.595732 ], [ 109.687711, 22.595602 ], [ 109.688525, 22.595392 ], [ 109.688863, 22.595088 ], [ 109.688832, 22.59462 ], [ 109.688562, 22.594131 ], [ 109.688812, 22.594004 ], [ 109.689214, 22.593524 ], [ 109.690961, 22.591953 ], [ 109.691861, 22.591387 ], [ 109.692266, 22.591352 ], [ 109.692605, 22.591227 ], [ 109.693784, 22.591178 ], [ 109.69417, 22.591057 ], [ 109.694542, 22.591586 ], [ 109.694874, 22.591881 ], [ 109.694925, 22.592599 ], [ 109.695259, 22.592708 ], [ 109.695578, 22.592616 ], [ 109.696912, 22.591646 ], [ 109.697271, 22.591461 ], [ 109.697418, 22.591469 ], [ 109.697599, 22.591673 ], [ 109.697156, 22.592765 ], [ 109.697121, 22.593039 ], [ 109.697194, 22.593195 ], [ 109.697588, 22.593357 ], [ 109.69776, 22.593367 ], [ 109.698091, 22.593222 ], [ 109.698666, 22.592731 ], [ 109.699361, 22.592406 ], [ 109.6996, 22.592377 ], [ 109.700102, 22.592552 ], [ 109.700687, 22.592616 ], [ 109.700802, 22.592564 ], [ 109.700937, 22.592504 ], [ 109.701041, 22.592458 ], [ 109.702079, 22.591635 ], [ 109.703019, 22.59066 ], [ 109.703224, 22.590324 ], [ 109.703805, 22.58885 ], [ 109.704244, 22.588095 ], [ 109.70462, 22.588094 ], [ 109.705944, 22.587627 ], [ 109.706436, 22.587162 ], [ 109.706691, 22.586579 ], [ 109.707121, 22.586268 ], [ 109.707223, 22.58601 ], [ 109.707302, 22.585384 ], [ 109.707526, 22.585062 ], [ 109.707874, 22.584767 ], [ 109.707916, 22.584151 ], [ 109.708171, 22.583459 ], [ 109.708768, 22.582474 ], [ 109.709204, 22.581538 ], [ 109.709717, 22.581909 ], [ 109.709953, 22.581927 ], [ 109.709399, 22.581096 ], [ 109.709819, 22.579538 ], [ 109.710089, 22.579256 ], [ 109.710545, 22.579146 ], [ 109.710835, 22.579206 ], [ 109.712861, 22.581259 ], [ 109.713193, 22.581299 ], [ 109.714351, 22.581794 ], [ 109.715033, 22.581965 ], [ 109.715495, 22.581887 ], [ 109.715881, 22.581679 ], [ 109.715945, 22.581645 ], [ 109.716059, 22.581584 ], [ 109.71676, 22.581547 ], [ 109.717117, 22.581424 ], [ 109.718148, 22.58075 ], [ 109.718402, 22.580068 ], [ 109.718581, 22.579999 ], [ 109.71882, 22.580092 ], [ 109.719111, 22.579995 ], [ 109.719831, 22.579508 ], [ 109.719929, 22.579347 ], [ 109.720658, 22.578147 ], [ 109.720556, 22.577302 ], [ 109.719936, 22.576947 ], [ 109.720016, 22.576037 ], [ 109.721627, 22.575409 ], [ 109.720753, 22.573503 ], [ 109.719994, 22.572419 ], [ 109.720189, 22.571614 ], [ 109.721124, 22.571605 ], [ 109.722066, 22.570348 ], [ 109.72165, 22.568088 ], [ 109.721919, 22.567747 ], [ 109.720496, 22.565159 ], [ 109.719247, 22.563795 ], [ 109.719351, 22.562906 ], [ 109.719051, 22.562087 ], [ 109.71791, 22.560741 ], [ 109.718667, 22.559649 ], [ 109.718646, 22.559379 ], [ 109.719178, 22.559201 ], [ 109.719953, 22.559324 ], [ 109.720483, 22.559531 ], [ 109.720785, 22.559822 ], [ 109.721125, 22.560308 ], [ 109.721318, 22.560273 ], [ 109.721524, 22.559864 ], [ 109.722164, 22.559092 ], [ 109.722565, 22.558746 ], [ 109.723213, 22.558543 ], [ 109.72381, 22.558538 ], [ 109.724431, 22.559004 ], [ 109.724663, 22.559279 ], [ 109.724794, 22.559996 ], [ 109.725054, 22.560466 ], [ 109.7255, 22.561032 ], [ 109.725979, 22.561321 ], [ 109.726313, 22.5614 ], [ 109.728349, 22.56031 ], [ 109.729136, 22.559481 ], [ 109.729182, 22.558991 ], [ 109.729632, 22.558383 ], [ 109.729944, 22.558054 ], [ 109.730449, 22.55769 ], [ 109.730674, 22.557346 ], [ 109.731058, 22.557146 ], [ 109.731706, 22.557009 ], [ 109.732285, 22.556988 ], [ 109.732688, 22.556853 ], [ 109.7329, 22.556435 ], [ 109.733231, 22.556083 ], [ 109.73338, 22.555772 ], [ 109.733545, 22.555646 ], [ 109.734242, 22.555598 ], [ 109.734589, 22.555902 ], [ 109.73523, 22.556211 ], [ 109.736311, 22.556473 ], [ 109.736788, 22.556316 ], [ 109.737272, 22.556258 ], [ 109.738105, 22.556561 ], [ 109.738512, 22.556403 ], [ 109.739148, 22.556007 ], [ 109.739693, 22.556184 ], [ 109.740215, 22.556045 ], [ 109.740829, 22.556173 ], [ 109.741155, 22.556118 ], [ 109.742381, 22.555675 ], [ 109.742548, 22.555817 ], [ 109.742997, 22.556641 ], [ 109.743559, 22.556829 ], [ 109.744188, 22.556536 ], [ 109.744416, 22.556525 ], [ 109.744696, 22.556647 ], [ 109.745847, 22.557522 ], [ 109.746529, 22.558202 ], [ 109.746548, 22.558491 ], [ 109.746403, 22.559194 ], [ 109.746536, 22.559656 ], [ 109.746646, 22.559798 ], [ 109.747494, 22.560367 ], [ 109.747693, 22.560916 ], [ 109.747849, 22.560984 ], [ 109.748329, 22.561006 ], [ 109.748753, 22.561256 ], [ 109.749131, 22.561273 ], [ 109.749501, 22.561478 ], [ 109.749999, 22.561599 ], [ 109.750703, 22.561973 ], [ 109.750864, 22.562339 ], [ 109.750563, 22.563134 ], [ 109.750615, 22.563312 ], [ 109.752093, 22.564047 ], [ 109.752802, 22.564558 ], [ 109.752981, 22.564579 ], [ 109.753299, 22.564416 ], [ 109.755006, 22.561983 ], [ 109.756318, 22.561669 ], [ 109.756506, 22.561235 ], [ 109.756909, 22.560768 ], [ 109.756863, 22.559752 ], [ 109.757063, 22.559459 ], [ 109.757235, 22.558841 ], [ 109.75757, 22.558598 ], [ 109.758368, 22.558556 ], [ 109.759056, 22.558055 ], [ 109.759471, 22.558096 ], [ 109.760027, 22.557852 ], [ 109.760766, 22.557869 ], [ 109.761478, 22.557551 ], [ 109.761759, 22.557244 ], [ 109.761918, 22.557186 ], [ 109.762478, 22.557237 ], [ 109.762806, 22.557166 ], [ 109.763514, 22.557733 ], [ 109.764064, 22.557674 ], [ 109.764696, 22.55867 ], [ 109.764817, 22.55919 ], [ 109.764699, 22.55933 ], [ 109.764496, 22.559417 ], [ 109.763599, 22.559559 ], [ 109.762743, 22.560321 ], [ 109.762664, 22.560523 ], [ 109.762761, 22.560996 ], [ 109.763008, 22.561503 ], [ 109.762208, 22.562374 ], [ 109.761951, 22.5629 ], [ 109.761847, 22.563406 ], [ 109.762543, 22.563885 ], [ 109.76239, 22.564396 ], [ 109.762769, 22.564557 ], [ 109.762942, 22.564881 ], [ 109.763437, 22.565437 ], [ 109.764022, 22.565864 ], [ 109.764449, 22.565932 ], [ 109.764478, 22.566369 ], [ 109.764421, 22.566408 ], [ 109.764048, 22.566302 ], [ 109.763932, 22.566352 ], [ 109.76374, 22.566557 ], [ 109.763781, 22.566891 ], [ 109.763358, 22.567028 ], [ 109.76325, 22.566933 ], [ 109.763264, 22.566818 ], [ 109.763746, 22.566095 ], [ 109.763726, 22.565961 ], [ 109.76304, 22.565519 ], [ 109.762362, 22.564817 ], [ 109.762015, 22.564797 ], [ 109.761909, 22.564919 ], [ 109.762287, 22.565368 ], [ 109.762411, 22.565996 ], [ 109.762706, 22.566339 ], [ 109.762778, 22.567158 ], [ 109.763564, 22.567807 ], [ 109.763884, 22.567861 ], [ 109.764166, 22.567802 ], [ 109.764047, 22.568309 ], [ 109.764174, 22.569311 ], [ 109.76427, 22.569359 ], [ 109.764625, 22.569287 ], [ 109.764691, 22.569366 ], [ 109.764494, 22.569641 ], [ 109.764076, 22.569574 ], [ 109.763928, 22.569643 ], [ 109.763803, 22.569869 ], [ 109.763842, 22.570222 ], [ 109.763949, 22.570553 ], [ 109.764401, 22.570847 ], [ 109.764698, 22.571245 ], [ 109.764861, 22.572246 ], [ 109.765068, 22.572363 ], [ 109.765581, 22.57221 ], [ 109.765702, 22.572232 ], [ 109.765591, 22.572642 ], [ 109.765831, 22.573133 ], [ 109.766431, 22.573573 ], [ 109.766601, 22.574039 ], [ 109.767151, 22.574239 ], [ 109.767637, 22.57462 ], [ 109.76758, 22.574746 ], [ 109.767456, 22.574763 ], [ 109.766926, 22.574379 ], [ 109.766167, 22.574178 ], [ 109.766126, 22.573758 ], [ 109.765679, 22.573372 ], [ 109.765411, 22.572746 ], [ 109.765213, 22.572635 ], [ 109.764619, 22.572522 ], [ 109.764526, 22.572557 ], [ 109.764643, 22.573072 ], [ 109.764331, 22.573435 ], [ 109.764239, 22.573745 ], [ 109.764471, 22.574737 ], [ 109.764667, 22.574897 ], [ 109.765479, 22.574982 ], [ 109.765558, 22.575082 ], [ 109.765307, 22.575175 ], [ 109.764707, 22.575694 ], [ 109.764601, 22.575999 ], [ 109.764621, 22.576221 ], [ 109.765039, 22.576821 ], [ 109.765284, 22.57697 ], [ 109.765803, 22.57711 ], [ 109.765927, 22.577245 ], [ 109.765856, 22.577355 ], [ 109.765468, 22.577384 ], [ 109.765067, 22.577751 ], [ 109.765026, 22.577182 ], [ 109.764771, 22.576989 ], [ 109.764716, 22.576732 ], [ 109.764464, 22.57627 ], [ 109.764238, 22.576183 ], [ 109.763852, 22.576421 ], [ 109.763722, 22.57639 ], [ 109.764213, 22.575779 ], [ 109.764345, 22.575322 ], [ 109.764214, 22.575041 ], [ 109.764206, 22.57461 ], [ 109.764011, 22.574243 ], [ 109.763803, 22.574126 ], [ 109.763226, 22.574132 ], [ 109.763249, 22.574017 ], [ 109.763392, 22.573917 ], [ 109.763719, 22.57389 ], [ 109.763744, 22.573737 ], [ 109.763114, 22.573348 ], [ 109.762825, 22.573336 ], [ 109.76272, 22.573408 ], [ 109.762436, 22.573918 ], [ 109.762344, 22.574143 ], [ 109.762434, 22.5744 ], [ 109.763404, 22.575134 ], [ 109.76342, 22.575565 ], [ 109.763199, 22.576146 ], [ 109.763194, 22.57645 ], [ 109.76396, 22.577352 ], [ 109.763964, 22.577758 ], [ 109.764155, 22.578687 ], [ 109.763639, 22.58098 ], [ 109.76368, 22.581351 ], [ 109.763697, 22.581513 ], [ 109.763657, 22.581807 ], [ 109.763546, 22.582012 ], [ 109.763468, 22.582417 ], [ 109.763071, 22.582992 ], [ 109.762787, 22.584055 ], [ 109.763139, 22.584165 ], [ 109.763601, 22.584633 ], [ 109.763829, 22.58463 ], [ 109.764491, 22.584134 ], [ 109.765298, 22.584222 ], [ 109.765717, 22.583989 ], [ 109.765874, 22.584004 ], [ 109.766388, 22.584308 ], [ 109.766965, 22.584138 ], [ 109.767348, 22.583905 ], [ 109.767733, 22.583836 ], [ 109.768544, 22.583288 ], [ 109.769176, 22.583314 ], [ 109.769556, 22.582836 ], [ 109.770627, 22.582922 ], [ 109.771065, 22.582802 ], [ 109.771907, 22.582793 ], [ 109.772187, 22.582724 ], [ 109.772293, 22.582837 ], [ 109.772331, 22.583032 ], [ 109.772718, 22.583143 ], [ 109.773567, 22.583736 ], [ 109.774168, 22.583989 ], [ 109.774277, 22.584282 ], [ 109.774253, 22.585146 ], [ 109.7747, 22.586637 ], [ 109.776463, 22.58829 ], [ 109.777291, 22.586948 ], [ 109.783478, 22.585003 ], [ 109.785359, 22.585828 ], [ 109.788204, 22.585016 ], [ 109.788858, 22.581778 ], [ 109.789605, 22.581638 ], [ 109.793437, 22.58462 ], [ 109.794326, 22.584892 ], [ 109.795616, 22.584681 ], [ 109.797543, 22.582473 ], [ 109.798, 22.582361 ], [ 109.802281, 22.582281 ], [ 109.805682, 22.58191 ], [ 109.80916, 22.580224 ], [ 109.811178, 22.579533 ], [ 109.813845, 22.580138 ], [ 109.816827, 22.580326 ], [ 109.819539, 22.579364 ], [ 109.82035, 22.578206 ], [ 109.821112, 22.575659 ], [ 109.824958, 22.574901 ], [ 109.826372, 22.574106 ], [ 109.832823, 22.572544 ], [ 109.838289, 22.57201 ], [ 109.84007, 22.571999 ], [ 109.841421, 22.571036 ], [ 109.842185, 22.570591 ], [ 109.84217, 22.569509 ], [ 109.842305, 22.569438 ], [ 109.843484, 22.56954 ], [ 109.844383, 22.569401 ], [ 109.844598, 22.568949 ], [ 109.844644, 22.568427 ], [ 109.845159, 22.56678 ], [ 109.845033, 22.566469 ], [ 109.845083, 22.565128 ], [ 109.844881, 22.564429 ], [ 109.845051, 22.564178 ], [ 109.844931, 22.563319 ], [ 109.846192, 22.562875 ], [ 109.846706, 22.56266 ], [ 109.847015, 22.562447 ], [ 109.847121, 22.562066 ], [ 109.84742, 22.561689 ], [ 109.847744, 22.560983 ], [ 109.847936, 22.560916 ], [ 109.848847, 22.560952 ], [ 109.849193, 22.560622 ], [ 109.849541, 22.560421 ], [ 109.849873, 22.560319 ], [ 109.850504, 22.560376 ], [ 109.851532, 22.559938 ], [ 109.852199, 22.56006 ], [ 109.853247, 22.559752 ], [ 109.853579, 22.559715 ], [ 109.854291, 22.559803 ], [ 109.854452, 22.559492 ], [ 109.854531, 22.558839 ], [ 109.854448, 22.557878 ], [ 109.85479, 22.557188 ], [ 109.854962, 22.557023 ], [ 109.855733, 22.557013 ], [ 109.856461, 22.556449 ], [ 109.857627, 22.556059 ], [ 109.858558, 22.554921 ], [ 109.858519, 22.554677 ], [ 109.858079, 22.554552 ], [ 109.857625, 22.554624 ], [ 109.857148, 22.554353 ], [ 109.857111, 22.554174 ], [ 109.857319, 22.553992 ], [ 109.857414, 22.553306 ], [ 109.857384, 22.552393 ], [ 109.856973, 22.551697 ], [ 109.856857, 22.550916 ], [ 109.856552, 22.550415 ], [ 109.856218, 22.550321 ], [ 109.855953, 22.550129 ], [ 109.855737, 22.549676 ], [ 109.855732, 22.549301 ], [ 109.856226, 22.548267 ], [ 109.85624, 22.548006 ], [ 109.856024, 22.547666 ], [ 109.855564, 22.547281 ], [ 109.855596, 22.547036 ], [ 109.855524, 22.546939 ], [ 109.854982, 22.546962 ], [ 109.854721, 22.54708 ], [ 109.854176, 22.546973 ], [ 109.853768, 22.546603 ], [ 109.854006, 22.546046 ], [ 109.854383, 22.545454 ], [ 109.854815, 22.544943 ], [ 109.855088, 22.544401 ], [ 109.855432, 22.543957 ], [ 109.855745, 22.543757 ], [ 109.856541, 22.543012 ], [ 109.856479, 22.542345 ], [ 109.85577, 22.541686 ], [ 109.855765, 22.541327 ], [ 109.855675, 22.541197 ], [ 109.855128, 22.540862 ], [ 109.855036, 22.540554 ], [ 109.85503, 22.540065 ], [ 109.855131, 22.539803 ], [ 109.855494, 22.539406 ], [ 109.855856, 22.538461 ], [ 109.856266, 22.538206 ], [ 109.857016, 22.537968 ], [ 109.857437, 22.537946 ], [ 109.857575, 22.537814 ], [ 109.857588, 22.537439 ], [ 109.857737, 22.536784 ], [ 109.857621, 22.536003 ], [ 109.858318, 22.535717 ], [ 109.858525, 22.535502 ], [ 109.858674, 22.535125 ], [ 109.858969, 22.534893 ], [ 109.858881, 22.533589 ], [ 109.8591, 22.532902 ], [ 109.859306, 22.532606 ], [ 109.860118, 22.531731 ], [ 109.860641, 22.531496 ], [ 109.861004, 22.531149 ], [ 109.861352, 22.531014 ], [ 109.861524, 22.530685 ], [ 109.861731, 22.530487 ], [ 109.862461, 22.53007 ], [ 109.862859, 22.529706 ], [ 109.863237, 22.529146 ], [ 109.863956, 22.529137 ], [ 109.864093, 22.528907 ], [ 109.864254, 22.52791 ], [ 109.864232, 22.527162 ], [ 109.864188, 22.527195 ], [ 109.864056, 22.526982 ], [ 109.863113, 22.526376 ], [ 109.862773, 22.525875 ], [ 109.86297, 22.524895 ], [ 109.86331, 22.524156 ], [ 109.863291, 22.523994 ], [ 109.862392, 22.523581 ], [ 109.8619, 22.523506 ], [ 109.861615, 22.523135 ], [ 109.8613, 22.523156 ], [ 109.860822, 22.522803 ], [ 109.861002, 22.521822 ], [ 109.861458, 22.52061 ], [ 109.861507, 22.520348 ], [ 109.861415, 22.520007 ], [ 109.861536, 22.519875 ], [ 109.861868, 22.519806 ], [ 109.862308, 22.519946 ], [ 109.862548, 22.519536 ], [ 109.862451, 22.518853 ], [ 109.862588, 22.518639 ], [ 109.862688, 22.518229 ], [ 109.863481, 22.517241 ], [ 109.864403, 22.516821 ], [ 109.866446, 22.516224 ], [ 109.866705, 22.515976 ], [ 109.867632, 22.515915 ], [ 109.868268, 22.51625 ], [ 109.868344, 22.516656 ], [ 109.868538, 22.516833 ], [ 109.869471, 22.517082 ], [ 109.869698, 22.517013 ], [ 109.870218, 22.516583 ], [ 109.870566, 22.516399 ], [ 109.870876, 22.516036 ], [ 109.870977, 22.515774 ], [ 109.870904, 22.515531 ], [ 109.870605, 22.515404 ], [ 109.870268, 22.515147 ], [ 109.869912, 22.514451 ], [ 109.869083, 22.514086 ], [ 109.868341, 22.512351 ], [ 109.868143, 22.510593 ], [ 109.868585, 22.508256 ], [ 109.868538, 22.507409 ], [ 109.868431, 22.507231 ], [ 109.868023, 22.506877 ], [ 109.867122, 22.506318 ], [ 109.866329, 22.505986 ], [ 109.865961, 22.506007 ], [ 109.864679, 22.505779 ], [ 109.86461, 22.505846 ], [ 109.864632, 22.506171 ], [ 109.862541, 22.50703 ], [ 109.862191, 22.507068 ], [ 109.861592, 22.506798 ], [ 109.861101, 22.506723 ], [ 109.860782, 22.506516 ], [ 109.859927, 22.506755 ], [ 109.858647, 22.506625 ], [ 109.858101, 22.506387 ], [ 109.857557, 22.506346 ], [ 109.857007, 22.505832 ], [ 109.856604, 22.505299 ], [ 109.856527, 22.504811 ], [ 109.856226, 22.50457 ], [ 109.855887, 22.504036 ], [ 109.855568, 22.50378 ], [ 109.855566, 22.503617 ], [ 109.855984, 22.502193 ], [ 109.856053, 22.500724 ], [ 109.856321, 22.499873 ], [ 109.856794, 22.499818 ], [ 109.857256, 22.499013 ], [ 109.857197, 22.498573 ], [ 109.857366, 22.498098 ], [ 109.857343, 22.497691 ], [ 109.856721, 22.496967 ], [ 109.856288, 22.496058 ], [ 109.855998, 22.495358 ], [ 109.855944, 22.495201 ], [ 109.855891, 22.495068 ], [ 109.854273, 22.49403 ], [ 109.854155, 22.493299 ], [ 109.853763, 22.492506 ], [ 109.853311, 22.491956 ], [ 109.852464, 22.491587 ], [ 109.85193, 22.491024 ], [ 109.851167, 22.490423 ], [ 109.850641, 22.490725 ], [ 109.849596, 22.490658 ], [ 109.849009, 22.490533 ], [ 109.849013, 22.490047 ], [ 109.848429, 22.489557 ], [ 109.847914, 22.488641 ], [ 109.847854, 22.487911 ], [ 109.847406, 22.486753 ], [ 109.846886, 22.486324 ], [ 109.846904, 22.484255 ], [ 109.846454, 22.483401 ], [ 109.845868, 22.483033 ], [ 109.843914, 22.482353 ], [ 109.844051, 22.481623 ], [ 109.843662, 22.481195 ], [ 109.843534, 22.48083 ], [ 109.843809, 22.479188 ], [ 109.843914, 22.478897 ], [ 109.843759, 22.478604 ], [ 109.842905, 22.47765 ], [ 109.842396, 22.477465 ], [ 109.841657, 22.476877 ], [ 109.841146, 22.476947 ], [ 109.840395, 22.477637 ], [ 109.838711, 22.477555 ], [ 109.837808, 22.477586 ], [ 109.837454, 22.477767 ], [ 109.836785, 22.477657 ], [ 109.8362, 22.477724 ], [ 109.834726, 22.474831 ], [ 109.833708, 22.474863 ], [ 109.83339, 22.475263 ], [ 109.832529, 22.475149 ], [ 109.832252, 22.475439 ], [ 109.831584, 22.475654 ], [ 109.831663, 22.475545 ], [ 109.832175, 22.475256 ], [ 109.8321, 22.474854 ], [ 109.832298, 22.474599 ], [ 109.832572, 22.474528 ], [ 109.832846, 22.474639 ], [ 109.834224, 22.474026 ], [ 109.834185, 22.473952 ], [ 109.834419, 22.474027 ], [ 109.834694, 22.473992 ], [ 109.835133, 22.473082 ], [ 109.834551, 22.472385 ], [ 109.834358, 22.472055 ], [ 109.834321, 22.471763 ], [ 109.83509, 22.471392 ], [ 109.835738, 22.471077 ], [ 109.836051, 22.471188 ], [ 109.836246, 22.471299 ], [ 109.836913, 22.471193 ], [ 109.837423, 22.471159 ], [ 109.837894, 22.471088 ], [ 109.838129, 22.471094 ], [ 109.835967, 22.469457 ], [ 109.833498, 22.466478 ], [ 109.82532, 22.458696 ], [ 109.818909, 22.453663 ], [ 109.812974, 22.446332 ], [ 109.810738, 22.440829 ], [ 109.813709, 22.432102 ], [ 109.822104, 22.427723 ], [ 109.828774, 22.424492 ], [ 109.836657, 22.41805 ], [ 109.841846, 22.410233 ], [ 109.846757, 22.396679 ], [ 109.84972, 22.392313 ], [ 109.85737, 22.384953 ], [ 109.859588, 22.377602 ], [ 109.858833, 22.371181 ], [ 109.853643, 22.365456 ], [ 109.850437, 22.363169 ], [ 109.846728, 22.356753 ], [ 109.844744, 22.347578 ], [ 109.845471, 22.335186 ], [ 109.845219, 22.324403 ], [ 109.840532, 22.317299 ], [ 109.830153, 22.312277 ], [ 109.815105, 22.309558 ], [ 109.805245, 22.313252 ], [ 109.796111, 22.32061 ], [ 109.786983, 22.329116 ], [ 109.777844, 22.334174 ], [ 109.768701, 22.335103 ], [ 109.765207, 22.335835 ], [ 109.764114, 22.336893 ], [ 109.762814, 22.337832 ], [ 109.760712, 22.341831 ], [ 109.760477, 22.343061 ], [ 109.757944, 22.346096 ], [ 109.756807, 22.347139 ], [ 109.752097, 22.349127 ], [ 109.751298, 22.349234 ], [ 109.747299, 22.349414 ], [ 109.746903, 22.349584 ], [ 109.744888, 22.35124 ], [ 109.743377, 22.352763 ], [ 109.742581, 22.354262 ], [ 109.74239, 22.355269 ], [ 109.742363, 22.356032 ], [ 109.742444, 22.356957 ], [ 109.74495, 22.361844 ], [ 109.745309, 22.362174 ], [ 109.747583, 22.363056 ], [ 109.748148, 22.363336 ], [ 109.748239, 22.363479 ], [ 109.747543, 22.365618 ], [ 109.745376, 22.367523 ], [ 109.742677, 22.368226 ], [ 109.740857, 22.368511 ], [ 109.739881, 22.369114 ], [ 109.737533, 22.372836 ], [ 109.735656, 22.37749 ], [ 109.73471, 22.37919 ], [ 109.733591, 22.380465 ], [ 109.732674, 22.380613 ], [ 109.731799, 22.380301 ], [ 109.730459, 22.378743 ], [ 109.730062, 22.378389 ], [ 109.729295, 22.377967 ], [ 109.727589, 22.375682 ], [ 109.727148, 22.374202 ], [ 109.727052, 22.372303 ], [ 109.727076, 22.369561 ], [ 109.728885, 22.367219 ], [ 109.727709, 22.364857 ], [ 109.726762, 22.362226 ], [ 109.726693, 22.361471 ], [ 109.72683, 22.360793 ], [ 109.727785, 22.359578 ], [ 109.728236, 22.358732 ], [ 109.728297, 22.357883 ], [ 109.728106, 22.357187 ], [ 109.72638, 22.3564 ], [ 109.725639, 22.355949 ], [ 109.723955, 22.354631 ], [ 109.718939, 22.355007 ], [ 109.714072, 22.357326 ], [ 109.713125, 22.357955 ], [ 109.71087, 22.358519 ], [ 109.710297, 22.35843 ], [ 109.710014, 22.358296 ], [ 109.708899, 22.356961 ], [ 109.708249, 22.356438 ], [ 109.707737, 22.356131 ], [ 109.705421, 22.355382 ], [ 109.704611, 22.354537 ], [ 109.703534, 22.353621 ], [ 109.703048, 22.351784 ], [ 109.703747, 22.349105 ], [ 109.703953, 22.348791 ], [ 109.704037, 22.348381 ], [ 109.703678, 22.347297 ], [ 109.703502, 22.347123 ], [ 109.703081, 22.347045 ], [ 109.702211, 22.3471 ], [ 109.701538, 22.347283 ], [ 109.701156, 22.347254 ], [ 109.699713, 22.346504 ], [ 109.697307, 22.344254 ], [ 109.697211, 22.344072 ], [ 109.696676, 22.343685 ], [ 109.696057, 22.343476 ], [ 109.695667, 22.343615 ], [ 109.694887, 22.345045 ], [ 109.694559, 22.345176 ], [ 109.692846, 22.345485 ], [ 109.687547, 22.346073 ], [ 109.68689, 22.345669 ], [ 109.68582, 22.345291 ], [ 109.685545, 22.345071 ], [ 109.685415, 22.344788 ], [ 109.685361, 22.344191 ], [ 109.68556, 22.343663 ], [ 109.686034, 22.343135 ], [ 109.686561, 22.342033 ], [ 109.686714, 22.341149 ], [ 109.686646, 22.340627 ], [ 109.686317, 22.339631 ], [ 109.685889, 22.338929 ], [ 109.685223, 22.338205 ], [ 109.684803, 22.336195 ], [ 109.684803, 22.335721 ], [ 109.684925, 22.335589 ], [ 109.685581, 22.335345 ], [ 109.686737, 22.334533 ], [ 109.687073, 22.334094 ], [ 109.687134, 22.333618 ], [ 109.687089, 22.333352 ], [ 109.685705, 22.331711 ], [ 109.685429, 22.331509 ], [ 109.684435, 22.331508 ], [ 109.683281, 22.332108 ], [ 109.682241, 22.333019 ], [ 109.680903, 22.333994 ], [ 109.680047, 22.334845 ], [ 109.678349, 22.335708 ], [ 109.676553, 22.336784 ], [ 109.674412, 22.339872 ], [ 109.674197, 22.339902 ], [ 109.671042, 22.339337 ], [ 109.668166, 22.339521 ], [ 109.667378, 22.339375 ], [ 109.667049, 22.339198 ], [ 109.667003, 22.338961 ], [ 109.66717, 22.338416 ], [ 109.669852, 22.336272 ], [ 109.670444, 22.336007 ], [ 109.670536, 22.335864 ], [ 109.670597, 22.335111 ], [ 109.670046, 22.334031 ], [ 109.667577, 22.33047 ], [ 109.667729, 22.329828 ], [ 109.667689, 22.329708 ], [ 109.665899, 22.327537 ], [ 109.664143, 22.325906 ], [ 109.664013, 22.325243 ], [ 109.663807, 22.325013 ], [ 109.663715, 22.324741 ], [ 109.663114, 22.321172 ], [ 109.662583, 22.320029 ], [ 109.662514, 22.319189 ], [ 109.662293, 22.318291 ], [ 109.662324, 22.318181 ], [ 109.663093, 22.317599 ], [ 109.665091, 22.31643 ], [ 109.665649, 22.316239 ], [ 109.667277, 22.315076 ], [ 109.668799, 22.314177 ], [ 109.669094, 22.313359 ], [ 109.674696, 22.308592 ], [ 109.67904, 22.301246 ], [ 109.679686, 22.300821 ], [ 109.6798, 22.300647 ], [ 109.679823, 22.300182 ], [ 109.677063, 22.298981 ], [ 109.676084, 22.298228 ], [ 109.675182, 22.298061 ], [ 109.674685, 22.297488 ], [ 109.674219, 22.297185 ], [ 109.673989, 22.297153 ], [ 109.673729, 22.297227 ], [ 109.673255, 22.29757 ], [ 109.671933, 22.298281 ], [ 109.671267, 22.298935 ], [ 109.670189, 22.30061 ], [ 109.669723, 22.301053 ], [ 109.668729, 22.301496 ], [ 109.667843, 22.301726 ], [ 109.666237, 22.302843 ], [ 109.665052, 22.304221 ], [ 109.664448, 22.305217 ], [ 109.66191, 22.308471 ], [ 109.660686, 22.309365 ], [ 109.659879, 22.310183 ], [ 109.655451, 22.313381 ], [ 109.654676, 22.313714 ], [ 109.648211, 22.317599 ], [ 109.645292, 22.317726 ], [ 109.644145, 22.318001 ], [ 109.643711, 22.318216 ], [ 109.641901, 22.318166 ], [ 109.636648, 22.316084 ], [ 109.636053, 22.31557 ], [ 109.635089, 22.315308 ], [ 109.633905, 22.314669 ], [ 109.632919, 22.314292 ], [ 109.63245, 22.31389 ], [ 109.63203, 22.313139 ], [ 109.630345, 22.312234 ], [ 109.629046, 22.311244 ], [ 109.627617, 22.309671 ], [ 109.627212, 22.309098 ], [ 109.626556, 22.308508 ], [ 109.625684, 22.308247 ], [ 109.624157, 22.30828 ], [ 109.6235, 22.308495 ], [ 109.621492, 22.309421 ], [ 109.620361, 22.309192 ], [ 109.619918, 22.308967 ], [ 109.618374, 22.306728 ], [ 109.618342, 22.306707 ], [ 109.616715, 22.306426 ], [ 109.608063, 22.302745 ], [ 109.599415, 22.296541 ], [ 109.593252, 22.289884 ], [ 109.588071, 22.278868 ], [ 109.58486, 22.268771 ], [ 109.58191, 22.260969 ], [ 109.581195, 22.258538 ], [ 109.581134, 22.2583 ], [ 109.581188, 22.25801 ], [ 109.581212, 22.257933 ], [ 109.581314, 22.257815 ], [ 109.581788, 22.257664 ], [ 109.581987, 22.257566 ], [ 109.582235, 22.25737 ], [ 109.58247, 22.257126 ], [ 109.582728, 22.256929 ], [ 109.583075, 22.256773 ], [ 109.583311, 22.256716 ], [ 109.58343, 22.256729 ], [ 109.583658, 22.256553 ], [ 109.583654, 22.256146 ], [ 109.583568, 22.255822 ], [ 109.583565, 22.255582 ], [ 109.583645, 22.255392 ], [ 109.58388, 22.255169 ], [ 109.584513, 22.254693 ], [ 109.584726, 22.254469 ], [ 109.585248, 22.254042 ], [ 109.585433, 22.254019 ], [ 109.585678, 22.254086 ], [ 109.585917, 22.254194 ], [ 109.586366, 22.254562 ], [ 109.58652, 22.254499 ], [ 109.587189, 22.253891 ], [ 109.587261, 22.253669 ], [ 109.587219, 22.252833 ], [ 109.587244, 22.252335 ], [ 109.587469, 22.251904 ], [ 109.587545, 22.251434 ], [ 109.587962, 22.251218 ], [ 109.588341, 22.25097 ], [ 109.588899, 22.250494 ], [ 109.58912, 22.250347 ], [ 109.589207, 22.250145 ], [ 109.589348, 22.249488 ], [ 109.589426, 22.249252 ], [ 109.589827, 22.248591 ], [ 109.589823, 22.248477 ], [ 109.589816, 22.24828 ], [ 109.589431, 22.246701 ], [ 109.589116, 22.246713 ], [ 109.588657, 22.246227 ], [ 109.588374, 22.245462 ], [ 109.588308, 22.244862 ], [ 109.588387, 22.24464 ], [ 109.588485, 22.244045 ], [ 109.588393, 22.243825 ], [ 109.588221, 22.243661 ], [ 109.587344, 22.243469 ], [ 109.586876, 22.243433 ], [ 109.586893, 22.242969 ], [ 109.586853, 22.242721 ], [ 109.586731, 22.242405 ], [ 109.586603, 22.242226 ], [ 109.586469, 22.242193 ], [ 109.585756, 22.242152 ], [ 109.585407, 22.241969 ], [ 109.585027, 22.241849 ], [ 109.584532, 22.241377 ], [ 109.584178, 22.240918 ], [ 109.584101, 22.240705 ], [ 109.584129, 22.240511 ], [ 109.584111, 22.240283 ], [ 109.583785, 22.239492 ], [ 109.583665, 22.239335 ], [ 109.583581, 22.239011 ], [ 109.5834, 22.238791 ], [ 109.583176, 22.238669 ], [ 109.582899, 22.238458 ], [ 109.582621, 22.238109 ], [ 109.582316, 22.237428 ], [ 109.582091, 22.237133 ], [ 109.581985, 22.236913 ], [ 109.581762, 22.236266 ], [ 109.581512, 22.235813 ], [ 109.581449, 22.235558 ], [ 109.581244, 22.235083 ], [ 109.581138, 22.234905 ], [ 109.581144, 22.234753 ], [ 109.58162, 22.234223 ], [ 109.581908, 22.23413 ], [ 109.58204, 22.233956 ], [ 109.582598, 22.233411 ], [ 109.58281, 22.233132 ], [ 109.583096, 22.232874 ], [ 109.583244, 22.232844 ], [ 109.583438, 22.232877 ], [ 109.584042, 22.23316 ], [ 109.58419, 22.233186 ], [ 109.584383, 22.233095 ], [ 109.584722, 22.232414 ], [ 109.584801, 22.232178 ], [ 109.585344, 22.230998 ], [ 109.585503, 22.230727 ], [ 109.585746, 22.230607 ], [ 109.585915, 22.230453 ], [ 109.586295, 22.229924 ], [ 109.586256, 22.229766 ], [ 109.586029, 22.229353 ], [ 109.585949, 22.228836 ], [ 109.585961, 22.228628 ], [ 109.586064, 22.228544 ], [ 109.586772, 22.228185 ], [ 109.587404, 22.227729 ], [ 109.587594, 22.2275 ], [ 109.58772, 22.227394 ], [ 109.588081, 22.227266 ], [ 109.588354, 22.227111 ], [ 109.588829, 22.226595 ], [ 109.588958, 22.226214 ], [ 109.588941, 22.225979 ], [ 109.589038, 22.225673 ], [ 109.589037, 22.225391 ], [ 109.588901, 22.225219 ], [ 109.588559, 22.22496 ], [ 109.588236, 22.224501 ], [ 109.588143, 22.224218 ], [ 109.588053, 22.224061 ], [ 109.587842, 22.223834 ], [ 109.587646, 22.223546 ], [ 109.587436, 22.223327 ], [ 109.587309, 22.223246 ], [ 109.587205, 22.223233 ], [ 109.587035, 22.223304 ], [ 109.585961, 22.224138 ], [ 109.585791, 22.224208 ], [ 109.585591, 22.22419 ], [ 109.585387, 22.224127 ], [ 109.585036, 22.223745 ], [ 109.586932, 22.2215 ], [ 109.587625, 22.220129 ], [ 109.589862, 22.210493 ], [ 109.589116, 22.203378 ], [ 109.580987, 22.193514 ], [ 109.574084, 22.188237 ], [ 109.569644, 22.18411 ], [ 109.563733, 22.176082 ], [ 109.558576, 22.165531 ], [ 109.556114, 22.155897 ], [ 109.552917, 22.142591 ], [ 109.551227, 22.12837 ], [ 109.549996, 22.12126 ], [ 109.54977, 22.10887 ], [ 109.550272, 22.098775 ], [ 109.552256, 22.089365 ], [ 109.555712, 22.081102 ], [ 109.564101, 22.072609 ], [ 109.569024, 22.070312 ], [ 109.576185, 22.065494 ], [ 109.579394, 22.05907 ], [ 109.576939, 22.053105 ], [ 109.57595, 22.048514 ], [ 109.57941, 22.038652 ], [ 109.582051, 22.035563 ], [ 109.583888, 22.031589 ], [ 109.586289, 22.02331 ], [ 109.586701, 22.021886 ], [ 109.587156, 22.019955 ], [ 109.587453, 22.019128 ], [ 109.587795, 22.016351 ], [ 109.588301, 22.014163 ], [ 109.588797, 22.012861 ], [ 109.588904, 22.012897 ], [ 109.592128, 22.007094 ], [ 109.59414, 21.996094 ], [ 109.595287, 21.993442 ], [ 109.595355, 21.992863 ], [ 109.595055, 21.990458 ], [ 109.594909, 21.989285 ], [ 109.594863, 21.986991 ], [ 109.595124, 21.986192 ], [ 109.596021, 21.984618 ], [ 109.596239, 21.984072 ], [ 109.596267, 21.983646 ], [ 109.596169, 21.983391 ], [ 109.595913, 21.983136 ], [ 109.595336, 21.982939 ], [ 109.594733, 21.982387 ], [ 109.594008, 21.981161 ], [ 109.593891, 21.980633 ], [ 109.593912, 21.980112 ], [ 109.594238, 21.97861 ], [ 109.594477, 21.977659 ], [ 109.595088, 21.976206 ], [ 109.5958, 21.973907 ], [ 109.59597, 21.973154 ], [ 109.595909, 21.972364 ], [ 109.595975, 21.971372 ], [ 109.595761, 21.969892 ], [ 109.59554, 21.969472 ], [ 109.595406, 21.969216 ], [ 109.594709, 21.968671 ], [ 109.594301, 21.968558 ], [ 109.59331, 21.968707 ], [ 109.592007, 21.968786 ], [ 109.589087, 21.969241 ], [ 109.58827, 21.969522 ], [ 109.587629, 21.969939 ], [ 109.586948, 21.970534 ], [ 109.58557, 21.973078 ], [ 109.583884, 21.974937 ], [ 109.578594, 21.974837 ], [ 109.575327, 21.972936 ], [ 109.574663, 21.970414 ], [ 109.575001, 21.969732 ], [ 109.575131, 21.969213 ], [ 109.575612, 21.967983 ], [ 109.576842, 21.96564 ], [ 109.577429, 21.964291 ], [ 109.578409, 21.962717 ], [ 109.578677, 21.962114 ], [ 109.579409, 21.960003 ], [ 109.58049, 21.957443 ], [ 109.580812, 21.95597 ], [ 109.581433, 21.953134 ], [ 109.582839, 21.952227 ], [ 109.583609, 21.951513 ], [ 109.584565, 21.951065 ], [ 109.585666, 21.950774 ], [ 109.587536, 21.950343 ], [ 109.589915, 21.949831 ], [ 109.591868, 21.949305 ], [ 109.593886, 21.948626 ], [ 109.597061, 21.947872 ], [ 109.598152, 21.947151 ], [ 109.598476, 21.94656 ], [ 109.599046, 21.946051 ], [ 109.599789, 21.945683 ], [ 109.600419, 21.944266 ], [ 109.600631, 21.94248 ], [ 109.600489, 21.940451 ], [ 109.598765, 21.937465 ], [ 109.597256, 21.935723 ], [ 109.596126, 21.935107 ], [ 109.595294, 21.933918 ], [ 109.59492, 21.932338 ], [ 109.595533, 21.929377 ], [ 109.595318, 21.928104 ], [ 109.595471, 21.925773 ], [ 109.59508, 21.922588 ], [ 109.594608, 21.92107 ], [ 109.594522, 21.919918 ], [ 109.594776, 21.918762 ], [ 109.598746, 21.921365 ], [ 109.601661, 21.924094 ], [ 109.601959, 21.926969 ], [ 109.60318, 21.929121 ], [ 109.603476, 21.930048 ], [ 109.604171, 21.93087 ], [ 109.604952, 21.930999 ], [ 109.605476, 21.9307 ], [ 109.605925, 21.930192 ], [ 109.607127, 21.928436 ], [ 109.607045, 21.926825 ], [ 109.606769, 21.925089 ], [ 109.606877, 21.923997 ], [ 109.608066, 21.922306 ], [ 109.608469, 21.921064 ], [ 109.608401, 21.918053 ], [ 109.60794, 21.916371 ], [ 109.608119, 21.915786 ], [ 109.608436, 21.915236 ], [ 109.608692, 21.914171 ], [ 109.608254, 21.912943 ], [ 109.607128, 21.910794 ], [ 109.606852, 21.909761 ], [ 109.60762, 21.908842 ] ] ] } },
{ "type": "Feature", "properties": { "county_name": "灵山县" }, "geometry": { "type": "Polygon", "coordinates": [ [ [ 108.699111, 22.453308 ], [ 108.699859, 22.450161 ], [ 108.703217, 22.44756 ], [ 108.7054, 22.447488 ], [ 108.707671, 22.4488 ], [ 108.70761, 22.452198 ], [ 108.711576, 22.452772 ], [ 108.712046, 22.45222 ], [ 108.71282, 22.45193 ], [ 108.714054, 22.452068 ], [ 108.716672, 22.451594 ], [ 108.720124, 22.450585 ], [ 108.720915, 22.450916 ], [ 108.721629, 22.45624 ], [ 108.721272, 22.45719 ], [ 108.719186, 22.457652 ], [ 108.71656, 22.459962 ], [ 108.716151, 22.46091 ], [ 108.715751, 22.465605 ], [ 108.715473, 22.468894 ], [ 108.713343, 22.474759 ], [ 108.713221, 22.475345 ], [ 108.712264, 22.478133 ], [ 108.712839, 22.482452 ], [ 108.71063, 22.484543 ], [ 108.712187, 22.487329 ], [ 108.713657, 22.488629 ], [ 108.716961, 22.489423 ], [ 108.719596, 22.489464 ], [ 108.720004, 22.487155 ], [ 108.721004, 22.486666 ], [ 108.723561, 22.488309 ], [ 108.725951, 22.486504 ], [ 108.726569, 22.486498 ], [ 108.72709, 22.48843 ], [ 108.730897, 22.486769 ], [ 108.73181, 22.486536 ], [ 108.732792, 22.486467 ], [ 108.733966, 22.486386 ], [ 108.736573, 22.487809 ], [ 108.739745, 22.489766 ], [ 108.740666, 22.494384 ], [ 108.7421, 22.496742 ], [ 108.743474, 22.497467 ], [ 108.745027, 22.495899 ], [ 108.745279, 22.494521 ], [ 108.746304, 22.494643 ], [ 108.747929, 22.50019 ], [ 108.74872, 22.503804 ], [ 108.748998, 22.504177 ], [ 108.749111, 22.504683 ], [ 108.746296, 22.505828 ], [ 108.746435, 22.507666 ], [ 108.749519, 22.507949 ], [ 108.755094, 22.507628 ], [ 108.755477, 22.505879 ], [ 108.756441, 22.504779 ], [ 108.760296, 22.50475 ], [ 108.762944, 22.505504 ], [ 108.766025, 22.506184 ], [ 108.767319, 22.507041 ], [ 108.769263, 22.510684 ], [ 108.769532, 22.512259 ], [ 108.771329, 22.512846 ], [ 108.772717, 22.511823 ], [ 108.77506, 22.5101 ], [ 108.776596, 22.510359 ], [ 108.775676, 22.513904 ], [ 108.776934, 22.514381 ], [ 108.778947, 22.515653 ], [ 108.781594, 22.518491 ], [ 108.782687, 22.520912 ], [ 108.781923, 22.522345 ], [ 108.780621, 22.522689 ], [ 108.780076, 22.523213 ], [ 108.782739, 22.527166 ], [ 108.784466, 22.527336 ], [ 108.788082, 22.525081 ], [ 108.791413, 22.52608 ], [ 108.79561, 22.526055 ], [ 108.797249, 22.526228 ], [ 108.801359, 22.525567 ], [ 108.802616, 22.525491 ], [ 108.805078, 22.52433 ], [ 108.807399, 22.523221 ], [ 108.811545, 22.524142 ], [ 108.815125, 22.527983 ], [ 108.815091, 22.529556 ], [ 108.81822, 22.532222 ], [ 108.82076, 22.533848 ], [ 108.822094, 22.532584 ], [ 108.822606, 22.531238 ], [ 108.825873, 22.5304 ], [ 108.827243, 22.530018 ], [ 108.82791, 22.53154 ], [ 108.830727, 22.535307 ], [ 108.831663, 22.535702 ], [ 108.834194, 22.534962 ], [ 108.835477, 22.534816 ], [ 108.837479, 22.53897 ], [ 108.842194, 22.541618 ], [ 108.843581, 22.539934 ], [ 108.845462, 22.540034 ], [ 108.846589, 22.53949 ], [ 108.849726, 22.535699 ], [ 108.851746, 22.532694 ], [ 108.852795, 22.531353 ], [ 108.855543, 22.530906 ], [ 108.856497, 22.530281 ], [ 108.856947, 22.528611 ], [ 108.855786, 22.526921 ], [ 108.855829, 22.52635 ], [ 108.855968, 22.526096 ], [ 108.857805, 22.524368 ], [ 108.860857, 22.522431 ], [ 108.862279, 22.52191 ], [ 108.864551, 22.520624 ], [ 108.866806, 22.519991 ], [ 108.870951, 22.519424 ], [ 108.872356, 22.518502 ], [ 108.872694, 22.517312 ], [ 108.872217, 22.516308 ], [ 108.870803, 22.515257 ], [ 108.871228, 22.51375 ], [ 108.873101, 22.512177 ], [ 108.875599, 22.512447 ], [ 108.880891, 22.511196 ], [ 108.884171, 22.511175 ], [ 108.888223, 22.510927 ], [ 108.891009, 22.510853 ], [ 108.8964, 22.510851 ], [ 108.902434, 22.511465 ], [ 108.905127, 22.512516 ], [ 108.906786, 22.513883 ], [ 108.909252, 22.515919 ], [ 108.911894, 22.516078 ], [ 108.912893, 22.516358 ], [ 108.914448, 22.515779 ], [ 108.916742, 22.513343 ], [ 108.918132, 22.512339 ], [ 108.918593, 22.512263 ], [ 108.920192, 22.515758 ], [ 108.922522, 22.516888 ], [ 108.926016, 22.518469 ], [ 108.927599, 22.520441 ], [ 108.930181, 22.522612 ], [ 108.931443, 22.524482 ], [ 108.932347, 22.524854 ], [ 108.935817, 22.525501 ], [ 108.937365, 22.525403 ], [ 108.937826, 22.524692 ], [ 108.938026, 22.524395 ], [ 108.938426, 22.523026 ], [ 108.939009, 22.522914 ], [ 108.941515, 22.523907 ], [ 108.944082, 22.52484 ], [ 108.945422, 22.525274 ], [ 108.945944, 22.525443 ], [ 108.948032, 22.524667 ], [ 108.950347, 22.521833 ], [ 108.953907, 22.519783 ], [ 108.955352, 22.518212 ], [ 108.957311, 22.517708 ], [ 108.960607, 22.518639 ], [ 108.96304, 22.518433 ], [ 108.963432, 22.520125 ], [ 108.963684, 22.521204 ], [ 108.965243, 22.524417 ], [ 108.968082, 22.526267 ], [ 108.967569, 22.530192 ], [ 108.969964, 22.533345 ], [ 108.970861, 22.533479 ], [ 108.973936, 22.532422 ], [ 108.974807, 22.532732 ], [ 108.977089, 22.537429 ], [ 108.978013, 22.538568 ], [ 108.977952, 22.542568 ], [ 108.979886, 22.543344 ], [ 108.983345, 22.542333 ], [ 108.984172, 22.541155 ], [ 108.984521, 22.540653 ], [ 108.987526, 22.539103 ], [ 108.991447, 22.539872 ], [ 108.995586, 22.538817 ], [ 108.996797, 22.537245 ], [ 108.997999, 22.531957 ], [ 108.999385, 22.530099 ], [ 109.000605, 22.529239 ], [ 109.001537, 22.527929 ], [ 109.0045, 22.527803 ], [ 109.005406, 22.527945 ], [ 109.006042, 22.529401 ], [ 109.0087, 22.528148 ], [ 109.009327, 22.524348 ], [ 109.009161, 22.518548 ], [ 109.008691, 22.517084 ], [ 109.008682, 22.514228 ], [ 109.009283, 22.512943 ], [ 109.011278, 22.511654 ], [ 109.014659, 22.510359 ], [ 109.01635, 22.510212 ], [ 109.019434, 22.510491 ], [ 109.023651, 22.510433 ], [ 109.024766, 22.509633 ], [ 109.026552, 22.508354 ], [ 109.028843, 22.508601 ], [ 109.030368, 22.509321 ], [ 109.031492, 22.50899 ], [ 109.031161, 22.50736 ], [ 109.032432, 22.506634 ], [ 109.034384, 22.506663 ], [ 109.035742, 22.507736 ], [ 109.038356, 22.507303 ], [ 109.041282, 22.507292 ], [ 109.043589, 22.50814 ], [ 109.046071, 22.510418 ], [ 109.046368, 22.511756 ], [ 109.045149, 22.512335 ], [ 109.044704, 22.513124 ], [ 109.045802, 22.515704 ], [ 109.045837, 22.518402 ], [ 109.046263, 22.518726 ], [ 109.048249, 22.518412 ], [ 109.053829, 22.521087 ], [ 109.054691, 22.520978 ], [ 109.055361, 22.519812 ], [ 109.057163, 22.519588 ], [ 109.059086, 22.520016 ], [ 109.063238, 22.520523 ], [ 109.067788, 22.520741 ], [ 109.069998, 22.520458 ], [ 109.073399, 22.518726 ], [ 109.076486, 22.517747 ], [ 109.0792, 22.522259 ], [ 109.080747, 22.521966 ], [ 109.083833, 22.518377 ], [ 109.084755, 22.51637 ], [ 109.088701, 22.512801 ], [ 109.093072, 22.511579 ], [ 109.096287, 22.510664 ], [ 109.100978, 22.511145 ], [ 109.103367, 22.511809 ], [ 109.104965, 22.512024 ], [ 109.107709, 22.512392 ], [ 109.113187, 22.513091 ], [ 109.115792, 22.515566 ], [ 109.117493, 22.516329 ], [ 109.120409, 22.51443 ], [ 109.122674, 22.514522 ], [ 109.125009, 22.515501 ], [ 109.126571, 22.51663 ], [ 109.130154, 22.51703 ], [ 109.134543, 22.516369 ], [ 109.135714, 22.514033 ], [ 109.136408, 22.513615 ], [ 109.138715, 22.514632 ], [ 109.141134, 22.512363 ], [ 109.14129, 22.511933 ], [ 109.142218, 22.511498 ], [ 109.145123, 22.511259 ], [ 109.147846, 22.512881 ], [ 109.150517, 22.515105 ], [ 109.152034, 22.515836 ], [ 109.155242, 22.516006 ], [ 109.161483, 22.518009 ], [ 109.168505, 22.518825 ], [ 109.172951, 22.519657 ], [ 109.173411, 22.520081 ], [ 109.173593, 22.524936 ], [ 109.173299, 22.526366 ], [ 109.171626, 22.527237 ], [ 109.169476, 22.526968 ], [ 109.168549, 22.527118 ], [ 109.167179, 22.527986 ], [ 109.165359, 22.530286 ], [ 109.164518, 22.533881 ], [ 109.164553, 22.536212 ], [ 109.163054, 22.537792 ], [ 109.159742, 22.537336 ], [ 109.158693, 22.536834 ], [ 109.156335, 22.535706 ], [ 109.153813, 22.536852 ], [ 109.153058, 22.539792 ], [ 109.152789, 22.540868 ], [ 109.153102, 22.543481 ], [ 109.153249, 22.544711 ], [ 109.157403, 22.550384 ], [ 109.162491, 22.553834 ], [ 109.163757, 22.553422 ], [ 109.164519, 22.549039 ], [ 109.164623, 22.548435 ], [ 109.165455, 22.545892 ], [ 109.167206, 22.543464 ], [ 109.169832, 22.54349 ], [ 109.171878, 22.544146 ], [ 109.171601, 22.545277 ], [ 109.171272, 22.546586 ], [ 109.171712, 22.547105 ], [ 109.175042, 22.546408 ], [ 109.17668, 22.544851 ], [ 109.178188, 22.543978 ], [ 109.179445, 22.542094 ], [ 109.181716, 22.542964 ], [ 109.182721, 22.543924 ], [ 109.183632, 22.54479 ], [ 109.18579, 22.546086 ], [ 109.188191, 22.546108 ], [ 109.191866, 22.544124 ], [ 109.195316, 22.540037 ], [ 109.197544, 22.538332 ], [ 109.197509, 22.532379 ], [ 109.197405, 22.531637 ], [ 109.194908, 22.530018 ], [ 109.192281, 22.527203 ], [ 109.191995, 22.525566 ], [ 109.19079, 22.525173 ], [ 109.189212, 22.522808 ], [ 109.187652, 22.521649 ], [ 109.183778, 22.520978 ], [ 109.182659, 22.518946 ], [ 109.182676, 22.517459 ], [ 109.186898, 22.517923 ], [ 109.189411, 22.517842 ], [ 109.19079, 22.517216 ], [ 109.190469, 22.515513 ], [ 109.190382, 22.513812 ], [ 109.195835, 22.515775 ], [ 109.19613, 22.516321 ], [ 109.198193, 22.516064 ], [ 109.198245, 22.512079 ], [ 109.199779, 22.512333 ], [ 109.202007, 22.512913 ], [ 109.203854, 22.515879 ], [ 109.205476, 22.517654 ], [ 109.209092, 22.516793 ], [ 109.213141, 22.516987 ], [ 109.214156, 22.517346 ], [ 109.214806, 22.518903 ], [ 109.216047, 22.520297 ], [ 109.216714, 22.519549 ], [ 109.217556, 22.518613 ], [ 109.219143, 22.516067 ], [ 109.221164, 22.513876 ], [ 109.222639, 22.513828 ], [ 109.224886, 22.516526 ], [ 109.228747, 22.519638 ], [ 109.229631, 22.520417 ], [ 109.230352, 22.519702 ], [ 109.230734, 22.51948 ], [ 109.230733, 22.518766 ], [ 109.230577, 22.516958 ], [ 109.228677, 22.515523 ], [ 109.227939, 22.514361 ], [ 109.228087, 22.512931 ], [ 109.229119, 22.510851 ], [ 109.229405, 22.507682 ], [ 109.228711, 22.506417 ], [ 109.231314, 22.504173 ], [ 109.232095, 22.503823 ], [ 109.235011, 22.507196 ], [ 109.237094, 22.509091 ], [ 109.241651, 22.510202 ], [ 109.247494, 22.510004 ], [ 109.250177, 22.509912 ], [ 109.25352, 22.507822 ], [ 109.254276, 22.506416 ], [ 109.255396, 22.504337 ], [ 109.260634, 22.496955 ], [ 109.263639, 22.494864 ], [ 109.262805, 22.488742 ], [ 109.262379, 22.485712 ], [ 109.263543, 22.484341 ], [ 109.26555, 22.484585 ], [ 109.27259, 22.489864 ], [ 109.274293, 22.492144 ], [ 109.278249, 22.495561 ], [ 109.281839, 22.497535 ], [ 109.284639, 22.498514 ], [ 109.2881, 22.501489 ], [ 109.291413, 22.505276 ], [ 109.295658, 22.508522 ], [ 109.298502, 22.509952 ], [ 109.299059, 22.509979 ], [ 109.302043, 22.509623 ], [ 109.304035, 22.507345 ], [ 109.309994, 22.50795 ], [ 109.314093, 22.509914 ], [ 109.31706, 22.51112 ], [ 109.317495, 22.514434 ], [ 109.31793, 22.514991 ], [ 109.321342, 22.522536 ], [ 109.317348, 22.525576 ], [ 109.313807, 22.529719 ], [ 109.310779, 22.53032 ], [ 109.307212, 22.531486 ], [ 109.305054, 22.533216 ], [ 109.302845, 22.537503 ], [ 109.30114, 22.538648 ], [ 109.298478, 22.540439 ], [ 109.295442, 22.539827 ], [ 109.294503, 22.540364 ], [ 109.292268, 22.541639 ], [ 109.292251, 22.543232 ], [ 109.295243, 22.546709 ], [ 109.292764, 22.54844 ], [ 109.292799, 22.554825 ], [ 109.291216, 22.555999 ], [ 109.290216, 22.557597 ], [ 109.289764, 22.559602 ], [ 109.290104, 22.561886 ], [ 109.291852, 22.566298 ], [ 109.292026, 22.56787 ], [ 109.293609, 22.570426 ], [ 109.294392, 22.571137 ], [ 109.297523, 22.572687 ], [ 109.300124, 22.57449 ], [ 109.302847, 22.575395 ], [ 109.304552, 22.577659 ], [ 109.306727, 22.584345 ], [ 109.30685, 22.586214 ], [ 109.309999, 22.587146 ], [ 109.313627, 22.590421 ], [ 109.316282, 22.592399 ], [ 109.321546, 22.596832 ], [ 109.324157, 22.601249 ], [ 109.324062, 22.604566 ], [ 109.324636, 22.607833 ], [ 109.328222, 22.608391 ], [ 109.331502, 22.609409 ], [ 109.337142, 22.614649 ], [ 109.337768, 22.615501 ], [ 109.338264, 22.617922 ], [ 109.339361, 22.618911 ], [ 109.341693, 22.619467 ], [ 109.343103, 22.620455 ], [ 109.346723, 22.625135 ], [ 109.348586, 22.625266 ], [ 109.349969, 22.623973 ], [ 109.350995, 22.623823 ], [ 109.351779, 22.624529 ], [ 109.351927, 22.625101 ], [ 109.351326, 22.626387 ], [ 109.351648, 22.628098 ], [ 109.353658, 22.628657 ], [ 109.359679, 22.628196 ], [ 109.367072, 22.626725 ], [ 109.368316, 22.627002 ], [ 109.371117, 22.630407 ], [ 109.373465, 22.635672 ], [ 109.374247, 22.636378 ], [ 109.379352, 22.638631 ], [ 109.382291, 22.639751 ], [ 109.383533, 22.639887 ], [ 109.386923, 22.639007 ], [ 109.388461, 22.637767 ], [ 109.389113, 22.636562 ], [ 109.389937, 22.635823 ], [ 109.390232, 22.635358 ], [ 109.390211, 22.634894 ], [ 109.389831, 22.63426 ], [ 109.38943, 22.633373 ], [ 109.389451, 22.632275 ], [ 109.389684, 22.632085 ], [ 109.390211, 22.632085 ], [ 109.391394, 22.631621 ], [ 109.391985, 22.631578 ], [ 109.392196, 22.631853 ], [ 109.392154, 22.632402 ], [ 109.39245, 22.632719 ], [ 109.392724, 22.632655 ], [ 109.393738, 22.632022 ], [ 109.394308, 22.631853 ], [ 109.394857, 22.631832 ], [ 109.395618, 22.631997 ], [ 109.396734, 22.631097 ], [ 109.398106, 22.629233 ], [ 109.399644, 22.628224 ], [ 109.401798, 22.627637 ], [ 109.403961, 22.628049 ], [ 109.406445, 22.630311 ], [ 109.408633, 22.63386 ], [ 109.410483, 22.634845 ], [ 109.412479, 22.634402 ], [ 109.416151, 22.63052 ], [ 109.417227, 22.630083 ], [ 109.419866, 22.63263 ], [ 109.427866, 22.634139 ], [ 109.428958, 22.631616 ], [ 109.431396, 22.631778 ], [ 109.437041, 22.631402 ], [ 109.439573, 22.632885 ], [ 109.440709, 22.630724 ], [ 109.439547, 22.625753 ], [ 109.438699, 22.622459 ], [ 109.438288, 22.622318 ], [ 109.43801, 22.622268 ], [ 109.437764, 22.622076 ], [ 109.437855, 22.621366 ], [ 109.437799, 22.621041 ], [ 109.437372, 22.620619 ], [ 109.436836, 22.620266 ], [ 109.436741, 22.620087 ], [ 109.436752, 22.619009 ], [ 109.436494, 22.618406 ], [ 109.436371, 22.617889 ], [ 109.436971, 22.617591 ], [ 109.437291, 22.616839 ], [ 109.437048, 22.615695 ], [ 109.437292, 22.615712 ], [ 109.437874, 22.615426 ], [ 109.438259, 22.61542 ], [ 109.438408, 22.615329 ], [ 109.438308, 22.614294 ], [ 109.438018, 22.613693 ], [ 109.438059, 22.613264 ], [ 109.438064, 22.613043 ], [ 109.438144, 22.612708 ], [ 109.438327, 22.612467 ], [ 109.438946, 22.612199 ], [ 109.439158, 22.611838 ], [ 109.439449, 22.611729 ], [ 109.439657, 22.611283 ], [ 109.440128, 22.61123 ], [ 109.440234, 22.610478 ], [ 109.440527, 22.610085 ], [ 109.440786, 22.609992 ], [ 109.441082, 22.609994 ], [ 109.441324, 22.610089 ], [ 109.442026, 22.610668 ], [ 109.442395, 22.611429 ], [ 109.442482, 22.611876 ], [ 109.442639, 22.611878 ], [ 109.44272, 22.611751 ], [ 109.442558, 22.610895 ], [ 109.442693, 22.610602 ], [ 109.442894, 22.610525 ], [ 109.443461, 22.610551 ], [ 109.443949, 22.610757 ], [ 109.444118, 22.610728 ], [ 109.444418, 22.61046 ], [ 109.445194, 22.610294 ], [ 109.445687, 22.610743 ], [ 109.446692, 22.610772 ], [ 109.447511, 22.611259 ], [ 109.447373, 22.611521 ], [ 109.448379, 22.614864 ], [ 109.446784, 22.619008 ], [ 109.447816, 22.622136 ], [ 109.446109, 22.625525 ], [ 109.450312, 22.63066 ], [ 109.456794, 22.631469 ], [ 109.459756, 22.631014 ], [ 109.464191, 22.629488 ], [ 109.467266, 22.631256 ], [ 109.472271, 22.633093 ], [ 109.473163, 22.634773 ], [ 109.474142, 22.638773 ], [ 109.475977, 22.640958 ], [ 109.477276, 22.642509 ], [ 109.478549, 22.64341 ], [ 109.483839, 22.645494 ], [ 109.487301, 22.646941 ], [ 109.48963, 22.651004 ], [ 109.491647, 22.65212 ], [ 109.493187, 22.651388 ], [ 109.499194, 22.647162 ], [ 109.504776, 22.644117 ], [ 109.505451, 22.643661 ], [ 109.50584, 22.643391 ], [ 109.506429, 22.642866 ], [ 109.506593, 22.642768 ], [ 109.507078, 22.642545 ], [ 109.507606, 22.642306 ], [ 109.508004, 22.642084 ], [ 109.508956, 22.641506 ], [ 109.509285, 22.641262 ], [ 109.509562, 22.641018 ], [ 109.510185, 22.640397 ], [ 109.510583, 22.640003 ], [ 109.510998, 22.639514 ], [ 109.511544, 22.639034 ], [ 109.512227, 22.638507 ], [ 109.512885, 22.638052 ], [ 109.513153, 22.637947 ], [ 109.513422, 22.637889 ], [ 109.513906, 22.637879 ], [ 109.514616, 22.637886 ], [ 109.515049, 22.637756 ], [ 109.515655, 22.637538 ], [ 109.515992, 22.637335 ], [ 109.516598, 22.63676 ], [ 109.517429, 22.635802 ], [ 109.517533, 22.635691 ], [ 109.517637, 22.635626 ], [ 109.517801, 22.635528 ], [ 109.517957, 22.635532 ], [ 109.518563, 22.635226 ], [ 109.519091, 22.634907 ], [ 109.519584, 22.634554 ], [ 109.520025, 22.634062 ], [ 109.520423, 22.633378 ], [ 109.520597, 22.632967 ], [ 109.520709, 22.632626 ], [ 109.520709, 22.632266 ], [ 109.520666, 22.631699 ], [ 109.52057, 22.631129 ], [ 109.520164, 22.629912 ], [ 109.519852, 22.629127 ], [ 109.519514, 22.628232 ], [ 109.519064, 22.627489 ], [ 109.519029, 22.627419 ], [ 109.518753, 22.626215 ], [ 109.518856, 22.624969 ], [ 109.518631, 22.623284 ], [ 109.517488, 22.621157 ], [ 109.517384, 22.620947 ], [ 109.517315, 22.620251 ], [ 109.517237, 22.619891 ], [ 109.51722, 22.619811 ], [ 109.517229, 22.619229 ], [ 109.517307, 22.618634 ], [ 109.517281, 22.618302 ], [ 109.517159, 22.618111 ], [ 109.516978, 22.617964 ], [ 109.516692, 22.617785 ], [ 109.516147, 22.617604 ], [ 109.515896, 22.617479 ], [ 109.515584, 22.617237 ], [ 109.515437, 22.616996 ], [ 109.515368, 22.616734 ], [ 109.51529, 22.616515 ], [ 109.515221, 22.616474 ], [ 109.514537, 22.614694 ], [ 109.514467, 22.614456 ], [ 109.514061, 22.61302 ], [ 109.513931, 22.612719 ], [ 109.513862, 22.612349 ], [ 109.513861, 22.611783 ], [ 109.513931, 22.611438 ], [ 109.514095, 22.610878 ], [ 109.514433, 22.60983 ], [ 109.514831, 22.608791 ], [ 109.515168, 22.607885 ], [ 109.515174, 22.607862 ], [ 109.514102, 22.605339 ], [ 109.513074, 22.605239 ], [ 109.512473, 22.605494 ], [ 109.51123, 22.606444 ], [ 109.509584, 22.607366 ], [ 109.507293, 22.607947 ], [ 109.506365, 22.607835 ], [ 109.505726, 22.607876 ], [ 109.50549, 22.607974 ], [ 109.504768, 22.608636 ], [ 109.504171, 22.608623 ], [ 109.503438, 22.609039 ], [ 109.499332, 22.608769 ], [ 109.49943, 22.607726 ], [ 109.500459, 22.606683 ], [ 109.502576, 22.602657 ], [ 109.503208, 22.599921 ], [ 109.504767, 22.598166 ], [ 109.50552, 22.597615 ], [ 109.506037, 22.597366 ], [ 109.507247, 22.597176 ], [ 109.507909, 22.597224 ], [ 109.515506, 22.593965 ], [ 109.516222, 22.593892 ], [ 109.517173, 22.593309 ], [ 109.517827, 22.59281 ], [ 109.518801, 22.591735 ], [ 109.519521, 22.590144 ], [ 109.520508, 22.588943 ], [ 109.521951, 22.587717 ], [ 109.522422, 22.58688 ], [ 109.522734, 22.5866 ], [ 109.524111, 22.584877 ], [ 109.525283, 22.584065 ], [ 109.525861, 22.583986 ], [ 109.527481, 22.584097 ], [ 109.528166, 22.58403 ], [ 109.528646, 22.583818 ], [ 109.529286, 22.583163 ], [ 109.535829, 22.582369 ], [ 109.536896, 22.58235 ], [ 109.53833, 22.582847 ], [ 109.539501, 22.583092 ], [ 109.542327, 22.582928 ], [ 109.542936, 22.582689 ], [ 109.549469, 22.579214 ], [ 109.554739, 22.57207 ], [ 109.553361, 22.569864 ], [ 109.552094, 22.569807 ], [ 109.550145, 22.571288 ], [ 109.550003, 22.570371 ], [ 109.549551, 22.569144 ], [ 109.548873, 22.567914 ], [ 109.548759, 22.56701 ], [ 109.548561, 22.566479 ], [ 109.548409, 22.566272 ], [ 109.547761, 22.565805 ], [ 109.546787, 22.565304 ], [ 109.546224, 22.564467 ], [ 109.546098, 22.563834 ], [ 109.546386, 22.563069 ], [ 109.547032, 22.562446 ], [ 109.547487, 22.562176 ], [ 109.547639, 22.561994 ], [ 109.547656, 22.561748 ], [ 109.549185, 22.560521 ], [ 109.550868, 22.559831 ], [ 109.553661, 22.560945 ], [ 109.554994, 22.561106 ], [ 109.557316, 22.561104 ], [ 109.558611, 22.560851 ], [ 109.559177, 22.560991 ], [ 109.562951, 22.559901 ], [ 109.565299, 22.558972 ], [ 109.567279, 22.557592 ], [ 109.567515, 22.557298 ], [ 109.567629, 22.556944 ], [ 109.567599, 22.556664 ], [ 109.566639, 22.555729 ], [ 109.566022, 22.554664 ], [ 109.565961, 22.554155 ], [ 109.566044, 22.552837 ], [ 109.566187, 22.552584 ], [ 109.567292, 22.551761 ], [ 109.568748, 22.551465 ], [ 109.569267, 22.551862 ], [ 109.569762, 22.551901 ], [ 109.573525, 22.551384 ], [ 109.5753, 22.551341 ], [ 109.575973, 22.551098 ], [ 109.576636, 22.550489 ], [ 109.576572, 22.549306 ], [ 109.57444, 22.545301 ], [ 109.573846, 22.544849 ], [ 109.564759, 22.539894 ], [ 109.563949, 22.539364 ], [ 109.561801, 22.538419 ], [ 109.559996, 22.538031 ], [ 109.558841, 22.537382 ], [ 109.557558, 22.536797 ], [ 109.553276, 22.534388 ], [ 109.552175, 22.534259 ], [ 109.551566, 22.534056 ], [ 109.550767, 22.53373 ], [ 109.549853, 22.533017 ], [ 109.549381, 22.532074 ], [ 109.548981, 22.531754 ], [ 109.547452, 22.528987 ], [ 109.546845, 22.528144 ], [ 109.545985, 22.527388 ], [ 109.54508, 22.525405 ], [ 109.545026, 22.524949 ], [ 109.544806, 22.524507 ], [ 109.544615, 22.523799 ], [ 109.544632, 22.523147 ], [ 109.544339, 22.521466 ], [ 109.541714, 22.518903 ], [ 109.531106, 22.504462 ], [ 109.526665, 22.497356 ], [ 109.519532, 22.486353 ], [ 109.511898, 22.475813 ], [ 109.502766, 22.465733 ], [ 109.49044, 22.454049 ], [ 109.486502, 22.448779 ], [ 109.482814, 22.445571 ], [ 109.478138, 22.433187 ], [ 109.482102, 22.421254 ], [ 109.488767, 22.411837 ], [ 109.489771, 22.40243 ], [ 109.485096, 22.389359 ], [ 109.482143, 22.382481 ], [ 109.475979, 22.380883 ], [ 109.472274, 22.384788 ], [ 109.463865, 22.393282 ], [ 109.454735, 22.397416 ], [ 109.448079, 22.390764 ], [ 109.446857, 22.379981 ], [ 109.447359, 22.375854 ], [ 109.447627, 22.365987 ], [ 109.443189, 22.360254 ], [ 109.437762, 22.356579 ], [ 109.428621, 22.355197 ], [ 109.418243, 22.354038 ], [ 109.407626, 22.350348 ], [ 109.398984, 22.340466 ], [ 109.398269, 22.334477 ], [ 109.398314, 22.334241 ], [ 109.398918, 22.3338 ], [ 109.401346, 22.330341 ], [ 109.401621, 22.326613 ], [ 109.40114, 22.324756 ], [ 109.40026, 22.323402 ], [ 109.397195, 22.322116 ], [ 109.394137, 22.319534 ], [ 109.392211, 22.315829 ], [ 109.390865, 22.313477 ], [ 109.38918, 22.311403 ], [ 109.387667, 22.310205 ], [ 109.388053, 22.309672 ], [ 109.389431, 22.308892 ], [ 109.392041, 22.310622 ], [ 109.393391, 22.311085 ], [ 109.394688, 22.310142 ], [ 109.393106, 22.306061 ], [ 109.391181, 22.301898 ], [ 109.389561, 22.301003 ], [ 109.384262, 22.299432 ], [ 109.382788, 22.300851 ], [ 109.38141, 22.301463 ], [ 109.379734, 22.301115 ], [ 109.376515, 22.293982 ], [ 109.37204, 22.290938 ], [ 109.368671, 22.289054 ], [ 109.364401, 22.294567 ], [ 109.363603, 22.294291 ], [ 109.359194, 22.28967 ], [ 109.358562, 22.285859 ], [ 109.351466, 22.281686 ], [ 109.34586, 22.279274 ], [ 109.339585, 22.273073 ], [ 109.340404, 22.271596 ], [ 109.343621, 22.270572 ], [ 109.347473, 22.269029 ], [ 109.34761, 22.266723 ], [ 109.348824, 22.262017 ], [ 109.348155, 22.260495 ], [ 109.346034, 22.258396 ], [ 109.345277, 22.257033 ], [ 109.341484, 22.258341 ], [ 109.338575, 22.258642 ], [ 109.332433, 22.255059 ], [ 109.332229, 22.252931 ], [ 109.335385, 22.249687 ], [ 109.332068, 22.244635 ], [ 109.331776, 22.24381 ], [ 109.325441, 22.243056 ], [ 109.322426, 22.239901 ], [ 109.31694, 22.239268 ], [ 109.316503, 22.237564 ], [ 109.317308, 22.234031 ], [ 109.319603, 22.233493 ], [ 109.326075, 22.232733 ], [ 109.32628, 22.231832 ], [ 109.326056, 22.231274 ], [ 109.323223, 22.229812 ], [ 109.321224, 22.22949 ], [ 109.319111, 22.229293 ], [ 109.316177, 22.227456 ], [ 109.311602, 22.227259 ], [ 109.309366, 22.228987 ], [ 109.307309, 22.229048 ], [ 109.304003, 22.224899 ], [ 109.303117, 22.222481 ], [ 109.304517, 22.220231 ], [ 109.306393, 22.216429 ], [ 109.311271, 22.216772 ], [ 109.310903, 22.219083 ], [ 109.311343, 22.223431 ], [ 109.313018, 22.223734 ], [ 109.314091, 22.223322 ], [ 109.313811, 22.221193 ], [ 109.31381, 22.217857 ], [ 109.313248, 22.215941 ], [ 109.307769, 22.209842 ], [ 109.303955, 22.213088 ], [ 109.302233, 22.213599 ], [ 109.300644, 22.212518 ], [ 109.298642, 22.207819 ], [ 109.293013, 22.202231 ], [ 109.286247, 22.201396 ], [ 109.284645, 22.199362 ], [ 109.280264, 22.194373 ], [ 109.276059, 22.192465 ], [ 109.278886, 22.188405 ], [ 109.275654, 22.186856 ], [ 109.271769, 22.18889 ], [ 109.264742, 22.187803 ], [ 109.26341, 22.186026 ], [ 109.263248, 22.17721 ], [ 109.265175, 22.168753 ], [ 109.269932, 22.167495 ], [ 109.269563, 22.16447 ], [ 109.26736, 22.161989 ], [ 109.262487, 22.162199 ], [ 109.254882, 22.157196 ], [ 109.252264, 22.156935 ], [ 109.249501, 22.157824 ], [ 109.248103, 22.159891 ], [ 109.243602, 22.158423 ], [ 109.240115, 22.157107 ], [ 109.23914, 22.155949 ], [ 109.236726, 22.148814 ], [ 109.240172, 22.147178 ], [ 109.245381, 22.149204 ], [ 109.254429, 22.139949 ], [ 109.256383, 22.136489 ], [ 109.256304, 22.128219 ], [ 109.259222, 22.122918 ], [ 109.274237, 22.115923 ], [ 109.275942, 22.111992 ], [ 109.277864, 22.111032 ], [ 109.278045, 22.11038 ], [ 109.277859, 22.108588 ], [ 109.279244, 22.107089 ], [ 109.280038, 22.106256 ], [ 109.280932, 22.104157 ], [ 109.281318, 22.102631 ], [ 109.281528, 22.1018 ], [ 109.281811, 22.098863 ], [ 109.281528, 22.097216 ], [ 109.28005, 22.095637 ], [ 109.279495, 22.094635 ], [ 109.279774, 22.093914 ], [ 109.283259, 22.092277 ], [ 109.284851, 22.091529 ], [ 109.285083, 22.09142 ], [ 109.285251, 22.09129 ], [ 109.286471, 22.090344 ], [ 109.286668, 22.089624 ], [ 109.286306, 22.08921 ], [ 109.28494, 22.089197 ], [ 109.28447, 22.089325 ], [ 109.28271, 22.089802 ], [ 109.281793, 22.089891 ], [ 109.280748, 22.089527 ], [ 109.280443, 22.089038 ], [ 109.280472, 22.088599 ], [ 109.281286, 22.086891 ], [ 109.281616, 22.085691 ], [ 109.281662, 22.085522 ], [ 109.281686, 22.085436 ], [ 109.281736, 22.085255 ], [ 109.282034, 22.08417 ], [ 109.282516, 22.083728 ], [ 109.283278, 22.083353 ], [ 109.283197, 22.082596 ], [ 109.281571, 22.081609 ], [ 109.280022, 22.079342 ], [ 109.278963, 22.078752 ], [ 109.275956, 22.078939 ], [ 109.275426, 22.078784 ], [ 109.274792, 22.077949 ], [ 109.274669, 22.077521 ], [ 109.277951, 22.075779 ], [ 109.278571, 22.075042 ], [ 109.278539, 22.074217 ], [ 109.277671, 22.073535 ], [ 109.276509, 22.071652 ], [ 109.275332, 22.068899 ], [ 109.271812, 22.067955 ], [ 109.271135, 22.066735 ], [ 109.27128, 22.065682 ], [ 109.271848, 22.064642 ], [ 109.274372, 22.06237 ], [ 109.274577, 22.060587 ], [ 109.274212, 22.059752 ], [ 109.273665, 22.058878 ], [ 109.273181, 22.05765 ], [ 109.272706, 22.055917 ], [ 109.272706, 22.055339 ], [ 109.272919, 22.0547 ], [ 109.273289, 22.054317 ], [ 109.273422, 22.05424 ], [ 109.2751, 22.053907 ], [ 109.275552, 22.053593 ], [ 109.275591, 22.053104 ], [ 109.275529, 22.052881 ], [ 109.274957, 22.052437 ], [ 109.273948, 22.051929 ], [ 109.273527, 22.051804 ], [ 109.273077, 22.05181 ], [ 109.272388, 22.051696 ], [ 109.271655, 22.051519 ], [ 109.271111, 22.051261 ], [ 109.270497, 22.050719 ], [ 109.270152, 22.050254 ], [ 109.269836, 22.049657 ], [ 109.269682, 22.049132 ], [ 109.270083, 22.047662 ], [ 109.271421, 22.045347 ], [ 109.271475, 22.04494 ], [ 109.270965, 22.044579 ], [ 109.270268, 22.04512 ], [ 109.269035, 22.046319 ], [ 109.267851, 22.046563 ], [ 109.266847, 22.046323 ], [ 109.265839, 22.045698 ], [ 109.265477, 22.045111 ], [ 109.265653, 22.044103 ], [ 109.266204, 22.043434 ], [ 109.26654, 22.042752 ], [ 109.266615, 22.041631 ], [ 109.266432, 22.040478 ], [ 109.265764, 22.039275 ], [ 109.265465, 22.038103 ], [ 109.264978, 22.037343 ], [ 109.264443, 22.036962 ], [ 109.263248, 22.036558 ], [ 109.261914, 22.036686 ], [ 109.261392, 22.036636 ], [ 109.260894, 22.03646 ], [ 109.260666, 22.036164 ], [ 109.260739, 22.035106 ], [ 109.261616, 22.03241 ], [ 109.266742, 22.025712 ], [ 109.267419, 22.019279 ], [ 109.265125, 22.011026 ], [ 109.276631, 21.999466 ], [ 109.277021, 21.988208 ], [ 109.275743, 21.983854 ], [ 109.270493, 21.975162 ], [ 109.277072, 21.967076 ], [ 109.281905, 21.954416 ], [ 109.288053, 21.9507 ], [ 109.290992, 21.947695 ], [ 109.291898, 21.944307 ], [ 109.295077, 21.943098 ], [ 109.295997, 21.942209 ], [ 109.295475, 21.940493 ], [ 109.296003, 21.939664 ], [ 109.298488, 21.939391 ], [ 109.29831, 21.938223 ], [ 109.297183, 21.935349 ], [ 109.297186, 21.93506 ], [ 109.298597, 21.931041 ], [ 109.298529, 21.928338 ], [ 109.299186, 21.927053 ], [ 109.302829, 21.926665 ], [ 109.304891, 21.92683 ], [ 109.305378, 21.926227 ], [ 109.305336, 21.923936 ], [ 109.304679, 21.92165 ], [ 109.303746, 21.92066 ], [ 109.301276, 21.920407 ], [ 109.299094, 21.920649 ], [ 109.297551, 21.920631 ], [ 109.29718, 21.91937 ], [ 109.298141, 21.91715 ], [ 109.298898, 21.916424 ], [ 109.299976, 21.915979 ], [ 109.302431, 21.915516 ], [ 109.303501, 21.914929 ], [ 109.303486, 21.914067 ], [ 109.299594, 21.911394 ], [ 109.298187, 21.909837 ], [ 109.297966, 21.908824 ], [ 109.296182, 21.90945 ], [ 109.295841, 21.909069 ], [ 109.295208, 21.907402 ], [ 109.293637, 21.907794 ], [ 109.293607, 21.908161 ], [ 109.294241, 21.908645 ], [ 109.294428, 21.909569 ], [ 109.293513, 21.910064 ], [ 109.292716, 21.911131 ], [ 109.292145, 21.912128 ], [ 109.293032, 21.915836 ], [ 109.292137, 21.916123 ], [ 109.29056, 21.91492 ], [ 109.290473, 21.909367 ], [ 109.289258, 21.910389 ], [ 109.288356, 21.911836 ], [ 109.287141, 21.912855 ], [ 109.285917, 21.9131 ], [ 109.285951, 21.910226 ], [ 109.285112, 21.909526 ], [ 109.284807, 21.908436 ], [ 109.288649, 21.906309 ], [ 109.289298, 21.90523 ], [ 109.287712, 21.904817 ], [ 109.286649, 21.905102 ], [ 109.284943, 21.905872 ], [ 109.284088, 21.906453 ], [ 109.28217, 21.90732 ], [ 109.281418, 21.908101 ], [ 109.281389, 21.910569 ], [ 109.281265, 21.912047 ], [ 109.280823, 21.913524 ], [ 109.280065, 21.913527 ], [ 109.2771, 21.9107 ], [ 109.275389, 21.909864 ], [ 109.27325, 21.910754 ], [ 109.271721, 21.910491 ], [ 109.268992, 21.910329 ], [ 109.268346, 21.911211 ], [ 109.267288, 21.911003 ], [ 109.266246, 21.909609 ], [ 109.265945, 21.908223 ], [ 109.267557, 21.906366 ], [ 109.267808, 21.903111 ], [ 109.268236, 21.902721 ], [ 109.270992, 21.902652 ], [ 109.271305, 21.903051 ], [ 109.271292, 21.904138 ], [ 109.270736, 21.906302 ], [ 109.272005, 21.906515 ], [ 109.273287, 21.90564 ], [ 109.274459, 21.90506 ], [ 109.274052, 21.903675 ], [ 109.273639, 21.902781 ], [ 109.273119, 21.901986 ], [ 109.272816, 21.900798 ], [ 109.272832, 21.899415 ], [ 109.27348, 21.898437 ], [ 109.275084, 21.89727 ], [ 109.275644, 21.894509 ], [ 109.27758, 21.892363 ], [ 109.278119, 21.891579 ], [ 109.278449, 21.890595 ], [ 109.277928, 21.889899 ], [ 109.276658, 21.889686 ], [ 109.274327, 21.889659 ], [ 109.271994, 21.889832 ], [ 109.269754, 21.89109 ], [ 109.268376, 21.891172 ], [ 109.267545, 21.889782 ], [ 109.267561, 21.888499 ], [ 109.267721, 21.886698 ], [ 109.267338, 21.886405 ], [ 109.266173, 21.886609 ], [ 109.264538, 21.887457 ], [ 109.262977, 21.888451 ], [ 109.261296, 21.889811 ], [ 109.260649, 21.890693 ], [ 109.259478, 21.891273 ], [ 109.258422, 21.890966 ], [ 109.258119, 21.889777 ], [ 109.258145, 21.887607 ], [ 109.258654, 21.885907 ], [ 109.259883, 21.884072 ], [ 109.259158, 21.882682 ], [ 109.258754, 21.881098 ], [ 109.258472, 21.880596 ], [ 109.257889, 21.878882 ], [ 109.25823, 21.877945 ], [ 109.259201, 21.877613 ], [ 109.261499, 21.877213 ], [ 109.261779, 21.876699 ], [ 109.261338, 21.873866 ], [ 109.254945, 21.865817 ], [ 109.245106, 21.860515 ], [ 109.242154, 21.858442 ], [ 109.231574, 21.852224 ], [ 109.220252, 21.850596 ], [ 109.212126, 21.852643 ], [ 109.202024, 21.852398 ], [ 109.191699, 21.850776 ], [ 109.177934, 21.850984 ], [ 109.164394, 21.851879 ], [ 109.15407, 21.850713 ], [ 109.153567, 21.852549 ], [ 109.153064, 21.856446 ], [ 109.153047, 21.859888 ], [ 109.153264, 21.869061 ], [ 109.151991, 21.880069 ], [ 109.149737, 21.889698 ], [ 109.146997, 21.899784 ], [ 109.143521, 21.906429 ], [ 109.138344, 21.911459 ], [ 109.132662, 21.914887 ], [ 109.125748, 21.918541 ], [ 109.123799, 21.91944 ], [ 109.122918, 21.920479 ], [ 109.121829, 21.92112 ], [ 109.119392, 21.919734 ], [ 109.118193, 21.920167 ], [ 109.116638, 21.92311 ], [ 109.116115, 21.923857 ], [ 109.115497, 21.924004 ], [ 109.114377, 21.923861 ], [ 109.114277, 21.926217 ], [ 109.11403, 21.928175 ], [ 109.112945, 21.929304 ], [ 109.111871, 21.927001 ], [ 109.110301, 21.925113 ], [ 109.110352, 21.923773 ], [ 109.111214, 21.922421 ], [ 109.111589, 21.920631 ], [ 109.110048, 21.92086 ], [ 109.108399, 21.922186 ], [ 109.10689, 21.921454 ], [ 109.106284, 21.919633 ], [ 109.1064, 21.917736 ], [ 109.105934, 21.916913 ], [ 109.104605, 21.91725 ], [ 109.102753, 21.918668 ], [ 109.102689, 21.920262 ], [ 109.101527, 21.922531 ], [ 109.101546, 21.924424 ], [ 109.100523, 21.925552 ], [ 109.099581, 21.926781 ], [ 109.097776, 21.926401 ], [ 109.097772, 21.93023 ], [ 109.10144, 21.931743 ], [ 109.101584, 21.932201 ], [ 109.102233, 21.936919 ], [ 109.101943, 21.940206 ], [ 109.100255, 21.944787 ], [ 109.098906, 21.946546 ], [ 109.097891, 21.950983 ], [ 109.097454, 21.951158 ], [ 109.095124, 21.950991 ], [ 109.092792, 21.952326 ], [ 109.092539, 21.952392 ], [ 109.089344, 21.955724 ], [ 109.088802, 21.955905 ], [ 109.083577, 21.958841 ], [ 109.082792, 21.959862 ], [ 109.0809, 21.961523 ], [ 109.077985, 21.963271 ], [ 109.076473, 21.965845 ], [ 109.076115, 21.96631 ], [ 109.074397, 21.970707 ], [ 109.073495, 21.974253 ], [ 109.073043, 21.974608 ], [ 109.071322, 21.97706 ], [ 109.071008, 21.978662 ], [ 109.070266, 21.981443 ], [ 109.068975, 21.984335 ], [ 109.067072, 21.986956 ], [ 109.066868, 21.988485 ], [ 109.067158, 21.989104 ], [ 109.066929, 21.991689 ], [ 109.067408, 21.993171 ], [ 109.069285, 21.994588 ], [ 109.069714, 21.995094 ], [ 109.07232, 21.997268 ], [ 109.07177, 21.998693 ], [ 109.068709, 21.999685 ], [ 109.067124, 21.999571 ], [ 109.065085, 21.999607 ], [ 109.064545, 22.001511 ], [ 109.065932, 22.00663 ], [ 109.065136, 22.008451 ], [ 109.063892, 22.008956 ], [ 109.061245, 22.007695 ], [ 109.060976, 22.00823 ], [ 109.061195, 22.011946 ], [ 109.062516, 22.015631 ], [ 109.060715, 22.015766 ], [ 109.059009, 22.015186 ], [ 109.057575, 22.013492 ], [ 109.057422, 22.012297 ], [ 109.056333, 22.010208 ], [ 109.054103, 22.010336 ], [ 109.051098, 22.010693 ], [ 109.048533, 22.010179 ], [ 109.047947, 22.009135 ], [ 109.04878, 22.004685 ], [ 109.048186, 22.00428 ], [ 109.046563, 22.003779 ], [ 109.044411, 22.004466 ], [ 109.045839, 22.006556 ], [ 109.045746, 22.008184 ], [ 109.045155, 22.01268 ], [ 109.042859, 22.017509 ], [ 109.042251, 22.018057 ], [ 109.041229, 22.017564 ], [ 109.040152, 22.014839 ], [ 109.040519, 22.011353 ], [ 109.040855, 22.009458 ], [ 109.040439, 22.006942 ], [ 109.039673, 22.006514 ], [ 109.03913, 22.008597 ], [ 109.038092, 22.009238 ], [ 109.037455, 22.008811 ], [ 109.037604, 22.00732 ], [ 109.038588, 22.005961 ], [ 109.039137, 22.003399 ], [ 109.038307, 22.003029 ], [ 109.03702, 22.00301 ], [ 109.035314, 22.005435 ], [ 109.034694, 22.008413 ], [ 109.032967, 22.012391 ], [ 109.029998, 22.013065 ], [ 109.028446, 22.013698 ], [ 109.026555, 22.015464 ], [ 109.025703, 22.016586 ], [ 109.024121, 22.01931 ], [ 109.023676, 22.023488 ], [ 109.024953, 22.024282 ], [ 109.02555, 22.025877 ], [ 109.024516, 22.027901 ], [ 109.022276, 22.028585 ], [ 109.019679, 22.03022 ], [ 109.017726, 22.030761 ], [ 109.016637, 22.031546 ], [ 109.013936, 22.029734 ], [ 109.012371, 22.031224 ], [ 109.010465, 22.03247 ], [ 109.007789, 22.033546 ], [ 109.004448, 22.033177 ], [ 109.003755, 22.033642 ], [ 109.001908, 22.038268 ], [ 109.001731, 22.039685 ], [ 109.002164, 22.039889 ], [ 109.002519, 22.040154 ], [ 109.002791, 22.040471 ], [ 109.00298, 22.040599 ], [ 109.004282, 22.040987 ], [ 109.004766, 22.04127 ], [ 109.005048, 22.041943 ], [ 109.005099, 22.042476 ], [ 109.004746, 22.043127 ], [ 109.003566, 22.044418 ], [ 109.003466, 22.044679 ], [ 109.003607, 22.04493 ], [ 109.004, 22.045032 ], [ 109.004847, 22.044753 ], [ 109.00525, 22.044864 ], [ 109.006369, 22.046303 ], [ 109.00773, 22.047462 ], [ 109.008577, 22.048097 ], [ 109.008758, 22.048459 ], [ 109.008637, 22.049874 ], [ 109.008827, 22.052656 ], [ 109.008728, 22.053327 ], [ 109.008537, 22.053778 ], [ 109.007982, 22.054188 ], [ 109.00649, 22.054766 ], [ 109.006208, 22.055247 ], [ 109.006158, 22.055819 ], [ 109.006379, 22.056341 ], [ 109.006783, 22.056754 ], [ 109.007226, 22.057418 ], [ 109.007741, 22.058825 ], [ 109.01015, 22.064172 ], [ 109.01012, 22.064534 ], [ 109.009878, 22.064854 ], [ 109.007529, 22.065439 ], [ 109.007166, 22.065649 ], [ 109.006835, 22.066116 ], [ 109.006854, 22.066451 ], [ 109.007032, 22.06666 ], [ 109.007454, 22.066961 ], [ 109.007763, 22.06731 ], [ 109.007817, 22.067685 ], [ 109.00783, 22.068849 ], [ 109.008059, 22.069158 ], [ 109.008569, 22.069294 ], [ 109.010384, 22.068924 ], [ 109.01081, 22.068946 ], [ 109.011186, 22.070017 ], [ 109.011482, 22.070233 ], [ 109.011791, 22.070167 ], [ 109.013592, 22.068968 ], [ 109.014237, 22.068836 ], [ 109.014748, 22.068918 ], [ 109.015864, 22.069885 ], [ 109.016912, 22.070638 ], [ 109.018162, 22.070829 ], [ 109.018984, 22.071157 ], [ 109.018969, 22.073345 ], [ 109.017397, 22.078449 ], [ 109.015084, 22.078739 ], [ 109.014847, 22.077222 ], [ 109.014262, 22.076096 ], [ 109.012872, 22.077271 ], [ 109.012328, 22.079334 ], [ 109.01395, 22.080075 ], [ 109.014721, 22.080247 ], [ 109.014521, 22.082315 ], [ 109.015009, 22.084314 ], [ 109.016446, 22.084739 ], [ 109.018179, 22.084761 ], [ 109.019794, 22.0859 ], [ 109.021304, 22.088406 ], [ 109.023375, 22.093111 ], [ 109.022437, 22.094653 ], [ 109.018772, 22.094883 ], [ 109.018034, 22.093031 ], [ 109.018124, 22.089472 ], [ 109.013386, 22.087152 ], [ 109.009791, 22.085004 ], [ 109.009016, 22.084429 ], [ 109.007328, 22.083663 ], [ 109.004453, 22.081776 ], [ 109.001079, 22.083 ], [ 108.995869, 22.084479 ], [ 108.988179, 22.08763 ], [ 108.987281, 22.087702 ], [ 108.985614, 22.088291 ], [ 108.980752, 22.087809 ], [ 108.976138, 22.090394 ], [ 108.973935, 22.09238 ], [ 108.971354, 22.096906 ], [ 108.970749, 22.099234 ], [ 108.967788, 22.106307 ], [ 108.967862, 22.109071 ], [ 108.968991, 22.11015 ], [ 108.971199, 22.107741 ], [ 108.973703, 22.110365 ], [ 108.97709, 22.111971 ], [ 108.979113, 22.11455 ], [ 108.979191, 22.117103 ], [ 108.976459, 22.12407 ], [ 108.974664, 22.124235 ], [ 108.970339, 22.127804 ], [ 108.968832, 22.127952 ], [ 108.968456, 22.127692 ], [ 108.964729, 22.128038 ], [ 108.961983, 22.127997 ], [ 108.961315, 22.126821 ], [ 108.961028, 22.122885 ], [ 108.96014, 22.120959 ], [ 108.957866, 22.119969 ], [ 108.95478, 22.119818 ], [ 108.951719, 22.117969 ], [ 108.95119, 22.114986 ], [ 108.951014, 22.111372 ], [ 108.949412, 22.111455 ], [ 108.946878, 22.112693 ], [ 108.944717, 22.11192 ], [ 108.941196, 22.110381 ], [ 108.937015, 22.107137 ], [ 108.935287, 22.108067 ], [ 108.936381, 22.111376 ], [ 108.936343, 22.115983 ], [ 108.934014, 22.116986 ], [ 108.932135, 22.116561 ], [ 108.930193, 22.114623 ], [ 108.927382, 22.113468 ], [ 108.925746, 22.114003 ], [ 108.922722, 22.115796 ], [ 108.920384, 22.117517 ], [ 108.919925, 22.119661 ], [ 108.920717, 22.123973 ], [ 108.918276, 22.12697 ], [ 108.916991, 22.126953 ], [ 108.916533, 22.124811 ], [ 108.915321, 22.125703 ], [ 108.913863, 22.127417 ], [ 108.913947, 22.130641 ], [ 108.912111, 22.139191 ], [ 108.910872, 22.141963 ], [ 108.911099, 22.143957 ], [ 108.914334, 22.145274 ], [ 108.916819, 22.145147 ], [ 108.918873, 22.145256 ], [ 108.920249, 22.146986 ], [ 108.920593, 22.152156 ], [ 108.921066, 22.15316 ], [ 108.922618, 22.154588 ], [ 108.924908, 22.15434 ], [ 108.926249, 22.155073 ], [ 108.929004, 22.15551 ], [ 108.93106, 22.155617 ], [ 108.93407, 22.154942 ], [ 108.934811, 22.157025 ], [ 108.936509, 22.158163 ], [ 108.938565, 22.158271 ], [ 108.941323, 22.157275 ], [ 108.943735, 22.156592 ], [ 108.945096, 22.157328 ], [ 108.946341, 22.160216 ], [ 108.945084, 22.161829 ], [ 108.941543, 22.163278 ], [ 108.936153, 22.166457 ], [ 108.931664, 22.167019 ], [ 108.928114, 22.169109 ], [ 108.926286, 22.169799 ], [ 108.918671, 22.172119 ], [ 108.91692, 22.173192 ], [ 108.912633, 22.173453 ], [ 108.90765, 22.174584 ], [ 108.902486, 22.176349 ], [ 108.899886, 22.178547 ], [ 108.898946, 22.178456 ], [ 108.894776, 22.17689 ], [ 108.893194, 22.173922 ], [ 108.889966, 22.172369 ], [ 108.884482, 22.17294 ], [ 108.881458, 22.174977 ], [ 108.880455, 22.176645 ], [ 108.878348, 22.179405 ], [ 108.876478, 22.180247 ], [ 108.874079, 22.182374 ], [ 108.874916, 22.18358 ], [ 108.876576, 22.185008 ], [ 108.879231, 22.186659 ], [ 108.880744, 22.18843 ], [ 108.880615, 22.191296 ], [ 108.881479, 22.196404 ], [ 108.882911, 22.197937 ], [ 108.88338, 22.200889 ], [ 108.882544, 22.201506 ], [ 108.88182, 22.202226 ], [ 108.881078, 22.20604 ], [ 108.882013, 22.212185 ], [ 108.884613, 22.213771 ], [ 108.889622, 22.214471 ], [ 108.891224, 22.213757 ], [ 108.893747, 22.215036 ], [ 108.893454, 22.217703 ], [ 108.898556, 22.219998 ], [ 108.899691, 22.218925 ], [ 108.904578, 22.218509 ], [ 108.906656, 22.222759 ], [ 108.906413, 22.227615 ], [ 108.907532, 22.229455 ], [ 108.90857, 22.231591 ], [ 108.908632, 22.233642 ], [ 108.909913, 22.2346 ], [ 108.910438, 22.236134 ], [ 108.910091, 22.239335 ], [ 108.908054, 22.242415 ], [ 108.906521, 22.241797 ], [ 108.903681, 22.242717 ], [ 108.902305, 22.24094 ], [ 108.900425, 22.243738 ], [ 108.901455, 22.244373 ], [ 108.902289, 22.245397 ], [ 108.902801, 22.24621 ], [ 108.902691, 22.246973 ], [ 108.902379, 22.247425 ], [ 108.901716, 22.247797 ], [ 108.901546, 22.248359 ], [ 108.901706, 22.249011 ], [ 108.902051, 22.249444 ], [ 108.902594, 22.24957 ], [ 108.903302, 22.249458 ], [ 108.904581, 22.248312 ], [ 108.907567, 22.247448 ], [ 108.908563, 22.247522 ], [ 108.910529, 22.249083 ], [ 108.911087, 22.249805 ], [ 108.911257, 22.250745 ], [ 108.91117, 22.251914 ], [ 108.910906, 22.252727 ], [ 108.910213, 22.253434 ], [ 108.90827, 22.254676 ], [ 108.907931, 22.255318 ], [ 108.906691, 22.255847 ], [ 108.906233, 22.256423 ], [ 108.902553, 22.259978 ], [ 108.902429, 22.260182 ], [ 108.900572, 22.261459 ], [ 108.895363, 22.264647 ], [ 108.894113, 22.267855 ], [ 108.888142, 22.274935 ], [ 108.881235, 22.273529 ], [ 108.874832, 22.270292 ], [ 108.866697, 22.268654 ], [ 108.861035, 22.266109 ], [ 108.855105, 22.267234 ], [ 108.852357, 22.272727 ], [ 108.853562, 22.276173 ], [ 108.856259, 22.280542 ], [ 108.857473, 22.284218 ], [ 108.858444, 22.287433 ], [ 108.85547, 22.291092 ], [ 108.848544, 22.292213 ], [ 108.841878, 22.293565 ], [ 108.838646, 22.296305 ], [ 108.838126, 22.301811 ], [ 108.840327, 22.305718 ], [ 108.843006, 22.310545 ], [ 108.845442, 22.316748 ], [ 108.847141, 22.3218 ], [ 108.846621, 22.326616 ], [ 108.841152, 22.334167 ], [ 108.831488, 22.338948 ], [ 108.821876, 22.336619 ], [ 108.812029, 22.333369 ], [ 108.802372, 22.337232 ], [ 108.798653, 22.341114 ], [ 108.79639, 22.345922 ], [ 108.792904, 22.351414 ], [ 108.787466, 22.35116 ], [ 108.780821, 22.346999 ], [ 108.776874, 22.344916 ], [ 108.771684, 22.345575 ], [ 108.767961, 22.348539 ], [ 108.761981, 22.354699 ], [ 108.754028, 22.362454 ], [ 108.748791, 22.368156 ], [ 108.745551, 22.371807 ], [ 108.741784, 22.376675 ], [ 108.740786, 22.380013 ], [ 108.738181, 22.38404 ], [ 108.730787, 22.389093 ], [ 108.726929, 22.390258 ], [ 108.725072, 22.389404 ], [ 108.723376, 22.389699 ], [ 108.722765, 22.390849 ], [ 108.721096, 22.394806 ], [ 108.718204, 22.394337 ], [ 108.715445, 22.393735 ], [ 108.714815, 22.39306 ], [ 108.713374, 22.393038 ], [ 108.711827, 22.393551 ], [ 108.710936, 22.395143 ], [ 108.710911, 22.396659 ], [ 108.711058, 22.397455 ], [ 108.710561, 22.399083 ], [ 108.707528, 22.400788 ], [ 108.706296, 22.402601 ], [ 108.706795, 22.403565 ], [ 108.708074, 22.404143 ], [ 108.712797, 22.404138 ], [ 108.714654, 22.406079 ], [ 108.721676, 22.407223 ], [ 108.723204, 22.408282 ], [ 108.722624, 22.413385 ], [ 108.721087, 22.41407 ], [ 108.718518, 22.412472 ], [ 108.715808, 22.410165 ], [ 108.710702, 22.410914 ], [ 108.706047, 22.415626 ], [ 108.702238, 22.416143 ], [ 108.701547, 22.416396 ], [ 108.699598, 22.417383 ], [ 108.699309, 22.419289 ], [ 108.701577, 22.420631 ], [ 108.699719, 22.424105 ], [ 108.698516, 22.425138 ], [ 108.693943, 22.425184 ], [ 108.693235, 22.427573 ], [ 108.69277, 22.428667 ], [ 108.693398, 22.431719 ], [ 108.693379, 22.431759 ], [ 108.693621, 22.432976 ], [ 108.694656, 22.434754 ], [ 108.694987, 22.437434 ], [ 108.692437, 22.439927 ], [ 108.690906, 22.44224 ], [ 108.692151, 22.443533 ], [ 108.695152, 22.441883 ], [ 108.697545, 22.450521 ], [ 108.699111, 22.453308 ] ] ] } }
]
}
