{
"type": "FeatureCollection",
"name": "hex_grid",
"crs": { "type": "name", "properties": { "name": "urn:ogc:def:crs:OGC:1.3:CRS84" } },
"features": [
{ "type": "Feature", "properties": { "hex_id": "874150026ffffff" }, "geometry": { "type": "Polygon", "coordinates": [ [ [ 108.607590255282915, 21.849676003159207 ], [ 108.604520685453593, 21.862529278181345 ], [ 108.591132584986767, 21.866969343910885 ], [ 108.580814210319943, 21.858555325758495 ], [ 108.583885291400946, 21.845701068397638 ], [ 108.597273236068588, 21.841261811409002 ], [ 108.607590255282915, 21.849676003159207 ] ] ] } },
{ "type": "Feature", "properties": { "hex_id": "874150593ffffff" }, "geometry": { "type": "Polygon", "coordinates": [ [ [ 109.013320585559583, 22.316727132762519 ], [ 109.010272886150133, 22.329529891089429 ], [ 108.996909384901301, 22.334003792781278 ], [ 108.986593712705897, 22.325674125751387 ], [ 108.989642938345739, 22.312870357533924 ], [ 109.003006310114841, 22.308397266120906 ], [ 109.013320585559583, 22.316727132762519 ] ] ] } },
{ "type": "Feature", "properties": { "hex_id": "874152945ffffff" }, "geometry": { "type": "Polygon", "coordinates": [ [ [ 109.035123441133152, 22.380102053651008 ], [ 109.032076527792668, 22.392898774981838 ], [ 109.018712640868799, 22.397375104466253 ], [ 109.008395795546846, 22.38905390374741 ], [ 109.011444236308762, 22.376256171359834 ], [ 109.02480799513512, 22.371780650631933 ], [ 109.035123441133152, 22.380102053651008 ] ] ] } },
{ "type": "Feature", "properties": { "hex_id": "87415012cffffff" }, "geometry": { "type": "Polygon", "coordinates": [ [ [ 108.651643829230508, 21.716649422491255 ], [ 108.648578523802499, 21.729512315815047 ], [ 108.635201342520119, 21.73395307042658 ], [ 108.624889619589851, 21.725530115190175 ], [ 108.627956436039469, 21.712666235516988 ], [ 108.641333464568149, 21.708226297311437 ], [ 108.651643829230508, 21.716649422491255 ] ] ] } },
{ "type": "Feature", "properties": { "hex_id": "87415054dffffff" }, "geometry": { "type": "Polygon", "coordinates": [ [ [ 108.703805818893386, 22.066045714694237 ], [ 108.700740315252929, 22.078878393069576 ], [ 108.687353157173533, 22.083328128987588 ], [ 108.677031652574186, 22.074944381493143 ], [ 108.680098672138811, 22.062110714738608 ], [ 108.693485680548591, 22.05766178373927 ], [ 108.703805818893386, 22.066045714694237 ] ] ] } },
{ "type": "Feature", "properties": { "hex_id": "874150401ffffff" }, "geometry": { "type": "Polygon", "coordinates": [ [ [ 108.802016616534175, 22.222249408714681 ], [ 108.798955949670955, 22.23506619964483 ], [ 108.785572741148698, 22.239524786940663 ], [ 108.77525034299606, 22.231165779634058 ], [ 108.778312529872593, 22.218347993934632 ], [ 108.791695595056737, 22.213890210193238 ], [ 108.802016616534175, 22.222249408714681 ] ] ] } },
{ "type": "Feature", "properties": { "hex_id": "874150484ffffff" }, "geometry": { "type": "Polygon", "coordinates": [ [ [ 108.892995222058929, 22.35696324497993 ], [ 108.889939153510426, 22.369766006656842 ], [ 108.87656011374284, 22.374232643877864 ], [ 108.866237280148098, 22.365895716674753 ], [ 108.869294872376543, 22.353091954347622 ], [ 108.882673774686495, 22.348626119756513 ], [ 108.892995222058929, 22.35696324497993 ] ] ] } },
{ "type": "Feature", "properties": { "hex_id": "874150172ffffff" }, "geometry": { "type": "Polygon", "coordinates": [ [ [ 108.578605456282972, 21.764570206684773 ], [ 108.575534870762709, 21.777431243828421 ], [ 108.562147396227843, 21.78186807168521 ], [ 108.551830665007373, 21.773443051600363 ], [ 108.554902760166286, 21.760581033876278 ], [ 108.568290077078942, 21.756145016698497 ], [ 108.578605456282972, 21.764570206684773 ] ] ] } },
{ "type": "Feature", "properties": { "hex_id": "87415001dffffff" }, "geometry": { "type": "Polygon", "coordinates": [ [ [ 108.52526321852784, 21.93612505495728 ], [ 108.522187362021185, 21.948973466781254 ], [ 108.508786212385999, 21.953409532763938 ], [ 108.498461080761913, 21.944996385807379 ], [ 108.501538447278023, 21.932146998324093 ], [ 108.51493943558205, 21.927711733336796 ], [ 108.52526321852784, 21.93612505495728 ] ] ] } },
{ "type": "Feature", "properties": { "hex_id": "8741500a0ffffff" }, "geometry": { "type": "Polygon", "coordinates": [ [ [ 108.634630286197492, 21.994480028676595 ], [ 108.631560985824791, 22.007320593566536 ], [ 108.618169340971065, 22.011764699481997 ], [ 108.607847150826785, 22.003367436111407 ], [ 108.610917964625131, 21.990525887631772 ], [ 108.624309455313323, 21.986082585993476 ], [ 108.634630286197492, 21.994480028676595 ] ] ] } },
{ "type": "Feature", "properties": { "hex_id": "87415058affffff" }, "geometry": { "type": "Polygon", "coordinates": [ [ [ 108.935012304472963, 22.283998620473145 ], [ 108.931959767719277, 22.29680640879463 ], [ 108.918588820377025, 22.301274670988892 ], [ 108.9082705445702, 22.292934337029504 ], [ 108.911324605289479, 22.280125544420834 ], [ 108.924695418015745, 22.275658089942048 ], [ 108.935012304472963, 22.283998620473145 ] ] ] } },
{ "type": "Feature", "properties": { "hex_id": "874150123ffffff" }, "geometry": { "type": "Polygon", "coordinates": [ [ [ 108.682573828172238, 21.741908159176461 ], [ 108.679510289633953, 21.754768134779187 ], [ 108.666135422382467, 21.759211294004814 ], [ 108.655824244579563, 21.750793660527851 ], [ 108.658889295184366, 21.737932696361451 ], [ 108.67226401169539, 21.733490354117759 ], [ 108.682573828172238, 21.741908159176461 ] ] ] } },
{ "type": "Feature", "properties": { "hex_id": "874152873ffffff" }, "geometry": { "type": "Polygon", "coordinates": [ [ [ 108.974840863066461, 22.529762153191246 ], [ 108.971788406031237, 22.542547706032796 ], [ 108.958410811220659, 22.547022372364378 ], [ 108.948085805820725, 22.538710686108058 ], [ 108.951139790355924, 22.525924127794607 ], [ 108.964517252956441, 22.521450261092447 ], [ 108.974840863066461, 22.529762153191246 ] ] ] } },
{ "type": "Feature", "properties": { "hex_id": "874150544ffffff" }, "geometry": { "type": "Polygon", "coordinates": [ [ [ 108.791343348154314, 22.060539450732271 ], [ 108.788283656866014, 22.07337013391825 ], [ 108.774906583313538, 22.077825488928468 ], [ 108.764589345102394, 22.069449351035338 ], [ 108.767650554469995, 22.056617672863034 ], [ 108.781027484137695, 22.052163127452619 ], [ 108.791343348154314, 22.060539450732271 ] ] ] } },
{ "type": "Feature", "properties": { "hex_id": "8741528f6ffffff" }, "geometry": { "type": "Polygon", "coordinates": [ [ [ 109.065877713584527, 22.663876083669919 ], [ 109.062829890219888, 22.676647344155395 ], [ 109.049456598588051, 22.681130058860695 ], [ 109.039131256798981, 22.672840714358948 ], [ 109.042180611293105, 22.660068442717552 ], [ 109.05555377661058, 22.655586526617455 ], [ 109.065877713584527, 22.663876083669919 ] ] ] } },
{ "type": "Feature", "properties": { "hex_id": "874150160ffffff" }, "geometry": { "type": "Polygon", "coordinates": [ [ [ 108.533172840932536, 21.696691878794649 ], [ 108.530099986870411, 21.709559686109777 ], [ 108.516710541851225, 21.71399248800223 ], [ 108.506394111614654, 21.70555667140599 ], [ 108.509468473452074, 21.692687886625528 ], [ 108.522857757923461, 21.688255895787353 ], [ 108.533172840932536, 21.696691878794649 ] ] ] } },
{ "type": "Feature", "properties": { "hex_id": "87415282dffffff" }, "geometry": { "type": "Polygon", "coordinates": [ [ [ 109.047792781407708, 22.481802343417311 ], [ 109.04474565192433, 22.494589960037928 ], [ 109.031378588247421, 22.499068707831579 ], [ 109.021058781568144, 22.490759033687088 ], [ 109.024107439840279, 22.47797040582417 ], [ 109.03747437616677, 22.473492463231988 ], [ 109.047792781407708, 22.481802343417311 ] ] ] } },
{ "type": "Feature", "properties": { "hex_id": "874150014ffffff" }, "geometry": { "type": "Polygon", "coordinates": [ [ [ 108.612878449359883, 21.930745925654218 ], [ 108.609808384879926, 21.943592376115689 ], [ 108.596417203893083, 21.948034067740021 ], [ 108.586096243093195, 21.939628503047867 ], [ 108.589167819788855, 21.926781070282235 ], [ 108.602558845240225, 21.922340184393903 ], [ 108.612878449359883, 21.930745925654218 ] ] ] } },
{ "type": "Feature", "properties": { "hex_id": "874150581ffffff" }, "geometry": { "type": "Polygon", "coordinates": [ [ [ 108.967847517020417, 22.249441129473595 ], [ 108.964797507919073, 22.262250908174682 ], [ 108.951431870452097, 22.266720770849425 ], [ 108.941116374669974, 22.258380043933126 ], [ 108.944167908188547, 22.24556925826052 ], [ 108.957533413237087, 22.241100206359469 ], [ 108.967847517020417, 22.249441129473595 ] ] ] } },
{ "type": "Feature", "properties": { "hex_id": "874150435ffffff" }, "geometry": { "type": "Polygon", "coordinates": [ [ [ 108.882274300322351, 22.195480957409913 ], [ 108.879219200710025, 22.208297742264168 ], [ 108.865846283573163, 22.212761162894502 ], [ 108.855528604229079, 22.20440698986215 ], [ 108.858585225584321, 22.191589204062911 ], [ 108.871958004707395, 22.18712659212401 ], [ 108.882274300322351, 22.195480957409913 ] ] ] } },
{ "type": "Feature", "properties": { "hex_id": "87415011affffff" }, "geometry": { "type": "Polygon", "coordinates": [ [ [ 108.654989956171022, 21.857613335143196 ], [ 108.651923410787347, 21.870464640178863 ], [ 108.638540233644804, 21.874907902895501 ], [ 108.628223754735274, 21.866499049591997 ], [ 108.631291812664855, 21.853646758678664 ], [ 108.644674837128633, 21.84920430682806 ], [ 108.654989956171022, 21.857613335143196 ] ] ] } },
{ "type": "Feature", "properties": { "hex_id": "87415019dffffff" }, "geometry": { "type": "Polygon", "coordinates": [ [ [ 108.691241475405462, 21.963854058682852 ], [ 108.688176207206155, 21.976695591384125 ], [ 108.674792273519088, 21.981142901102572 ], [ 108.664473758596557, 21.972747869579482 ], [ 108.667540541352437, 21.959905348850704 ], [ 108.680924324644309, 21.955458847554187 ], [ 108.691241475405462, 21.963854058682852 ] ] ] } },
{ "type": "Feature", "properties": { "hex_id": "87415286affffff" }, "geometry": { "type": "Polygon", "coordinates": [ [ [ 108.896457763691998, 22.497124933518855 ], [ 108.893400465777816, 22.50991553202746 ], [ 108.880015435679255, 22.514384520262521 ], [ 108.869687841022085, 22.506062112793657 ], [ 108.872746664156352, 22.493270514385294 ], [ 108.886131556894597, 22.488802323227954 ], [ 108.896457763691998, 22.497124933518855 ] ] ] } },
{ "type": "Feature", "properties": { "hex_id": "8741528edffffff" }, "geometry": { "type": "Polygon", "coordinates": [ [ [ 108.932810857495056, 22.602628100150007 ], [ 108.929754862435644, 22.615408498644076 ], [ 108.916369152450457, 22.619881464748111 ], [ 108.906039572745883, 22.611573237670612 ], [ 108.90909709502543, 22.59879183737667 ], [ 108.922482669955755, 22.59431966584258 ], [ 108.932810857495056, 22.602628100150007 ] ] ] } },
{ "type": "Feature", "properties": { "hex_id": "8741508d9ffffff" }, "geometry": { "type": "Polygon", "coordinates": [ [ [ 108.573328312465364, 21.683388764992085 ], [ 108.57025822245177, 21.69625653693576 ], [ 108.556873828314664, 21.700691709617793 ], [ 108.546559682246794, 21.692258296553266 ], [ 108.549631280936723, 21.679389544034279 ], [ 108.563015517190067, 21.674955185036254 ], [ 108.573328312465364, 21.683388764992085 ] ] ] } },
{ "type": "Feature", "properties": { "hex_id": "874150472ffffff" }, "geometry": { "type": "Polygon", "coordinates": [ [ [ 108.730893961466364, 22.210532499061966 ], [ 108.727828736475203, 22.223352269054132 ], [ 108.714438057322923, 22.227806008768276 ], [ 108.704112751357513, 22.219439177938696 ], [ 108.707179494446223, 22.20661841842556 ], [ 108.720570025572485, 22.202165479144448 ], [ 108.730893961466364, 22.210532499061966 ] ] ] } },
{ "type": "Feature", "properties": { "hex_id": "87415042cffffff" }, "geometry": { "type": "Polygon", "coordinates": [ [ [ 108.80393728695806, 22.162609091298041 ], [ 108.800877365878549, 22.175430863503188 ], [ 108.787497082266654, 22.179888649368124 ], [ 108.777176863055516, 22.171523856829698 ], [ 108.780238303581584, 22.158701089327909 ], [ 108.793618444040376, 22.154244109543498 ], [ 108.80393728695806, 22.162609091298041 ] ] ] } },
{ "type": "Feature", "properties": { "hex_id": "874150111ffffff" }, "geometry": { "type": "Polygon", "coordinates": [ [ [ 108.687877770028521, 21.823018976068333 ], [ 108.684813740290096, 21.835872194417153 ], [ 108.671435802078491, 21.840317023735636 ], [ 108.661122044248671, 21.831907820623634 ], [ 108.664187587016812, 21.819053613729967 ], [ 108.67756537475492, 21.814609598375103 ], [ 108.687877770028521, 21.823018976068333 ] ] ] } },
{ "type": "Feature", "properties": { "hex_id": "874152861ffffff" }, "geometry": { "type": "Polygon", "coordinates": [ [ [ 108.929330659411931, 22.462600188872166 ], [ 108.926275892188428, 22.47539284442367 ], [ 108.912896172037506, 22.479863487276035 ], [ 108.902571354431799, 22.471540674337103 ], [ 108.905627647332764, 22.458747016189868 ], [ 108.919007232328127, 22.454277173460106 ], [ 108.929330659411931, 22.462600188872166 ] ] ] } },
{ "type": "Feature", "properties": { "hex_id": "8741528e4ffffff" }, "geometry": { "type": "Polygon", "coordinates": [ [ [ 109.020356566610801, 22.596854186465009 ], [ 109.017306424197628, 22.609632607565484 ], [ 109.003930972227337, 22.61411129786881 ], [ 108.993605792097824, 22.605810767831411 ], [ 108.996657463828313, 22.593031338405634 ], [ 109.010032786535618, 22.58855344722592 ], [ 109.020356566610801, 22.596854186465009 ] ] ] } },
{ "type": "Feature", "properties": { "hex_id": "8741508d0ffffff" }, "geometry": { "type": "Polygon", "coordinates": [ [ [ 108.660837742064544, 21.67805501532164 ], [ 108.657773438324512, 21.690920770942878 ], [ 108.644399024662079, 21.695361477756432 ], [ 108.634089067017612, 21.686935610383347 ], [ 108.63715488162012, 21.674068867526955 ], [ 108.650529143174751, 21.669628979160784 ], [ 108.660837742064544, 21.67805501532164 ] ] ] } },
{ "type": "Feature", "properties": { "hex_id": "87415281bffffff" }, "geometry": { "type": "Polygon", "coordinates": [ [ [ 109.051326664905019, 22.621745441317021 ], [ 109.048278315308195, 22.634520804942593 ], [ 109.034905276767446, 22.639001921928234 ], [ 109.024580715226534, 22.630706875548565 ], [ 109.027630595157802, 22.617930501504244 ], [ 109.041003506459546, 22.613450184141957 ], [ 109.051326664905019, 22.621745441317021 ] ] ] } },
{ "type": "Feature", "properties": { "hex_id": "874150002ffffff" }, "geometry": { "type": "Polygon", "coordinates": [ [ [ 108.565453787611077, 21.922812025052693 ], [ 108.562380699349688, 21.935660438354464 ], [ 108.54898460665035, 21.940098918615494 ], [ 108.538661761045134, 21.93168818184548 ], [ 108.541736360220341, 21.918838789776842 ], [ 108.55513229425938, 21.914401113125621 ], [ 108.565453787611077, 21.922812025052693 ] ] ] } },
{ "type": "Feature", "properties": { "hex_id": "874150085ffffff" }, "geometry": { "type": "Polygon", "coordinates": [ [ [ 108.601704519107543, 22.02904758103718 ], [ 108.598632701112507, 22.041886174908413 ], [ 108.585235821957539, 22.046328665959688 ], [ 108.574910917347438, 22.037931761831487 ], [ 108.577984248276962, 22.025092187047559 ], [ 108.591380971054036, 22.020650497185166 ], [ 108.601704519107543, 22.02904758103718 ] ] ] } },
{ "type": "Feature", "properties": { "hex_id": "874150423ffffff" }, "geometry": { "type": "Polygon", "coordinates": [ [ [ 108.834892659439603, 22.187693235131746 ], [ 108.831834516971497, 22.200512020130493 ], [ 108.818456589736869, 22.204972222323963 ], [ 108.80813694627156, 22.196612832779277 ], [ 108.811196609220602, 22.183793050327758 ], [ 108.824574395321591, 22.179333654756253 ], [ 108.834892659439603, 22.187693235131746 ] ] ] } },
{ "type": "Feature", "properties": { "hex_id": "874150108ffffff" }, "geometry": { "type": "Polygon", "coordinates": [ [ [ 108.609550526256726, 21.78983513259001 ], [ 108.606481705114149, 21.80269325078056 ], [ 108.593096528388031, 21.807132484621569 ], [ 108.582780328582544, 21.798712788890988 ], [ 108.585850660416483, 21.785853687904478 ], [ 108.599235681535916, 21.781415265325755 ], [ 108.609550526256726, 21.78983513259001 ] ] ] } },
{ "type": "Feature", "properties": { "hex_id": "8741504a6ffffff" }, "geometry": { "type": "Polygon", "coordinates": [ [ [ 108.925853690713325, 22.322418979180171 ], [ 108.922800150385754, 22.335223758701837 ], [ 108.909426414816608, 22.339692020963913 ], [ 108.899106354996846, 22.331354697902746 ], [ 108.902161419461493, 22.318548915042005 ], [ 108.915535019774822, 22.314081458464631 ], [ 108.925853690713325, 22.322418979180171 ] ] ] } },
{ "type": "Feature", "properties": { "hex_id": "874150556ffffff" }, "geometry": { "type": "Polygon", "coordinates": [ [ [ 108.836805992591209, 22.128044603960006 ], [ 108.833748594917679, 22.140868352919433 ], [ 108.820373590838273, 22.145327740372611 ], [ 108.810056125549963, 22.136962569597067 ], [ 108.813115043137159, 22.124137822660593 ], [ 108.826489906266445, 22.119679244359432 ], [ 108.836805992591209, 22.128044603960006 ] ] ] } },
{ "type": "Feature", "properties": { "hex_id": "87415018bffffff" }, "geometry": { "type": "Polygon", "coordinates": [ [ [ 108.643836179832974, 21.955952447222703 ], [ 108.640767883164472, 21.968795954215828 ], [ 108.627379010546221, 21.973240056358819 ], [ 108.617058588284664, 21.964839845080672 ], [ 108.620128398219975, 21.951995353587602 ], [ 108.633517117320991, 21.947552057753832 ], [ 108.643836179832974, 21.955952447222703 ] ] ] } },
{ "type": "Feature", "properties": { "hex_id": "8741505acffffff" }, "geometry": { "type": "Polygon", "coordinates": [ [ [ 108.969732487642773, 22.189847138270398 ], [ 108.966683220342745, 22.202661894493815 ], [ 108.953320502876451, 22.207130926920289 ], [ 108.943007185115505, 22.198784389694126 ], [ 108.946057976262281, 22.185968625956573 ], [ 108.959420561488159, 22.181500406843213 ], [ 108.969732487642773, 22.189847138270398 ] ] ] } },
{ "type": "Feature", "properties": { "hex_id": "87415295effffff" }, "geometry": { "type": "Polygon", "coordinates": [ [ [ 109.040521768220785, 22.460702817870434 ], [ 109.03747437616677, 22.473492463231988 ], [ 109.024107439840279, 22.47797040582417 ], [ 109.013788023543583, 22.469657897228821 ], [ 109.016836943989219, 22.456867241005085 ], [ 109.030203752503894, 22.452390104122806 ], [ 109.040521768220785, 22.460702817870434 ] ] ] } },
{ "type": "Feature", "properties": { "hex_id": "874150460ffffff" }, "geometry": { "type": "Polygon", "coordinates": [ [ [ 108.685407776973875, 22.143026939379386 ], [ 108.682340265042058, 22.155853670551586 ], [ 108.66894755383197, 22.160303392747227 ], [ 108.658622505688115, 22.151925582792423 ], [ 108.661691533866829, 22.139097865087905 ], [ 108.675084094112961, 22.13464894375171 ], [ 108.685407776973875, 22.143026939379386 ] ] ] } },
{ "type": "Feature", "properties": { "hex_id": "874152812ffffff" }, "geometry": { "type": "Polygon", "coordinates": [ [ [ 109.138798677649078, 22.615904513153488 ], [ 109.135756191077277, 22.628677866816282 ], [ 109.122393482029437, 22.633164681812406 ], [ 109.112073381174838, 22.62487733888344 ], [ 109.115117400142552, 22.612102968295797 ], [ 109.128479987731225, 22.60761695744646 ], [ 109.138798677649078, 22.615904513153488 ] ] ] } },
{ "type": "Feature", "properties": { "hex_id": "874150145ffffff" }, "geometry": { "type": "Polygon", "coordinates": [ [ [ 108.500244385054344, 21.731291364247816 ], [ 108.497169020257815, 21.744157269704992 ], [ 108.483774371906605, 21.748588500123287 ], [ 108.473455251284875, 21.740153017022347 ], [ 108.476532123354616, 21.727286136763219 ], [ 108.489926608946277, 21.722855714287306 ], [ 108.500244385054344, 21.731291364247816 ] ] ] } },
{ "type": "Feature", "properties": { "hex_id": "87415049dffffff" }, "geometry": { "type": "Polygon", "coordinates": [ [ [ 108.843678155661777, 22.40876593692429 ], [ 108.840618294687602, 22.421565643595287 ], [ 108.827231308517952, 22.426029816378307 ], [ 108.81690432425593, 22.417693484322523 ], [ 108.819965708216472, 22.404892781038981 ], [ 108.833352553620486, 22.400429406305864 ], [ 108.843678155661777, 22.40876593692429 ] ] ] } },
{ "type": "Feature", "properties": { "hex_id": "874150182ffffff" }, "geometry": { "type": "Polygon", "coordinates": [ [ [ 108.731380299804357, 21.950507361670116 ], [ 108.728317806087745, 21.963348874133878 ], [ 108.714938974626023, 21.967798576936275 ], [ 108.7046227847827, 21.959405956137623 ], [ 108.707686793936986, 21.946563452548233 ], [ 108.721065477666144, 21.942114560765212 ], [ 108.731380299804357, 21.950507361670116 ] ] ] } },
{ "type": "Feature", "properties": { "hex_id": "874150036ffffff" }, "geometry": { "type": "Polygon", "coordinates": [ [ [ 108.64578931714486, 21.896164339330706 ], [ 108.642721768811896, 21.909012730860102 ], [ 108.629335820892891, 21.913456013721003 ], [ 108.619017574803735, 21.905050096103437 ], [ 108.622086635841768, 21.892200719598119 ], [ 108.635472430434731, 21.88775824556765 ], [ 108.64578931714486, 21.896164339330706 ] ] ] } },
{ "type": "Feature", "properties": { "hex_id": "8741505a3ffffff" }, "geometry": { "type": "Polygon", "coordinates": [ [ [ 109.000667046764377, 22.214876500894789 ], [ 108.997619565251028, 22.227688254886132 ], [ 108.984259242887049, 22.232159703702663 ], [ 108.973946532424506, 22.223818584578961 ], [ 108.976995538802626, 22.211005820934158 ], [ 108.990355730942852, 22.206535185950653 ], [ 109.000667046764377, 22.214876500894789 ] ] ] } },
{ "type": "Feature", "properties": { "hex_id": "874152809ffffff" }, "geometry": { "type": "Polygon", "coordinates": [ [ [ 109.00581046929068, 22.554686892657976 ], [ 109.002759802386905, 22.567469399561322 ], [ 108.989384609404439, 22.571946491110516 ], [ 108.97906021367703, 22.5636402755026 ], [ 108.982112409101802, 22.550856761023176 ], [ 108.995487471897775, 22.546380469611062 ], [ 109.00581046929068, 22.554686892657976 ] ] ] } },
{ "type": "Feature", "properties": { "hex_id": "874152885ffffff" }, "geometry": { "type": "Polygon", "coordinates": [ [ [ 109.136947595638375, 22.67527339910438 ], [ 109.133904369352081, 22.688041615820858 ], [ 109.120538737532144, 22.692529214365614 ], [ 109.110216453791665, 22.684247794470366 ], [ 109.113261213050492, 22.671478561448609 ], [ 109.126626723239639, 22.666991764511703 ], [ 109.136947595638375, 22.67527339910438 ] ] ] } },
{ "type": "Feature", "properties": { "hex_id": "87415288cffffff" }, "geometry": { "type": "Polygon", "coordinates": [ [ [ 109.09684826474782, 22.688733766135837 ], [ 109.093802236878588, 22.701501957677337 ], [ 109.080431370272663, 22.705987100492582 ], [ 109.070106655989122, 22.69770325255319 ], [ 109.073154216001058, 22.684934047773066 ], [ 109.086524958317042, 22.680449704054848 ], [ 109.09684826474782, 22.688733766135837 ] ] ] } },
{ "type": "Feature", "properties": { "hex_id": "87415055dffffff" }, "geometry": { "type": "Polygon", "coordinates": [ [ [ 108.742021368656339, 22.112392227163458 ], [ 108.738957895135385, 22.125219957525108 ], [ 108.725572921489771, 22.129672912454343 ], [ 108.715251568726643, 22.121297331920232 ], [ 108.71831655961681, 22.108468610589675 ], [ 108.731701386070185, 22.104016460643951 ], [ 108.742021368656339, 22.112392227163458 ] ] ] } },
{ "type": "Feature", "properties": { "hex_id": "874150411ffffff" }, "geometry": { "type": "Polygon", "coordinates": [ [ [ 108.840240479371175, 22.268480964245949 ], [ 108.837181850520707, 22.281292759273352 ], [ 108.823800858026942, 22.28575456809271 ], [ 108.813478635409297, 22.277403778170569 ], [ 108.816538785708616, 22.264590985822043 ], [ 108.829919637344318, 22.260129980599199 ], [ 108.840240479371175, 22.268480964245949 ] ] ] } },
{ "type": "Feature", "properties": { "hex_id": "874150494ffffff" }, "geometry": { "type": "Polygon", "coordinates": [ [ [ 108.931225334631222, 22.403092357225482 ], [ 108.928171311246018, 22.415890081696915 ], [ 108.914794516611906, 22.420359942690823 ], [ 108.904471880504573, 22.412031276444996 ], [ 108.907527428996318, 22.399232548805017 ], [ 108.920904088654893, 22.394763490462374 ], [ 108.931225334631222, 22.403092357225482 ] ] ] } },
{ "type": "Feature", "properties": { "hex_id": "874152846ffffff" }, "geometry": { "type": "Polygon", "coordinates": [ [ [ 108.951139790355924, 22.525924127794607 ], [ 108.948085805820725, 22.538710686108058 ], [ 108.934705682968627, 22.543183726311231 ], [ 108.924379678590199, 22.534869409470069 ], [ 108.927435190000651, 22.52208184741308 ], [ 108.940815179080104, 22.517609605823655 ], [ 108.951139790355924, 22.525924127794607 ] ] ] } },
{ "type": "Feature", "properties": { "hex_id": "87415002dffffff" }, "geometry": { "type": "Polygon", "coordinates": [ [ [ 108.512750034614456, 21.833751186876647 ], [ 108.509674423685425, 21.84660838062058 ], [ 108.496276524796443, 21.851042040667593 ], [ 108.485954399055956, 21.842617702382295 ], [ 108.489031518625737, 21.82975953339249 ], [ 108.502429255468627, 21.825326677814072 ], [ 108.512750034614456, 21.833751186876647 ] ] ] } },
{ "type": "Feature", "properties": { "hex_id": "8741500b0ffffff" }, "geometry": { "type": "Polygon", "coordinates": [ [ [ 108.672844849106198, 22.040888547056401 ], [ 108.669777573805248, 22.053724187613167 ], [ 108.656388091687788, 22.058171510113798 ], [ 108.646066036730872, 22.049782387582251 ], [ 108.649134826909716, 22.03694576082583 ], [ 108.662524157338112, 22.032499242681926 ], [ 108.672844849106198, 22.040888547056401 ] ] ] } },
{ "type": "Feature", "properties": { "hex_id": "87415059affffff" }, "geometry": { "type": "Polygon", "coordinates": [ [ [ 108.973227680744358, 22.3301464177177 ], [ 108.97017719056538, 22.342949185350452 ], [ 108.956808499716203, 22.347420674286223 ], [ 108.946490431347428, 22.339088587740928 ], [ 108.949542446912488, 22.326284813295672 ], [ 108.962911005625301, 22.321814132091795 ], [ 108.973227680744358, 22.3301464177177 ] ] ] } },
{ "type": "Feature", "properties": { "hex_id": "87415294cffffff" }, "geometry": { "type": "Polygon", "coordinates": [ [ [ 108.995029373234829, 22.393528620452976 ], [ 108.991979667213784, 22.406325344994286 ], [ 108.978610582718758, 22.410799254094528 ], [ 108.968291335164153, 22.402475632321192 ], [ 108.97134256776485, 22.389677899799189 ], [ 108.984711521505261, 22.385204796914863 ], [ 108.995029373234829, 22.393528620452976 ] ] ] } },
{ "type": "Feature", "properties": { "hex_id": "874152800ffffff" }, "geometry": { "type": "Polygon", "coordinates": [ [ [ 109.093293055922643, 22.548888468399095 ], [ 109.090248245691114, 22.561668967999402 ], [ 109.076883350595182, 22.56615174920919 ], [ 109.066563390299393, 22.557853226022459 ], [ 109.069609731125851, 22.545071712327179 ], [ 109.082974501816224, 22.540589735797834 ], [ 109.093293055922643, 22.548888468399095 ] ] ] } },
{ "type": "Feature", "properties": { "hex_id": "874152883ffffff" }, "geometry": { "type": "Polygon", "coordinates": [ [ [ 109.127816912333131, 22.713574952443636 ], [ 109.12477268152432, 22.726340069848401 ], [ 109.111404247486192, 22.730827641194725 ], [ 109.101080166685193, 22.722549295436238 ], [ 109.104125930647058, 22.709783162715311 ], [ 109.117494242419525, 22.705296390953173 ], [ 109.127816912333131, 22.713574952443636 ] ] ] } },
{ "type": "Feature", "properties": { "hex_id": "874150554ffffff" }, "geometry": { "type": "Polygon", "coordinates": [ [ [ 108.829547562397735, 22.106853513380216 ], [ 108.826489906266445, 22.119679244359432 ], [ 108.813115043137159, 22.124137822660593 ], [ 108.8027979777154, 22.115769860215831 ], [ 108.805857153360506, 22.10294313167033 ], [ 108.819231875081087, 22.098485363018547 ], [ 108.829547562397735, 22.106853513380216 ] ] ] } },
{ "type": "Feature", "properties": { "hex_id": "874150408ffffff" }, "geometry": { "type": "Polygon", "coordinates": [ [ [ 108.761864640263909, 22.235622752081614 ], [ 108.758801191411678, 22.248439533738839 ], [ 108.745412852463886, 22.25289569130695 ], [ 108.735088108541603, 22.244534266117657 ], [ 108.738153076533621, 22.231716492782073 ], [ 108.751541269477258, 22.227261136195853 ], [ 108.761864640263909, 22.235622752081614 ] ] ] } },
{ "type": "Feature", "properties": { "hex_id": "874150170ffffff" }, "geometry": { "type": "Polygon", "coordinates": [ [ [ 108.571360916127958, 21.743282046319351 ], [ 108.568290077078942, 21.756145016698497 ], [ 108.554902760166286, 21.760581033876278 ], [ 108.544586440552251, 21.752153269393411 ], [ 108.547658788836515, 21.739289318877475 ], [ 108.561045947671587, 21.734854112862195 ], [ 108.571360916127958, 21.743282046319351 ] ] ] } },
{ "type": "Feature", "properties": { "hex_id": "874150024ffffff" }, "geometry": { "type": "Polygon", "coordinates": [ [ [ 108.600343060057057, 21.828406591486925 ], [ 108.597273236068588, 21.841261811409002 ], [ 108.583885291400946, 21.845701068397638 ], [ 108.573567327148538, 21.837284296119265 ], [ 108.576638661985527, 21.824428094295605 ], [ 108.590026450398014, 21.819989646532992 ], [ 108.600343060057057, 21.828406591486925 ] ] ] } },
{ "type": "Feature", "properties": { "hex_id": "874152802ffffff" }, "geometry": { "type": "Polygon", "coordinates": [ [ [ 109.10056718694176, 22.569964856567953 ], [ 109.097522640307332, 22.582743315932387 ], [ 109.084157621267977, 22.587226901311414 ], [ 109.073837272969428, 22.578931223041025 ], [ 109.076883350595182, 22.56615174920919 ], [ 109.090248245691114, 22.561668967999402 ], [ 109.10056718694176, 22.569964856567953 ] ] ] } },
{ "type": "Feature", "properties": { "hex_id": "87415050effffff" }, "geometry": { "type": "Polygon", "coordinates": [ [ [ 108.900597877018726, 22.11855942565365 ], [ 108.897544783212325, 22.131382153438729 ], [ 108.884177434423961, 22.135845542396066 ], [ 108.873863316341328, 22.127485390691412 ], [ 108.876917931551375, 22.114661660093674 ], [ 108.890285143606576, 22.1101990838966 ], [ 108.900597877018726, 22.11855942565365 ] ] ] } },
{ "type": "Feature", "properties": { "hex_id": "8741528c0ffffff" }, "geometry": { "type": "Polygon", "coordinates": [ [ [ 108.978342407419248, 22.66969246474725 ], [ 108.975288725013357, 22.68246570530372 ], [ 108.961905143665206, 22.686942687417826 ], [ 108.951575376993688, 22.678645634786704 ], [ 108.954630588444317, 22.66587138958694 ], [ 108.968014037687269, 22.661395201544341 ], [ 108.978342407419248, 22.66969246474725 ] ] ] } },
{ "type": "Feature", "properties": { "hex_id": "874150591ffffff" }, "geometry": { "type": "Polygon", "coordinates": [ [ [ 109.0060542712326, 22.295592501086212 ], [ 109.003006310114841, 22.308397266120906 ], [ 108.989642938345739, 22.312870357533924 ], [ 108.979327657798947, 22.304537873010748 ], [ 108.982377144749975, 22.29173209847751 ], [ 108.995740386578888, 22.287259817849986 ], [ 109.0060542712326, 22.295592501086212 ] ] ] } },
{ "type": "Feature", "properties": { "hex_id": "874152943ffffff" }, "geometry": { "type": "Polygon", "coordinates": [ [ [ 109.025981697804966, 22.418489193313995 ], [ 109.022933781082102, 22.431282887783603 ], [ 109.009567100840556, 22.435759218447892 ], [ 108.999248466220308, 22.427441047800755 ], [ 109.00229791054042, 22.414646343234075 ], [ 109.015664462047695, 22.41017081929548 ], [ 109.025981697804966, 22.418489193313995 ] ] ] } },
{ "type": "Feature", "properties": { "hex_id": "87415012affffff" }, "geometry": { "type": "Polygon", "coordinates": [ [ [ 108.642446910999269, 21.755235231057739 ], [ 108.639380603550009, 21.768095250376739 ], [ 108.626000654242461, 21.772536045601512 ], [ 108.615687165954967, 21.764116007022842 ], [ 108.618754984584584, 21.751255002243415 ], [ 108.632134780491995, 21.746815021384741 ], [ 108.642446910999269, 21.755235231057739 ] ] ] } },
{ "type": "Feature", "properties": { "hex_id": "8741501adffffff" }, "geometry": { "type": "Polygon", "coordinates": [ [ [ 108.678684678432418, 21.861575732745884 ], [ 108.675619646238943, 21.874426050136272 ], [ 108.662238936771672, 21.878870909874792 ], [ 108.651923410787347, 21.870464640178863 ], [ 108.654989956171022, 21.857613335143196 ], [ 108.668370514518955, 21.853169287330516 ], [ 108.678684678432418, 21.861575732745884 ] ] ] } },
{ "type": "Feature", "properties": { "hex_id": "87415054bffffff" }, "geometry": { "type": "Polygon", "coordinates": [ [ [ 108.694608304068367, 22.104540784555656 ], [ 108.691541796449783, 22.117370495099959 ], [ 108.678151862009955, 22.121820227734638 ], [ 108.667828585675409, 22.113439446818123 ], [ 108.670896609379696, 22.100608748816484 ], [ 108.684286393503029, 22.096159819070063 ], [ 108.694608304068367, 22.104540784555656 ] ] ] } },
{ "type": "Feature", "properties": { "hex_id": "874150482ffffff" }, "geometry": { "type": "Polygon", "coordinates": [ [ [ 108.88382601206628, 22.395368499943011 ], [ 108.880768939095432, 22.408168229016301 ], [ 108.867387111105785, 22.412634848944421 ], [ 108.857062494353457, 22.404300939078677 ], [ 108.860121091174136, 22.39150021030861 ], [ 108.873502781064303, 22.387034390983594 ], [ 108.88382601206628, 22.395368499943011 ] ] ] } },
{ "type": "Feature", "properties": { "hex_id": "874150588ffffff" }, "geometry": { "type": "Polygon", "coordinates": [ [ [ 108.927748215127522, 22.262848298915451 ], [ 108.924695418015745, 22.275658089942048 ], [ 108.911324605289479, 22.280125544420834 ], [ 108.901006724916726, 22.271782399538274 ], [ 108.904061045595554, 22.258971604621539 ], [ 108.91743172324594, 22.254504958360801 ], [ 108.927748215127522, 22.262848298915451 ] ] ] } },
{ "type": "Feature", "properties": { "hex_id": "87415294effffff" }, "geometry": { "type": "Polygon", "coordinates": [ [ [ 109.00229791054042, 22.414646343234075 ], [ 108.999248466220308, 22.427441047800755 ], [ 108.985879251431555, 22.431915762610839 ], [ 108.975559611421275, 22.423594967028048 ], [ 108.978610582718758, 22.410799254094528 ], [ 108.991979667213784, 22.406325344994286 ], [ 109.00229791054042, 22.414646343234075 ] ] ] } },
{ "type": "Feature", "properties": { "hex_id": "874150121ffffff" }, "geometry": { "type": "Polygon", "coordinates": [ [ [ 108.675327805458181, 21.720628448916429 ], [ 108.67226401169539, 21.733490354117759 ], [ 108.658889295184366, 21.737932696361451 ], [ 108.648578523802499, 21.729512315815047 ], [ 108.651643829230508, 21.716649422491255 ], [ 108.665018394545129, 21.712207897718386 ], [ 108.675327805458181, 21.720628448916429 ] ] ] } },
{ "type": "Feature", "properties": { "hex_id": "874152871ffffff" }, "geometry": { "type": "Polygon", "coordinates": [ [ [ 108.967569971444334, 22.508662672670258 ], [ 108.964517252956441, 22.521450261092447 ], [ 108.951139790355924, 22.525924127794607 ], [ 108.940815179080104, 22.517609605823655 ], [ 108.943869424669202, 22.504821012309385 ], [ 108.957246754598401, 22.500347945741222 ], [ 108.967569971444334, 22.508662672670258 ] ] ] } },
{ "type": "Feature", "properties": { "hex_id": "874150542ffffff" }, "geometry": { "type": "Polygon", "coordinates": [ [ [ 108.782163271127246, 22.099028544030464 ], [ 108.779102576602057, 22.111856268390973 ], [ 108.765722723825064, 22.116311634527769 ], [ 108.75540371027013, 22.107938468620002 ], [ 108.758465923039765, 22.095109750197043 ], [ 108.771845631288357, 22.090655191626549 ], [ 108.782163271127246, 22.099028544030464 ] ] ] } },
{ "type": "Feature", "properties": { "hex_id": "87415059cffffff" }, "geometry": { "type": "Polygon", "coordinates": [ [ [ 108.982377144749975, 22.29173209847751 ], [ 108.979327657798947, 22.304537873010748 ], [ 108.96596175687533, 22.309009355718516 ], [ 108.955645474565813, 22.300674254012822 ], [ 108.958696486729437, 22.287867471716904 ], [ 108.972062256154828, 22.283396798773119 ], [ 108.982377144749975, 22.29173209847751 ] ] ] } },
{ "type": "Feature", "properties": { "hex_id": "8741528f4ffffff" }, "geometry": { "type": "Polygon", "coordinates": [ [ [ 109.058601863170182, 22.642813213182233 ], [ 109.05555377661058, 22.655586526617455 ], [ 109.042180611293105, 22.660068442717552 ], [ 109.031855659475852, 22.651776246151606 ], [ 109.034905276767446, 22.639001921928234 ], [ 109.048278315308195, 22.634520804942593 ], [ 109.058601863170182, 22.642813213182233 ] ] ] } },
{ "type": "Feature", "properties": { "hex_id": "8741500b2ffffff" }, "geometry": { "type": "Polygon", "coordinates": [ [ [ 108.680098672138811, 22.062110714738608 ], [ 108.677031652574186, 22.074944381493143 ], [ 108.663642019225023, 22.079392507861417 ], [ 108.653319556842604, 22.071006163488853 ], [ 108.656388091687788, 22.058171510113798 ], [ 108.669777573805248, 22.053724187613167 ], [ 108.680098672138811, 22.062110714738608 ] ] ] } },
{ "type": "Feature", "properties": { "hex_id": "87415282bffffff" }, "geometry": { "type": "Polygon", "coordinates": [ [ [ 109.038650389064301, 22.520162141961588 ], [ 109.035602255611892, 22.532946704742937 ], [ 109.02223239627223, 22.537425440497856 ], [ 109.011910798536405, 22.529118810181348 ], [ 109.014960460954057, 22.516333237126876 ], [ 109.02833019230637, 22.511855304545776 ], [ 109.038650389064301, 22.520162141961588 ] ] ] } },
{ "type": "Feature", "properties": { "hex_id": "87415015effffff" }, "geometry": { "type": "Polygon", "coordinates": [ [ [ 108.505505118941485, 21.812467540925553 ], [ 108.502429255468627, 21.825326677814072 ], [ 108.489031518625737, 21.82975953339249 ], [ 108.478709807930542, 21.821332447013845 ], [ 108.481787179639184, 21.808472335321145 ], [ 108.495184753980681, 21.80404028469146 ], [ 108.505505118941485, 21.812467540925553 ] ] ] } },
{ "type": "Feature", "properties": { "hex_id": "874150012ffffff" }, "geometry": { "type": "Polygon", "coordinates": [ [ [ 108.603667252218813, 21.969282341955136 ], [ 108.600596183963503, 21.982125854752606 ], [ 108.587202232283019, 21.986567549078597 ], [ 108.576879505214421, 21.97816492678378 ], [ 108.579952085842976, 21.965320432589245 ], [ 108.593345881338664, 21.960879541967405 ], [ 108.603667252218813, 21.969282341955136 ] ] ] } },
{ "type": "Feature", "properties": { "hex_id": "8741528aeffffff" }, "geometry": { "type": "Polygon", "coordinates": [ [ [ 109.129670213910615, 22.654221493749084 ], [ 109.126626723239639, 22.666991764511703 ], [ 109.113261213050492, 22.671478561448609 ], [ 109.102939315788376, 22.663194285386325 ], [ 109.105984339035757, 22.650422998682721 ], [ 109.119349727131322, 22.645937003866685 ], [ 109.129670213910615, 22.654221493749084 ] ] ] } },
{ "type": "Feature", "properties": { "hex_id": "874150095ffffff" }, "geometry": { "type": "Polygon", "coordinates": [ [ [ 108.639927452234502, 22.075452679311798 ], [ 108.636857657842711, 22.088286341714955 ], [ 108.623462932090746, 22.092732047272357 ], [ 108.613138154801987, 22.084343289034457 ], [ 108.616209463584966, 22.071508643110388 ], [ 108.62960403543677, 22.067063738826036 ], [ 108.639927452234502, 22.075452679311798 ] ] ] } },
{ "type": "Feature", "properties": { "hex_id": "874150433ffffff" }, "geometry": { "type": "Polygon", "coordinates": [ [ [ 108.873107998150729, 22.233928325815729 ], [ 108.870051895128697, 22.246742121961415 ], [ 108.856676193182736, 22.251205547700721 ], [ 108.846356733080682, 22.242854370517758 ], [ 108.849414358014769, 22.230039574365723 ], [ 108.862789921305747, 22.225576955285824 ], [ 108.873107998150729, 22.233928325815729 ] ] ] } },
{ "type": "Feature", "properties": { "hex_id": "874150118ffffff" }, "geometry": { "type": "Polygon", "coordinates": [ [ [ 108.647741637476514, 21.83635105602162 ], [ 108.644674837128633, 21.84920430682806 ], [ 108.631291812664855, 21.853646758678664 ], [ 108.620975741854693, 21.845235148250715 ], [ 108.624044054346172, 21.832380912001469 ], [ 108.637426925674887, 21.827939271504508 ], [ 108.647741637476514, 21.83635105602162 ] ] ] } },
{ "type": "Feature", "properties": { "hex_id": "8741504b6ffffff" }, "geometry": { "type": "Polygon", "coordinates": [ [ [ 108.964075206715464, 22.368551704826551 ], [ 108.961023712969123, 22.381351454132496 ], [ 108.947652231764508, 22.385822942155468 ], [ 108.937332377246634, 22.377493875054444 ], [ 108.940385396552188, 22.36469311988937 ], [ 108.953756744981746, 22.360222437567831 ], [ 108.964075206715464, 22.368551704826551 ] ] ] } },
{ "type": "Feature", "properties": { "hex_id": "87415019bffffff" }, "geometry": { "type": "Polygon", "coordinates": [ [ [ 108.682044667498403, 22.002375719083414 ], [ 108.678978395915593, 22.015214311505133 ], [ 108.665591688217575, 22.019661631196467 ], [ 108.655271403314529, 22.011269551959028 ], [ 108.658339189614736, 21.998429972422141 ], [ 108.671725746270909, 21.993983459119345 ], [ 108.682044667498403, 22.002375719083414 ] ] ] } },
{ "type": "Feature", "properties": { "hex_id": "874152868ffffff" }, "geometry": { "type": "Polygon", "coordinates": [ [ [ 108.889189114905875, 22.476009693071759 ], [ 108.886131556894597, 22.488802323227954 ], [ 108.872746664156352, 22.493270514385294 ], [ 108.862419467417382, 22.484945277690645 ], [ 108.865478550248568, 22.472151648019594 ], [ 108.878863305165822, 22.467684254440432 ], [ 108.889189114905875, 22.476009693071759 ] ] ] } },
{ "type": "Feature", "properties": { "hex_id": "87415296effffff" }, "geometry": { "type": "Polygon", "coordinates": [ [ [ 109.027855170655926, 22.35898191416069 ], [ 109.02480799513512, 22.371780650631933 ], [ 109.011444236308762, 22.376256171359834 ], [ 109.001127781725643, 22.367932146236235 ], [ 109.004176484270943, 22.355132399095361 ], [ 109.017540114538903, 22.350657687631767 ], [ 109.027855170655926, 22.35898191416069 ] ] ] } },
{ "type": "Feature", "properties": { "hex_id": "874150470ffffff" }, "geometry": { "type": "Polygon", "coordinates": [ [ [ 108.723635507404879, 22.18934371533944 ], [ 108.720570025572485, 22.202165479144448 ], [ 108.707179494446223, 22.20661841842556 ], [ 108.696854593806535, 22.198248792858262 ], [ 108.699921593334238, 22.185426039941756 ], [ 108.713311975976097, 22.180973901585492 ], [ 108.723635507404879, 22.18934371533944 ] ] ] } },
{ "type": "Feature", "properties": { "hex_id": "874150155ffffff" }, "geometry": { "type": "Polygon", "coordinates": [ [ [ 108.538440741075092, 21.777878283765318 ], [ 108.535367389808414, 21.790739345021951 ], [ 108.521974860212907, 21.795173788582638 ], [ 108.511655842344922, 21.786746362712137 ], [ 108.514730702349226, 21.773884323983832 ], [ 108.528123071656594, 21.769450688478276 ], [ 108.538440741075092, 21.777878283765318 ] ] ] } },
{ "type": "Feature", "properties": { "hex_id": "874150519ffffff" }, "geometry": { "type": "Polygon", "coordinates": [ [ [ 108.891437592940548, 22.157024645855149 ], [ 108.888383496400067, 22.16984440792784 ], [ 108.875013363649231, 22.174307816298558 ], [ 108.864697464978477, 22.165950651754734 ], [ 108.867753083092381, 22.153129887801629 ], [ 108.881123078470011, 22.148667290155966 ], [ 108.891437592940548, 22.157024645855149 ] ] ] } },
{ "type": "Feature", "properties": { "hex_id": "8741528a5ffffff" }, "geometry": { "type": "Polygon", "coordinates": [ [ [ 109.162476368239069, 22.6197017985922 ], [ 109.159435414673197, 22.632474133614043 ], [ 109.146075266061345, 22.636962570356701 ], [ 109.135756191077277, 22.628677866816282 ], [ 109.138798677649078, 22.615904513153488 ], [ 109.152158706360808, 22.611416881556774 ], [ 109.162476368239069, 22.6197017985922 ] ] ] } },
{ "type": "Feature", "properties": { "hex_id": "87415042affffff" }, "geometry": { "type": "Polygon", "coordinates": [ [ [ 108.794756519965304, 22.201071424228701 ], [ 108.791695595056737, 22.213890210193238 ], [ 108.778312529872593, 22.218347993934632 ], [ 108.767990533562326, 22.209986187543596 ], [ 108.771052978083276, 22.197166407215825 ], [ 108.784435899470495, 22.192709427524452 ], [ 108.794756519965304, 22.201071424228701 ] ] ] } },
{ "type": "Feature", "properties": { "hex_id": "874150192ffffff" }, "geometry": { "type": "Polygon", "coordinates": [ [ [ 108.769577578361137, 21.99689826042637 ], [ 108.766517114789309, 22.009734854073212 ], [ 108.753140474265123, 22.014187778799581 ], [ 108.742824442739774, 22.005803298678018 ], [ 108.745886423189376, 21.992965711300034 ], [ 108.759262918455079, 21.988513597657111 ], [ 108.769577578361137, 21.99689826042637 ] ] ] } },
{ "type": "Feature", "properties": { "hex_id": "8741528e2ffffff" }, "geometry": { "type": "Polygon", "coordinates": [ [ [ 109.01120513445521, 22.635186364468208 ], [ 109.008153987050221, 22.647961697759591 ], [ 108.994775738113006, 22.65244035465685 ], [ 108.984448766647276, 22.644142881044814 ], [ 108.987501443545156, 22.631366540406781 ], [ 109.000879562580678, 22.626888680610595 ], [ 109.01120513445521, 22.635186364468208 ] ] ] } },
{ "type": "Feature", "properties": { "hex_id": "8741508ceffffff" }, "geometry": { "type": "Polygon", "coordinates": [ [ [ 108.582536578283381, 21.644779727497411 ], [ 108.579467490344271, 21.657650358969136 ], [ 108.566085860505396, 21.662085491131418 ], [ 108.555773476012561, 21.653649175979407 ], [ 108.558844072472183, 21.640777563051788 ], [ 108.572225545075767, 21.636343246613389 ], [ 108.582536578283381, 21.644779727497411 ] ] ] } },
{ "type": "Feature", "properties": { "hex_id": "8741505b3ffffff" }, "geometry": { "type": "Polygon", "coordinates": [ [ [ 109.038865157727827, 22.261031428810057 ], [ 109.035819725600177, 22.273838176172745 ], [ 109.022461678120408, 22.278312855727037 ], [ 109.012149190678855, 22.269979973962869 ], [ 109.015196149082826, 22.257172214418006 ], [ 109.028554068815708, 22.252698348703905 ], [ 109.038865157727827, 22.261031428810057 ] ] ] } },
{ "type": "Feature", "properties": { "hex_id": "874152819ffffff" }, "geometry": { "type": "Polygon", "coordinates": [ [ [ 109.044052118935909, 22.60067277308919 ], [ 109.041003506459546, 22.613450184141957 ], [ 109.027630595157802, 22.617930501504244 ], [ 109.017306424197628, 22.609632607565484 ], [ 109.020356566610801, 22.596854186465009 ], [ 109.033729350211473, 22.592374669234601 ], [ 109.044052118935909, 22.60067277308919 ] ] ] } },
{ "type": "Feature", "properties": { "hex_id": "874150000ffffff" }, "geometry": { "type": "Polygon", "coordinates": [ [ [ 108.558205636100368, 21.901550744613836 ], [ 108.55513229425938, 21.914401113125621 ], [ 108.541736360220341, 21.918838789776842 ], [ 108.531413927311135, 21.910425293703963 ], [ 108.534488779661629, 21.89757394685935 ], [ 108.547884554584371, 21.893137074300949 ], [ 108.558205636100368, 21.901550744613836 ] ] ] } },
{ "type": "Feature", "properties": { "hex_id": "87415056dffffff" }, "geometry": { "type": "Polygon", "coordinates": [ [ [ 108.729445317185025, 22.010254622042453 ], [ 108.726382076964313, 22.02309123495246 ], [ 108.713000322454207, 22.027541764450032 ], [ 108.702681956254438, 22.019154872426942 ], [ 108.705746712476781, 22.006317268881254 ], [ 108.719128319066655, 22.001867547876277 ], [ 108.729445317185025, 22.010254622042453 ] ] ] } },
{ "type": "Feature", "properties": { "hex_id": "874150421ffffff" }, "geometry": { "type": "Polygon", "coordinates": [ [ [ 108.827632796320316, 22.166512879596894 ], [ 108.824574395321591, 22.179333654756253 ], [ 108.811196609220602, 22.183793050327758 ], [ 108.800877365878549, 22.175430863503188 ], [ 108.80393728695806, 22.162609091298041 ], [ 108.817314931466527, 22.158150502845789 ], [ 108.827632796320316, 22.166512879596894 ] ] ] } },
{ "type": "Feature", "properties": { "hex_id": "8741504a4ffffff" }, "geometry": { "type": "Polygon", "coordinates": [ [ [ 108.918588820377025, 22.301274670988892 ], [ 108.915535019774822, 22.314081458464631 ], [ 108.902161419461493, 22.318548915042005 ], [ 108.891841755632299, 22.310208777839946 ], [ 108.894897079972694, 22.297400987420087 ], [ 108.9082705445702, 22.292934337029504 ], [ 108.918588820377025, 22.301274670988892 ] ] ] } },
{ "type": "Feature", "properties": { "hex_id": "874150189ffffff" }, "geometry": { "type": "Polygon", "coordinates": [ [ [ 108.636585668937045, 21.934706591363319 ], [ 108.633517117320991, 21.947552057753832 ], [ 108.620128398219975, 21.951995353587602 ], [ 108.609808384879926, 21.943592376115689 ], [ 108.612878449359883, 21.930745925654218 ], [ 108.626267014487013, 21.926303436616809 ], [ 108.636585668937045, 21.934706591363319 ] ] ] } },
{ "type": "Feature", "properties": { "hex_id": "874152856ffffff" }, "geometry": { "type": "Polygon", "coordinates": [ [ [ 108.989384609404439, 22.571946491110516 ], [ 108.986332675747903, 22.584727964450085 ], [ 108.972954817901496, 22.589204228525318 ], [ 108.962629025163935, 22.580898220524908 ], [ 108.965682487117775, 22.56811574095865 ], [ 108.97906021367703, 22.5636402755026 ], [ 108.989384609404439, 22.571946491110516 ] ] ] } },
{ "type": "Feature", "properties": { "hex_id": "8741505aaffffff" }, "geometry": { "type": "Polygon", "coordinates": [ [ [ 108.96058368317756, 22.228288429813784 ], [ 108.957533413237087, 22.241100206359469 ], [ 108.944167908188547, 22.24556925826052 ], [ 108.933852806124023, 22.23722572222162 ], [ 108.936904600083992, 22.224412939102443 ], [ 108.950269972254162, 22.21994469847937 ], [ 108.96058368317756, 22.228288429813784 ] ] ] } },
{ "type": "Feature", "properties": { "hex_id": "87415295cffffff" }, "geometry": { "type": "Polygon", "coordinates": [ [ [ 109.033251406971075, 22.439598432810339 ], [ 109.030203752503894, 22.452390104122806 ], [ 109.016836943989219, 22.456867241005085 ], [ 109.006517918378918, 22.448551900240801 ], [ 109.009567100840556, 22.435759218447892 ], [ 109.022933781082102, 22.431282887783603 ], [ 109.033251406971075, 22.439598432810339 ] ] ] } },
{ "type": "Feature", "properties": { "hex_id": "874150496ffffff" }, "geometry": { "type": "Polygon", "coordinates": [ [ [ 108.938492952002406, 22.424216125082587 ], [ 108.935439189281226, 22.437011827937216 ], [ 108.922062260132151, 22.441482491079697 ], [ 108.911739228385144, 22.433156649101974 ], [ 108.914794516611906, 22.420359942690823 ], [ 108.928171311246018, 22.415890081696915 ], [ 108.938492952002406, 22.424216125082587 ] ] ] } },
{ "type": "Feature", "properties": { "hex_id": "874150143ffffff" }, "geometry": { "type": "Polygon", "coordinates": [ [ [ 108.491017287448017, 21.769886192185659 ], [ 108.487940919361108, 21.782749206608397 ], [ 108.474543507976151, 21.787180451809576 ], [ 108.464222628263329, 21.778747876560296 ], [ 108.467300503776002, 21.765883888221616 ], [ 108.480697751749375, 21.761453448928297 ], [ 108.491017287448017, 21.769886192185659 ] ] ] } },
{ "type": "Feature", "properties": { "hex_id": "874152810ffffff" }, "geometry": { "type": "Polygon", "coordinates": [ [ [ 109.131522738610968, 22.594841557644298 ], [ 109.128479987731225, 22.60761695744646 ], [ 109.115117400142552, 22.612102968295797 ], [ 109.104797685517681, 22.603812774567515 ], [ 109.107841968397523, 22.59103635820858 ], [ 109.121204434064481, 22.586551152019169 ], [ 109.131522738610968, 22.594841557644298 ] ] ] } },
{ "type": "Feature", "properties": { "hex_id": "874150180ffffff" }, "geometry": { "type": "Polygon", "coordinates": [ [ [ 108.724128227780014, 21.92927109008507 ], [ 108.721065477666144, 21.942114560765212 ], [ 108.707686793936986, 21.946563452548233 ], [ 108.697371008680776, 21.938168062022093 ], [ 108.700435273831118, 21.925323600642393 ], [ 108.713813809370549, 21.920875520370455 ], [ 108.724128227780014, 21.92927109008507 ] ] ] } },
{ "type": "Feature", "properties": { "hex_id": "874150034ffffff" }, "geometry": { "type": "Polygon", "coordinates": [ [ [ 108.638540233644804, 21.874907902895501 ], [ 108.635472430434731, 21.88775824556765 ], [ 108.622086635841768, 21.892200719598119 ], [ 108.611768798412271, 21.883792041520188 ], [ 108.614838113924762, 21.870940714304862 ], [ 108.628223754735274, 21.866499049591997 ], [ 108.638540233644804, 21.874907902895501 ] ] ] } },
{ "type": "Feature", "properties": { "hex_id": "87415051effffff" }, "geometry": { "type": "Polygon", "coordinates": [ [ [ 108.938796103480172, 22.164801532093954 ], [ 108.935745051966194, 22.177619285171321 ], [ 108.922379946931869, 22.182085901727156 ], [ 108.912066027834243, 22.173733952300761 ], [ 108.915118602174104, 22.160915193853739 ], [ 108.928483572951194, 22.156449390086401 ], [ 108.938796103480172, 22.164801532093954 ] ] ] } },
{ "type": "Feature", "properties": { "hex_id": "8741505a1ffffff" }, "geometry": { "type": "Polygon", "coordinates": [ [ [ 108.993403473775089, 22.19372143898169 ], [ 108.990355730942852, 22.206535185950653 ], [ 108.976995538802626, 22.211005820934158 ], [ 108.966683220342745, 22.202661894493815 ], [ 108.969732487642773, 22.189847138270398 ], [ 108.983092549099339, 22.185377317625896 ], [ 108.993403473775089, 22.19372143898169 ] ] ] } },
{ "type": "Feature", "properties": { "hex_id": "87415288affffff" }, "geometry": { "type": "Polygon", "coordinates": [ [ [ 109.087709176252119, 22.727035236837295 ], [ 109.084662143418825, 22.73980032195497 ], [ 109.071288475619511, 22.744285429416678 ], [ 109.060961965743346, 22.736004654569147 ], [ 109.064010530898258, 22.723238557201981 ], [ 109.077384073771171, 22.718754246815521 ], [ 109.087709176252119, 22.727035236837295 ] ] ] } },
{ "type": "Feature", "properties": { "hex_id": "87415055bffffff" }, "geometry": { "type": "Polygon", "coordinates": [ [ [ 108.732829944180253, 22.150872443290993 ], [ 108.729765466671466, 22.163697196133729 ], [ 108.716377714491841, 22.168150146815123 ], [ 108.706054587828575, 22.159777541582052 ], [ 108.709120582869801, 22.146951798697526 ], [ 108.722508187211389, 22.142499650969498 ], [ 108.732829944180253, 22.150872443290993 ] ] ] } },
{ "type": "Feature", "properties": { "hex_id": "874150492ffffff" }, "geometry": { "type": "Polygon", "coordinates": [ [ [ 108.922062260132151, 22.441482491079697 ], [ 108.919007232328127, 22.454277173460106 ], [ 108.905627647332764, 22.458747016189868 ], [ 108.895303225923939, 22.45042137579722 ], [ 108.898359779006043, 22.437625691206936 ], [ 108.911739228385144, 22.433156649101974 ], [ 108.922062260132151, 22.441482491079697 ] ] ] } },
{ "type": "Feature", "properties": { "hex_id": "874152844ffffff" }, "geometry": { "type": "Polygon", "coordinates": [ [ [ 108.943869424669202, 22.504821012309385 ], [ 108.940815179080104, 22.517609605823655 ], [ 108.927435190000651, 22.52208184741308 ], [ 108.917109580910036, 22.513764696254029 ], [ 108.920165352975189, 22.500975099377214 ], [ 108.93354520782087, 22.496503656904839 ], [ 108.943869424669202, 22.504821012309385 ] ] ] } },
{ "type": "Feature", "properties": { "hex_id": "8741500aeffffff" }, "geometry": { "type": "Polygon", "coordinates": [ [ [ 108.59445304341817, 22.00780993365613 ], [ 108.591380971054036, 22.020650497185166 ], [ 108.577984248276962, 22.025092187047559 ], [ 108.567659754870718, 22.016692511587657 ], [ 108.570733339765297, 22.003850967571832 ], [ 108.584129905707726, 21.999410079383313 ], [ 108.59445304341817, 22.00780993365613 ] ] ] } },
{ "type": "Feature", "properties": { "hex_id": "874150598ffffff" }, "geometry": { "type": "Polygon", "coordinates": [ [ [ 108.96596175687533, 22.309009355718516 ], [ 108.962911005625301, 22.321814132091795 ], [ 108.949542446912488, 22.326284813295672 ], [ 108.939224772211546, 22.317949909773365 ], [ 108.942277048449654, 22.305144126980242 ], [ 108.955645474565813, 22.300674254012822 ], [ 108.96596175687533, 22.309009355718516 ] ] ] } },
{ "type": "Feature", "properties": { "hex_id": "87415294affffff" }, "geometry": { "type": "Polygon", "coordinates": [ [ [ 108.985879251431555, 22.431915762610839 ], [ 108.982828541594841, 22.444709453155095 ], [ 108.969456664829025, 22.44918335525411 ], [ 108.959135629457862, 22.440862762505386 ], [ 108.962187866048382, 22.428068064940128 ], [ 108.975559611421275, 22.423594967028048 ], [ 108.985879251431555, 22.431915762610839 ] ] ] } },
{ "type": "Feature", "properties": { "hex_id": "874152881ffffff" }, "geometry": { "type": "Polygon", "coordinates": [ [ [ 109.120538737532144, 22.692529214365614 ], [ 109.117494242419525, 22.705296390953173 ], [ 109.104125930647058, 22.709783162715311 ], [ 109.093802236878588, 22.701501957677337 ], [ 109.09684826474782, 22.688733766135837 ], [ 109.110216453791665, 22.684247794470366 ], [ 109.120538737532144, 22.692529214365614 ] ] ] } },
{ "type": "Feature", "properties": { "hex_id": "874150552ffffff" }, "geometry": { "type": "Polygon", "coordinates": [ [ [ 108.820373590838273, 22.145327740372611 ], [ 108.817314931466527, 22.158150502845789 ], [ 108.80393728695806, 22.162609091298041 ], [ 108.793618444040376, 22.154244109543498 ], [ 108.796678623092745, 22.141420350433179 ], [ 108.810056125549963, 22.136962569597067 ], [ 108.820373590838273, 22.145327740372611 ] ] ] } },
{ "type": "Feature", "properties": { "hex_id": "874150413ffffff" }, "geometry": { "type": "Polygon", "coordinates": [ [ [ 108.847503091464944, 22.289640936281767 ], [ 108.844444721533407, 22.30245072736939 ], [ 108.831063588640944, 22.306913339287298 ], [ 108.820740966246206, 22.298565356901467 ], [ 108.823800858026942, 22.28575456809271 ], [ 108.837181850520707, 22.281292759273352 ], [ 108.847503091464944, 22.289640936281767 ] ] ] } },
{ "type": "Feature", "properties": { "hex_id": "874150406ffffff" }, "geometry": { "type": "Polygon", "coordinates": [ [ [ 108.849414358014769, 22.230039574365723 ], [ 108.846356733080682, 22.242854370517758 ], [ 108.832978524955934, 22.247316184461777 ], [ 108.822658082148124, 22.238962396510118 ], [ 108.825717228363231, 22.226146602096186 ], [ 108.83909529627249, 22.221685593778407 ], [ 108.849414358014769, 22.230039574365723 ] ] ] } },
{ "type": "Feature", "properties": { "hex_id": "87415016effffff" }, "geometry": { "type": "Polygon", "coordinates": [ [ [ 108.493002225902316, 21.70998787985916 ], [ 108.489926608946277, 21.722855714287306 ], [ 108.476532123354616, 21.727286136763219 ], [ 108.466213418106804, 21.718847916269521 ], [ 108.469290541931329, 21.705979107488091 ], [ 108.482684864308666, 21.701549493433944 ], [ 108.493002225902316, 21.70998787985916 ] ] ] } },
{ "type": "Feature", "properties": { "hex_id": "874150022ffffff" }, "geometry": { "type": "Polygon", "coordinates": [ [ [ 108.591132584986767, 21.866969343910885 ], [ 108.588061757819446, 21.879821653900425 ], [ 108.574671044808099, 21.884260926860666 ], [ 108.564351316040103, 21.875847082520991 ], [ 108.567423654212789, 21.862993791527451 ], [ 108.580814210319943, 21.858555325758495 ], [ 108.591132584986767, 21.866969343910885 ] ] ] } },
{ "type": "Feature", "properties": { "hex_id": "87415050cffffff" }, "geometry": { "type": "Polygon", "coordinates": [ [ [ 108.89333849691026, 22.097374375717799 ], [ 108.890285143606576, 22.1101990838966 ], [ 108.876917931551375, 22.114661660093674 ], [ 108.866604210158272, 22.106298714734329 ], [ 108.86965908446706, 22.093473004151814 ], [ 108.883026159330129, 22.089011241215708 ], [ 108.89333849691026, 22.097374375717799 ] ] ] } },
{ "type": "Feature", "properties": { "hex_id": "8741500a5ffffff" }, "geometry": { "type": "Polygon", "coordinates": [ [ [ 108.627379010546221, 21.973240056358819 ], [ 108.624309455313323, 21.986082585993476 ], [ 108.610917964625131, 21.990525887631772 ], [ 108.600596183963503, 21.982125854752606 ], [ 108.603667252218813, 21.969282341955136 ], [ 108.617058588284664, 21.964839845080672 ], [ 108.627379010546221, 21.973240056358819 ] ] ] } },
{ "type": "Feature", "properties": { "hex_id": "874152941ffffff" }, "geometry": { "type": "Polygon", "coordinates": [ [ [ 109.018712640868799, 22.397375104466253 ], [ 109.015664462047695, 22.41017081929548 ], [ 109.00229791054042, 22.414646343234075 ], [ 108.991979667213784, 22.406325344994286 ], [ 108.995029373234829, 22.393528620452976 ], [ 109.008395795546846, 22.38905390374741 ], [ 109.018712640868799, 22.397375104466253 ] ] ] } },
{ "type": "Feature", "properties": { "hex_id": "874150128ffffff" }, "geometry": { "type": "Polygon", "coordinates": [ [ [ 108.635201342520119, 21.73395307042658 ], [ 108.632134780491995, 21.746815021384741 ], [ 108.618754984584584, 21.751255002243415 ], [ 108.608441904731976, 21.742832217172658 ], [ 108.611509977538361, 21.729969281195942 ], [ 108.624889619589851, 21.725530115190175 ], [ 108.635201342520119, 21.73395307042658 ] ] ] } },
{ "type": "Feature", "properties": { "hex_id": "8741501abffffff" }, "geometry": { "type": "Polygon", "coordinates": [ [ [ 108.669488579137038, 21.90012377489964 ], [ 108.6664225441544, 21.912971179686561 ], [ 108.653039063023769, 21.917416062670796 ], [ 108.642721768811896, 21.909012730860102 ], [ 108.64578931714486, 21.896164339330706 ], [ 108.659172646509745, 21.891720266236057 ], [ 108.669488579137038, 21.90012377489964 ] ] ] } },
{ "type": "Feature", "properties": { "hex_id": "874150549ffffff" }, "geometry": { "type": "Polygon", "coordinates": [ [ [ 108.687353157173533, 22.083328128987588 ], [ 108.684286393503029, 22.096159819070063 ], [ 108.670896609379696, 22.100608748816484 ], [ 108.660573739871339, 22.092225184983626 ], [ 108.663642019225023, 22.079392507861417 ], [ 108.677031652574186, 22.074944381493143 ], [ 108.687353157173533, 22.083328128987588 ] ] ] } },
{ "type": "Feature", "properties": { "hex_id": "874150480ffffff" }, "geometry": { "type": "Polygon", "coordinates": [ [ [ 108.87656011374284, 22.374232643877864 ], [ 108.873502781064303, 22.387034390983594 ], [ 108.860121091174136, 22.39150021030861 ], [ 108.849796872689183, 22.383163481307445 ], [ 108.852855728817531, 22.370360734896813 ], [ 108.866237280148098, 22.365895716674753 ], [ 108.87656011374284, 22.374232643877864 ] ] ] } },
{ "type": "Feature", "properties": { "hex_id": "874150165ffffff" }, "geometry": { "type": "Polygon", "coordinates": [ [ [ 108.525930864638141, 21.67538616447224 ], [ 108.522857757923461, 21.688255895787353 ], [ 108.509468473452074, 21.692687886625528 ], [ 108.499152456870732, 21.684249334493952 ], [ 108.502227070956707, 21.671378626163172 ], [ 108.515616194425519, 21.666947446860316 ], [ 108.525930864638141, 21.67538616447224 ] ] ] } },
{ "type": "Feature", "properties": { "hex_id": "874150503ffffff" }, "geometry": { "type": "Polygon", "coordinates": [ [ [ 108.924274319991923, 22.122452986396461 ], [ 108.921222748215385, 22.135274709622617 ], [ 108.907857912154839, 22.13973970009874 ], [ 108.897544783212325, 22.131382153438729 ], [ 108.900597877018726, 22.11855942565365 ], [ 108.91396257790349, 22.114095248971093 ], [ 108.924274319991923, 22.122452986396461 ] ] ] } },
{ "type": "Feature", "properties": { "hex_id": "874150586ffffff" }, "geometry": { "type": "Polygon", "coordinates": [ [ [ 109.015196149082826, 22.257172214418006 ], [ 109.012149190678855, 22.269979973962869 ], [ 108.998788609247669, 22.274453048925885 ], [ 108.988475115688104, 22.26611755140835 ], [ 108.991523599750593, 22.253308781416944 ], [ 109.004884051878264, 22.248836519273784 ], [ 109.015196149082826, 22.257172214418006 ] ] ] } },
{ "type": "Feature", "properties": { "hex_id": "874150540ffffff" }, "geometry": { "type": "Polygon", "coordinates": [ [ [ 108.774906583313538, 22.077825488928468 ], [ 108.771845631288357, 22.090655191626549 ], [ 108.758465923039765, 22.095109750197043 ], [ 108.748147311971536, 22.086733797890918 ], [ 108.751209781840373, 22.073903101545064 ], [ 108.764589345102394, 22.069449351035338 ], [ 108.774906583313538, 22.077825488928468 ] ] ] } },
{ "type": "Feature", "properties": { "hex_id": "8741528f2ffffff" }, "geometry": { "type": "Polygon", "coordinates": [ [ [ 109.049456598588051, 22.681130058860695 ], [ 109.046407507049167, 22.693900275162886 ], [ 109.033031542647862, 22.698382156884154 ], [ 109.0227047973639, 22.69009302509437 ], [ 109.025755419812, 22.677321798987922 ], [ 109.039131256798981, 22.672840714358948 ], [ 109.049456598588051, 22.681130058860695 ] ] ] } },
{ "type": "Feature", "properties": { "hex_id": "8741508deffffff" }, "geometry": { "type": "Polygon", "coordinates": [ [ [ 108.620712191698246, 21.691374731695657 ], [ 108.61764512098452, 21.704240537156085 ], [ 108.604265633244523, 21.708678887822519 ], [ 108.593953371156161, 21.700250617084759 ], [ 108.597021951843743, 21.687383827494358 ], [ 108.610401284816774, 21.682946292653259 ], [ 108.620712191698246, 21.691374731695657 ] ] ] } },
{ "type": "Feature", "properties": { "hex_id": "874152829ffffff" }, "geometry": { "type": "Polygon", "coordinates": [ [ [ 109.031378588247421, 22.499068707831579 ], [ 109.02833019230637, 22.511855304545776 ], [ 109.014960460954057, 22.516333237126876 ], [ 109.00463925415589, 22.508023769195745 ], [ 109.007689178664748, 22.495236162586426 ], [ 109.021058781568144, 22.490759033687088 ], [ 109.031378588247421, 22.499068707831579 ] ] ] } },
{ "type": "Feature", "properties": { "hex_id": "87415015cffffff" }, "geometry": { "type": "Polygon", "coordinates": [ [ [ 108.49826086983947, 21.791179207575439 ], [ 108.495184753980681, 21.80404028469146 ], [ 108.481787179639184, 21.808472335321145 ], [ 108.471465884286559, 21.800042503286466 ], [ 108.474543507976151, 21.787180451809576 ], [ 108.487940919361108, 21.782749206608397 ], [ 108.49826086983947, 21.791179207575439 ] ] ] } },
{ "type": "Feature", "properties": { "hex_id": "874150010ffffff" }, "geometry": { "type": "Polygon", "coordinates": [ [ [ 108.596417203893083, 21.948034067740021 ], [ 108.593345881338664, 21.960879541967405 ], [ 108.579952085842976, 21.965320432589245 ], [ 108.569629769714865, 21.956915044675309 ], [ 108.572702604238785, 21.94406858948053 ], [ 108.586096243093195, 21.939628503047867 ], [ 108.596417203893083, 21.948034067740021 ] ] ] } },
{ "type": "Feature", "properties": { "hex_id": "8741528acffffff" }, "geometry": { "type": "Polygon", "coordinates": [ [ [ 109.122393482029437, 22.633164681812406 ], [ 109.119349727131322, 22.645937003866685 ], [ 109.105984339035757, 22.650422998682721 ], [ 109.095662828557167, 22.642135868695263 ], [ 109.098708115635517, 22.629362531065976 ], [ 109.112073381174838, 22.62487733888344 ], [ 109.122393482029437, 22.633164681812406 ] ] ] } },
{ "type": "Feature", "properties": { "hex_id": "874150431ffffff" }, "geometry": { "type": "Polygon", "coordinates": [ [ [ 108.865846283573163, 22.212761162894502 ], [ 108.862789921305747, 22.225576955285824 ], [ 108.849414358014769, 22.230039574365723 ], [ 108.83909529627249, 22.221685593778407 ], [ 108.842153180052392, 22.208868801783357 ], [ 108.855528604229079, 22.20440698986215 ], [ 108.865846283573163, 22.212761162894502 ] ] ] } },
{ "type": "Feature", "properties": { "hex_id": "87415288effffff" }, "geometry": { "type": "Polygon", "coordinates": [ [ [ 109.104125930647058, 22.709783162715311 ], [ 109.101080166685193, 22.722549295436238 ], [ 109.087709176252119, 22.727035236837295 ], [ 109.077384073771171, 22.718754246815521 ], [ 109.080431370272663, 22.705987100492582 ], [ 109.093802236878588, 22.701501957677337 ], [ 109.104125930647058, 22.709783162715311 ] ] ] } },
{ "type": "Feature", "properties": { "hex_id": "8741504b4ffffff" }, "geometry": { "type": "Polygon", "coordinates": [ [ [ 108.956808499716203, 22.347420674286223 ], [ 108.953756744981746, 22.360222437567831 ], [ 108.940385396552188, 22.36469311988937 ], [ 108.930065936258046, 22.356361232607139 ], [ 108.933119216153401, 22.343558463856944 ], [ 108.946490431347428, 22.339088587740928 ], [ 108.956808499716203, 22.347420674286223 ] ] ] } },
{ "type": "Feature", "properties": { "hex_id": "874150199ffffff" }, "geometry": { "type": "Polygon", "coordinates": [ [ [ 108.674792273519088, 21.981142901102572 ], [ 108.671725746270909, 21.993983459119345 ], [ 108.658339189614736, 21.998429972422141 ], [ 108.648019311876126, 21.990035120711916 ], [ 108.651087353439351, 21.977193576004563 ], [ 108.664473758596557, 21.972747869579482 ], [ 108.674792273519088, 21.981142901102572 ] ] ] } },
{ "type": "Feature", "properties": { "hex_id": "874152866ffffff" }, "geometry": { "type": "Polygon", "coordinates": [ [ [ 108.976726117841338, 22.470293791392596 ], [ 108.973674403849003, 22.483084436558421 ], [ 108.960299734381209, 22.487558324523636 ], [ 108.949976911102809, 22.479240765046654 ], [ 108.953030152022805, 22.466449113822694 ], [ 108.96640468945877, 22.461976028017101 ], [ 108.976726117841338, 22.470293791392596 ] ] ] } },
{ "type": "Feature", "properties": { "hex_id": "8741508d5ffffff" }, "geometry": { "type": "Polygon", "coordinates": [ [ [ 108.653593701667546, 21.656761302725556 ], [ 108.650529143174751, 21.669628979160784 ], [ 108.63715488162012, 21.674068867526955 ], [ 108.626845331291833, 21.665640260404821 ], [ 108.629911400245646, 21.652771597180543 ], [ 108.643285509236975, 21.648332527749417 ], [ 108.653593701667546, 21.656761302725556 ] ] ] } },
{ "type": "Feature", "properties": { "hex_id": "87415296cffffff" }, "geometry": { "type": "Polygon", "coordinates": [ [ [ 109.020587552082702, 22.337856938827233 ], [ 109.017540114538903, 22.350657687631767 ], [ 109.004176484270943, 22.355132399095361 ], [ 108.993860420730044, 22.346805551866701 ], [ 108.996909384901301, 22.334003792781278 ], [ 109.010272886150133, 22.329529891089429 ], [ 109.020587552082702, 22.337856938827233 ] ] ] } },
{ "type": "Feature", "properties": { "hex_id": "874150153ffffff" }, "geometry": { "type": "Polygon", "coordinates": [ [ [ 108.529219684034459, 21.816458569182583 ], [ 108.526145329453414, 21.829316729490699 ], [ 108.512750034614456, 21.833751186876647 ], [ 108.502429255468627, 21.825326677814072 ], [ 108.505505118941485, 21.812467540925553 ], [ 108.518900252841348, 21.808033889560424 ], [ 108.529219684034459, 21.816458569182583 ] ] ] } },
{ "type": "Feature", "properties": { "hex_id": "8741528a3ffffff" }, "geometry": { "type": "Polygon", "coordinates": [ [ [ 109.153352503699949, 22.658015724249104 ], [ 109.150310546216389, 22.67078497735567 ], [ 109.136947595638375, 22.67527339910438 ], [ 109.126626723239639, 22.666991764511703 ], [ 109.129670213910615, 22.654221493749084 ], [ 109.143033043954929, 22.649733875119718 ], [ 109.153352503699949, 22.658015724249104 ] ] ] } },
{ "type": "Feature", "properties": { "hex_id": "874150428ffffff" }, "geometry": { "type": "Polygon", "coordinates": [ [ [ 108.787497082266654, 22.179888649368124 ], [ 108.784435899470495, 22.192709427524452 ], [ 108.771052978083276, 22.197166407215825 ], [ 108.760731383916394, 22.188801804087792 ], [ 108.763794085923948, 22.175980031975882 ], [ 108.777176863055516, 22.171523856829698 ], [ 108.787497082266654, 22.179888649368124 ] ] ] } },
{ "type": "Feature", "properties": { "hex_id": "87415010dffffff" }, "geometry": { "type": "Polygon", "coordinates": [ [ [ 108.602304756767722, 21.768555210537201 ], [ 108.599235681535916, 21.781415265325755 ], [ 108.585850660416483, 21.785853687904478 ], [ 108.575534870762709, 21.777431243828421 ], [ 108.578605456282972, 21.764570206684773 ], [ 108.59199032134002, 21.760132595853513 ], [ 108.602304756767722, 21.768555210537201 ] ] ] } },
{ "type": "Feature", "properties": { "hex_id": "874150190ffffff" }, "geometry": { "type": "Polygon", "coordinates": [ [ [ 108.762323639139822, 21.975675039604777 ], [ 108.759262918455079, 21.988513597657111 ], [ 108.745886423189376, 21.992965711300034 ], [ 108.7355707944931, 21.984578455195766 ], [ 108.738633031654928, 21.971738903833955 ], [ 108.752009381204601, 21.967287601768227 ], [ 108.762323639139822, 21.975675039604777 ] ] ] } },
{ "type": "Feature", "properties": { "hex_id": "87415285dffffff" }, "geometry": { "type": "Polygon", "coordinates": [ [ [ 108.894554950991335, 22.556597930233753 ], [ 108.891496907895814, 22.569383418118594 ], [ 108.878108949257253, 22.573853163283683 ], [ 108.867779171423223, 22.565536625890655 ], [ 108.870838740309551, 22.552750138690932 ], [ 108.884226561406095, 22.548281188081344 ], [ 108.894554950991335, 22.556597930233753 ] ] ] } },
{ "type": "Feature", "properties": { "hex_id": "8741528e0ffffff" }, "geometry": { "type": "Polygon", "coordinates": [ [ [ 109.003930972227337, 22.61411129786881 ], [ 109.000879562580678, 22.626888680610595 ], [ 108.987501443545156, 22.631366540406781 ], [ 108.977174864684883, 22.623066219736867 ], [ 108.980227803425961, 22.61028783002013 ], [ 108.993605792097824, 22.605810767831411 ], [ 109.003930972227337, 22.61411129786881 ] ] ] } },
{ "type": "Feature", "properties": { "hex_id": "8741508ccffffff" }, "geometry": { "type": "Polygon", "coordinates": [ [ [ 108.575294886404578, 21.623470698609825 ], [ 108.572225545075767, 21.636343246613389 ], [ 108.558844072472183, 21.640777563051788 ], [ 108.548532099059273, 21.632338515160495 ], [ 108.551602948505774, 21.619464986152167 ], [ 108.56498426341922, 21.615031485921179 ], [ 108.575294886404578, 21.623470698609825 ] ] ] } },
{ "type": "Feature", "properties": { "hex_id": "8741505b1ffffff" }, "geometry": { "type": "Polygon", "coordinates": [ [ [ 109.031599762973059, 22.239889602309415 ], [ 109.028554068815708, 22.252698348703905 ], [ 109.015196149082826, 22.257172214418006 ], [ 109.004884051878264, 22.248836519273784 ], [ 109.007931271915524, 22.236026761091715 ], [ 109.021289063441202, 22.23155370972583 ], [ 109.031599762973059, 22.239889602309415 ] ] ] } },
{ "type": "Feature", "properties": { "hex_id": "874152963ffffff" }, "geometry": { "type": "Polygon", "coordinates": [ [ [ 109.051530310053039, 22.3628271981332 ], [ 109.048484662174147, 22.375624922203667 ], [ 109.035123441133152, 22.380102053651008 ], [ 109.02480799513512, 22.371780650631933 ], [ 109.027855170655926, 22.35898191416069 ], [ 109.041216264696445, 22.354505592993597 ], [ 109.051530310053039, 22.3628271981332 ] ] ] } },
{ "type": "Feature", "properties": { "hex_id": "87415280bffffff" }, "geometry": { "type": "Polygon", "coordinates": [ [ [ 109.013083191272969, 22.575772981837837 ], [ 109.010032786535618, 22.58855344722592 ], [ 108.996657463828313, 22.593031338405634 ], [ 108.986332675747903, 22.584727964450085 ], [ 108.989384609404439, 22.571946491110516 ], [ 109.002759802386905, 22.567469399561322 ], [ 109.013083191272969, 22.575772981837837 ] ] ] } },
{ "type": "Feature", "properties": { "hex_id": "874150465ffffff" }, "geometry": { "type": "Polygon", "coordinates": [ [ [ 108.678151862009955, 22.121820227734638 ], [ 108.675084094112961, 22.13464894375171 ], [ 108.661691533866829, 22.139097865087905 ], [ 108.651366893109994, 22.130717268939353 ], [ 108.654436176851021, 22.117887566805468 ], [ 108.667828585675409, 22.113439446818123 ], [ 108.678151862009955, 22.121820227734638 ] ] ] } },
{ "type": "Feature", "properties": { "hex_id": "874150081ffffff" }, "geometry": { "type": "Polygon", "coordinates": [ [ [ 108.585235821957539, 22.046328665959688 ], [ 108.582162745151095, 22.059166268631678 ], [ 108.568763250874923, 22.063607946868323 ], [ 108.558436991062578, 22.055211222668266 ], [ 108.56151158055637, 22.042372640422972 ], [ 108.574910917347438, 22.037931761831487 ], [ 108.585235821957539, 22.046328665959688 ] ] ] } },
{ "type": "Feature", "properties": { "hex_id": "87415056bffffff" }, "geometry": { "type": "Polygon", "coordinates": [ [ [ 108.720254593203251, 22.048761513313053 ], [ 108.717190349588421, 22.061595176192274 ], [ 108.703805818893386, 22.066045714694237 ], [ 108.693485680548591, 22.05766178373927 ], [ 108.696551440327539, 22.044827131141975 ], [ 108.709935822456785, 22.040377399099484 ], [ 108.720254593203251, 22.048761513313053 ] ] ] } },
{ "type": "Feature", "properties": { "hex_id": "8741504a2ffffff" }, "geometry": { "type": "Polygon", "coordinates": [ [ [ 108.909426414816608, 22.339692020963913 ], [ 108.906371610385349, 22.352495793446504 ], [ 108.892995222058929, 22.35696324497993 ], [ 108.882673774686495, 22.348626119756513 ], [ 108.885730103026802, 22.335821345279001 ], [ 108.899106354996846, 22.331354697902746 ], [ 108.909426414816608, 22.339692020963913 ] ] ] } },
{ "type": "Feature", "properties": { "hex_id": "874152854ffffff" }, "geometry": { "type": "Polygon", "coordinates": [ [ [ 108.982112409101802, 22.550856761023176 ], [ 108.97906021367703, 22.5636402755026 ], [ 108.965682487117775, 22.56811574095865 ], [ 108.955357087897227, 22.559806892693892 ], [ 108.958410811220659, 22.547022372364378 ], [ 108.971788406031237, 22.542547706032796 ], [ 108.982112409101802, 22.550856761023176 ] ] ] } },
{ "type": "Feature", "properties": { "hex_id": "8741508c3ffffff" }, "geometry": { "type": "Polygon", "coordinates": [ [ [ 108.606225689997203, 21.648777738823387 ], [ 108.603158111227316, 21.661647387060249 ], [ 108.589778933476538, 21.666084105590404 ], [ 108.579467490344271, 21.657650358969136 ], [ 108.582536578283381, 21.644779727497411 ], [ 108.595915600356705, 21.64034382576336 ], [ 108.606225689997203, 21.648777738823387 ] ] ] } },
{ "type": "Feature", "properties": { "hex_id": "8741505a8ffffff" }, "geometry": { "type": "Polygon", "coordinates": [ [ [ 108.953320502876451, 22.207130926920289 ], [ 108.950269972254162, 22.21994469847937 ], [ 108.936904600083992, 22.224412939102443 ], [ 108.926589892039487, 22.216066596268252 ], [ 108.929641946283454, 22.203251818535328 ], [ 108.943007185115505, 22.198784389694126 ], [ 108.953320502876451, 22.207130926920289 ] ] ] } },
{ "type": "Feature", "properties": { "hex_id": "87415295affffff" }, "geometry": { "type": "Polygon", "coordinates": [ [ [ 109.024107439840279, 22.47797040582417 ], [ 109.021058781568144, 22.490759033687088 ], [ 109.007689178664748, 22.495236162586426 ], [ 108.99736836310808, 22.486923859317219 ], [ 109.000418549550488, 22.474134221938812 ], [ 109.013788023543583, 22.469657897228821 ], [ 109.024107439840279, 22.47797040582417 ] ] ] } },
{ "type": "Feature", "properties": { "hex_id": "87415280effffff" }, "geometry": { "type": "Polygon", "coordinates": [ [ [ 109.05319594734118, 22.562334386366071 ], [ 109.05014833933879, 22.575114872944361 ], [ 109.036778225409662, 22.5795952135216 ], [ 109.026455846710562, 22.571294265247495 ], [ 109.029504984472908, 22.558512767644938 ], [ 109.042874971338236, 22.554033229224515 ], [ 109.05319594734118, 22.562334386366071 ] ] ] } },
{ "type": "Feature", "properties": { "hex_id": "874150141ffffff" }, "geometry": { "type": "Polygon", "coordinates": [ [ [ 108.483774371906605, 21.748588500123287 ], [ 108.480697751749375, 21.761453448928297 ], [ 108.467300503776002, 21.765883888221616 ], [ 108.456980040000062, 21.75744857220327 ], [ 108.460058167177934, 21.744582649928873 ], [ 108.473455251284875, 21.740153017022347 ], [ 108.483774371906605, 21.748588500123287 ] ] ] } },
{ "type": "Feature", "properties": { "hex_id": "874150562ffffff" }, "geometry": { "type": "Polygon", "coordinates": [ [ [ 108.807776216241948, 22.043251642984117 ], [ 108.804717785682215, 22.056083302869787 ], [ 108.791343348154314, 22.060539450732271 ], [ 108.781027484137695, 22.052163127452619 ], [ 108.784087433011322, 22.039330471242657 ], [ 108.797461727755547, 22.034875134519286 ], [ 108.807776216241948, 22.043251642984117 ] ] ] } },
{ "type": "Feature", "properties": { "hex_id": "874150416ffffff" }, "geometry": { "type": "Polygon", "coordinates": [ [ [ 108.88763339649492, 22.276248243240378 ], [ 108.884577812436405, 22.289058038396607 ], [ 108.871201834558931, 22.293523075955274 ], [ 108.860881578642648, 22.285177512580933 ], [ 108.863938685412208, 22.272366716618052 ], [ 108.8773145255537, 22.267902484719023 ], [ 108.88763339649492, 22.276248243240378 ] ] ] } },
{ "type": "Feature", "properties": { "hex_id": "874150032ffffff" }, "geometry": { "type": "Polygon", "coordinates": [ [ [ 108.629335820892891, 21.913456013721003 ], [ 108.626267014487013, 21.926303436616809 ], [ 108.612878449359883, 21.930745925654218 ], [ 108.602558845240225, 21.922340184393903 ], [ 108.605629164107029, 21.909491777857745 ], [ 108.619017574803735, 21.905050096103437 ], [ 108.629335820892891, 21.913456013721003 ] ] ] } },
{ "type": "Feature", "properties": { "hex_id": "87415051cffffff" }, "geometry": { "type": "Polygon", "coordinates": [ [ [ 108.931534884675088, 22.143629650511585 ], [ 108.928483572951194, 22.156449390086401 ], [ 108.915118602174104, 22.160915193853739 ], [ 108.904805078003051, 22.152560444638649 ], [ 108.907857912154839, 22.13973970009874 ], [ 108.921222748215385, 22.135274709622617 ], [ 108.931534884675088, 22.143629650511585 ] ] ] } },
{ "type": "Feature", "properties": { "hex_id": "8741500b5ffffff" }, "geometry": { "type": "Polygon", "coordinates": [ [ [ 108.665591688217575, 22.019661631196467 ], [ 108.662524157338112, 22.032499242681926 ], [ 108.649134826909716, 22.03694576082583 ], [ 108.638813179677754, 22.028553862520095 ], [ 108.641882225032461, 22.015715265257484 ], [ 108.655271403314529, 22.011269551959028 ], [ 108.665591688217575, 22.019661631196467 ] ] ] } },
{ "type": "Feature", "properties": { "hex_id": "874152805ffffff" }, "geometry": { "type": "Polygon", "coordinates": [ [ [ 109.086019575487384, 22.52780719873499 ], [ 109.082974501816224, 22.540589735797834 ], [ 109.069609731125851, 22.545071712327179 ], [ 109.059290159137319, 22.536770346486662 ], [ 109.06233676300694, 22.523986795702942 ], [ 109.075701408829786, 22.519505624364832 ], [ 109.086019575487384, 22.52780719873499 ] ] ] } },
{ "type": "Feature", "properties": { "hex_id": "874152888ffffff" }, "geometry": { "type": "Polygon", "coordinates": [ [ [ 109.080431370272663, 22.705987100492582 ], [ 109.077384073771171, 22.718754246815521 ], [ 109.064010530898258, 22.723238557201981 ], [ 109.053684410079612, 22.714954923563578 ], [ 109.056733238505402, 22.702186765354057 ], [ 109.070106655989122, 22.69770325255319 ], [ 109.080431370272663, 22.705987100492582 ] ] ] } },
{ "type": "Feature", "properties": { "hex_id": "8741508c0ffffff" }, "geometry": { "type": "Polygon", "coordinates": [ [ [ 108.622668580679502, 21.631469672102675 ], [ 108.619602257531653, 21.644340252757662 ], [ 108.606225689997203, 21.648777738823387 ], [ 108.595915600356705, 21.64034382576336 ], [ 108.598983432918672, 21.627472260544653 ], [ 108.612359845877805, 21.623035592831421 ], [ 108.622668580679502, 21.631469672102675 ] ] ] } },
{ "type": "Feature", "properties": { "hex_id": "874150559ffffff" }, "geometry": { "type": "Polygon", "coordinates": [ [ [ 108.725572921489771, 22.129672912454343 ], [ 108.722508187211389, 22.142499650969498 ], [ 108.709120582869801, 22.146951798697526 ], [ 108.698797861272382, 22.138576404346729 ], [ 108.701864112681193, 22.125748676202985 ], [ 108.715251568726643, 22.121297331920232 ], [ 108.725572921489771, 22.129672912454343 ] ] ] } },
{ "type": "Feature", "properties": { "hex_id": "87415040dffffff" }, "geometry": { "type": "Polygon", "coordinates": [ [ [ 108.754604975730388, 22.214442357475345 ], [ 108.751541269477258, 22.227261136195853 ], [ 108.738153076533621, 22.231716492782073 ], [ 108.727828736475203, 22.223352269054132 ], [ 108.730893961466364, 22.210532499061966 ], [ 108.744282007947135, 22.206077943951087 ], [ 108.754604975730388, 22.214442357475345 ] ] ] } },
{ "type": "Feature", "properties": { "hex_id": "874150490ffffff" }, "geometry": { "type": "Polygon", "coordinates": [ [ [ 108.914794516611906, 22.420359942690823 ], [ 108.911739228385144, 22.433156649101974 ], [ 108.898359779006043, 22.437625691206936 ], [ 108.88803575409689, 22.429297225656878 ], [ 108.891092567202278, 22.416499517423329 ], [ 108.904471880504573, 22.412031276444996 ], [ 108.914794516611906, 22.420359942690823 ] ] ] } },
{ "type": "Feature", "properties": { "hex_id": "874150175ffffff" }, "geometry": { "type": "Polygon", "coordinates": [ [ [ 108.564117040091773, 21.721989212172879 ], [ 108.561045947671587, 21.734854112862195 ], [ 108.547658788836515, 21.739289318877475 ], [ 108.537342881126619, 21.730858812438797 ], [ 108.54041548237862, 21.71799293205796 ], [ 108.553802482680837, 21.713558537688279 ], [ 108.564117040091773, 21.721989212172879 ] ] ] } },
{ "type": "Feature", "properties": { "hex_id": "874152842ffffff" }, "geometry": { "type": "Polygon", "coordinates": [ [ [ 108.934705682968627, 22.543183726311231 ], [ 108.931650432370745, 22.555969250763635 ], [ 108.918267650579963, 22.560441460886629 ], [ 108.907940254427956, 22.552127349346076 ], [ 108.910997031674114, 22.539340822499266 ], [ 108.924379678590199, 22.534869409470069 ], [ 108.934705682968627, 22.543183726311231 ] ] ] } },
{ "type": "Feature", "properties": { "hex_id": "874150513ffffff" }, "geometry": { "type": "Polygon", "coordinates": [ [ [ 108.962470089552866, 22.168683660878198 ], [ 108.959420561488159, 22.181500406843213 ], [ 108.946057976262281, 22.185968625956573 ], [ 108.935745051966194, 22.177619285171321 ], [ 108.938796103480172, 22.164801532093954 ], [ 108.952158556005998, 22.160334126798055 ], [ 108.962470089552866, 22.168683660878198 ] ] ] } },
{ "type": "Feature", "properties": { "hex_id": "8741528c5ffffff" }, "geometry": { "type": "Polygon", "coordinates": [ [ [ 108.971067981853366, 22.648619906754021 ], [ 108.968014037687269, 22.661395201544341 ], [ 108.954630588444317, 22.66587138958694 ], [ 108.944301216100214, 22.657571488145823 ], [ 108.94735668891181, 22.64479518908297 ], [ 108.960740005587652, 22.640319795616499 ], [ 108.971067981853366, 22.648619906754021 ] ] ] } },
{ "type": "Feature", "properties": { "hex_id": "8741528d4ffffff" }, "geometry": { "type": "Polygon", "coordinates": [ [ [ 109.033031542647862, 22.698382156884154 ], [ 109.029981182915009, 22.7111513252636 ], [ 109.01660254704575, 22.71563237042205 ], [ 109.006274399588875, 22.707343451504563 ], [ 109.009326290009668, 22.694573274673111 ], [ 109.0227047973639, 22.69009302509437 ], [ 109.033031542647862, 22.698382156884154 ] ] ] } },
{ "type": "Feature", "properties": { "hex_id": "8741500acffffff" }, "geometry": { "type": "Polygon", "coordinates": [ [ [ 108.587202232283019, 21.986567549078597 ], [ 108.584129905707726, 21.999410079383313 ], [ 108.570733339765297, 22.003850967571832 ], [ 108.560409257861593, 21.995448523177803 ], [ 108.563483096563274, 21.982605012813863 ], [ 108.576879505214421, 21.97816492678378 ], [ 108.587202232283019, 21.986567549078597 ] ] ] } },
{ "type": "Feature", "properties": { "hex_id": "874150596ffffff" }, "geometry": { "type": "Polygon", "coordinates": [ [ [ 109.053397900411284, 22.303300635201936 ], [ 109.050352992814496, 22.316103376037034 ], [ 109.03699469122256, 22.32057968174616 ], [ 109.026681424216633, 22.312252433681628 ], [ 109.029727858882339, 22.299448679880062 ], [ 109.043086033648507, 22.29497318699396 ], [ 109.053397900411284, 22.303300635201936 ] ] ] } },
{ "type": "Feature", "properties": { "hex_id": "874152948ffffff" }, "geometry": { "type": "Polygon", "coordinates": [ [ [ 108.978610582718758, 22.410799254094528 ], [ 108.975559611421275, 22.423594967028048 ], [ 108.962187866048382, 22.428068064940128 ], [ 108.951867223991883, 22.419744645109983 ], [ 108.954919721645041, 22.406947925541129 ], [ 108.968291335164153, 22.402475632321192 ], [ 108.978610582718758, 22.410799254094528 ] ] ] } },
{ "type": "Feature", "properties": { "hex_id": "874150550ffffff" }, "geometry": { "type": "Polygon", "coordinates": [ [ [ 108.813115043137159, 22.124137822660593 ], [ 108.810056125549963, 22.136962569597067 ], [ 108.796678623092745, 22.141420350433179 ], [ 108.786360180900459, 22.133052576102664 ], [ 108.78942061776803, 22.120226832939299 ], [ 108.8027979777154, 22.115769860215831 ], [ 108.813115043137159, 22.124137822660593 ] ] ] } },
{ "type": "Feature", "properties": { "hex_id": "874150404ffffff" }, "geometry": { "type": "Polygon", "coordinates": [ [ [ 108.842153180052392, 22.208868801783357 ], [ 108.83909529627249, 22.221685593778407 ], [ 108.825717228363231, 22.226146602096186 ], [ 108.815397185075966, 22.217790012177179 ], [ 108.818456589736869, 22.204972222323963 ], [ 108.831834516971497, 22.200512020130493 ], [ 108.842153180052392, 22.208868801783357 ] ] ] } },
{ "type": "Feature", "properties": { "hex_id": "874150020ffffff" }, "geometry": { "type": "Polygon", "coordinates": [ [ [ 108.583885291400946, 21.845701068397638 ], [ 108.580814210319943, 21.858555325758495 ], [ 108.567423654212789, 21.862993791527451 ], [ 108.557104336718766, 21.854577192140869 ], [ 108.560176928401532, 21.841721954212652 ], [ 108.573567327148538, 21.837284296119265 ], [ 108.583885291400946, 21.845701068397638 ] ] ] } },
{ "type": "Feature", "properties": { "hex_id": "87415050affffff" }, "geometry": { "type": "Polygon", "coordinates": [ [ [ 108.884177434423961, 22.135845542396066 ], [ 108.881123078470011, 22.148667290155966 ], [ 108.867753083092381, 22.153129887801629 ], [ 108.85743758166744, 22.144769926345283 ], [ 108.860493458795943, 22.131947177111801 ], [ 108.873863316341328, 22.127485390691412 ], [ 108.884177434423961, 22.135845542396066 ] ] ] } },
{ "type": "Feature", "properties": { "hex_id": "8741500a3ffffff" }, "geometry": { "type": "Polygon", "coordinates": [ [ [ 108.618169340971065, 22.011764699481997 ], [ 108.615098781787523, 22.024604280759565 ], [ 108.601704519107543, 22.02904758103718 ], [ 108.591380971054036, 22.020650497185166 ], [ 108.59445304341817, 22.00780993365613 ], [ 108.607847150826785, 22.003367436111407 ], [ 108.618169340971065, 22.011764699481997 ] ] ] } },
{ "type": "Feature", "properties": { "hex_id": "87415058dffffff" }, "geometry": { "type": "Polygon", "coordinates": [ [ [ 108.920484780558326, 22.241693167456077 ], [ 108.91743172324594, 22.254504958360801 ], [ 108.904061045595554, 22.258971604621539 ], [ 108.893743560959152, 22.250625651140634 ], [ 108.896798141439973, 22.237812856744469 ], [ 108.910168683554744, 22.233347019203926 ], [ 108.920484780558326, 22.241693167456077 ] ] ] } },
{ "type": "Feature", "properties": { "hex_id": "8741501a9ffffff" }, "geometry": { "type": "Polygon", "coordinates": [ [ [ 108.662238936771672, 21.878870909874792 ], [ 108.659172646509745, 21.891720266236057 ], [ 108.64578931714486, 21.896164339330706 ], [ 108.635472430434731, 21.88775824556765 ], [ 108.638540233644804, 21.874907902895501 ], [ 108.651923410787347, 21.870464640178863 ], [ 108.662238936771672, 21.878870909874792 ] ] ] } },
{ "type": "Feature", "properties": { "hex_id": "874152876ffffff" }, "geometry": { "type": "Polygon", "coordinates": [ [ [ 109.014960460954057, 22.516333237126876 ], [ 109.011910798536405, 22.529118810181348 ], [ 108.998538400810247, 22.533595923968544 ], [ 108.988215795214401, 22.52528666242241 ], [ 108.991266985977845, 22.512500080820566 ], [ 109.00463925415589, 22.508023769195745 ], [ 109.014960460954057, 22.516333237126876 ] ] ] } },
{ "type": "Feature", "properties": { "hex_id": "874150163ffffff" }, "geometry": { "type": "Polygon", "coordinates": [ [ [ 108.516710541851225, 21.71399248800223 ], [ 108.513636432419986, 21.726859346296436 ], [ 108.500244385054344, 21.731291364247816 ], [ 108.489926608946277, 21.722855714287306 ], [ 108.493002225902316, 21.70998787985916 ], [ 108.506394111614654, 21.70555667140599 ], [ 108.516710541851225, 21.71399248800223 ] ] ] } },
{ "type": "Feature", "properties": { "hex_id": "874150584ffffff" }, "geometry": { "type": "Polygon", "coordinates": [ [ [ 109.007931271915524, 22.236026761091715 ], [ 109.004884051878264, 22.248836519273784 ], [ 108.991523599750593, 22.253308781416944 ], [ 108.981210497588108, 22.244970471935556 ], [ 108.984259242887049, 22.232159703702663 ], [ 108.997619565251028, 22.227688254886132 ], [ 109.007931271915524, 22.236026761091715 ] ] ] } },
{ "type": "Feature", "properties": { "hex_id": "87415011dffffff" }, "geometry": { "type": "Polygon", "coordinates": [ [ [ 108.640493980829447, 21.815084077834619 ], [ 108.637426925674887, 21.827939271504508 ], [ 108.624044054346172, 21.832380912001469 ], [ 108.613728391934018, 21.82396654686919 ], [ 108.616796958829823, 21.811110368192967 ], [ 108.630179676567337, 21.806669539536866 ], [ 108.640493980829447, 21.815084077834619 ] ] ] } },
{ "type": "Feature", "properties": { "hex_id": "87415286dffffff" }, "geometry": { "type": "Polygon", "coordinates": [ [ [ 108.8819211231163, 22.454889595430533 ], [ 108.878863305165822, 22.467684254440432 ], [ 108.865478550248568, 22.472151648019594 ], [ 108.855151751730403, 22.463823584392966 ], [ 108.858211094100554, 22.451027926254735 ], [ 108.871595710736287, 22.446561330753834 ], [ 108.8819211231163, 22.454889595430533 ] ] ] } },
{ "type": "Feature", "properties": { "hex_id": "874152851ffffff" }, "geometry": { "type": "Polygon", "coordinates": [ [ [ 108.941976831733712, 22.564280731007113 ], [ 108.938921842106325, 22.577064215073975 ], [ 108.925538925902075, 22.581537221787954 ], [ 108.915211133904734, 22.573225947726765 ], [ 108.918267650579963, 22.560441460886629 ], [ 108.931650432370745, 22.555969250763635 ], [ 108.941976831733712, 22.564280731007113 ] ] ] } },
{ "type": "Feature", "properties": { "hex_id": "8741528f0ffffff" }, "geometry": { "type": "Polygon", "coordinates": [ [ [ 109.042180611293105, 22.660068442717552 ], [ 109.039131256798981, 22.672840714358948 ], [ 109.025755419812, 22.677321798987922 ], [ 109.015429065360124, 22.669029814258259 ], [ 109.018479950365588, 22.65625653317991 ], [ 109.031855659475852, 22.651776246151606 ], [ 109.042180611293105, 22.660068442717552 ] ] ] } },
{ "type": "Feature", "properties": { "hex_id": "8741508dcffffff" }, "geometry": { "type": "Polygon", "coordinates": [ [ [ 108.613468609637252, 21.670078564337043 ], [ 108.610401284816774, 21.682946292653259 ], [ 108.597021951843743, 21.687383827494358 ], [ 108.586710099084499, 21.678952817589856 ], [ 108.589778933476538, 21.666084105590404 ], [ 108.603158111227316, 21.661647387060249 ], [ 108.613468609637252, 21.670078564337043 ] ] ] } },
{ "type": "Feature", "properties": { "hex_id": "874150475ffffff" }, "geometry": { "type": "Polygon", "coordinates": [ [ [ 108.716377714491841, 22.168150146815123 ], [ 108.713311975976097, 22.180973901585492 ], [ 108.699921593334238, 22.185426039941756 ], [ 108.689597098320633, 22.177053621992808 ], [ 108.692664354129334, 22.164228878522035 ], [ 108.706054587828575, 22.159777541582052 ], [ 108.716377714491841, 22.168150146815123 ] ] ] } },
{ "type": "Feature", "properties": { "hex_id": "8741528aaffffff" }, "geometry": { "type": "Polygon", "coordinates": [ [ [ 109.113261213050492, 22.671478561448609 ], [ 109.110216453791665, 22.684247794470366 ], [ 109.09684826474782, 22.688733766135837 ], [ 109.086524958317042, 22.680449704054848 ], [ 109.089571249935943, 22.66767945644299 ], [ 109.102939315788376, 22.663194285386325 ], [ 109.113261213050492, 22.671478561448609 ] ] ] } },
{ "type": "Feature", "properties": { "hex_id": "874150091ffffff" }, "geometry": { "type": "Polygon", "coordinates": [ [ [ 108.623462932090746, 22.092732047272357 ], [ 108.620391878150755, 22.105564714914504 ], [ 108.606994532604133, 22.110009606618725 ], [ 108.596668396175858, 22.101621030829858 ], [ 108.599740964262111, 22.088787381007034 ], [ 108.613138154801987, 22.084343289034457 ], [ 108.623462932090746, 22.092732047272357 ] ] ] } },
{ "type": "Feature", "properties": { "hex_id": "8741504b2ffffff" }, "geometry": { "type": "Polygon", "coordinates": [ [ [ 108.947652231764508, 22.385822942155468 ], [ 108.944599473206338, 22.398621680925508 ], [ 108.931225334631222, 22.403092357225482 ], [ 108.920904088654893, 22.394763490462374 ], [ 108.923958372546451, 22.381963747178201 ], [ 108.937332377246634, 22.377493875054444 ], [ 108.947652231764508, 22.385822942155468 ] ] ] } },
{ "type": "Feature", "properties": { "hex_id": "874152864ffffff" }, "geometry": { "type": "Polygon", "coordinates": [ [ [ 108.969456664829025, 22.44918335525411 ], [ 108.96640468945877, 22.461976028017101 ], [ 108.953030152022805, 22.466449113822694 ], [ 108.942707722615268, 22.458128724084204 ], [ 108.945761224514698, 22.445335045646644 ], [ 108.959135629457862, 22.440862762505386 ], [ 108.969456664829025, 22.44918335525411 ] ] ] } },
{ "type": "Feature", "properties": { "hex_id": "8741508d3ffffff" }, "geometry": { "type": "Polygon", "coordinates": [ [ [ 108.644399024662079, 21.695361477756432 ], [ 108.641333464568149, 21.708226297311437 ], [ 108.627956436039469, 21.712666235516988 ], [ 108.61764512098452, 21.704240537156085 ], [ 108.620712191698246, 21.691374731695657 ], [ 108.634089067017612, 21.686935610383347 ], [ 108.644399024662079, 21.695361477756432 ] ] ] } },
{ "type": "Feature", "properties": { "hex_id": "87415296affffff" }, "geometry": { "type": "Polygon", "coordinates": [ [ [ 109.011444236308762, 22.376256171359834 ], [ 109.008395795546846, 22.38905390374741 ], [ 108.995029373234829, 22.393528620452976 ], [ 108.984711521505261, 22.385204796914863 ], [ 108.987761489069769, 22.372406055201829 ], [ 109.001127781725643, 22.367932146236235 ], [ 109.011444236308762, 22.376256171359834 ] ] ] } },
{ "type": "Feature", "properties": { "hex_id": "87415281effffff" }, "geometry": { "type": "Polygon", "coordinates": [ [ [ 109.091432542997168, 22.608297163604252 ], [ 109.088386992245447, 22.62107254939934 ], [ 109.075019174163657, 22.625556117703507 ], [ 109.064697031575776, 22.61726349795368 ], [ 109.067744113497668, 22.604487098669811 ], [ 109.081111807000454, 22.600004332508604 ], [ 109.091432542997168, 22.608297163604252 ] ] ] } },
{ "type": "Feature", "properties": { "hex_id": "874150151ffffff" }, "geometry": { "type": "Polygon", "coordinates": [ [ [ 108.521974860212907, 21.795173788582638 ], [ 108.518900252841348, 21.808033889560424 ], [ 108.505505118941485, 21.812467540925553 ], [ 108.495184753980681, 21.80404028469146 ], [ 108.49826086983947, 21.791179207575439 ], [ 108.511655842344922, 21.786746362712137 ], [ 108.521974860212907, 21.795173788582638 ] ] ] } },
{ "type": "Feature", "properties": { "hex_id": "874150005ffffff" }, "geometry": { "type": "Polygon", "coordinates": [ [ [ 108.550958149847119, 21.88028475347982 ], [ 108.547884554584371, 21.893137074300949 ], [ 108.534488779661629, 21.89757394685935 ], [ 108.524166759746507, 21.889157693901691 ], [ 108.527241865114405, 21.876304395183411 ], [ 108.540637480464937, 21.871868327200421 ], [ 108.550958149847119, 21.88028475347982 ] ] ] } },
{ "type": "Feature", "properties": { "hex_id": "8741528a1ffffff" }, "geometry": { "type": "Polygon", "coordinates": [ [ [ 109.146075266061345, 22.636962570356701 ], [ 109.143033043954929, 22.649733875119718 ], [ 109.129670213910615, 22.654221493749084 ], [ 109.119349727131322, 22.645937003866685 ], [ 109.122393482029437, 22.633164681812406 ], [ 109.135756191077277, 22.628677866816282 ], [ 109.146075266061345, 22.636962570356701 ] ] ] } },
{ "type": "Feature", "properties": { "hex_id": "874150572ffffff" }, "geometry": { "type": "Polygon", "coordinates": [ [ [ 108.845976179560623, 22.089567429963282 ], [ 108.842919784875235, 22.102394141200826 ], [ 108.829547562397735, 22.106853513380216 ], [ 108.819231875081087, 22.098485363018547 ], [ 108.822289789512652, 22.085657652875895 ], [ 108.835661871681879, 22.08119909188289 ], [ 108.845976179560623, 22.089567429963282 ] ] ] } },
{ "type": "Feature", "properties": { "hex_id": "874150426ffffff" }, "geometry": { "type": "Polygon", "coordinates": [ [ [ 108.875013363649231, 22.174307816298558 ], [ 108.871958004707395, 22.18712659212401 ], [ 108.858585225584321, 22.191589204062911 ], [ 108.84826794404286, 22.183232230868146 ], [ 108.851324824328387, 22.170412454502443 ], [ 108.864697464978477, 22.165950651754734 ], [ 108.875013363649231, 22.174307816298558 ] ] ] } },
{ "type": "Feature", "properties": { "hex_id": "874150101ffffff" }, "geometry": { "type": "Polygon", "coordinates": [ [ [ 108.649693141335874, 21.776512712051503 ], [ 108.646627088622907, 21.789370796810918 ], [ 108.633246986371077, 21.793812405914544 ], [ 108.62293308994704, 21.785395116261572 ], [ 108.626000654242461, 21.772536045601512 ], [ 108.639380603550009, 21.768095250376739 ], [ 108.649693141335874, 21.776512712051503 ] ] ] } },
{ "type": "Feature", "properties": { "hex_id": "87415010bffffff" }, "geometry": { "type": "Polygon", "coordinates": [ [ [ 108.593096528388031, 21.807132484621569 ], [ 108.590026450398014, 21.819989646532992 ], [ 108.576638661985527, 21.824428094295605 ], [ 108.566321108445734, 21.816008570317109 ], [ 108.569392696881025, 21.803150426942853 ], [ 108.582780328582544, 21.798712788890988 ], [ 108.593096528388031, 21.807132484621569 ] ] ] } },
{ "type": "Feature", "properties": { "hex_id": "87415018effffff" }, "geometry": { "type": "Polygon", "coordinates": [ [ [ 108.683989848595644, 21.942615354600953 ], [ 108.680924324644309, 21.955458847554187 ], [ 108.667540541352437, 21.959905348850704 ], [ 108.657222433034235, 21.951507548164106 ], [ 108.660289471140118, 21.938663067610079 ], [ 108.673673103579787, 21.934217375225099 ], [ 108.683989848595644, 21.942615354600953 ] ] ] } },
{ "type": "Feature", "properties": { "hex_id": "8741508caffffff" }, "geometry": { "type": "Polygon", "coordinates": [ [ [ 108.566085860505396, 21.662085491131418 ], [ 108.563015517190067, 21.674955185036254 ], [ 108.549631280936723, 21.679389544034279 ], [ 108.53931754650948, 21.670953394841455 ], [ 108.542389398097981, 21.658082720810306 ], [ 108.555773476012561, 21.653649175979407 ], [ 108.566085860505396, 21.662085491131418 ] ] ] } },
{ "type": "Feature", "properties": { "hex_id": "87415041cffffff" }, "geometry": { "type": "Polygon", "coordinates": [ [ [ 108.816538785708616, 22.264590985822043 ], [ 108.813478635409297, 22.277403778170569 ], [ 108.80009514158796, 22.281863971087109 ], [ 108.789771940654006, 22.273510568975134 ], [ 108.792833611768302, 22.260696781050139 ], [ 108.806216963169646, 22.256237390695784 ], [ 108.816538785708616, 22.264590985822043 ] ] ] } },
{ "type": "Feature", "properties": { "hex_id": "874152961ffffff" }, "geometry": { "type": "Polygon", "coordinates": [ [ [ 109.044262174994898, 22.341705856202267 ], [ 109.041216264696445, 22.354505592993597 ], [ 109.027855170655926, 22.35898191416069 ], [ 109.017540114538903, 22.350657687631767 ], [ 109.020587552082702, 22.337856938827233 ], [ 109.033948518661845, 22.333381428449094 ], [ 109.044262174994898, 22.341705856202267 ] ] ] } },
{ "type": "Feature", "properties": { "hex_id": "874150463ffffff" }, "geometry": { "type": "Polygon", "coordinates": [ [ [ 108.66894755383197, 22.160303392747227 ], [ 108.665878781373536, 22.17312912316418 ], [ 108.652483444595845, 22.177578028936072 ], [ 108.642157032517304, 22.169200404850809 ], [ 108.645227320980325, 22.156373689243129 ], [ 108.658622505688115, 22.151925582792423 ], [ 108.66894755383197, 22.160303392747227 ] ] ] } },
{ "type": "Feature", "properties": { "hex_id": "874152815ffffff" }, "geometry": { "type": "Polygon", "coordinates": [ [ [ 109.124247449094725, 22.573773708841856 ], [ 109.121204434064481, 22.586551152019169 ], [ 109.107841968397523, 22.59103635820858 ], [ 109.097522640307332, 22.582743315932387 ], [ 109.10056718694176, 22.569964856567953 ], [ 109.113929530224624, 22.565480455551295 ], [ 109.124247449094725, 22.573773708841856 ] ] ] } },
{ "type": "Feature", "properties": { "hex_id": "874150569ffffff" }, "geometry": { "type": "Polygon", "coordinates": [ [ [ 108.713000322454207, 22.027541764450032 ], [ 108.709935822456785, 22.040377399099484 ], [ 108.696551440327539, 22.044827131141975 ], [ 108.686231707388785, 22.036440421466082 ], [ 108.689297723148528, 22.023603797518767 ], [ 108.702681956254438, 22.019154872426942 ], [ 108.713000322454207, 22.027541764450032 ] ] ] } },
{ "type": "Feature", "properties": { "hex_id": "874150102ffffff" }, "geometry": { "type": "Polygon", "coordinates": [ [ [ 108.680629659945993, 21.801754439201041 ], [ 108.67756537475492, 21.814609598375103 ], [ 108.664187587016812, 21.819053613729967 ], [ 108.653874235569532, 21.810641655339793 ], [ 108.656940033388807, 21.797785508056723 ], [ 108.670317670197122, 21.793342307154763 ], [ 108.680629659945993, 21.801754439201041 ] ] ] } },
{ "type": "Feature", "properties": { "hex_id": "8741504a0ffffff" }, "geometry": { "type": "Polygon", "coordinates": [ [ [ 108.902161419461493, 22.318548915042005 ], [ 108.899106354996846, 22.331354697902746 ], [ 108.885730103026802, 22.335821345279001 ], [ 108.875409052504224, 22.327481405019046 ], [ 108.878465640478609, 22.314674620557835 ], [ 108.891841755632299, 22.310208777839946 ], [ 108.902161419461493, 22.318548915042005 ] ] ] } },
{ "type": "Feature", "properties": { "hex_id": "874152852ffffff" }, "geometry": { "type": "Polygon", "coordinates": [ [ [ 108.972954817901496, 22.589204228525318 ], [ 108.969901617475088, 22.60198466455271 ], [ 108.956521096073061, 22.606460097573482 ], [ 108.94619390765142, 22.598154297348216 ], [ 108.949248636150386, 22.585372856444113 ], [ 108.962629025163935, 22.580898220524908 ], [ 108.972954817901496, 22.589204228525318 ] ] ] } },
{ "type": "Feature", "properties": { "hex_id": "874150185ffffff" }, "geometry": { "type": "Polygon", "coordinates": [ [ [ 108.71687681572422, 21.908030094363234 ], [ 108.713813809370549, 21.920875520370455 ], [ 108.700435273831118, 21.925323600642393 ], [ 108.690119893461571, 21.916925442786734 ], [ 108.693184414450485, 21.904079026507628 ], [ 108.706562801343154, 21.899631758238094 ], [ 108.71687681572422, 21.908030094363234 ] ] ] } },
{ "type": "Feature", "properties": { "hex_id": "8741528d5ffffff" }, "geometry": { "type": "Polygon", "coordinates": [ [ [ 109.009326290009668, 22.694573274673111 ], [ 109.006274399588875, 22.707343451504563 ], [ 108.992893223172089, 22.711822862454184 ], [ 108.982564067419858, 22.703531301881323 ], [ 108.985617487907533, 22.69076011831703 ], [ 108.99899853424553, 22.686281501941437 ], [ 109.009326290009668, 22.694573274673111 ] ] ] } },
{ "type": "Feature", "properties": { "hex_id": "874150568ffffff" }, "geometry": { "type": "Polygon", "coordinates": [ [ [ 108.736699478770362, 22.03147553222184 ], [ 108.733636495175986, 22.044310175814939 ], [ 108.720254593203251, 22.048761513313053 ], [ 108.709935822456785, 22.040377399099484 ], [ 108.713000322454207, 22.027541764450032 ], [ 108.726382076964313, 22.02309123495246 ], [ 108.736699478770362, 22.03147553222184 ] ] ] } },
{ "type": "Feature", "properties": { "hex_id": "8741508c1ffffff" }, "geometry": { "type": "Polygon", "coordinates": [ [ [ 108.598983432918672, 21.627472260544653 ], [ 108.595915600356705, 21.64034382576336 ], [ 108.582536578283381, 21.644779727497411 ], [ 108.572225545075767, 21.636343246613389 ], [ 108.575294886404578, 21.623470698609825 ], [ 108.588673752345429, 21.61903561415664 ], [ 108.598983432918672, 21.627472260544653 ] ] ] } },
{ "type": "Feature", "properties": { "hex_id": "874152958ffffff" }, "geometry": { "type": "Polygon", "coordinates": [ [ [ 109.016836943989219, 22.456867241005085 ], [ 109.013788023543583, 22.469657897228821 ], [ 109.000418549550488, 22.474134221938812 ], [ 108.990098125539063, 22.465819085612221 ], [ 108.993148573757423, 22.453027420254259 ], [ 109.006517918378918, 22.448551900240801 ], [ 109.016836943989219, 22.456867241005085 ] ] ] } },
{ "type": "Feature", "properties": { "hex_id": "87415280cffffff" }, "geometry": { "type": "Polygon", "coordinates": [ [ [ 109.045922842144407, 22.54125070315639 ], [ 109.042874971338236, 22.554033229224515 ], [ 109.029504984472908, 22.558512767644938 ], [ 109.019182996103396, 22.55020897721549 ], [ 109.02223239627223, 22.537425440497856 ], [ 109.035602255611892, 22.532946704742937 ], [ 109.045922842144407, 22.54125070315639 ] ] ] } },
{ "type": "Feature", "properties": { "hex_id": "874150560ffffff" }, "geometry": { "type": "Polygon", "coordinates": [ [ [ 108.800520416143186, 22.022041504061495 ], [ 108.797461727755547, 22.034875134519286 ], [ 108.784087433011322, 22.039330471242657 ], [ 108.773771970064459, 22.030951365755964 ], [ 108.776832176365943, 22.018116739391147 ], [ 108.790206327868418, 22.013662214302663 ], [ 108.800520416143186, 22.022041504061495 ] ] ] } },
{ "type": "Feature", "properties": { "hex_id": "874150414ffffff" }, "geometry": { "type": "Polygon", "coordinates": [ [ [ 108.88037036917278, 22.255090687652942 ], [ 108.8773145255537, 22.267902484719023 ], [ 108.863938685412208, 22.272366716618052 ], [ 108.853618827252092, 22.264018345174115 ], [ 108.856676193182736, 22.251205547700721 ], [ 108.870051895128697, 22.246742121961415 ], [ 108.88037036917278, 22.255090687652942 ] ] ] } },
{ "type": "Feature", "properties": { "hex_id": "874150030ffffff" }, "geometry": { "type": "Polygon", "coordinates": [ [ [ 108.622086635841768, 21.892200719598119 ], [ 108.619017574803735, 21.905050096103437 ], [ 108.605629164107029, 21.909491777857745 ], [ 108.595309969506431, 21.901083275218483 ], [ 108.598380542602385, 21.888232915505078 ], [ 108.611768798412271, 21.883792041520188 ], [ 108.622086635841768, 21.892200719598119 ] ] ] } },
{ "type": "Feature", "properties": { "hex_id": "87415051affffff" }, "geometry": { "type": "Polygon", "coordinates": [ [ [ 108.922379946931869, 22.182085901727156 ], [ 108.919327632561291, 22.194902671237273 ], [ 108.905959876328239, 22.199368495467272 ], [ 108.895644569987212, 22.191016738814781 ], [ 108.898698406956797, 22.178198965274948 ], [ 108.912066027834243, 22.173733952300761 ], [ 108.922379946931869, 22.182085901727156 ] ] ] } },
{ "type": "Feature", "properties": { "hex_id": "8741500b3ffffff" }, "geometry": { "type": "Polygon", "coordinates": [ [ [ 108.656388091687788, 22.058171510113798 ], [ 108.653319556842604, 22.071006163488853 ], [ 108.639927452234502, 22.075452679311798 ], [ 108.62960403543677, 22.067063738826036 ], [ 108.632674084917042, 22.054228100590421 ], [ 108.646066036730872, 22.049782387582251 ], [ 108.656388091687788, 22.058171510113798 ] ] ] } },
{ "type": "Feature", "properties": { "hex_id": "87415059dffffff" }, "geometry": { "type": "Polygon", "coordinates": [ [ [ 108.958696486729437, 22.287867471716904 ], [ 108.955645474565813, 22.300674254012822 ], [ 108.942277048449654, 22.305144126980242 ], [ 108.931959767719277, 22.29680640879463 ], [ 108.935012304472963, 22.283998620473145 ], [ 108.948380597532264, 22.279529556246366 ], [ 108.958696486729437, 22.287867471716904 ] ] ] } },
{ "type": "Feature", "properties": { "hex_id": "874152803ffffff" }, "geometry": { "type": "Polygon", "coordinates": [ [ [ 109.076883350595182, 22.56615174920919 ], [ 109.073837272969428, 22.578931223041025 ], [ 109.060469704507852, 22.583413186548579 ], [ 109.05014833933879, 22.575114872944361 ], [ 109.05319594734118, 22.562334386366071 ], [ 109.066563390299393, 22.557853226022459 ], [ 109.076883350595182, 22.56615174920919 ] ] ] } },
{ "type": "Feature", "properties": { "hex_id": "874152886ffffff" }, "geometry": { "type": "Polygon", "coordinates": [ [ [ 109.167908926064314, 22.700107302121705 ], [ 109.164867498298932, 22.712872443660491 ], [ 109.151504308042476, 22.717362470104788 ], [ 109.141182665320912, 22.709086552804397 ], [ 109.144225627064955, 22.696320392884825 ], [ 109.157588697713734, 22.691831168531014 ], [ 109.167908926064314, 22.700107302121705 ] ] ] } },
{ "type": "Feature", "properties": { "hex_id": "874150173ffffff" }, "geometry": { "type": "Polygon", "coordinates": [ [ [ 108.554902760166286, 21.760581033876278 ], [ 108.551830665007373, 21.773443051600363 ], [ 108.538440741075092, 21.777878283765318 ], [ 108.528123071656594, 21.769450688478276 ], [ 108.531196675802462, 21.756587691949665 ], [ 108.544586440552251, 21.752153269393411 ], [ 108.554902760166286, 21.760581033876278 ] ] ] } },
{ "type": "Feature", "properties": { "hex_id": "874152840ffffff" }, "geometry": { "type": "Polygon", "coordinates": [ [ [ 108.927435190000651, 22.52208184741308 ], [ 108.924379678590199, 22.534869409470069 ], [ 108.910997031674114, 22.539340822499266 ], [ 108.900670031670614, 22.531023875757889 ], [ 108.903727069329761, 22.518235311686993 ], [ 108.917109580910036, 22.513764696254029 ], [ 108.927435190000651, 22.52208184741308 ] ] ] } },
{ "type": "Feature", "properties": { "hex_id": "874150511ffffff" }, "geometry": { "type": "Polygon", "coordinates": [ [ [ 108.955208344678155, 22.147515393932199 ], [ 108.952158556005998, 22.160334126798055 ], [ 108.938796103480172, 22.164801532093954 ], [ 108.928483572951194, 22.156449390086401 ], [ 108.931534884675088, 22.143629650511585 ], [ 108.944897204041368, 22.139163059537125 ], [ 108.955208344678155, 22.147515393932199 ] ] ] } },
{ "type": "Feature", "properties": { "hex_id": "8741500aaffffff" }, "geometry": { "type": "Polygon", "coordinates": [ [ [ 108.577984248276962, 22.025092187047559 ], [ 108.574910917347438, 22.037931761831487 ], [ 108.56151158055637, 22.042372640422972 ], [ 108.55118573280906, 22.03397314398169 ], [ 108.554260576021491, 22.021132590049877 ], [ 108.567659754870718, 22.016692511587657 ], [ 108.577984248276962, 22.025092187047559 ] ] ] } },
{ "type": "Feature", "properties": { "hex_id": "874150594ffffff" }, "geometry": { "type": "Polygon", "coordinates": [ [ [ 109.046131203589312, 22.282168441485648 ], [ 109.043086033648507, 22.29497318699396 ], [ 109.029727858882339, 22.299448679880062 ], [ 109.019414981506955, 22.29111861381049 ], [ 109.022461678120408, 22.278312855727037 ], [ 109.035819725600177, 22.273838176172745 ], [ 109.046131203589312, 22.282168441485648 ] ] ] } },
{ "type": "Feature", "properties": { "hex_id": "87415012dffffff" }, "geometry": { "type": "Polygon", "coordinates": [ [ [ 108.627956436039469, 21.712666235516988 ], [ 108.624889619589851, 21.725530115190175 ], [ 108.611509977538361, 21.729969281195942 ], [ 108.601197306418825, 21.721543752070783 ], [ 108.604265633244523, 21.708678887822519 ], [ 108.61764512098452, 21.704240537156085 ], [ 108.627956436039469, 21.712666235516988 ] ] ] } },
{ "type": "Feature", "properties": { "hex_id": "87415054effffff" }, "geometry": { "type": "Polygon", "coordinates": [ [ [ 108.734765116446795, 22.091186749912357 ], [ 108.731701386070185, 22.104016460643951 ], [ 108.71831655961681, 22.108468610589675 ], [ 108.707995611359706, 22.100090244209717 ], [ 108.711060858703888, 22.087259542924517 ], [ 108.724445537507023, 22.082808198454686 ], [ 108.734765116446795, 22.091186749912357 ] ] ] } },
{ "type": "Feature", "properties": { "hex_id": "874150402ffffff" }, "geometry": { "type": "Polygon", "coordinates": [ [ [ 108.832978524955934, 22.247316184461777 ], [ 108.829919637344318, 22.260129980599199 ], [ 108.816538785708616, 22.264590985822043 ], [ 108.806216963169646, 22.256237390695784 ], [ 108.809277371829793, 22.24342259763889 ], [ 108.822658082148124, 22.238962396510118 ], [ 108.832978524955934, 22.247316184461777 ] ] ] } },
{ "type": "Feature", "properties": { "hex_id": "874150485ffffff" }, "geometry": { "type": "Polygon", "coordinates": [ [ [ 108.869294872376543, 22.353091954347622 ], [ 108.866237280148098, 22.365895716674753 ], [ 108.852855728817531, 22.370360734896813 ], [ 108.842531908902146, 22.362021189071804 ], [ 108.845591024180308, 22.349216427833269 ], [ 108.8589724364913, 22.344752211213628 ], [ 108.869294872376543, 22.353091954347622 ] ] ] } },
{ "type": "Feature", "properties": { "hex_id": "87415016affffff" }, "geometry": { "type": "Polygon", "coordinates": [ [ [ 108.476532123354616, 21.727286136763219 ], [ 108.473455251284875, 21.740153017022347 ], [ 108.460058167177934, 21.744582649928873 ], [ 108.449738119635825, 21.736144595591046 ], [ 108.45281649832107, 21.72327674231072 ], [ 108.466213418106804, 21.718847916269521 ], [ 108.476532123354616, 21.727286136763219 ] ] ] } },
{ "type": "Feature", "properties": { "hex_id": "87415001effffff" }, "geometry": { "type": "Polygon", "coordinates": [ [ [ 108.556233518811467, 21.961354328062754 ], [ 108.553159426460681, 21.974199801887362 ], [ 108.539760564864793, 21.978638278640254 ], [ 108.529435955103594, 21.970230479869628 ], [ 108.532511558523723, 21.957384028183185 ], [ 108.545910260808398, 21.952946353009565 ], [ 108.556233518811467, 21.961354328062754 ] ] ] } },
{ "type": "Feature", "properties": { "hex_id": "874150508ffffff" }, "geometry": { "type": "Polygon", "coordinates": [ [ [ 108.876917931551375, 22.114661660093674 ], [ 108.873863316341328, 22.127485390691412 ], [ 108.860493458795943, 22.131947177111801 ], [ 108.850178354918384, 22.123584421092445 ], [ 108.853234490904029, 22.110759689429567 ], [ 108.866604210158272, 22.106298714734329 ], [ 108.876917931551375, 22.114661660093674 ] ] ] } },
{ "type": "Feature", "properties": { "hex_id": "8741500a1ffffff" }, "geometry": { "type": "Polygon", "coordinates": [ [ [ 108.610917964625131, 21.990525887631772 ], [ 108.607847150826785, 22.003367436111407 ], [ 108.59445304341817, 22.00780993365613 ], [ 108.584129905707726, 21.999410079383313 ], [ 108.587202232283019, 21.986567549078597 ], [ 108.600596183963503, 21.982125854752606 ], [ 108.610917964625131, 21.990525887631772 ] ] ] } },
{ "type": "Feature", "properties": { "hex_id": "87415058bffffff" }, "geometry": { "type": "Polygon", "coordinates": [ [ [ 108.911324605289479, 22.280125544420834 ], [ 108.9082705445702, 22.292934337029504 ], [ 108.894897079972694, 22.297400987420087 ], [ 108.884577812436405, 22.289058038396607 ], [ 108.88763339649492, 22.276248243240378 ], [ 108.901006724916726, 22.271782399538274 ], [ 108.911324605289479, 22.280125544420834 ] ] ] } },
{ "type": "Feature", "properties": { "hex_id": "874152874ffffff" }, "geometry": { "type": "Polygon", "coordinates": [ [ [ 109.007689178664748, 22.495236162586426 ], [ 109.00463925415589, 22.508023769195745 ], [ 108.991266985977845, 22.512500080820566 ], [ 108.980944772482829, 22.504187983050507 ], [ 108.98399622493956, 22.491399368272972 ], [ 108.99736836310808, 22.486923859317219 ], [ 109.007689178664748, 22.495236162586426 ] ] ] } },
{ "type": "Feature", "properties": { "hex_id": "874150545ffffff" }, "geometry": { "type": "Polygon", "coordinates": [ [ [ 108.767650554469995, 22.056617672863034 ], [ 108.764589345102394, 22.069449351035338 ], [ 108.751209781840373, 22.073903101545064 ], [ 108.740891573559253, 22.0655243652098 ], [ 108.743954300369666, 22.052691693805997 ], [ 108.757333718187098, 22.048238751851141 ], [ 108.767650554469995, 22.056617672863034 ] ] ] } },
{ "type": "Feature", "properties": { "hex_id": "874152814ffffff" }, "geometry": { "type": "Polygon", "coordinates": [ [ [ 109.147924129775021, 22.577578306436134 ], [ 109.1448826469599, 22.590354731707929 ], [ 109.131522738610968, 22.594841557644298 ], [ 109.121204434064481, 22.586551152019169 ], [ 109.124247449094725, 22.573773708841856 ], [ 109.137607236618322, 22.569287689079879 ], [ 109.147924129775021, 22.577578306436134 ] ] ] } },
{ "type": "Feature", "properties": { "hex_id": "874150161ffffff" }, "geometry": { "type": "Polygon", "coordinates": [ [ [ 108.509468473452074, 21.692687886625528 ], [ 108.506394111614654, 21.70555667140599 ], [ 108.493002225902316, 21.70998787985916 ], [ 108.482684864308666, 21.701549493433944 ], [ 108.485760733266517, 21.688679732968708 ], [ 108.499152456870732, 21.684249334493952 ], [ 108.509468473452074, 21.692687886625528 ] ] ] } },
{ "type": "Feature", "properties": { "hex_id": "87415282effffff" }, "geometry": { "type": "Polygon", "coordinates": [ [ [ 109.078746745783121, 22.506721052616584 ], [ 109.075701408829786, 22.519505624364832 ], [ 109.06233676300694, 22.523986795702942 ], [ 109.052017579630061, 22.515682589475301 ], [ 109.055064446385316, 22.502897004381886 ], [ 109.068428966878784, 22.49841663874545 ], [ 109.078746745783121, 22.506721052616584 ] ] ] } },
{ "type": "Feature", "properties": { "hex_id": "874150015ffffff" }, "geometry": { "type": "Polygon", "coordinates": [ [ [ 108.589167819788855, 21.926781070282235 ], [ 108.586096243093195, 21.939628503047867 ], [ 108.572702604238785, 21.94406858948053 ], [ 108.562380699349688, 21.935660438354464 ], [ 108.565453787611077, 21.922812025052693 ], [ 108.578847269367841, 21.918372743293862 ], [ 108.589167819788855, 21.926781070282235 ] ] ] } },
{ "type": "Feature", "properties": { "hex_id": "874150462ffffff" }, "geometry": { "type": "Polygon", "coordinates": [ [ [ 108.692664354129334, 22.164228878522035 ], [ 108.689597098320633, 22.177053621992808 ], [ 108.676204236604534, 22.181504144558101 ], [ 108.665878781373536, 22.17312912316418 ], [ 108.66894755383197, 22.160303392747227 ], [ 108.682340265042058, 22.155853670551586 ], [ 108.692664354129334, 22.164228878522035 ] ] ] } },
{ "type": "Feature", "properties": { "hex_id": "874150582ffffff" }, "geometry": { "type": "Polygon", "coordinates": [ [ [ 108.998788609247669, 22.274453048925885 ], [ 108.995740386578888, 22.287259817849986 ], [ 108.982377144749975, 22.29173209847751 ], [ 108.972062256154828, 22.283396798773119 ], [ 108.975112004259685, 22.270589020744097 ], [ 108.988475115688104, 22.26611755140835 ], [ 108.998788609247669, 22.274453048925885 ] ] ] } },
{ "type": "Feature", "properties": { "hex_id": "874150436ffffff" }, "geometry": { "type": "Polygon", "coordinates": [ [ [ 108.913222000910295, 22.220533231251803 ], [ 108.910168683554744, 22.233347019203926 ], [ 108.896798141439973, 22.237812856744469 ], [ 108.886481052842072, 22.229464096994128 ], [ 108.889535892967402, 22.216649305950881 ], [ 108.902906299086951, 22.212184277632339 ], [ 108.913222000910295, 22.220533231251803 ] ] ] } },
{ "type": "Feature", "properties": { "hex_id": "87415011bffffff" }, "geometry": { "type": "Polygon", "coordinates": [ [ [ 108.631291812664855, 21.853646758678664 ], [ 108.628223754735274, 21.866499049591997 ], [ 108.614838113924762, 21.870940714304862 ], [ 108.604520685453593, 21.862529278181345 ], [ 108.607590255282915, 21.849676003159207 ], [ 108.620975741854693, 21.845235148250715 ], [ 108.631291812664855, 21.853646758678664 ] ] ] } },
{ "type": "Feature", "properties": { "hex_id": "87415019effffff" }, "geometry": { "type": "Polygon", "coordinates": [ [ [ 108.722191815756119, 21.989028968525432 ], [ 108.719128319066655, 22.001867547876277 ], [ 108.705746712476781, 22.006317268881254 ], [ 108.695428751123529, 21.997927601433069 ], [ 108.698493763413168, 21.985088031868887 ], [ 108.711875221625377, 21.980639119848146 ], [ 108.722191815756119, 21.989028968525432 ] ] ] } },
{ "type": "Feature", "properties": { "hex_id": "87415286bffffff" }, "geometry": { "type": "Polygon", "coordinates": [ [ [ 108.872746664156352, 22.493270514385294 ], [ 108.869687841022085, 22.506062112793657 ], [ 108.856300296392249, 22.510529472791681 ], [ 108.845971713988433, 22.50220443820821 ], [ 108.849032061711952, 22.489411841633355 ], [ 108.862419467417382, 22.484945277690645 ], [ 108.872746664156352, 22.493270514385294 ] ] ] } },
{ "type": "Feature", "properties": { "hex_id": "8741528eeffffff" }, "geometry": { "type": "Polygon", "coordinates": [ [ [ 108.963794211355989, 22.627542449354436 ], [ 108.960740005587652, 22.640319795616499 ], [ 108.94735668891181, 22.64479518908297 ], [ 108.937027711198994, 22.636492441089707 ], [ 108.940083445213503, 22.623714090927486 ], [ 108.953466628860426, 22.6192394925414 ], [ 108.963794211355989, 22.627542449354436 ] ] ] } },
{ "type": "Feature", "properties": { "hex_id": "8741508daffffff" }, "geometry": { "type": "Polygon", "coordinates": [ [ [ 108.604265633244523, 21.708678887822519 ], [ 108.601197306418825, 21.721543752070783 ], [ 108.587815207604763, 21.72598132849944 ], [ 108.577501591657523, 21.71755322629037 ], [ 108.580571428211911, 21.704687379242575 ], [ 108.593953371156161, 21.700250617084759 ], [ 108.604265633244523, 21.708678887822519 ] ] ] } },
{ "type": "Feature", "properties": { "hex_id": "874150158ffffff" }, "geometry": { "type": "Polygon", "coordinates": [ [ [ 108.481787179639184, 21.808472335321145 ], [ 108.478709807930542, 21.821332447013845 ], [ 108.465309633117428, 21.825763699818637 ], [ 108.454986994251087, 21.817334036935872 ], [ 108.458065873537649, 21.80447295221644 ], [ 108.471465884286559, 21.800042503286466 ], [ 108.481787179639184, 21.808472335321145 ] ] ] } },
{ "type": "Feature", "properties": { "hex_id": "8741528a8ffffff" }, "geometry": { "type": "Polygon", "coordinates": [ [ [ 109.105984339035757, 22.650422998682721 ], [ 109.102939315788376, 22.663194285386325 ], [ 109.089571249935943, 22.66767945644299 ], [ 109.079248331147909, 22.659392539559601 ], [ 109.082294886358795, 22.646620238631392 ], [ 109.095662828557167, 22.642135868695263 ], [ 109.105984339035757, 22.650422998682721 ] ] ] } },
{ "type": "Feature", "properties": { "hex_id": "8741505aeffffff" }, "geometry": { "type": "Polygon", "coordinates": [ [ [ 108.976995538802626, 22.211005820934158 ], [ 108.973946532424506, 22.223818584578961 ], [ 108.96058368317756, 22.228288429813784 ], [ 108.950269972254162, 22.21994469847937 ], [ 108.953320502876451, 22.207130926920289 ], [ 108.966683220342745, 22.202661894493815 ], [ 108.976995538802626, 22.211005820934158 ] ] ] } },
{ "type": "Feature", "properties": { "hex_id": "87415042dffffff" }, "geometry": { "type": "Polygon", "coordinates": [ [ [ 108.780238303581584, 22.158701089327909 ], [ 108.777176863055516, 22.171523856829698 ], [ 108.763794085923948, 22.175980031975882 ], [ 108.75347289420128, 22.167612634462387 ], [ 108.756535853537727, 22.154788873414311 ], [ 108.769918485955074, 22.150333503308104 ], [ 108.780238303581584, 22.158701089327909 ] ] ] } },
{ "type": "Feature", "properties": { "hex_id": "874150112ffffff" }, "geometry": { "type": "Polygon", "coordinates": [ [ [ 108.718813846253255, 21.848236431027651 ], [ 108.715751586197044, 21.861086714898185 ], [ 108.702375972086898, 21.865533951685652 ], [ 108.692062766661039, 21.857130089953472 ], [ 108.695126540789389, 21.844278815337645 ], [ 108.708502006440781, 21.83983239308149 ], [ 108.718813846253255, 21.848236431027651 ] ] ] } },
{ "type": "Feature", "properties": { "hex_id": "8741504b0ffffff" }, "geometry": { "type": "Polygon", "coordinates": [ [ [ 108.940385396552188, 22.36469311988937 ], [ 108.937332377246634, 22.377493875054444 ], [ 108.923958372546451, 22.381963747178201 ], [ 108.913637521653001, 22.373632059340625 ], [ 108.916692065893244, 22.360830300051479 ], [ 108.930065936258046, 22.356361232607139 ], [ 108.940385396552188, 22.36469311988937 ] ] ] } },
{ "type": "Feature", "properties": { "hex_id": "874152862ffffff" }, "geometry": { "type": "Polygon", "coordinates": [ [ [ 108.960299734381209, 22.487558324523636 ], [ 108.957246754598401, 22.500347945741222 ], [ 108.943869424669202, 22.504821012309385 ], [ 108.93354520782087, 22.496503656904839 ], [ 108.93659971430607, 22.483713030976638 ], [ 108.949976911102809, 22.479240765046654 ], [ 108.960299734381209, 22.487558324523636 ] ] ] } },
{ "type": "Feature", "properties": { "hex_id": "874150195ffffff" }, "geometry": { "type": "Polygon", "coordinates": [ [ [ 108.755070358844804, 21.954447082190654 ], [ 108.752009381204601, 21.967287601768227 ], [ 108.738633031654928, 21.971738903833955 ], [ 108.728317806087745, 21.963348874133878 ], [ 108.731380299804357, 21.950507361670116 ], [ 108.744756503180483, 21.94605687167493 ], [ 108.755070358844804, 21.954447082190654 ] ] ] } },
{ "type": "Feature", "properties": { "hex_id": "8741528e5ffffff" }, "geometry": { "type": "Polygon", "coordinates": [ [ [ 108.996657463828313, 22.593031338405634 ], [ 108.993605792097824, 22.605810767831411 ], [ 108.980227803425961, 22.61028783002013 ], [ 108.969901617475088, 22.60198466455271 ], [ 108.972954817901496, 22.589204228525318 ], [ 108.986332675747903, 22.584727964450085 ], [ 108.996657463828313, 22.593031338405634 ] ] ] } },
{ "type": "Feature", "properties": { "hex_id": "8741508d1ffffff" }, "geometry": { "type": "Polygon", "coordinates": [ [ [ 108.63715488162012, 21.674068867526955 ], [ 108.634089067017612, 21.686935610383347 ], [ 108.620712191698246, 21.691374731695657 ], [ 108.610401284816774, 21.682946292653259 ], [ 108.613468609637252, 21.670078564337043 ], [ 108.626845331291833, 21.665640260404821 ], [ 108.63715488162012, 21.674068867526955 ] ] ] } },
{ "type": "Feature", "properties": { "hex_id": "874152968ffffff" }, "geometry": { "type": "Polygon", "coordinates": [ [ [ 109.004176484270943, 22.355132399095361 ], [ 109.001127781725643, 22.367932146236235 ], [ 108.987761489069769, 22.372406055201829 ], [ 108.977444029240559, 22.364079408663837 ], [ 108.980494258191044, 22.351278652585755 ], [ 108.993860420730044, 22.346805551866701 ], [ 109.004176484270943, 22.355132399095361 ] ] ] } },
{ "type": "Feature", "properties": { "hex_id": "87415281cffffff" }, "geometry": { "type": "Polygon", "coordinates": [ [ [ 109.084157621267977, 22.587226901311414 ], [ 109.081111807000454, 22.600004332508604 ], [ 109.067744113497668, 22.604487098669811 ], [ 109.057422359466912, 22.596191630864208 ], [ 109.060469704507852, 22.583413186548579 ], [ 109.073837272969428, 22.578931223041025 ], [ 109.084157621267977, 22.587226901311414 ] ] ] } },
{ "type": "Feature", "properties": { "hex_id": "874150003ffffff" }, "geometry": { "type": "Polygon", "coordinates": [ [ [ 108.541736360220341, 21.918838789776842 ], [ 108.538661761045134, 21.93168818184548 ], [ 108.52526321852784, 21.93612505495728 ], [ 108.51493943558205, 21.927711733336796 ], [ 108.518015545017235, 21.9148613642718 ], [ 108.531413927311135, 21.910425293703963 ], [ 108.541736360220341, 21.918838789776842 ] ] ] } },
{ "type": "Feature", "properties": { "hex_id": "87415088bffffff" }, "geometry": { "type": "Polygon", "coordinates": [ [ [ 108.708193198929465, 21.686014845400596 ], [ 108.705131918840451, 21.698878621230577 ], [ 108.691762440484297, 21.703322496127527 ], [ 108.681454391381763, 21.694901774500458 ], [ 108.684517183616691, 21.682037007888443 ], [ 108.697886512977433, 21.677593953567978 ], [ 108.708193198929465, 21.686014845400596 ] ] ] } },
{ "type": "Feature", "properties": { "hex_id": "874150086ffffff" }, "geometry": { "type": "Polygon", "coordinates": [ [ [ 108.632674084917042, 22.054228100590421 ], [ 108.62960403543677, 22.067063738826036 ], [ 108.616209463584966, 22.071508643110388 ], [ 108.605885095742181, 22.063117107279933 ], [ 108.608956659210165, 22.050280485944935 ], [ 108.622351076704589, 22.045836383420642 ], [ 108.632674084917042, 22.054228100590421 ] ] ] } },
{ "type": "Feature", "properties": { "hex_id": "874150570ffffff" }, "geometry": { "type": "Polygon", "coordinates": [ [ [ 108.838718524909581, 22.068370403929087 ], [ 108.835661871681879, 22.08119909188289 ], [ 108.822289789512652, 22.085657652875895 ], [ 108.81197450150519, 22.07728671411374 ], [ 108.815032674079561, 22.064457027667689 ], [ 108.828404615482029, 22.059999278358905 ], [ 108.838718524909581, 22.068370403929087 ] ] ] } },
{ "type": "Feature", "properties": { "hex_id": "874150424ffffff" }, "geometry": { "type": "Polygon", "coordinates": [ [ [ 108.867753083092381, 22.153129887801629 ], [ 108.864697464978477, 22.165950651754734 ], [ 108.851324824328387, 22.170412454502443 ], [ 108.841007940891075, 22.162052683489431 ], [ 108.84406507994936, 22.14923091940242 ], [ 108.85743758166744, 22.144769926345283 ], [ 108.867753083092381, 22.153129887801629 ] ] ] } },
{ "type": "Feature", "properties": { "hex_id": "874150109ffffff" }, "geometry": { "type": "Polygon", "coordinates": [ [ [ 108.585850660416483, 21.785853687904478 ], [ 108.582780328582544, 21.798712788890988 ], [ 108.569392696881025, 21.803150426942853 ], [ 108.559075554351907, 21.794728153694162 ], [ 108.562147396227843, 21.78186807168521 ], [ 108.575534870762709, 21.777431243828421 ], [ 108.585850660416483, 21.785853687904478 ] ] ] } },
{ "type": "Feature", "properties": { "hex_id": "87415018cffffff" }, "geometry": { "type": "Polygon", "coordinates": [ [ [ 108.67673888312558, 21.921371924908751 ], [ 108.673673103579787, 21.934217375225099 ], [ 108.660289471140118, 21.938663067610079 ], [ 108.649971769725511, 21.930262500159593 ], [ 108.653039063023769, 21.917416062670796 ], [ 108.6664225441544, 21.912971179686561 ], [ 108.67673888312558, 21.921371924908751 ] ] ] } },
{ "type": "Feature", "properties": { "hex_id": "8741508c8ffffff" }, "geometry": { "type": "Polygon", "coordinates": [ [ [ 108.558844072472183, 21.640777563051788 ], [ 108.555773476012561, 21.653649175979407 ], [ 108.542389398097981, 21.658082720810306 ], [ 108.532076075608742, 21.649643837944858 ], [ 108.535148179938304, 21.636771245341581 ], [ 108.548532099059273, 21.632338515160495 ], [ 108.558844072472183, 21.640777563051788 ] ] ] } },
{ "type": "Feature", "properties": { "hex_id": "8741505adffffff" }, "geometry": { "type": "Polygon", "coordinates": [ [ [ 108.946057976262281, 22.185968625956573 ], [ 108.943007185115505, 22.198784389694126 ], [ 108.929641946283454, 22.203251818535328 ], [ 108.919327632561291, 22.194902671237273 ], [ 108.922379946931869, 22.182085901727156 ], [ 108.935745051966194, 22.177619285171321 ], [ 108.946057976262281, 22.185968625956573 ] ] ] } },
{ "type": "Feature", "properties": { "hex_id": "874150461ffffff" }, "geometry": { "type": "Polygon", "coordinates": [ [ [ 108.661691533866829, 22.139097865087905 ], [ 108.658622505688115, 22.151925582792423 ], [ 108.645227320980325, 22.156373689243129 ], [ 108.634901317149883, 22.147993278060564 ], [ 108.637971860929895, 22.135164575580337 ], [ 108.651366893109994, 22.130717268939353 ], [ 108.661691533866829, 22.139097865087905 ] ] ] } },
{ "type": "Feature", "properties": { "hex_id": "874150146ffffff" }, "geometry": { "type": "Polygon", "coordinates": [ [ [ 108.531196675802462, 21.756587691949665 ], [ 108.528123071656594, 21.769450688478276 ], [ 108.514730702349226, 21.773884323983832 ], [ 108.504412098103856, 21.765454154304756 ], [ 108.50748721058315, 21.752590180748758 ], [ 108.520879419147192, 21.748157353779778 ], [ 108.531196675802462, 21.756587691949665 ] ] ] } },
{ "type": "Feature", "properties": { "hex_id": "874152813ffffff" }, "geometry": { "type": "Polygon", "coordinates": [ [ [ 109.115117400142552, 22.612102968295797 ], [ 109.112073381174838, 22.62487733888344 ], [ 109.098708115635517, 22.629362531065976 ], [ 109.088386992245447, 22.62107254939934 ], [ 109.091432542997168, 22.608297163604252 ], [ 109.104797685517681, 22.603812774567515 ], [ 109.115117400142552, 22.612102968295797 ] ] ] } },
{ "type": "Feature", "properties": { "hex_id": "874150100ffffff" }, "geometry": { "type": "Polygon", "coordinates": [ [ [ 108.673382210683457, 21.7804852100669 ], [ 108.670317670197122, 21.793342307154763 ], [ 108.656940033388807, 21.797785508056723 ], [ 108.646627088622907, 21.789370796810918 ], [ 108.649693141335874, 21.776512712051503 ], [ 108.663070626758213, 21.772070326091345 ], [ 108.673382210683457, 21.7804852100669 ] ] ] } },
{ "type": "Feature", "properties": { "hex_id": "87415049effffff" }, "geometry": { "type": "Polygon", "coordinates": [ [ [ 108.874653788468024, 22.433764645687887 ], [ 108.871595710736287, 22.446561330753834 ], [ 108.858211094100554, 22.451027926254735 ], [ 108.847884694105687, 22.442697037994069 ], [ 108.85094429585682, 22.429899354187938 ], [ 108.864328773750643, 22.425433557265013 ], [ 108.874653788468024, 22.433764645687887 ] ] ] } },
{ "type": "Feature", "properties": { "hex_id": "874150183ffffff" }, "geometry": { "type": "Polygon", "coordinates": [ [ [ 108.707686793936986, 21.946563452548233 ], [ 108.7046227847827, 21.959405956137623 ], [ 108.691241475405462, 21.963854058682852 ], [ 108.680924324644309, 21.955458847554187 ], [ 108.683989848595644, 21.942615354600953 ], [ 108.697371008680776, 21.938168062022093 ], [ 108.707686793936986, 21.946563452548233 ] ] ] } },
{ "type": "Feature", "properties": { "hex_id": "874152850ffffff" }, "geometry": { "type": "Polygon", "coordinates": [ [ [ 108.965682487117775, 22.56811574095865 ], [ 108.962629025163935, 22.580898220524908 ], [ 108.949248636150386, 22.585372856444113 ], [ 108.938921842106325, 22.577064215073975 ], [ 108.941976831733712, 22.564280731007113 ], [ 108.955357087897227, 22.559806892693892 ], [ 108.965682487117775, 22.56811574095865 ] ] ] } },
{ "type": "Feature", "properties": { "hex_id": "87415280affffff" }, "geometry": { "type": "Polygon", "coordinates": [ [ [ 109.036778225409662, 22.5795952135216 ], [ 109.033729350211473, 22.592374669234601 ], [ 109.020356566610801, 22.596854186465009 ], [ 109.010032786535618, 22.58855344722592 ], [ 109.013083191272969, 22.575772981837837 ], [ 109.026455846710562, 22.571294265247495 ], [ 109.036778225409662, 22.5795952135216 ] ] ] } },
{ "type": "Feature", "properties": { "hex_id": "87415288dffffff" }, "geometry": { "type": "Polygon", "coordinates": [ [ [ 109.073154216001058, 22.684934047773066 ], [ 109.070106655989122, 22.69770325255319 ], [ 109.056733238505402, 22.702186765354057 ], [ 109.046407507049167, 22.693900275162886 ], [ 109.049456598588051, 22.681130058860695 ], [ 109.062829890219888, 22.676647344155395 ], [ 109.073154216001058, 22.684934047773066 ] ] ] } },
{ "type": "Feature", "properties": { "hex_id": "87415018dffffff" }, "geometry": { "type": "Polygon", "coordinates": [ [ [ 108.653039063023769, 21.917416062670796 ], [ 108.649971769725511, 21.930262500159593 ], [ 108.636585668937045, 21.934706591363319 ], [ 108.626267014487013, 21.926303436616809 ], [ 108.629335820892891, 21.913456013721003 ], [ 108.642721768811896, 21.909012730860102 ], [ 108.653039063023769, 21.917416062670796 ] ] ] } },
{ "type": "Feature", "properties": { "hex_id": "87415055effffff" }, "geometry": { "type": "Polygon", "coordinates": [ [ [ 108.772980184053353, 22.137508749310893 ], [ 108.769918485955074, 22.150333503308104 ], [ 108.756535853537727, 22.154788873414311 ], [ 108.746215064560005, 22.146418683871012 ], [ 108.749278281067561, 22.133592936738445 ], [ 108.762660768312287, 22.129138372166608 ], [ 108.772980184053353, 22.137508749310893 ] ] ] } },
{ "type": "Feature", "properties": { "hex_id": "874150412ffffff" }, "geometry": { "type": "Polygon", "coordinates": [ [ [ 108.871201834558931, 22.293523075955274 ], [ 108.868144987108124, 22.306331867579516 ], [ 108.85476636109324, 22.310796095410151 ], [ 108.844444721533407, 22.30245072736939 ], [ 108.847503091464944, 22.289640936281767 ], [ 108.860881578642648, 22.285177512580933 ], [ 108.871201834558931, 22.293523075955274 ] ] ] } },
{ "type": "Feature", "properties": { "hex_id": "874150495ffffff" }, "geometry": { "type": "Polygon", "coordinates": [ [ [ 108.907527428996318, 22.399232548805017 ], [ 108.904471880504573, 22.412031276444996 ], [ 108.891092567202278, 22.416499517423329 ], [ 108.880768939095432, 22.408168229016301 ], [ 108.88382601206628, 22.395368499943011 ], [ 108.897205188831379, 22.390901060592807 ], [ 108.907527428996318, 22.399232548805017 ] ] ] } },
{ "type": "Feature", "properties": { "hex_id": "87415002effffff" }, "geometry": { "type": "Polygon", "coordinates": [ [ [ 108.543711328991591, 21.859014056974335 ], [ 108.540637480464937, 21.871868327200421 ], [ 108.527241865114405, 21.876304395183411 ], [ 108.516920258491297, 21.867885387763142 ], [ 108.519995616718717, 21.855030140077186 ], [ 108.533391072041255, 21.850594877151817 ], [ 108.543711328991591, 21.859014056974335 ] ] ] } },
{ "type": "Feature", "properties": { "hex_id": "874150518ffffff" }, "geometry": { "type": "Polygon", "coordinates": [ [ [ 108.915118602174104, 22.160915193853739 ], [ 108.912066027834243, 22.173733952300761 ], [ 108.898698406956797, 22.178198965274948 ], [ 108.888383496400067, 22.16984440792784 ], [ 108.891437592940548, 22.157024645855149 ], [ 108.904805078003051, 22.152560444638649 ], [ 108.915118602174104, 22.160915193853739 ] ] ] } },
{ "type": "Feature", "properties": { "hex_id": "8741500b1ffffff" }, "geometry": { "type": "Polygon", "coordinates": [ [ [ 108.649134826909716, 22.03694576082583 ], [ 108.646066036730872, 22.049782387582251 ], [ 108.632674084917042, 22.054228100590421 ], [ 108.622351076704589, 22.045836383420642 ], [ 108.625421381115444, 22.032998772225657 ], [ 108.638813179677754, 22.028553862520095 ], [ 108.649134826909716, 22.03694576082583 ] ] ] } },
{ "type": "Feature", "properties": { "hex_id": "87415059bffffff" }, "geometry": { "type": "Polygon", "coordinates": [ [ [ 108.949542446912488, 22.326284813295672 ], [ 108.946490431347428, 22.339088587740928 ], [ 108.933119216153401, 22.343558463856944 ], [ 108.922800150385754, 22.335223758701837 ], [ 108.925853690713325, 22.322418979180171 ], [ 108.939224772211546, 22.317949909773365 ], [ 108.949542446912488, 22.326284813295672 ] ] ] } },
{ "type": "Feature", "properties": { "hex_id": "87415294dffffff" }, "geometry": { "type": "Polygon", "coordinates": [ [ [ 108.97134256776485, 22.389677899799189 ], [ 108.968291335164153, 22.402475632321192 ], [ 108.954919721645041, 22.406947925541129 ], [ 108.944599473206338, 22.398621680925508 ], [ 108.947652231764508, 22.385822942155468 ], [ 108.961023712969123, 22.381351454132496 ], [ 108.97134256776485, 22.389677899799189 ] ] ] } },
{ "type": "Feature", "properties": { "hex_id": "874152801ffffff" }, "geometry": { "type": "Polygon", "coordinates": [ [ [ 109.069609731125851, 22.545071712327179 ], [ 109.066563390299393, 22.557853226022459 ], [ 109.05319594734118, 22.562334386366071 ], [ 109.042874971338236, 22.554033229224515 ], [ 109.045922842144407, 22.54125070315639 ], [ 109.059290159137319, 22.536770346486662 ], [ 109.069609731125851, 22.545071712327179 ] ] ] } },
{ "type": "Feature", "properties": { "hex_id": "874152884ffffff" }, "geometry": { "type": "Polygon", "coordinates": [ [ [ 109.160630390416955, 22.67906396983377 ], [ 109.157588697713734, 22.691831168531014 ], [ 109.144225627064955, 22.696320392884825 ], [ 109.133904369352081, 22.688041615820858 ], [ 109.136947595638375, 22.67527339910438 ], [ 109.150310546216389, 22.67078497735567 ], [ 109.160630390416955, 22.67906396983377 ] ] ] } },
{ "type": "Feature", "properties": { "hex_id": "874150555ffffff" }, "geometry": { "type": "Polygon", "coordinates": [ [ [ 108.805857153360506, 22.10294313167033 ], [ 108.8027979777154, 22.115769860215831 ], [ 108.78942061776803, 22.120226832939299 ], [ 108.779102576602057, 22.111856268390973 ], [ 108.782163271127246, 22.099028544030464 ], [ 108.795540488106312, 22.094572379915746 ], [ 108.805857153360506, 22.10294313167033 ] ] ] } },
{ "type": "Feature", "properties": { "hex_id": "8741508f3ffffff" }, "geometry": { "type": "Polygon", "coordinates": [ [ [ 108.670028650501067, 21.639452044701628 ], [ 108.666965348115795, 21.652320650897632 ], [ 108.653593701667546, 21.656761302725556 ], [ 108.643285509236975, 21.648332527749417 ], [ 108.646350322325304, 21.635462933435754 ], [ 108.659721817311038, 21.631023102098059 ], [ 108.670028650501067, 21.639452044701628 ] ] ] } },
{ "type": "Feature", "properties": { "hex_id": "874150171ffffff" }, "geometry": { "type": "Polygon", "coordinates": [ [ [ 108.547658788836515, 21.739289318877475 ], [ 108.544586440552251, 21.752153269393411 ], [ 108.531196675802462, 21.756587691949665 ], [ 108.520879419147192, 21.748157353779778 ], [ 108.523953276014595, 21.735292424904088 ], [ 108.537342881126619, 21.730858812438797 ], [ 108.547658788836515, 21.739289318877475 ] ] ] } },
{ "type": "Feature", "properties": { "hex_id": "874150025ffffff" }, "geometry": { "type": "Polygon", "coordinates": [ [ [ 108.576638661985527, 21.824428094295605 ], [ 108.573567327148538, 21.837284296119265 ], [ 108.560176928401532, 21.841721954212652 ], [ 108.549858022479555, 21.833302602203783 ], [ 108.552930867514704, 21.82044542025103 ], [ 108.566321108445734, 21.816008570317109 ], [ 108.576638661985527, 21.824428094295605 ] ] ] } },
{ "type": "Feature", "properties": { "hex_id": "8741500a8ffffff" }, "geometry": { "type": "Polygon", "coordinates": [ [ [ 108.570733339765297, 22.003850967571832 ], [ 108.567659754870718, 22.016692511587657 ], [ 108.554260576021491, 22.021132590049877 ], [ 108.543935140637785, 22.012730323763684 ], [ 108.547010237410817, 21.999887801027032 ], [ 108.560409257861593, 21.995448523177803 ], [ 108.570733339765297, 22.003850967571832 ] ] ] } },
{ "type": "Feature", "properties": { "hex_id": "87415010affffff" }, "geometry": { "type": "Polygon", "coordinates": [ [ [ 108.616796958829823, 21.811110368192967 ], [ 108.613728391934018, 21.82396654686919 ], [ 108.600343060057057, 21.828406591486925 ], [ 108.590026450398014, 21.819989646532992 ], [ 108.593096528388031, 21.807132484621569 ], [ 108.606481705114149, 21.80269325078056 ], [ 108.616796958829823, 21.811110368192967 ] ] ] } },
{ "type": "Feature", "properties": { "hex_id": "874150592ffffff" }, "geometry": { "type": "Polygon", "coordinates": [ [ [ 109.03699469122256, 22.32057968174616 ], [ 109.033948518661845, 22.333381428449094 ], [ 109.020587552082702, 22.337856938827233 ], [ 109.010272886150133, 22.329529891089429 ], [ 109.013320585559583, 22.316727132762519 ], [ 109.026681424216633, 22.312252433681628 ], [ 109.03699469122256, 22.32057968174616 ] ] ] } },
{ "type": "Feature", "properties": { "hex_id": "87415012bffffff" }, "geometry": { "type": "Polygon", "coordinates": [ [ [ 108.618754984584584, 21.751255002243415 ], [ 108.615687165954967, 21.764116007022842 ], [ 108.602304756767722, 21.768555210537201 ], [ 108.59199032134002, 21.760132595853513 ], [ 108.595059650503543, 21.747270607386952 ], [ 108.608441904731976, 21.742832217172658 ], [ 108.618754984584584, 21.751255002243415 ] ] ] } },
{ "type": "Feature", "properties": { "hex_id": "8741501aeffffff" }, "geometry": { "type": "Polygon", "coordinates": [ [ [ 108.709626063779154, 21.886784379796765 ], [ 108.706562801343154, 21.899631758238094 ], [ 108.693184414450485, 21.904079026507628 ], [ 108.682869439267037, 21.895678103724538 ], [ 108.685934215936996, 21.882829735440634 ], [ 108.699312453726009, 21.878383279664416 ], [ 108.709626063779154, 21.886784379796765 ] ] ] } },
{ "type": "Feature", "properties": { "hex_id": "874150425ffffff" }, "geometry": { "type": "Polygon", "coordinates": [ [ [ 108.84406507994936, 22.14923091940242 ], [ 108.841007940891075, 22.162052683489431 ], [ 108.827632796320316, 22.166512879596894 ], [ 108.817314931466527, 22.158150502845789 ], [ 108.820373590838273, 22.145327740372611 ], [ 108.833748594917679, 22.140868352919433 ], [ 108.84406507994936, 22.14923091940242 ] ] ] } },
{ "type": "Feature", "properties": { "hex_id": "87415054cffffff" }, "geometry": { "type": "Polygon", "coordinates": [ [ [ 108.727509524581578, 22.069976510215998 ], [ 108.724445537507023, 22.082808198454686 ], [ 108.711060858703888, 22.087259542924517 ], [ 108.700740315252929, 22.078878393069576 ], [ 108.703805818893386, 22.066045714694237 ], [ 108.717190349588421, 22.061595176192274 ], [ 108.727509524581578, 22.069976510215998 ] ] ] } },
{ "type": "Feature", "properties": { "hex_id": "874150400ffffff" }, "geometry": { "type": "Polygon", "coordinates": [ [ [ 108.825717228363231, 22.226146602096186 ], [ 108.822658082148124, 22.238962396510118 ], [ 108.809277371829793, 22.24342259763889 ], [ 108.798955949670955, 22.23506619964483 ], [ 108.802016616534175, 22.222249408714681 ], [ 108.815397185075966, 22.217790012177179 ], [ 108.825717228363231, 22.226146602096186 ] ] ] } },
{ "type": "Feature", "properties": { "hex_id": "874150483ffffff" }, "geometry": { "type": "Polygon", "coordinates": [ [ [ 108.860121091174136, 22.39150021030861 ], [ 108.857062494353457, 22.404300939078677 ], [ 108.843678155661777, 22.40876593692429 ], [ 108.833352553620486, 22.400429406305864 ], [ 108.83641267365978, 22.387627679576777 ], [ 108.849796872689183, 22.383163481307445 ], [ 108.860121091174136, 22.39150021030861 ] ] ] } },
{ "type": "Feature", "properties": { "hex_id": "87415001cffffff" }, "geometry": { "type": "Polygon", "coordinates": [ [ [ 108.54898460665035, 21.940098918615494 ], [ 108.545910260808398, 21.952946353009565 ], [ 108.532511558523723, 21.957384028183185 ], [ 108.522187362021185, 21.948973466781254 ], [ 108.52526321852784, 21.93612505495728 ], [ 108.538661761045134, 21.93168818184548 ], [ 108.54898460665035, 21.940098918615494 ] ] ] } },
{ "type": "Feature", "properties": { "hex_id": "874150589ffffff" }, "geometry": { "type": "Polygon", "coordinates": [ [ [ 108.904061045595554, 22.258971604621539 ], [ 108.901006724916726, 22.271782399538274 ], [ 108.88763339649492, 22.276248243240378 ], [ 108.8773145255537, 22.267902484719023 ], [ 108.88037036917278, 22.255090687652942 ], [ 108.893743560959152, 22.250625651140634 ], [ 108.904061045595554, 22.258971604621539 ] ] ] } },
{ "type": "Feature", "properties": { "hex_id": "874152872ffffff" }, "geometry": { "type": "Polygon", "coordinates": [ [ [ 108.998538400810247, 22.533595923968544 ], [ 108.995487471897775, 22.546380469611062 ], [ 108.982112409101802, 22.550856761023176 ], [ 108.971788406031237, 22.542547706032796 ], [ 108.974840863066461, 22.529762153191246 ], [ 108.988215795214401, 22.52528666242241 ], [ 108.998538400810247, 22.533595923968544 ] ] ] } },
{ "type": "Feature", "properties": { "hex_id": "874150543ffffff" }, "geometry": { "type": "Polygon", "coordinates": [ [ [ 108.758465923039765, 22.095109750197043 ], [ 108.75540371027013, 22.107938468620002 ], [ 108.742021368656339, 22.112392227163458 ], [ 108.731701386070185, 22.104016460643951 ], [ 108.734765116446795, 22.091186749912357 ], [ 108.748147311971536, 22.086733797890918 ], [ 108.758465923039765, 22.095109750197043 ] ] ] } },
{ "type": "Feature", "properties": { "hex_id": "8741528f5ffffff" }, "geometry": { "type": "Polygon", "coordinates": [ [ [ 109.034905276767446, 22.639001921928234 ], [ 109.031855659475852, 22.651776246151606 ], [ 109.018479950365588, 22.65625653317991 ], [ 109.008153987050221, 22.647961697759591 ], [ 109.01120513445521, 22.635186364468208 ], [ 109.024580715226534, 22.630706875548565 ], [ 109.034905276767446, 22.639001921928234 ] ] ] } },
{ "type": "Feature", "properties": { "hex_id": "87415282cffffff" }, "geometry": { "type": "Polygon", "coordinates": [ [ [ 109.071474566956866, 22.485630035092669 ], [ 109.068428966878784, 22.49841663874545 ], [ 109.055064446385316, 22.502897004381886 ], [ 109.04474565192433, 22.494589960037928 ], [ 109.047792781407708, 22.481802343417311 ], [ 109.061157176110115, 22.477322783992634 ], [ 109.071474566956866, 22.485630035092669 ] ] ] } },
{ "type": "Feature", "properties": { "hex_id": "874150571ffffff" }, "geometry": { "type": "Polygon", "coordinates": [ [ [ 108.815032674079561, 22.064457027667689 ], [ 108.81197450150519, 22.07728671411374 ], [ 108.798599921651785, 22.081743672619162 ], [ 108.788283656866014, 22.07337013391825 ], [ 108.791343348154314, 22.060539450732271 ], [ 108.804717785682215, 22.056083302869787 ], [ 108.815032674079561, 22.064457027667689 ] ] ] } },
{ "type": "Feature", "properties": { "hex_id": "874150013ffffff" }, "geometry": { "type": "Polygon", "coordinates": [ [ [ 108.579952085842976, 21.965320432589245 ], [ 108.576879505214421, 21.97816492678378 ], [ 108.563483096563274, 21.982605012813863 ], [ 108.553159426460681, 21.974199801887362 ], [ 108.556233518811467, 21.961354328062754 ], [ 108.569629769714865, 21.956915044675309 ], [ 108.579952085842976, 21.965320432589245 ] ] ] } },
{ "type": "Feature", "properties": { "hex_id": "874150096ffffff" }, "geometry": { "type": "Polygon", "coordinates": [ [ [ 108.670896609379696, 22.100608748816484 ], [ 108.667828585675409, 22.113439446818123 ], [ 108.654436176851021, 22.117887566805468 ], [ 108.644111943780985, 22.109504186834435 ], [ 108.647181482926342, 22.096672503133089 ], [ 108.660573739871339, 22.092225184983626 ], [ 108.670896609379696, 22.100608748816484 ] ] ] } },
{ "type": "Feature", "properties": { "hex_id": "874150580ffffff" }, "geometry": { "type": "Polygon", "coordinates": [ [ [ 108.991523599750593, 22.253308781416944 ], [ 108.988475115688104, 22.26611755140835 ], [ 108.975112004259685, 22.270589020744097 ], [ 108.964797507919073, 22.262250908174682 ], [ 108.967847517020417, 22.249441129473595 ], [ 108.981210497588108, 22.244970471935556 ], [ 108.991523599750593, 22.253308781416944 ] ] ] } },
{ "type": "Feature", "properties": { "hex_id": "874150434ffffff" }, "geometry": { "type": "Polygon", "coordinates": [ [ [ 108.905959876328239, 22.199368495467272 ], [ 108.902906299086951, 22.212184277632339 ], [ 108.889535892967402, 22.216649305950881 ], [ 108.879219200710025, 22.208297742264168 ], [ 108.882274300322351, 22.195480957409913 ], [ 108.895644569987212, 22.191016738814781 ], [ 108.905959876328239, 22.199368495467272 ] ] ] } },
{ "type": "Feature", "properties": { "hex_id": "874150119ffffff" }, "geometry": { "type": "Polygon", "coordinates": [ [ [ 108.624044054346172, 21.832380912001469 ], [ 108.620975741854693, 21.845235148250715 ], [ 108.607590255282915, 21.849676003159207 ], [ 108.597273236068588, 21.841261811409002 ], [ 108.600343060057057, 21.828406591486925 ], [ 108.613728391934018, 21.82396654686919 ], [ 108.624044054346172, 21.832380912001469 ] ] ] } },
{ "type": "Feature", "properties": { "hex_id": "87415019cffffff" }, "geometry": { "type": "Polygon", "coordinates": [ [ [ 108.714938974626023, 21.967798576936275 ], [ 108.711875221625377, 21.980639119848146 ], [ 108.698493763413168, 21.985088031868887 ], [ 108.688176207206155, 21.976695591384125 ], [ 108.691241475405462, 21.963854058682852 ], [ 108.7046227847827, 21.959405956137623 ], [ 108.714938974626023, 21.967798576936275 ] ] ] } },
{ "type": "Feature", "properties": { "hex_id": "874152869ffffff" }, "geometry": { "type": "Polygon", "coordinates": [ [ [ 108.865478550248568, 22.472151648019594 ], [ 108.862419467417382, 22.484945277690645 ], [ 108.849032061711952, 22.489411841633355 ], [ 108.838703878390092, 22.481083979232654 ], [ 108.841764485409897, 22.468289351781156 ], [ 108.855151751730403, 22.463823584392966 ], [ 108.865478550248568, 22.472151648019594 ] ] ] } },
{ "type": "Feature", "properties": { "hex_id": "8741528ecffffff" }, "geometry": { "type": "Polygon", "coordinates": [ [ [ 108.956521096073061, 22.606460097573482 ], [ 108.953466628860426, 22.6192394925414 ], [ 108.940083445213503, 22.623714090927486 ], [ 108.929754862435644, 22.615408498644076 ], [ 108.932810857495056, 22.602628100150007 ], [ 108.94619390765142, 22.598154297348216 ], [ 108.956521096073061, 22.606460097573482 ] ] ] } },
{ "type": "Feature", "properties": { "hex_id": "8741508d8ffffff" }, "geometry": { "type": "Polygon", "coordinates": [ [ [ 108.597021951843743, 21.687383827494358 ], [ 108.593953371156161, 21.700250617084759 ], [ 108.580571428211911, 21.704687379242575 ], [ 108.57025822245177, 21.69625653693576 ], [ 108.573328312465364, 21.683388764992085 ], [ 108.586710099084499, 21.678952817589856 ], [ 108.597021951843743, 21.687383827494358 ] ] ] } },
{ "type": "Feature", "properties": { "hex_id": "874150471ffffff" }, "geometry": { "type": "Polygon", "coordinates": [ [ [ 108.699921593334238, 22.185426039941756 ], [ 108.696854593806535, 22.198248792858262 ], [ 108.683461582042511, 22.202700115303017 ], [ 108.673135720024362, 22.194327884833044 ], [ 108.676204236604534, 22.181504144558101 ], [ 108.689597098320633, 22.177053621992808 ], [ 108.699921593334238, 22.185426039941756 ] ] ] } },
{ "type": "Feature", "properties": { "hex_id": "874150156ffffff" }, "geometry": { "type": "Polygon", "coordinates": [ [ [ 108.569392696881025, 21.803150426942853 ], [ 108.566321108445734, 21.816008570317109 ], [ 108.552930867514704, 21.82044542025103 ], [ 108.542612373462731, 21.812023318048595 ], [ 108.545685471692479, 21.799164194985138 ], [ 108.559075554351907, 21.794728153694162 ], [ 108.569392696881025, 21.803150426942853 ] ] ] } },
{ "type": "Feature", "properties": { "hex_id": "8741528a0ffffff" }, "geometry": { "type": "Polygon", "coordinates": [ [ [ 109.169753460454274, 22.640756197118503 ], [ 109.166712771749118, 22.653526482875282 ], [ 109.153352503699949, 22.658015724249104 ], [ 109.143033043954929, 22.649733875119718 ], [ 109.146075266061345, 22.636962570356701 ], [ 109.159435414673197, 22.632474133614043 ], [ 109.169753460454274, 22.640756197118503 ] ] ] } },
{ "type": "Feature", "properties": { "hex_id": "87415042bffffff" }, "geometry": { "type": "Polygon", "coordinates": [ [ [ 108.771052978083276, 22.197166407215825 ], [ 108.767990533562326, 22.209986187543596 ], [ 108.754604975730388, 22.214442357475345 ], [ 108.744282007947135, 22.206077943951087 ], [ 108.747345971443337, 22.19325717100941 ], [ 108.760731383916394, 22.188801804087792 ], [ 108.771052978083276, 22.197166407215825 ] ] ] } },
{ "type": "Feature", "properties": { "hex_id": "874150110ffffff" }, "geometry": { "type": "Polygon", "coordinates": [ [ [ 108.711564522508056, 21.826980165044901 ], [ 108.708502006440781, 21.83983239308149 ], [ 108.695126540789389, 21.844278815337645 ], [ 108.684813740290096, 21.835872194417153 ], [ 108.687877770028521, 21.823018976068333 ], [ 108.70125308676451, 21.818573368834414 ], [ 108.711564522508056, 21.826980165044901 ] ] ] } },
{ "type": "Feature", "properties": { "hex_id": "8741504aeffffff" }, "geometry": { "type": "Polygon", "coordinates": [ [ [ 108.862030288111882, 22.331946436479882 ], [ 108.8589724364913, 22.344752211213628 ], [ 108.845591024180308, 22.349216427833269 ], [ 108.835267603136572, 22.340874067500124 ], [ 108.838326977406737, 22.328067294250108 ], [ 108.851708250238332, 22.323603879731976 ], [ 108.862030288111882, 22.331946436479882 ] ] ] } },
{ "type": "Feature", "properties": { "hex_id": "874152860ffffff" }, "geometry": { "type": "Polygon", "coordinates": [ [ [ 108.953030152022805, 22.466449113822694 ], [ 108.949976911102809, 22.479240765046654 ], [ 108.93659971430607, 22.483713030976638 ], [ 108.926275892188428, 22.47539284442367 ], [ 108.929330659411931, 22.462600188872166 ], [ 108.942707722615268, 22.458128724084204 ], [ 108.953030152022805, 22.466449113822694 ] ] ] } },
{ "type": "Feature", "properties": { "hex_id": "874150193ffffff" }, "geometry": { "type": "Polygon", "coordinates": [ [ [ 108.745886423189376, 21.992965711300034 ], [ 108.742824442739774, 22.005803298678018 ], [ 108.729445317185025, 22.010254622042453 ], [ 108.719128319066655, 22.001867547876277 ], [ 108.722191815756119, 21.989028968525432 ], [ 108.7355707944931, 21.984578455195766 ], [ 108.745886423189376, 21.992965711300034 ] ] ] } },
{ "type": "Feature", "properties": { "hex_id": "874150004ffffff" }, "geometry": { "type": "Polygon", "coordinates": [ [ [ 108.574671044808099, 21.884260926860666 ], [ 108.571598960303291, 21.897112268013085 ], [ 108.558205636100368, 21.901550744613836 ], [ 108.547884554584371, 21.893137074300949 ], [ 108.550958149847119, 21.88028475347982 ], [ 108.564351316040103, 21.875847082520991 ], [ 108.574671044808099, 21.884260926860666 ] ] ] } },
{ "type": "Feature", "properties": { "hex_id": "8741528e3ffffff" }, "geometry": { "type": "Polygon", "coordinates": [ [ [ 108.987501443545156, 22.631366540406781 ], [ 108.984448766647276, 22.644142881044814 ], [ 108.971067981853366, 22.648619906754021 ], [ 108.960740005587652, 22.640319795616499 ], [ 108.963794211355989, 22.627542449354436 ], [ 108.977174864684883, 22.623066219736867 ], [ 108.987501443545156, 22.631366540406781 ] ] ] } },
{ "type": "Feature", "properties": { "hex_id": "87415281affffff" }, "geometry": { "type": "Polygon", "coordinates": [ [ [ 109.075019174163657, 22.625556117703507 ], [ 109.07197235551844, 22.638330469190322 ], [ 109.058601863170182, 22.642813213182233 ], [ 109.048278315308195, 22.634520804942593 ], [ 109.051326664905019, 22.621745441317021 ], [ 109.064697031575776, 22.61726349795368 ], [ 109.075019174163657, 22.625556117703507 ] ] ] } },
{ "type": "Feature", "properties": { "hex_id": "874150001ffffff" }, "geometry": { "type": "Polygon", "coordinates": [ [ [ 108.534488779661629, 21.89757394685935 ], [ 108.531413927311135, 21.910425293703963 ], [ 108.518015545017235, 21.9148613642718 ], [ 108.507692175926124, 21.906445284849593 ], [ 108.510768538131884, 21.893592961443812 ], [ 108.524166759746507, 21.889157693901691 ], [ 108.534488779661629, 21.89757394685935 ] ] ] } },
{ "type": "Feature", "properties": { "hex_id": "87415289dffffff" }, "geometry": { "type": "Polygon", "coordinates": [ [ [ 109.111404247486192, 22.730827641194725 ], [ 109.108358747589392, 22.74359171234866 ], [ 109.094987633792101, 22.748078451823922 ], [ 109.084662143418825, 22.73980032195497 ], [ 109.087709176252119, 22.727035236837295 ], [ 109.101080166685193, 22.722549295436238 ], [ 109.111404247486192, 22.730827641194725 ] ] ] } },
{ "type": "Feature", "properties": { "hex_id": "874150889ffffff" }, "geometry": { "type": "Polygon", "coordinates": [ [ [ 108.700948048620788, 21.664728256035222 ], [ 108.697886512977433, 21.677593953567978 ], [ 108.684517183616691, 21.682037007888443 ], [ 108.674209539519808, 21.67361354349195 ], [ 108.677272586908458, 21.660746855620978 ], [ 108.690641766818032, 21.656304622367141 ], [ 108.700948048620788, 21.664728256035222 ] ] ] } },
{ "type": "Feature", "properties": { "hex_id": "874150084ffffff" }, "geometry": { "type": "Polygon", "coordinates": [ [ [ 108.625421381115444, 22.032998772225657 ], [ 108.622351076704589, 22.045836383420642 ], [ 108.608956659210165, 22.050280485944935 ], [ 108.598632701112507, 22.041886174908413 ], [ 108.601704519107543, 22.02904758103718 ], [ 108.615098781787523, 22.024604280759565 ], [ 108.625421381115444, 22.032998772225657 ] ] ] } },
{ "type": "Feature", "properties": { "hex_id": "87415056effffff" }, "geometry": { "type": "Polygon", "coordinates": [ [ [ 108.760395184739579, 22.035405101071625 ], [ 108.757333718187098, 22.048238751851141 ], [ 108.743954300369666, 22.052691693805997 ], [ 108.733636495175986, 22.044310175814939 ], [ 108.736699478770362, 22.03147553222184 ], [ 108.750078750685319, 22.02702339931556 ], [ 108.760395184739579, 22.035405101071625 ] ] ] } },
{ "type": "Feature", "properties": { "hex_id": "874150422ffffff" }, "geometry": { "type": "Polygon", "coordinates": [ [ [ 108.858585225584321, 22.191589204062911 ], [ 108.855528604229079, 22.20440698986215 ], [ 108.842153180052392, 22.208868801783357 ], [ 108.831834516971497, 22.200512020130493 ], [ 108.834892659439603, 22.187693235131746 ], [ 108.84826794404286, 22.183232230868146 ], [ 108.858585225584321, 22.191589204062911 ] ] ] } },
{ "type": "Feature", "properties": { "hex_id": "8741504a5ffffff" }, "geometry": { "type": "Polygon", "coordinates": [ [ [ 108.894897079972694, 22.297400987420087 ], [ 108.891841755632299, 22.310208777839946 ], [ 108.878465640478609, 22.314674620557835 ], [ 108.868144987108124, 22.306331867579516 ], [ 108.871201834558931, 22.293523075955274 ], [ 108.884577812436405, 22.289058038396607 ], [ 108.894897079972694, 22.297400987420087 ] ] ] } },
{ "type": "Feature", "properties": { "hex_id": "874150150ffffff" }, "geometry": { "type": "Polygon", "coordinates": [ [ [ 108.545685471692479, 21.799164194985138 ], [ 108.542612373462731, 21.812023318048595 ], [ 108.529219684034459, 21.816458569182583 ], [ 108.518900252841348, 21.808033889560424 ], [ 108.521974860212907, 21.795173788582638 ], [ 108.535367389808414, 21.790739345021951 ], [ 108.545685471692479, 21.799164194985138 ] ] ] } },
{ "type": "Feature", "properties": { "hex_id": "87415281dffffff" }, "geometry": { "type": "Polygon", "coordinates": [ [ [ 109.060469704507852, 22.583413186548579 ], [ 109.057422359466912, 22.596191630864208 ], [ 109.044052118935909, 22.60067277308919 ], [ 109.033729350211473, 22.592374669234601 ], [ 109.036778225409662, 22.5795952135216 ], [ 109.05014833933879, 22.575114872944361 ], [ 109.060469704507852, 22.583413186548579 ] ] ] } },
{ "type": "Feature", "properties": { "hex_id": "87415018affffff" }, "geometry": { "type": "Polygon", "coordinates": [ [ [ 108.667540541352437, 21.959905348850704 ], [ 108.664473758596557, 21.972747869579482 ], [ 108.651087353439351, 21.977193576004563 ], [ 108.640767883164472, 21.968795954215828 ], [ 108.643836179832974, 21.955952447222703 ], [ 108.657222433034235, 21.951507548164106 ], [ 108.667540541352437, 21.959905348850704 ] ] ] } },
{ "type": "Feature", "properties": { "hex_id": "8741508c6ffffff" }, "geometry": { "type": "Polygon", "coordinates": [ [ [ 108.646350322325304, 21.635462933435754 ], [ 108.643285509236975, 21.648332527749417 ], [ 108.629911400245646, 21.652771597180543 ], [ 108.619602257531653, 21.644340252757662 ], [ 108.622668580679502, 21.631469672102675 ], [ 108.63604253665217, 21.62703142209384 ], [ 108.646350322325304, 21.635462933435754 ] ] ] } },
{ "type": "Feature", "properties": { "hex_id": "8741505abffffff" }, "geometry": { "type": "Polygon", "coordinates": [ [ [ 108.936904600083992, 22.224412939102443 ], [ 108.933852806124023, 22.23722572222162 ], [ 108.920484780558326, 22.241693167456077 ], [ 108.910168683554744, 22.233347019203926 ], [ 108.913222000910295, 22.220533231251803 ], [ 108.926589892039487, 22.216066596268252 ], [ 108.936904600083992, 22.224412939102443 ] ] ] } },
{ "type": "Feature", "properties": { "hex_id": "87415295dffffff" }, "geometry": { "type": "Polygon", "coordinates": [ [ [ 109.009567100840556, 22.435759218447892 ], [ 109.006517918378918, 22.448551900240801 ], [ 108.993148573757423, 22.453027420254259 ], [ 108.982828541594841, 22.444709453155095 ], [ 108.985879251431555, 22.431915762610839 ], [ 108.999248466220308, 22.427441047800755 ], [ 109.009567100840556, 22.435759218447892 ] ] ] } },
{ "type": "Feature", "properties": { "hex_id": "874150144ffffff" }, "geometry": { "type": "Polygon", "coordinates": [ [ [ 108.523953276014595, 21.735292424904088 ], [ 108.520879419147192, 21.748157353779778 ], [ 108.50748721058315, 21.752590180748758 ], [ 108.497169020257815, 21.744157269704992 ], [ 108.500244385054344, 21.731291364247816 ], [ 108.513636432419986, 21.726859346296436 ], [ 108.523953276014595, 21.735292424904088 ] ] ] } },
{ "type": "Feature", "properties": { "hex_id": "874152811ffffff" }, "geometry": { "type": "Polygon", "coordinates": [ [ [ 109.107841968397523, 22.59103635820858 ], [ 109.104797685517681, 22.603812774567515 ], [ 109.091432542997168, 22.608297163604252 ], [ 109.081111807000454, 22.600004332508604 ], [ 109.084157621267977, 22.587226901311414 ], [ 109.097522640307332, 22.582743315932387 ], [ 109.107841968397523, 22.59103635820858 ] ] ] } },
{ "type": "Feature", "properties": { "hex_id": "874150565ffffff" }, "geometry": { "type": "Polygon", "coordinates": [ [ [ 108.793265273926536, 22.000826616143954 ], [ 108.790206327868418, 22.013662214302663 ], [ 108.776832176365943, 22.018116739391147 ], [ 108.766517114789309, 22.009734854073212 ], [ 108.769577578361137, 21.99689826042637 ], [ 108.782951586163975, 21.992444547468175 ], [ 108.793265273926536, 22.000826616143954 ] ] ] } },
{ "type": "Feature", "properties": { "hex_id": "87415049cffffff" }, "geometry": { "type": "Polygon", "coordinates": [ [ [ 108.867387111105785, 22.412634848944421 ], [ 108.864328773750643, 22.425433557265013 ], [ 108.85094429585682, 22.429899354187938 ], [ 108.840618294687602, 22.421565643595287 ], [ 108.843678155661777, 22.40876593692429 ], [ 108.857062494353457, 22.404300939078677 ], [ 108.867387111105785, 22.412634848944421 ] ] ] } },
{ "type": "Feature", "properties": { "hex_id": "874152969ffffff" }, "geometry": { "type": "Polygon", "coordinates": [ [ [ 108.980494258191044, 22.351278652585755 ], [ 108.977444029240559, 22.364079408663837 ], [ 108.964075206715464, 22.368551704826551 ], [ 108.953756744981746, 22.360222437567831 ], [ 108.956808499716203, 22.347420674286223 ], [ 108.97017719056538, 22.342949185350452 ], [ 108.980494258191044, 22.351278652585755 ] ] ] } },
{ "type": "Feature", "properties": { "hex_id": "874150181ffffff" }, "geometry": { "type": "Polygon", "coordinates": [ [ [ 108.700435273831118, 21.925323600642393 ], [ 108.697371008680776, 21.938168062022093 ], [ 108.683989848595644, 21.942615354600953 ], [ 108.673673103579787, 21.934217375225099 ], [ 108.67673888312558, 21.921371924908751 ], [ 108.690119893461571, 21.916925442786734 ], [ 108.700435273831118, 21.925323600642393 ] ] ] } },
{ "type": "Feature", "properties": { "hex_id": "87415284effffff" }, "geometry": { "type": "Polygon", "coordinates": [ [ [ 108.887284864672537, 22.535493660569852 ], [ 108.884226561406095, 22.548281188081344 ], [ 108.870838740309551, 22.552750138690932 ], [ 108.860509360649516, 22.544430766615427 ], [ 108.863569189306304, 22.531642240170218 ], [ 108.876956872399916, 22.527174084616444 ], [ 108.887284864672537, 22.535493660569852 ] ] ] } },
{ "type": "Feature", "properties": { "hex_id": "874150035ffffff" }, "geometry": { "type": "Polygon", "coordinates": [ [ [ 108.614838113924762, 21.870940714304862 ], [ 108.611768798412271, 21.883792041520188 ], [ 108.598380542602385, 21.888232915505078 ], [ 108.588061757819446, 21.879821653900425 ], [ 108.591132584986767, 21.866969343910885 ], [ 108.604520685453593, 21.862529278181345 ], [ 108.614838113924762, 21.870940714304862 ] ] ] } },
{ "type": "Feature", "properties": { "hex_id": "8741505a2ffffff" }, "geometry": { "type": "Polygon", "coordinates": [ [ [ 109.024335019471096, 22.218742967125838 ], [ 109.021289063441202, 22.23155370972583 ], [ 109.007931271915524, 22.236026761091715 ], [ 108.997619565251028, 22.227688254886132 ], [ 109.000667046764377, 22.214876500894789 ], [ 109.014024709622646, 22.210404264384735 ], [ 109.024335019471096, 22.218742967125838 ] ] ] } },
{ "type": "Feature", "properties": { "hex_id": "874152808ffffff" }, "geometry": { "type": "Polygon", "coordinates": [ [ [ 109.029504984472908, 22.558512767644938 ], [ 109.026455846710562, 22.571294265247495 ], [ 109.013083191272969, 22.575772981837837 ], [ 109.002759802386905, 22.567469399561322 ], [ 109.00581046929068, 22.554686892657976 ], [ 109.019182996103396, 22.55020897721549 ], [ 109.029504984472908, 22.558512767644938 ] ] ] } },
{ "type": "Feature", "properties": { "hex_id": "87415288bffffff" }, "geometry": { "type": "Polygon", "coordinates": [ [ [ 109.064010530898258, 22.723238557201981 ], [ 109.060961965743346, 22.736004654569147 ], [ 109.047585747901053, 22.740488128948446 ], [ 109.037258221866736, 22.732204709769558 ], [ 109.040308318726488, 22.719437601868414 ], [ 109.053684410079612, 22.714954923563578 ], [ 109.064010530898258, 22.723238557201981 ] ] ] } },
{ "type": "Feature", "properties": { "hex_id": "87415055cffffff" }, "geometry": { "type": "Polygon", "coordinates": [ [ [ 108.765722723825064, 22.116311634527769 ], [ 108.762660768312287, 22.129138372166608 ], [ 108.749278281067561, 22.133592936738445 ], [ 108.738957895135385, 22.125219957525108 ], [ 108.742021368656339, 22.112392227163458 ], [ 108.75540371027013, 22.107938468620002 ], [ 108.765722723825064, 22.116311634527769 ] ] ] } },
{ "type": "Feature", "properties": { "hex_id": "8741508d2ffffff" }, "geometry": { "type": "Polygon", "coordinates": [ [ [ 108.66808244337517, 21.699344065842993 ], [ 108.665018394545129, 21.712207897718386 ], [ 108.651643829230508, 21.716649422491255 ], [ 108.641333464568149, 21.708226297311437 ], [ 108.644399024662079, 21.695361477756432 ], [ 108.657773438324512, 21.690920770942878 ], [ 108.66808244337517, 21.699344065842993 ] ] ] } },
{ "type": "Feature", "properties": { "hex_id": "874150410ffffff" }, "geometry": { "type": "Polygon", "coordinates": [ [ [ 108.863938685412208, 22.272366716618052 ], [ 108.860881578642648, 22.285177512580933 ], [ 108.847503091464944, 22.289640936281767 ], [ 108.837181850520707, 22.281292759273352 ], [ 108.840240479371175, 22.268480964245949 ], [ 108.853618827252092, 22.264018345174115 ], [ 108.863938685412208, 22.272366716618052 ] ] ] } },
{ "type": "Feature", "properties": { "hex_id": "874150493ffffff" }, "geometry": { "type": "Polygon", "coordinates": [ [ [ 108.898359779006043, 22.437625691206936 ], [ 108.895303225923939, 22.45042137579722 ], [ 108.8819211231163, 22.454889595430533 ], [ 108.871595710736287, 22.446561330753834 ], [ 108.874653788468024, 22.433764645687887 ], [ 108.88803575409689, 22.429297225656878 ], [ 108.898359779006043, 22.437625691206936 ] ] ] } },
{ "type": "Feature", "properties": { "hex_id": "874152845ffffff" }, "geometry": { "type": "Polygon", "coordinates": [ [ [ 108.920165352975189, 22.500975099377214 ], [ 108.917109580910036, 22.513764696254029 ], [ 108.903727069329761, 22.518235311686993 ], [ 108.893400465777816, 22.50991553202746 ], [ 108.896457763691998, 22.497124933518855 ], [ 108.90984013947552, 22.492655116184192 ], [ 108.920165352975189, 22.500975099377214 ] ] ] } },
{ "type": "Feature", "properties": { "hex_id": "87415002cffffff" }, "geometry": { "type": "Polygon", "coordinates": [ [ [ 108.536465173674003, 21.83773866042883 ], [ 108.533391072041255, 21.850594877151817 ], [ 108.519995616718717, 21.855030140077186 ], [ 108.509674423685425, 21.84660838062058 ], [ 108.512750034614456, 21.833751186876647 ], [ 108.526145329453414, 21.829316729490699 ], [ 108.536465173674003, 21.83773866042883 ] ] ] } },
{ "type": "Feature", "properties": { "hex_id": "874150599ffffff" }, "geometry": { "type": "Polygon", "coordinates": [ [ [ 108.942277048449654, 22.305144126980242 ], [ 108.939224772211546, 22.317949909773365 ], [ 108.925853690713325, 22.322418979180171 ], [ 108.915535019774822, 22.314081458464631 ], [ 108.918588820377025, 22.301274670988892 ], [ 108.931959767719277, 22.29680640879463 ], [ 108.942277048449654, 22.305144126980242 ] ] ] } },
{ "type": "Feature", "properties": { "hex_id": "87415294bffffff" }, "geometry": { "type": "Polygon", "coordinates": [ [ [ 108.962187866048382, 22.428068064940128 ], [ 108.959135629457862, 22.440862762505386 ], [ 108.945761224514698, 22.445335045646644 ], [ 108.935439189281226, 22.437011827937216 ], [ 108.938492952002406, 22.424216125082587 ], [ 108.951867223991883, 22.419744645109983 ], [ 108.962187866048382, 22.428068064940128 ] ] ] } },
{ "type": "Feature", "properties": { "hex_id": "874150553ffffff" }, "geometry": { "type": "Polygon", "coordinates": [ [ [ 108.796678623092745, 22.141420350433179 ], [ 108.793618444040376, 22.154244109543498 ], [ 108.780238303581584, 22.158701089327909 ], [ 108.769918485955074, 22.150333503308104 ], [ 108.772980184053353, 22.137508749310893 ], [ 108.786360180900459, 22.133052576102664 ], [ 108.796678623092745, 22.141420350433179 ] ] ] } },
{ "type": "Feature", "properties": { "hex_id": "8741528e6ffffff" }, "geometry": { "type": "Polygon", "coordinates": [ [ [ 109.027630595157802, 22.617930501504244 ], [ 109.024580715226534, 22.630706875548565 ], [ 109.01120513445521, 22.635186364468208 ], [ 109.000879562580678, 22.626888680610595 ], [ 109.003930972227337, 22.61411129786881 ], [ 109.017306424197628, 22.609632607565484 ], [ 109.027630595157802, 22.617930501504244 ] ] ] } },
{ "type": "Feature", "properties": { "hex_id": "874150023ffffff" }, "geometry": { "type": "Polygon", "coordinates": [ [ [ 108.567423654212789, 21.862993791527451 ], [ 108.564351316040103, 21.875847082520991 ], [ 108.550958149847119, 21.88028475347982 ], [ 108.540637480464937, 21.871868327200421 ], [ 108.543711328991591, 21.859014056974335 ], [ 108.557104336718766, 21.854577192140869 ], [ 108.567423654212789, 21.862993791527451 ] ] ] } },
{ "type": "Feature", "properties": { "hex_id": "87415050dffffff" }, "geometry": { "type": "Polygon", "coordinates": [ [ [ 108.86965908446706, 22.093473004151814 ], [ 108.866604210158272, 22.106298714734329 ], [ 108.853234490904029, 22.110759689429567 ], [ 108.842919784875235, 22.102394141200826 ], [ 108.845976179560623, 22.089567429963282 ], [ 108.859345760064926, 22.085107267492628 ], [ 108.86965908446706, 22.093473004151814 ] ] ] } },
{ "type": "Feature", "properties": { "hex_id": "8741500a6ffffff" }, "geometry": { "type": "Polygon", "coordinates": [ [ [ 108.658339189614736, 21.998429972422141 ], [ 108.655271403314529, 22.011269551959028 ], [ 108.641882225032461, 22.015715265257484 ], [ 108.631560985824791, 22.007320593566536 ], [ 108.634630286197492, 21.994480028676595 ], [ 108.648019311876126, 21.990035120711916 ], [ 108.658339189614736, 21.998429972422141 ] ] ] } },
{ "type": "Feature", "properties": { "hex_id": "874150590ffffff" }, "geometry": { "type": "Polygon", "coordinates": [ [ [ 109.029727858882339, 22.299448679880062 ], [ 109.026681424216633, 22.312252433681628 ], [ 109.013320585559583, 22.316727132762519 ], [ 109.003006310114841, 22.308397266120906 ], [ 109.0060542712326, 22.295592501086212 ], [ 109.019414981506955, 22.29111861381049 ], [ 109.029727858882339, 22.299448679880062 ] ] ] } },
{ "type": "Feature", "properties": { "hex_id": "874150129ffffff" }, "geometry": { "type": "Polygon", "coordinates": [ [ [ 108.611509977538361, 21.729969281195942 ], [ 108.608441904731976, 21.742832217172658 ], [ 108.595059650503543, 21.747270607386952 ], [ 108.584745624667065, 21.738845247720292 ], [ 108.587815207604763, 21.72598132849944 ], [ 108.601197306418825, 21.721543752070783 ], [ 108.611509977538361, 21.729969281195942 ] ] ] } },
{ "type": "Feature", "properties": { "hex_id": "8741501acffffff" }, "geometry": { "type": "Polygon", "coordinates": [ [ [ 108.702375972086898, 21.865533951685652 ], [ 108.699312453726009, 21.878383279664416 ], [ 108.685934215936996, 21.882829735440634 ], [ 108.675619646238943, 21.874426050136272 ], [ 108.678684678432418, 21.861575732745884 ], [ 108.692062766661039, 21.857130089953472 ], [ 108.702375972086898, 21.865533951685652 ] ] ] } },
{ "type": "Feature", "properties": { "hex_id": "87415054affffff" }, "geometry": { "type": "Polygon", "coordinates": [ [ [ 108.71831655961681, 22.108468610589675 ], [ 108.715251568726643, 22.121297331920232 ], [ 108.701864112681193, 22.125748676202985 ], [ 108.691541796449783, 22.117370495099959 ], [ 108.694608304068367, 22.104540784555656 ], [ 108.707995611359706, 22.100090244209717 ], [ 108.71831655961681, 22.108468610589675 ] ] ] } },
{ "type": "Feature", "properties": { "hex_id": "874150481ffffff" }, "geometry": { "type": "Polygon", "coordinates": [ [ [ 108.852855728817531, 22.370360734896813 ], [ 108.849796872689183, 22.383163481307445 ], [ 108.83641267365978, 22.387627679576777 ], [ 108.826087471048481, 22.379288331242886 ], [ 108.829147849994968, 22.366484587266264 ], [ 108.842531908902146, 22.362021189071804 ], [ 108.852855728817531, 22.370360734896813 ] ] ] } },
{ "type": "Feature", "properties": { "hex_id": "874150166ffffff" }, "geometry": { "type": "Polygon", "coordinates": [ [ [ 108.556873828314664, 21.700691709617793 ], [ 108.553802482680837, 21.713558537688279 ], [ 108.54041548237862, 21.71799293205796 ], [ 108.530099986870411, 21.709559686109777 ], [ 108.533172840932536, 21.696691878794649 ], [ 108.546559682246794, 21.692258296553266 ], [ 108.556873828314664, 21.700691709617793 ] ] ] } },
{ "type": "Feature", "properties": { "hex_id": "874152833ffffff" }, "geometry": { "type": "Polygon", "coordinates": [ [ [ 109.140648983822004, 22.556509222830734 ], [ 109.137607236618322, 22.569287689079879 ], [ 109.124247449094725, 22.573773708841856 ], [ 109.113929530224624, 22.565480455551295 ], [ 109.11697280924794, 22.552700971766782 ], [ 109.130332475483826, 22.548215758692866 ], [ 109.140648983822004, 22.556509222830734 ] ] ] } },
{ "type": "Feature", "properties": { "hex_id": "874150120ffffff" }, "geometry": { "type": "Polygon", "coordinates": [ [ [ 108.69900835736982, 21.724603314969507 ], [ 108.695946075914009, 21.737464230276572 ], [ 108.682573828172238, 21.741908159176461 ], [ 108.67226401169539, 21.733490354117759 ], [ 108.675327805458181, 21.720628448916429 ], [ 108.68869990356032, 21.716185338550346 ], [ 108.69900835736982, 21.724603314969507 ] ] ] } },
{ "type": "Feature", "properties": { "hex_id": "874152870ffffff" }, "geometry": { "type": "Polygon", "coordinates": [ [ [ 108.991266985977845, 22.512500080820566 ], [ 108.988215795214401, 22.52528666242241 ], [ 108.974840863066461, 22.529762153191246 ], [ 108.964517252956441, 22.521450261092447 ], [ 108.967569971444334, 22.508662672670258 ], [ 108.980944772482829, 22.504187983050507 ], [ 108.991266985977845, 22.512500080820566 ] ] ] } },
{ "type": "Feature", "properties": { "hex_id": "8741501a3ffffff" }, "geometry": { "type": "Polygon", "coordinates": [ [ [ 108.733314472943434, 21.890734843152813 ], [ 108.730252725381462, 21.903581229987612 ], [ 108.71687681572422, 21.908030094363234 ], [ 108.706562801343154, 21.899631758238094 ], [ 108.709626063779154, 21.886784379796765 ], [ 108.723001825891302, 21.882336328969348 ], [ 108.733314472943434, 21.890734843152813 ] ] ] } },
{ "type": "Feature", "properties": { "hex_id": "874150541ffffff" }, "geometry": { "type": "Polygon", "coordinates": [ [ [ 108.751209781840373, 22.073903101545064 ], [ 108.748147311971536, 22.086733797890918 ], [ 108.734765116446795, 22.091186749912357 ], [ 108.724445537507023, 22.082808198454686 ], [ 108.727509524581578, 22.069976510215998 ], [ 108.740891573559253, 22.0655243652098 ], [ 108.751209781840373, 22.073903101545064 ] ] ] } },
{ "type": "Feature", "properties": { "hex_id": "8741528f3ffffff" }, "geometry": { "type": "Polygon", "coordinates": [ [ [ 109.025755419812, 22.677321798987922 ], [ 109.0227047973639, 22.69009302509437 ], [ 109.009326290009668, 22.694573274673111 ], [ 108.99899853424553, 22.686281501941437 ], [ 109.002050686983281, 22.673509267749814 ], [ 109.015429065360124, 22.669029814258259 ], [ 109.025755419812, 22.677321798987922 ] ] ] } },
{ "type": "Feature", "properties": { "hex_id": "874152863ffffff" }, "geometry": { "type": "Polygon", "coordinates": [ [ [ 108.93659971430607, 22.483713030976638 ], [ 108.93354520782087, 22.496503656904839 ], [ 108.920165352975189, 22.500975099377214 ], [ 108.90984013947552, 22.492655116184192 ], [ 108.912896172037506, 22.479863487276035 ], [ 108.926275892188428, 22.47539284442367 ], [ 108.93659971430607, 22.483713030976638 ] ] ] } },
{ "type": "Feature", "properties": { "hex_id": "87415015dffffff" }, "geometry": { "type": "Polygon", "coordinates": [ [ [ 108.474543507976151, 21.787180451809576 ], [ 108.471465884286559, 21.800042503286466 ], [ 108.458065873537649, 21.80447295221644 ], [ 108.447743651171521, 21.796040545196117 ], [ 108.450822782033612, 21.783177521136931 ], [ 108.464222628263329, 21.778747876560296 ], [ 108.474543507976151, 21.787180451809576 ] ] ] } },
{ "type": "Feature", "properties": { "hex_id": "87415282affffff" }, "geometry": { "type": "Polygon", "coordinates": [ [ [ 109.06233676300694, 22.523986795702942 ], [ 109.059290159137319, 22.536770346486662 ], [ 109.045922842144407, 22.54125070315639 ], [ 109.035602255611892, 22.532946704742937 ], [ 109.038650389064301, 22.520162141961588 ], [ 109.052017579630061, 22.515682589475301 ], [ 109.06233676300694, 22.523986795702942 ] ] ] } },
{ "type": "Feature", "properties": { "hex_id": "874150011ffffff" }, "geometry": { "type": "Polygon", "coordinates": [ [ [ 108.572702604238785, 21.94406858948053 ], [ 108.569629769714865, 21.956915044675309 ], [ 108.556233518811467, 21.961354328062754 ], [ 108.545910260808398, 21.952946353009565 ], [ 108.54898460665035, 21.940098918615494 ], [ 108.562380699349688, 21.935660438354464 ], [ 108.572702604238785, 21.94406858948053 ] ] ] } },
{ "type": "Feature", "properties": { "hex_id": "8741504b1ffffff" }, "geometry": { "type": "Polygon", "coordinates": [ [ [ 108.916692065893244, 22.360830300051479 ], [ 108.913637521653001, 22.373632059340625 ], [ 108.900260997430365, 22.378100314529632 ], [ 108.889939153510426, 22.369766006656842 ], [ 108.892995222058929, 22.35696324497993 ], [ 108.906371610385349, 22.352495793446504 ], [ 108.916692065893244, 22.360830300051479 ] ] ] } },
{ "type": "Feature", "properties": { "hex_id": "8741528adffffff" }, "geometry": { "type": "Polygon", "coordinates": [ [ [ 109.098708115635517, 22.629362531065976 ], [ 109.095662828557167, 22.642135868695263 ], [ 109.082294886358795, 22.646620238631392 ], [ 109.07197235551844, 22.638330469190322 ], [ 109.075019174163657, 22.625556117703507 ], [ 109.088386992245447, 22.62107254939934 ], [ 109.098708115635517, 22.629362531065976 ] ] ] } },
{ "type": "Feature", "properties": { "hex_id": "874150094ffffff" }, "geometry": { "type": "Polygon", "coordinates": [ [ [ 108.663642019225023, 22.079392507861417 ], [ 108.660573739871339, 22.092225184983626 ], [ 108.647181482926342, 22.096672503133089 ], [ 108.636857657842711, 22.088286341714955 ], [ 108.639927452234502, 22.075452679311798 ], [ 108.653319556842604, 22.071006163488853 ], [ 108.663642019225023, 22.079392507861417 ] ] ] } },
{ "type": "Feature", "properties": { "hex_id": "874150432ffffff" }, "geometry": { "type": "Polygon", "coordinates": [ [ [ 108.896798141439973, 22.237812856744469 ], [ 108.893743560959152, 22.250625651140634 ], [ 108.88037036917278, 22.255090687652942 ], [ 108.870051895128697, 22.246742121961415 ], [ 108.873107998150729, 22.233928325815729 ], [ 108.886481052842072, 22.229464096994128 ], [ 108.896798141439973, 22.237812856744469 ] ] ] } },
{ "type": "Feature", "properties": { "hex_id": "8741504b5ffffff" }, "geometry": { "type": "Polygon", "coordinates": [ [ [ 108.933119216153401, 22.343558463856944 ], [ 108.930065936258046, 22.356361232607139 ], [ 108.916692065893244, 22.360830300051479 ], [ 108.906371610385349, 22.352495793446504 ], [ 108.909426414816608, 22.339692020963913 ], [ 108.922800150385754, 22.335223758701837 ], [ 108.933119216153401, 22.343558463856944 ] ] ] } },
{ "type": "Feature", "properties": { "hex_id": "87415019affffff" }, "geometry": { "type": "Polygon", "coordinates": [ [ [ 108.705746712476781, 22.006317268881254 ], [ 108.702681956254438, 22.019154872426942 ], [ 108.689297723148528, 22.023603797518767 ], [ 108.678978395915593, 22.015214311505133 ], [ 108.682044667498403, 22.002375719083414 ], [ 108.695428751123529, 21.997927601433069 ], [ 108.705746712476781, 22.006317268881254 ] ] ] } },
{ "type": "Feature", "properties": { "hex_id": "8741508d6ffffff" }, "geometry": { "type": "Polygon", "coordinates": [ [ [ 108.684517183616691, 21.682037007888443 ], [ 108.681454391381763, 21.694901774500458 ], [ 108.66808244337517, 21.699344065842993 ], [ 108.657773438324512, 21.690920770942878 ], [ 108.660837742064544, 21.67805501532164 ], [ 108.674209539519808, 21.67361354349195 ], [ 108.684517183616691, 21.682037007888443 ] ] ] } },
{ "type": "Feature", "properties": { "hex_id": "87415296dffffff" }, "geometry": { "type": "Polygon", "coordinates": [ [ [ 108.996909384901301, 22.334003792781278 ], [ 108.993860420730044, 22.346805551866701 ], [ 108.980494258191044, 22.351278652585755 ], [ 108.97017719056538, 22.342949185350452 ], [ 108.973227680744358, 22.3301464177177 ], [ 108.986593712705897, 22.325674125751387 ], [ 108.996909384901301, 22.334003792781278 ] ] ] } },
{ "type": "Feature", "properties": { "hex_id": "874150154ffffff" }, "geometry": { "type": "Polygon", "coordinates": [ [ [ 108.562147396227843, 21.78186807168521 ], [ 108.559075554351907, 21.794728153694162 ], [ 108.545685471692479, 21.799164194985138 ], [ 108.535367389808414, 21.790739345021951 ], [ 108.538440741075092, 21.777878283765318 ], [ 108.551830665007373, 21.773443051600363 ], [ 108.562147396227843, 21.78186807168521 ] ] ] } },
{ "type": "Feature", "properties": { "hex_id": "874150429ffffff" }, "geometry": { "type": "Polygon", "coordinates": [ [ [ 108.763794085923948, 22.175980031975882 ], [ 108.760731383916394, 22.188801804087792 ], [ 108.747345971443337, 22.19325717100941 ], [ 108.737023406964283, 22.184889962196959 ], [ 108.740087627545677, 22.172067197879961 ], [ 108.75347289420128, 22.167612634462387 ], [ 108.763794085923948, 22.175980031975882 ] ] ] } },
{ "type": "Feature", "properties": { "hex_id": "87415010effffff" }, "geometry": { "type": "Polygon", "coordinates": [ [ [ 108.633246986371077, 21.793812405914544 ], [ 108.630179676567337, 21.806669539536866 ], [ 108.616796958829823, 21.811110368192967 ], [ 108.606481705114149, 21.80269325078056 ], [ 108.609550526256726, 21.78983513259001 ], [ 108.62293308994704, 21.785395116261572 ], [ 108.633246986371077, 21.793812405914544 ] ] ] } },
{ "type": "Feature", "properties": { "hex_id": "8741504acffffff" }, "geometry": { "type": "Polygon", "coordinates": [ [ [ 108.85476636109324, 22.310796095410151 ], [ 108.851708250238332, 22.323603879731976 ], [ 108.838326977406737, 22.328067294250108 ], [ 108.828003955536602, 22.319722121728645 ], [ 108.831063588640944, 22.306913339287298 ], [ 108.844444721533407, 22.30245072736939 ], [ 108.85476636109324, 22.310796095410151 ] ] ] } },
{ "type": "Feature", "properties": { "hex_id": "874150113ffffff" }, "geometry": { "type": "Polygon", "coordinates": [ [ [ 108.695126540789389, 21.844278815337645 ], [ 108.692062766661039, 21.857130089953472 ], [ 108.678684678432418, 21.861575732745884 ], [ 108.668370514518955, 21.853169287330516 ], [ 108.671435802078491, 21.840317023735636 ], [ 108.684813740290096, 21.835872194417153 ], [ 108.695126540789389, 21.844278815337645 ] ] ] } },
{ "type": "Feature", "properties": { "hex_id": "874150191ffffff" }, "geometry": { "type": "Polygon", "coordinates": [ [ [ 108.738633031654928, 21.971738903833955 ], [ 108.7355707944931, 21.984578455195766 ], [ 108.722191815756119, 21.989028968525432 ], [ 108.711875221625377, 21.980639119848146 ], [ 108.714938974626023, 21.967798576936275 ], [ 108.728317806087745, 21.963348874133878 ], [ 108.738633031654928, 21.971738903833955 ] ] ] } },
{ "type": "Feature", "properties": { "hex_id": "87415285effffff" }, "geometry": { "type": "Polygon", "coordinates": [ [ [ 108.925538925902075, 22.581537221787954 ], [ 108.922482669955755, 22.59431966584258 ], [ 108.90909709502543, 22.59879183737667 ], [ 108.898767911724107, 22.590480769666339 ], [ 108.901825694490654, 22.577697324188598 ], [ 108.915211133904734, 22.573225947726765 ], [ 108.925538925902075, 22.581537221787954 ] ] ] } },
{ "type": "Feature", "properties": { "hex_id": "8741528e1ffffff" }, "geometry": { "type": "Polygon", "coordinates": [ [ [ 108.980227803425961, 22.61028783002013 ], [ 108.977174864684883, 22.623066219736867 ], [ 108.963794211355989, 22.627542449354436 ], [ 108.953466628860426, 22.6192394925414 ], [ 108.956521096073061, 22.606460097573482 ], [ 108.969901617475088, 22.60198466455271 ], [ 108.980227803425961, 22.61028783002013 ] ] ] } },
{ "type": "Feature", "properties": { "hex_id": "87415042effffff" }, "geometry": { "type": "Polygon", "coordinates": [ [ [ 108.811196609220602, 22.183793050327758 ], [ 108.80813694627156, 22.196612832779277 ], [ 108.794756519965304, 22.201071424228701 ], [ 108.784435899470495, 22.192709427524452 ], [ 108.787497082266654, 22.179888649368124 ], [ 108.800877365878549, 22.175430863503188 ], [ 108.811196609220602, 22.183793050327758 ] ] ] } },
{ "type": "Feature", "properties": { "hex_id": "874150466ffffff" }, "geometry": { "type": "Polygon", "coordinates": [ [ [ 108.709120582869801, 22.146951798697526 ], [ 108.706054587828575, 22.159777541582052 ], [ 108.692664354129334, 22.164228878522035 ], [ 108.682340265042058, 22.155853670551586 ], [ 108.685407776973875, 22.143026939379386 ], [ 108.698797861272382, 22.138576404346729 ], [ 108.709120582869801, 22.146951798697526 ] ] ] } },
{ "type": "Feature", "properties": { "hex_id": "874152818ffffff" }, "geometry": { "type": "Polygon", "coordinates": [ [ [ 109.067744113497668, 22.604487098669811 ], [ 109.064697031575776, 22.61726349795368 ], [ 109.051326664905019, 22.621745441317021 ], [ 109.041003506459546, 22.613450184141957 ], [ 109.044052118935909, 22.60067277308919 ], [ 109.057422359466912, 22.596191630864208 ], [ 109.067744113497668, 22.604487098669811 ] ] ] } },
{ "type": "Feature", "properties": { "hex_id": "874150082ffffff" }, "geometry": { "type": "Polygon", "coordinates": [ [ [ 108.616209463584966, 22.071508643110388 ], [ 108.613138154801987, 22.084343289034457 ], [ 108.599740964262111, 22.088787381007034 ], [ 108.589415238140873, 22.08039602671845 ], [ 108.592488060666241, 22.067560399034743 ], [ 108.605885095742181, 22.063117107279933 ], [ 108.616209463584966, 22.071508643110388 ] ] ] } },
{ "type": "Feature", "properties": { "hex_id": "87415056cffffff" }, "geometry": { "type": "Polygon", "coordinates": [ [ [ 108.753140474265123, 22.014187778799581 ], [ 108.750078750685319, 22.02702339931556 ], [ 108.736699478770362, 22.03147553222184 ], [ 108.726382076964313, 22.02309123495246 ], [ 108.729445317185025, 22.010254622042453 ], [ 108.742824442739774, 22.005803298678018 ], [ 108.753140474265123, 22.014187778799581 ] ] ] } },
{ "type": "Feature", "properties": { "hex_id": "874150420ffffff" }, "geometry": { "type": "Polygon", "coordinates": [ [ [ 108.851324824328387, 22.170412454502443 ], [ 108.84826794404286, 22.183232230868146 ], [ 108.834892659439603, 22.187693235131746 ], [ 108.824574395321591, 22.179333654756253 ], [ 108.827632796320316, 22.166512879596894 ], [ 108.841007940891075, 22.162052683489431 ], [ 108.851324824328387, 22.170412454502443 ] ] ] } },
{ "type": "Feature", "properties": { "hex_id": "874150105ffffff" }, "geometry": { "type": "Polygon", "coordinates": [ [ [ 108.666135422382467, 21.759211294004814 ], [ 108.663070626758213, 21.772070326091345 ], [ 108.649693141335874, 21.776512712051503 ], [ 108.639380603550009, 21.768095250376739 ], [ 108.642446910999269, 21.755235231057739 ], [ 108.655824244579563, 21.750793660527851 ], [ 108.666135422382467, 21.759211294004814 ] ] ] } },
{ "type": "Feature", "properties": { "hex_id": "8741504a3ffffff" }, "geometry": { "type": "Polygon", "coordinates": [ [ [ 108.885730103026802, 22.335821345279001 ], [ 108.882673774686495, 22.348626119756513 ], [ 108.869294872376543, 22.353091954347622 ], [ 108.8589724364913, 22.344752211213628 ], [ 108.862030288111882, 22.331946436479882 ], [ 108.875409052504224, 22.327481405019046 ], [ 108.885730103026802, 22.335821345279001 ] ] ] } },
{ "type": "Feature", "properties": { "hex_id": "874150188ffffff" }, "geometry": { "type": "Polygon", "coordinates": [ [ [ 108.660289471140118, 21.938663067610079 ], [ 108.657222433034235, 21.951507548164106 ], [ 108.643836179832974, 21.955952447222703 ], [ 108.633517117320991, 21.947552057753832 ], [ 108.636585668937045, 21.934706591363319 ], [ 108.649971769725511, 21.930262500159593 ], [ 108.660289471140118, 21.938663067610079 ] ] ] } },
{ "type": "Feature", "properties": { "hex_id": "874152855ffffff" }, "geometry": { "type": "Polygon", "coordinates": [ [ [ 108.958410811220659, 22.547022372364378 ], [ 108.955357087897227, 22.559806892693892 ], [ 108.941976831733712, 22.564280731007113 ], [ 108.931650432370745, 22.555969250763635 ], [ 108.934705682968627, 22.543183726311231 ], [ 108.948085805820725, 22.538710686108058 ], [ 108.958410811220659, 22.547022372364378 ] ] ] } },
{ "type": "Feature", "properties": { "hex_id": "8741505a9ffffff" }, "geometry": { "type": "Polygon", "coordinates": [ [ [ 108.929641946283454, 22.203251818535328 ], [ 108.926589892039487, 22.216066596268252 ], [ 108.913222000910295, 22.220533231251803 ], [ 108.902906299086951, 22.212184277632339 ], [ 108.905959876328239, 22.199368495467272 ], [ 108.919327632561291, 22.194902671237273 ], [ 108.929641946283454, 22.203251818535328 ] ] ] } },
{ "type": "Feature", "properties": { "hex_id": "87415295bffffff" }, "geometry": { "type": "Polygon", "coordinates": [ [ [ 109.000418549550488, 22.474134221938812 ], [ 108.99736836310808, 22.486923859317219 ], [ 108.98399622493956, 22.491399368272972 ], [ 108.973674403849003, 22.483084436558421 ], [ 108.976726117841338, 22.470293791392596 ], [ 108.990098125539063, 22.465819085612221 ], [ 109.000418549550488, 22.474134221938812 ] ] ] } },
{ "type": "Feature", "properties": { "hex_id": "874150090ffffff" }, "geometry": { "type": "Polygon", "coordinates": [ [ [ 108.647181482926342, 22.096672503133089 ], [ 108.644111943780985, 22.109504186834435 ], [ 108.630717064586193, 22.113950693177511 ], [ 108.620391878150755, 22.105564714914504 ], [ 108.623462932090746, 22.092732047272357 ], [ 108.636857657842711, 22.088286341714955 ], [ 108.647181482926342, 22.096672503133089 ] ] ] } },
{ "type": "Feature", "properties": { "hex_id": "874150142ffffff" }, "geometry": { "type": "Polygon", "coordinates": [ [ [ 108.514730702349226, 21.773884323983832 ], [ 108.511655842344922, 21.786746362712137 ], [ 108.49826086983947, 21.791179207575439 ], [ 108.487940919361108, 21.782749206608397 ], [ 108.491017287448017, 21.769886192185659 ], [ 108.504412098103856, 21.765454154304756 ], [ 108.514730702349226, 21.773884323983832 ] ] ] } },
{ "type": "Feature", "properties": { "hex_id": "874150563ffffff" }, "geometry": { "type": "Polygon", "coordinates": [ [ [ 108.784087433011322, 22.039330471242657 ], [ 108.781027484137695, 22.052163127452619 ], [ 108.767650554469995, 22.056617672863034 ], [ 108.757333718187098, 22.048238751851141 ], [ 108.760395184739579, 22.035405101071625 ], [ 108.773771970064459, 22.030951365755964 ], [ 108.784087433011322, 22.039330471242657 ] ] ] } },
{ "type": "Feature", "properties": { "hex_id": "87415049affffff" }, "geometry": { "type": "Polygon", "coordinates": [ [ [ 108.858211094100554, 22.451027926254735 ], [ 108.855151751730403, 22.463823584392966 ], [ 108.841764485409897, 22.468289351781156 ], [ 108.831436701472413, 22.459958663859901 ], [ 108.834497567630478, 22.447162008328906 ], [ 108.847884694105687, 22.442697037994069 ], [ 108.858211094100554, 22.451027926254735 ] ] ] } },
{ "type": "Feature", "properties": { "hex_id": "87415284cffffff" }, "geometry": { "type": "Polygon", "coordinates": [ [ [ 108.880015435679255, 22.514384520262521 ], [ 108.876956872399916, 22.527174084616444 ], [ 108.863569189306304, 22.531642240170218 ], [ 108.853240208123054, 22.523320035696521 ], [ 108.856300296392249, 22.510529472791681 ], [ 108.869687841022085, 22.506062112793657 ], [ 108.880015435679255, 22.514384520262521 ] ] ] } },
{ "type": "Feature", "properties": { "hex_id": "874150033ffffff" }, "geometry": { "type": "Polygon", "coordinates": [ [ [ 108.605629164107029, 21.909491777857745 ], [ 108.602558845240225, 21.922340184393903 ], [ 108.589167819788855, 21.926781070282235 ], [ 108.578847269367841, 21.918372743293862 ], [ 108.581919100046974, 21.905523354885318 ], [ 108.595309969506431, 21.901083275218483 ], [ 108.605629164107029, 21.909491777857745 ] ] ] } },
{ "type": "Feature", "properties": { "hex_id": "87415051dffffff" }, "geometry": { "type": "Polygon", "coordinates": [ [ [ 108.907857912154839, 22.13973970009874 ], [ 108.904805078003051, 22.152560444638649 ], [ 108.891437592940548, 22.157024645855149 ], [ 108.881123078470011, 22.148667290155966 ], [ 108.884177434423961, 22.135845542396066 ], [ 108.897544783212325, 22.131382153438729 ], [ 108.907857912154839, 22.13973970009874 ] ] ] } },
{ "type": "Feature", "properties": { "hex_id": "8741500b6ffffff" }, "geometry": { "type": "Polygon", "coordinates": [ [ [ 108.696551440327539, 22.044827131141975 ], [ 108.693485680548591, 22.05766178373927 ], [ 108.680098672138811, 22.062110714738608 ], [ 108.669777573805248, 22.053724187613167 ], [ 108.672844849106198, 22.040888547056401 ], [ 108.686231707388785, 22.036440421466082 ], [ 108.696551440327539, 22.044827131141975 ] ] ] } },
{ "type": "Feature", "properties": { "hex_id": "8741505a0ffffff" }, "geometry": { "type": "Polygon", "coordinates": [ [ [ 109.017070927367939, 22.19759152840928 ], [ 109.014024709622646, 22.210404264384735 ], [ 109.000667046764377, 22.214876500894789 ], [ 108.990355730942852, 22.206535185950653 ], [ 108.993403473775089, 22.19372143898169 ], [ 109.006761007505887, 22.189250017834709 ], [ 109.017070927367939, 22.19759152840928 ] ] ] } },
{ "type": "Feature", "properties": { "hex_id": "874152806ffffff" }, "geometry": { "type": "Polygon", "coordinates": [ [ [ 109.11697280924794, 22.552700971766782 ], [ 109.113929530224624, 22.565480455551295 ], [ 109.10056718694176, 22.569964856567953 ], [ 109.090248245691114, 22.561668967999402 ], [ 109.093293055922643, 22.548888468399095 ], [ 109.106655276359177, 22.544404873067585 ], [ 109.11697280924794, 22.552700971766782 ] ] ] } },
{ "type": "Feature", "properties": { "hex_id": "8741528a9ffffff" }, "geometry": { "type": "Polygon", "coordinates": [ [ [ 109.082294886358795, 22.646620238631392 ], [ 109.079248331147909, 22.659392539559601 ], [ 109.065877713584527, 22.663876083669919 ], [ 109.05555377661058, 22.655586526617455 ], [ 109.058601863170182, 22.642813213182233 ], [ 109.07197235551844, 22.638330469190322 ], [ 109.082294886358795, 22.646620238631392 ] ] ] } },
{ "type": "Feature", "properties": { "hex_id": "874152889ffffff" }, "geometry": { "type": "Polygon", "coordinates": [ [ [ 109.056733238505402, 22.702186765354057 ], [ 109.053684410079612, 22.714954923563578 ], [ 109.040308318726488, 22.719437601868414 ], [ 109.029981182915009, 22.7111513252636 ], [ 109.033031542647862, 22.698382156884154 ], [ 109.046407507049167, 22.693900275162886 ], [ 109.056733238505402, 22.702186765354057 ] ] ] } },
{ "type": "Feature", "properties": { "hex_id": "87415055affffff" }, "geometry": { "type": "Polygon", "coordinates": [ [ [ 108.756535853537727, 22.154788873414311 ], [ 108.75347289420128, 22.167612634462387 ], [ 108.740087627545677, 22.172067197879961 ], [ 108.729765466671466, 22.163697196133729 ], [ 108.732829944180253, 22.150872443290993 ], [ 108.746215064560005, 22.146418683871012 ], [ 108.756535853537727, 22.154788873414311 ] ] ] } },
{ "type": "Feature", "properties": { "hex_id": "87415040effffff" }, "geometry": { "type": "Polygon", "coordinates": [ [ [ 108.785572741148698, 22.239524786940663 ], [ 108.782510812074378, 22.252340575171257 ], [ 108.769124964900868, 22.256798349639929 ], [ 108.758801191411678, 22.248439533738839 ], [ 108.761864640263909, 22.235622752081614 ], [ 108.77525034299606, 22.231165779634058 ], [ 108.785572741148698, 22.239524786940663 ] ] ] } },
{ "type": "Feature", "properties": { "hex_id": "874150491ffffff" }, "geometry": { "type": "Polygon", "coordinates": [ [ [ 108.891092567202278, 22.416499517423329 ], [ 108.88803575409689, 22.429297225656878 ], [ 108.874653788468024, 22.433764645687887 ], [ 108.864328773750643, 22.425433557265013 ], [ 108.867387111105785, 22.412634848944421 ], [ 108.880768939095432, 22.408168229016301 ], [ 108.891092567202278, 22.416499517423329 ] ] ] } },
{ "type": "Feature", "properties": { "hex_id": "874150176ffffff" }, "geometry": { "type": "Polygon", "coordinates": [ [ [ 108.595059650503543, 21.747270607386952 ], [ 108.59199032134002, 21.760132595853513 ], [ 108.578605456282972, 21.764570206684773 ], [ 108.568290077078942, 21.756145016698497 ], [ 108.571360916127958, 21.743282046319351 ], [ 108.584745624667065, 21.738845247720292 ], [ 108.595059650503543, 21.747270607386952 ] ] ] } },
{ "type": "Feature", "properties": { "hex_id": "874152843ffffff" }, "geometry": { "type": "Polygon", "coordinates": [ [ [ 108.910997031674114, 22.539340822499266 ], [ 108.907940254427956, 22.552127349346076 ], [ 108.894554950991335, 22.556597930233753 ], [ 108.884226561406095, 22.548281188081344 ], [ 108.887284864672537, 22.535493660569852 ], [ 108.900670031670614, 22.531023875757889 ], [ 108.910997031674114, 22.539340822499266 ] ] ] } },
{ "type": "Feature", "properties": { "hex_id": "87415002affffff" }, "geometry": { "type": "Polygon", "coordinates": [ [ [ 108.527241865114405, 21.876304395183411 ], [ 108.524166759746507, 21.889157693901691 ], [ 108.510768538131884, 21.893592961443812 ], [ 108.50044558319334, 21.88517412664083 ], [ 108.503522198011709, 21.872319851798178 ], [ 108.516920258491297, 21.867885387763142 ], [ 108.527241865114405, 21.876304395183411 ] ] ] } },
{ "type": "Feature", "properties": { "hex_id": "8741528c6ffffff" }, "geometry": { "type": "Polygon", "coordinates": [ [ [ 109.002050686983281, 22.673509267749814 ], [ 108.99899853424553, 22.686281501941437 ], [ 108.985617487907533, 22.69076011831703 ], [ 108.975288725013357, 22.68246570530372 ], [ 108.978342407419248, 22.66969246474725 ], [ 108.991723323216235, 22.665214643451911 ], [ 109.002050686983281, 22.673509267749814 ] ] ] } },
{ "type": "Feature", "properties": { "hex_id": "8741500adffffff" }, "geometry": { "type": "Polygon", "coordinates": [ [ [ 108.563483096563274, 21.982605012813863 ], [ 108.560409257861593, 21.995448523177803 ], [ 108.547010237410817, 21.999887801027032 ], [ 108.5366852146892, 21.99148276729635 ], [ 108.539760564864793, 21.978638278640254 ], [ 108.553159426460681, 21.974199801887362 ], [ 108.563483096563274, 21.982605012813863 ] ] ] } },
{ "type": "Feature", "properties": { "hex_id": "874152949ffffff" }, "geometry": { "type": "Polygon", "coordinates": [ [ [ 108.954919721645041, 22.406947925541129 ], [ 108.951867223991883, 22.419744645109983 ], [ 108.938492952002406, 22.424216125082587 ], [ 108.928171311246018, 22.415890081696915 ], [ 108.931225334631222, 22.403092357225482 ], [ 108.944599473206338, 22.398621680925508 ], [ 108.954919721645041, 22.406947925541129 ] ] ] } },
{ "type": "Feature", "properties": { "hex_id": "874152880ffffff" }, "geometry": { "type": "Polygon", "coordinates": [ [ [ 109.144225627064955, 22.696320392884825 ], [ 109.141182665320912, 22.709086552804397 ], [ 109.127816912333131, 22.713574952443636 ], [ 109.117494242419525, 22.705296390953173 ], [ 109.120538737532144, 22.692529214365614 ], [ 109.133904369352081, 22.688041615820858 ], [ 109.144225627064955, 22.696320392884825 ] ] ] } },
{ "type": "Feature", "properties": { "hex_id": "874150551ffffff" }, "geometry": { "type": "Polygon", "coordinates": [ [ [ 108.78942061776803, 22.120226832939299 ], [ 108.786360180900459, 22.133052576102664 ], [ 108.772980184053353, 22.137508749310893 ], [ 108.762660768312287, 22.129138372166608 ], [ 108.765722723825064, 22.116311634527769 ], [ 108.779102576602057, 22.111856268390973 ], [ 108.78942061776803, 22.120226832939299 ] ] ] } },
{ "type": "Feature", "properties": { "hex_id": "874150405ffffff" }, "geometry": { "type": "Polygon", "coordinates": [ [ [ 108.818456589736869, 22.204972222323963 ], [ 108.815397185075966, 22.217790012177179 ], [ 108.802016616534175, 22.222249408714681 ], [ 108.791695595056737, 22.213890210193238 ], [ 108.794756519965304, 22.201071424228701 ], [ 108.80813694627156, 22.196612832779277 ], [ 108.818456589736869, 22.204972222323963 ] ] ] } },
{ "type": "Feature", "properties": { "hex_id": "874150021ffffff" }, "geometry": { "type": "Polygon", "coordinates": [ [ [ 108.560176928401532, 21.841721954212652 ], [ 108.557104336718766, 21.854577192140869 ], [ 108.543711328991591, 21.859014056974335 ], [ 108.533391072041255, 21.850594877151817 ], [ 108.536465173674003, 21.83773866042883 ], [ 108.549858022479555, 21.833302602203783 ], [ 108.560176928401532, 21.841721954212652 ] ] ] } },
{ "type": "Feature", "properties": { "hex_id": "87415050bffffff" }, "geometry": { "type": "Polygon", "coordinates": [ [ [ 108.860493458795943, 22.131947177111801 ], [ 108.85743758166744, 22.144769926345283 ], [ 108.84406507994936, 22.14923091940242 ], [ 108.833748594917679, 22.140868352919433 ], [ 108.836805992591209, 22.128044603960006 ], [ 108.850178354918384, 22.123584421092445 ], [ 108.860493458795943, 22.131947177111801 ] ] ] } },
{ "type": "Feature", "properties": { "hex_id": "8741500a4ffffff" }, "geometry": { "type": "Polygon", "coordinates": [ [ [ 108.651087353439351, 21.977193576004563 ], [ 108.648019311876126, 21.990035120711916 ], [ 108.634630286197492, 21.994480028676595 ], [ 108.624309455313323, 21.986082585993476 ], [ 108.627379010546221, 21.973240056358819 ], [ 108.640767883164472, 21.968795954215828 ], [ 108.651087353439351, 21.977193576004563 ] ] ] } },
{ "type": "Feature", "properties": { "hex_id": "87415058effffff" }, "geometry": { "type": "Polygon", "coordinates": [ [ [ 108.951431870452097, 22.266720770849425 ], [ 108.948380597532264, 22.279529556246366 ], [ 108.935012304472963, 22.283998620473145 ], [ 108.924695418015745, 22.275658089942048 ], [ 108.927748215127522, 22.262848298915451 ], [ 108.941116374669974, 22.258380043933126 ], [ 108.951431870452097, 22.266720770849425 ] ] ] } },
{ "type": "Feature", "properties": { "hex_id": "874152940ffffff" }, "geometry": { "type": "Polygon", "coordinates": [ [ [ 109.042392363368123, 22.401217352194269 ], [ 109.039345712365332, 22.414012055581274 ], [ 109.025981697804966, 22.418489193313995 ], [ 109.015664462047695, 22.41017081929548 ], [ 109.018712640868799, 22.397375104466253 ], [ 109.032076527792668, 22.392898774981838 ], [ 109.042392363368123, 22.401217352194269 ] ] ] } },
{ "type": "Feature", "properties": { "hex_id": "8741501aaffffff" }, "geometry": { "type": "Polygon", "coordinates": [ [ [ 108.693184414450485, 21.904079026507628 ], [ 108.690119893461571, 21.916925442786734 ], [ 108.67673888312558, 21.921371924908751 ], [ 108.6664225441544, 21.912971179686561 ], [ 108.669488579137038, 21.90012377489964 ], [ 108.682869439267037, 21.895678103724538 ], [ 108.693184414450485, 21.904079026507628 ] ] ] } },
{ "type": "Feature", "properties": { "hex_id": "874150474ffffff" }, "geometry": { "type": "Polygon", "coordinates": [ [ [ 108.740087627545677, 22.172067197879961 ], [ 108.737023406964283, 22.184889962196959 ], [ 108.723635507404879, 22.18934371533944 ], [ 108.713311975976097, 22.180973901585492 ], [ 108.716377714491841, 22.168150146815123 ], [ 108.729765466671466, 22.163697196133729 ], [ 108.740087627545677, 22.172067197879961 ] ] ] } },
{ "type": "Feature", "properties": { "hex_id": "874150548ffffff" }, "geometry": { "type": "Polygon", "coordinates": [ [ [ 108.711060858703888, 22.087259542924517 ], [ 108.707995611359706, 22.100090244209717 ], [ 108.694608304068367, 22.104540784555656 ], [ 108.684286393503029, 22.096159819070063 ], [ 108.687353157173533, 22.083328128987588 ], [ 108.700740315252929, 22.078878393069576 ], [ 108.711060858703888, 22.087259542924517 ] ] ] } },
{ "type": "Feature", "properties": { "hex_id": "874150164ffffff" }, "geometry": { "type": "Polygon", "coordinates": [ [ [ 108.549631280936723, 21.679389544034279 ], [ 108.546559682246794, 21.692258296553266 ], [ 108.533172840932536, 21.696691878794649 ], [ 108.522857757923461, 21.688255895787353 ], [ 108.525930864638141, 21.67538616447224 ], [ 108.53931754650948, 21.670953394841455 ], [ 108.549631280936723, 21.679389544034279 ] ] ] } },
{ "type": "Feature", "properties": { "hex_id": "874150018ffffff" }, "geometry": { "type": "Polygon", "coordinates": [ [ [ 108.532511558523723, 21.957384028183185 ], [ 108.529435955103594, 21.970230479869628 ], [ 108.516034644593248, 21.974667346366388 ], [ 108.505709098551336, 21.966256960542761 ], [ 108.508786212385999, 21.953409532763938 ], [ 108.522187362021185, 21.948973466781254 ], [ 108.532511558523723, 21.957384028183185 ] ] ] } },
{ "type": "Feature", "properties": { "hex_id": "874150585ffffff" }, "geometry": { "type": "Polygon", "coordinates": [ [ [ 108.984259242887049, 22.232159703702663 ], [ 108.981210497588108, 22.244970471935556 ], [ 108.967847517020417, 22.249441129473595 ], [ 108.957533413237087, 22.241100206359469 ], [ 108.96058368317756, 22.228288429813784 ], [ 108.973946532424506, 22.223818584578961 ], [ 108.984259242887049, 22.232159703702663 ] ] ] } },
{ "type": "Feature", "properties": { "hex_id": "87415011effffff" }, "geometry": { "type": "Polygon", "coordinates": [ [ [ 108.671435802078491, 21.840317023735636 ], [ 108.668370514518955, 21.853169287330516 ], [ 108.654989956171022, 21.857613335143196 ], [ 108.644674837128633, 21.84920430682806 ], [ 108.647741637476514, 21.83635105602162 ], [ 108.661122044248671, 21.831907820623634 ], [ 108.671435802078491, 21.840317023735636 ] ] ] } },
{ "type": "Feature", "properties": { "hex_id": "87415286effffff" }, "geometry": { "type": "Polygon", "coordinates": [ [ [ 108.912896172037506, 22.479863487276035 ], [ 108.90984013947552, 22.492655116184192 ], [ 108.896457763691998, 22.497124933518855 ], [ 108.886131556894597, 22.488802323227954 ], [ 108.889189114905875, 22.476009693071759 ], [ 108.902571354431799, 22.471540674337103 ], [ 108.912896172037506, 22.479863487276035 ] ] ] } },
{ "type": "Feature", "properties": { "hex_id": "8741501a1ffffff" }, "geometry": { "type": "Polygon", "coordinates": [ [ [ 108.726063829779079, 21.869487992167304 ], [ 108.723001825891302, 21.882336328969348 ], [ 108.709626063779154, 21.886784379796765 ], [ 108.699312453726009, 21.878383279664416 ], [ 108.702375972086898, 21.865533951685652 ], [ 108.715751586197044, 21.861086714898185 ], [ 108.726063829779079, 21.869487992167304 ] ] ] } },
{ "type": "Feature", "properties": { "hex_id": "8741528f1ffffff" }, "geometry": { "type": "Polygon", "coordinates": [ [ [ 109.018479950365588, 22.65625653317991 ], [ 109.015429065360124, 22.669029814258259 ], [ 109.002050686983281, 22.673509267749814 ], [ 108.991723323216235, 22.665214643451911 ], [ 108.994775738113006, 22.65244035465685 ], [ 109.008153987050221, 22.647961697759591 ], [ 109.018479950365588, 22.65625653317991 ] ] ] } },
{ "type": "Feature", "properties": { "hex_id": "8741508ddffffff" }, "geometry": { "type": "Polygon", "coordinates": [ [ [ 108.589778933476538, 21.666084105590404 ], [ 108.586710099084499, 21.678952817589856 ], [ 108.573328312465364, 21.683388764992085 ], [ 108.563015517190067, 21.674955185036254 ], [ 108.566085860505396, 21.662085491131418 ], [ 108.579467490344271, 21.657650358969136 ], [ 108.589778933476538, 21.666084105590404 ] ] ] } },
{ "type": "Feature", "properties": { "hex_id": "874150476ffffff" }, "geometry": { "type": "Polygon", "coordinates": [ [ [ 108.747345971443337, 22.19325717100941 ], [ 108.744282007947135, 22.206077943951087 ], [ 108.730893961466364, 22.210532499061966 ], [ 108.720570025572485, 22.202165479144448 ], [ 108.723635507404879, 22.18934371533944 ], [ 108.737023406964283, 22.184889962196959 ], [ 108.747345971443337, 22.19325717100941 ] ] ] } },
{ "type": "Feature", "properties": { "hex_id": "874152828ffffff" }, "geometry": { "type": "Polygon", "coordinates": [ [ [ 109.055064446385316, 22.502897004381886 ], [ 109.052017579630061, 22.515682589475301 ], [ 109.038650389064301, 22.520162141961588 ], [ 109.02833019230637, 22.511855304545776 ], [ 109.031378588247421, 22.499068707831579 ], [ 109.04474565192433, 22.494589960037928 ], [ 109.055064446385316, 22.502897004381886 ] ] ] } },
{ "type": "Feature", "properties": { "hex_id": "8741528abffffff" }, "geometry": { "type": "Polygon", "coordinates": [ [ [ 109.089571249935943, 22.66767945644299 ], [ 109.086524958317042, 22.680449704054848 ], [ 109.073154216001058, 22.684934047773066 ], [ 109.062829890219888, 22.676647344155395 ], [ 109.065877713584527, 22.663876083669919 ], [ 109.079248331147909, 22.659392539559601 ], [ 109.089571249935943, 22.66767945644299 ] ] ] } },
{ "type": "Feature", "properties": { "hex_id": "874150092ffffff" }, "geometry": { "type": "Polygon", "coordinates": [ [ [ 108.654436176851021, 22.117887566805468 ], [ 108.651366893109994, 22.130717268939353 ], [ 108.637971860929895, 22.135164575580337 ], [ 108.627646265647186, 22.126781379670476 ], [ 108.630717064586193, 22.113950693177511 ], [ 108.644111943780985, 22.109504186834435 ], [ 108.654436176851021, 22.117887566805468 ] ] ] } },
{ "type": "Feature", "properties": { "hex_id": "8741508dbffffff" }, "geometry": { "type": "Polygon", "coordinates": [ [ [ 108.580571428211911, 21.704687379242575 ], [ 108.577501591657523, 21.71755322629037 ], [ 108.564117040091773, 21.721989212172879 ], [ 108.553802482680837, 21.713558537688279 ], [ 108.556873828314664, 21.700691709617793 ], [ 108.57025822245177, 21.69625653693576 ], [ 108.580571428211911, 21.704687379242575 ] ] ] } },
{ "type": "Feature", "properties": { "hex_id": "874150430ffffff" }, "geometry": { "type": "Polygon", "coordinates": [ [ [ 108.889535892967402, 22.216649305950881 ], [ 108.886481052842072, 22.229464096994128 ], [ 108.873107998150729, 22.233928325815729 ], [ 108.862789921305747, 22.225576955285824 ], [ 108.865846283573163, 22.212761162894502 ], [ 108.879219200710025, 22.208297742264168 ], [ 108.889535892967402, 22.216649305950881 ] ] ] } },
{ "type": "Feature", "properties": { "hex_id": "874150115ffffff" }, "geometry": { "type": "Polygon", "coordinates": [ [ [ 108.704315858685518, 21.805719199537887 ], [ 108.70125308676451, 21.818573368834414 ], [ 108.687877770028521, 21.823018976068333 ], [ 108.67756537475492, 21.814609598375103 ], [ 108.680629659945993, 21.801754439201041 ], [ 108.694004827310124, 21.797309647479899 ], [ 108.704315858685518, 21.805719199537887 ] ] ] } },
{ "type": "Feature", "properties": { "hex_id": "8741504b3ffffff" }, "geometry": { "type": "Polygon", "coordinates": [ [ [ 108.923958372546451, 22.381963747178201 ], [ 108.920904088654893, 22.394763490462374 ], [ 108.907527428996318, 22.399232548805017 ], [ 108.897205188831379, 22.390901060592807 ], [ 108.900260997430365, 22.378100314529632 ], [ 108.913637521653001, 22.373632059340625 ], [ 108.923958372546451, 22.381963747178201 ] ] ] } },
{ "type": "Feature", "properties": { "hex_id": "874152865ffffff" }, "geometry": { "type": "Polygon", "coordinates": [ [ [ 108.945761224514698, 22.445335045646644 ], [ 108.942707722615268, 22.458128724084204 ], [ 108.929330659411931, 22.462600188872166 ], [ 108.919007232328127, 22.454277173460106 ], [ 108.922062260132151, 22.441482491079697 ], [ 108.935439189281226, 22.437011827937216 ], [ 108.945761224514698, 22.445335045646644 ] ] ] } },
{ "type": "Feature", "properties": { "hex_id": "874150198ffffff" }, "geometry": { "type": "Polygon", "coordinates": [ [ [ 108.698493763413168, 21.985088031868887 ], [ 108.695428751123529, 21.997927601433069 ], [ 108.682044667498403, 22.002375719083414 ], [ 108.671725746270909, 21.993983459119345 ], [ 108.674792273519088, 21.981142901102572 ], [ 108.688176207206155, 21.976695591384125 ], [ 108.698493763413168, 21.985088031868887 ] ] ] } },
{ "type": "Feature", "properties": { "hex_id": "8741508d4ffffff" }, "geometry": { "type": "Polygon", "coordinates": [ [ [ 108.677272586908458, 21.660746855620978 ], [ 108.674209539519808, 21.67361354349195 ], [ 108.660837742064544, 21.67805501532164 ], [ 108.650529143174751, 21.669628979160784 ], [ 108.653593701667546, 21.656761302725556 ], [ 108.666965348115795, 21.652320650897632 ], [ 108.677272586908458, 21.660746855620978 ] ] ] } },
{ "type": "Feature", "properties": { "hex_id": "87415296bffffff" }, "geometry": { "type": "Polygon", "coordinates": [ [ [ 108.987761489069769, 22.372406055201829 ], [ 108.984711521505261, 22.385204796914863 ], [ 108.97134256776485, 22.389677899799189 ], [ 108.961023712969123, 22.381351454132496 ], [ 108.964075206715464, 22.368551704826551 ], [ 108.977444029240559, 22.364079408663837 ], [ 108.987761489069769, 22.372406055201829 ] ] ] } },
{ "type": "Feature", "properties": { "hex_id": "874150152ffffff" }, "geometry": { "type": "Polygon", "coordinates": [ [ [ 108.552930867514704, 21.82044542025103 ], [ 108.549858022479555, 21.833302602203783 ], [ 108.536465173674003, 21.83773866042883 ], [ 108.526145329453414, 21.829316729490699 ], [ 108.529219684034459, 21.816458569182583 ], [ 108.542612373462731, 21.812023318048595 ], [ 108.552930867514704, 21.82044542025103 ] ] ] } },
{ "type": "Feature", "properties": { "hex_id": "874150006ffffff" }, "geometry": { "type": "Polygon", "coordinates": [ [ [ 108.581919100046974, 21.905523354885318 ], [ 108.578847269367841, 21.918372743293862 ], [ 108.565453787611077, 21.922812025052693 ], [ 108.55513229425938, 21.914401113125621 ], [ 108.558205636100368, 21.901550744613836 ], [ 108.571598960303291, 21.897112268013085 ], [ 108.581919100046974, 21.905523354885318 ] ] ] } },
{ "type": "Feature", "properties": { "hex_id": "8741528a2ffffff" }, "geometry": { "type": "Polygon", "coordinates": [ [ [ 109.177031201127534, 22.661805690607252 ], [ 109.173990777440494, 22.674573924343925 ], [ 109.160630390416955, 22.67906396983377 ], [ 109.150310546216389, 22.67078497735567 ], [ 109.153352503699949, 22.658015724249104 ], [ 109.166712771749118, 22.653526482875282 ], [ 109.177031201127534, 22.661805690607252 ] ] ] } },
{ "type": "Feature", "properties": { "hex_id": "874150573ffffff" }, "geometry": { "type": "Polygon", "coordinates": [ [ [ 108.822289789512652, 22.085657652875895 ], [ 108.819231875081087, 22.098485363018547 ], [ 108.805857153360506, 22.10294313167033 ], [ 108.795540488106312, 22.094572379915746 ], [ 108.798599921651785, 22.081743672619162 ], [ 108.81197450150519, 22.07728671411374 ], [ 108.822289789512652, 22.085657652875895 ] ] ] } },
{ "type": "Feature", "properties": { "hex_id": "87415010cffffff" }, "geometry": { "type": "Polygon", "coordinates": [ [ [ 108.626000654242461, 21.772536045601512 ], [ 108.62293308994704, 21.785395116261572 ], [ 108.609550526256726, 21.78983513259001 ], [ 108.599235681535916, 21.781415265325755 ], [ 108.602304756767722, 21.768555210537201 ], [ 108.615687165954967, 21.764116007022842 ], [ 108.626000654242461, 21.772536045601512 ] ] ] } },
{ "type": "Feature", "properties": { "hex_id": "87415285cffffff" }, "geometry": { "type": "Polygon", "coordinates": [ [ [ 108.918267650579963, 22.560441460886629 ], [ 108.915211133904734, 22.573225947726765 ], [ 108.901825694490654, 22.577697324188598 ], [ 108.891496907895814, 22.569383418118594 ], [ 108.894554950991335, 22.556597930233753 ], [ 108.907940254427956, 22.552127349346076 ], [ 108.918267650579963, 22.560441460886629 ] ] ] } },
{ "type": "Feature", "properties": { "hex_id": "8741508cbffffff" }, "geometry": { "type": "Polygon", "coordinates": [ [ [ 108.542389398097981, 21.658082720810306 ], [ 108.53931754650948, 21.670953394841455 ], [ 108.525930864638141, 21.67538616447224 ], [ 108.515616194425519, 21.666947446860316 ], [ 108.518689553635156, 21.654075794483195 ], [ 108.532076075608742, 21.649643837944858 ], [ 108.542389398097981, 21.658082720810306 ] ] ] } },
{ "type": "Feature", "properties": { "hex_id": "874150464ffffff" }, "geometry": { "type": "Polygon", "coordinates": [ [ [ 108.701864112681193, 22.125748676202985 ], [ 108.698797861272382, 22.138576404346729 ], [ 108.685407776973875, 22.143026939379386 ], [ 108.675084094112961, 22.13464894375171 ], [ 108.678151862009955, 22.121820227734638 ], [ 108.691541796449783, 22.117370495099959 ], [ 108.701864112681193, 22.125748676202985 ] ] ] } },
{ "type": "Feature", "properties": { "hex_id": "874152816ffffff" }, "geometry": { "type": "Polygon", "coordinates": [ [ [ 109.155199924629997, 22.598642500028674 ], [ 109.152158706360808, 22.611416881556774 ], [ 109.138798677649078, 22.615904513153488 ], [ 109.128479987731225, 22.60761695744646 ], [ 109.131522738610968, 22.594841557644298 ], [ 109.1448826469599, 22.590354731707929 ], [ 109.155199924629997, 22.598642500028674 ] ] ] } },
{ "type": "Feature", "properties": { "hex_id": "874150080ffffff" }, "geometry": { "type": "Polygon", "coordinates": [ [ [ 108.608956659210165, 22.050280485944935 ], [ 108.605885095742181, 22.063117107279933 ], [ 108.592488060666241, 22.067560399034743 ], [ 108.582162745151095, 22.059166268631678 ], [ 108.585235821957539, 22.046328665959688 ], [ 108.598632701112507, 22.041886174908413 ], [ 108.608956659210165, 22.050280485944935 ] ] ] } },
{ "type": "Feature", "properties": { "hex_id": "87415056affffff" }, "geometry": { "type": "Polygon", "coordinates": [ [ [ 108.743954300369666, 22.052691693805997 ], [ 108.740891573559253, 22.0655243652098 ], [ 108.727509524581578, 22.069976510215998 ], [ 108.717190349588421, 22.061595176192274 ], [ 108.720254593203251, 22.048761513313053 ], [ 108.733636495175986, 22.044310175814939 ], [ 108.743954300369666, 22.052691693805997 ] ] ] } },
{ "type": "Feature", "properties": { "hex_id": "87415041effffff" }, "geometry": { "type": "Polygon", "coordinates": [ [ [ 108.823800858026942, 22.28575456809271 ], [ 108.820740966246206, 22.298565356901467 ], [ 108.807357330464157, 22.303026351883492 ], [ 108.797033728591515, 22.294675755873488 ], [ 108.80009514158796, 22.281863971087109 ], [ 108.813478635409297, 22.277403778170569 ], [ 108.823800858026942, 22.28575456809271 ] ] ] } },
{ "type": "Feature", "properties": { "hex_id": "874150103ffffff" }, "geometry": { "type": "Polygon", "coordinates": [ [ [ 108.656940033388807, 21.797785508056723 ], [ 108.653874235569532, 21.810641655339793 ], [ 108.640493980829447, 21.815084077834619 ], [ 108.630179676567337, 21.806669539536866 ], [ 108.633246986371077, 21.793812405914544 ], [ 108.646627088622907, 21.789370796810918 ], [ 108.656940033388807, 21.797785508056723 ] ] ] } },
{ "type": "Feature", "properties": { "hex_id": "8741504a1ffffff" }, "geometry": { "type": "Polygon", "coordinates": [ [ [ 108.878465640478609, 22.314674620557835 ], [ 108.875409052504224, 22.327481405019046 ], [ 108.862030288111882, 22.331946436479882 ], [ 108.851708250238332, 22.323603879731976 ], [ 108.85476636109324, 22.310796095410151 ], [ 108.868144987108124, 22.306331867579516 ], [ 108.878465640478609, 22.314674620557835 ] ] ] } },
{ "type": "Feature", "properties": { "hex_id": "874150186ffffff" }, "geometry": { "type": "Polygon", "coordinates": [ [ [ 108.747817737618689, 21.933214393456062 ], [ 108.744756503180483, 21.94605687167493 ], [ 108.731380299804357, 21.950507361670116 ], [ 108.721065477666144, 21.942114560765212 ], [ 108.724128227780014, 21.92927109008507 ], [ 108.737504284525286, 21.924821412653401 ], [ 108.747817737618689, 21.933214393456062 ] ] ] } },
{ "type": "Feature", "properties": { "hex_id": "874152853ffffff" }, "geometry": { "type": "Polygon", "coordinates": [ [ [ 108.949248636150386, 22.585372856444113 ], [ 108.94619390765142, 22.598154297348216 ], [ 108.932810857495056, 22.602628100150007 ], [ 108.922482669955755, 22.59431966584258 ], [ 108.925538925902075, 22.581537221787954 ], [ 108.938921842106325, 22.577064215073975 ], [ 108.949248636150386, 22.585372856444113 ] ] ] } },
{ "type": "Feature", "properties": { "hex_id": "87415286cffffff" }, "geometry": { "type": "Polygon", "coordinates": [ [ [ 108.905627647332764, 22.458747016189868 ], [ 108.902571354431799, 22.471540674337103 ], [ 108.889189114905875, 22.476009693071759 ], [ 108.878863305165822, 22.467684254440432 ], [ 108.8819211231163, 22.454889595430533 ], [ 108.895303225923939, 22.45042137579722 ], [ 108.905627647332764, 22.458747016189868 ] ] ] } },
{ "type": "Feature", "properties": { "hex_id": "8741528d6ffffff" }, "geometry": { "type": "Polygon", "coordinates": [ [ [ 109.040308318726488, 22.719437601868414 ], [ 109.037258221866736, 22.732204709769558 ], [ 109.023879457944986, 22.736686549999881 ], [ 109.013550919099856, 22.728400487140412 ], [ 109.01660254704575, 22.71563237042205 ], [ 109.029981182915009, 22.7111513252636 ], [ 109.040308318726488, 22.719437601868414 ] ] ] } },
{ "type": "Feature", "properties": { "hex_id": "8741508c2ffffff" }, "geometry": { "type": "Polygon", "coordinates": [ [ [ 108.629911400245646, 21.652771597180543 ], [ 108.626845331291833, 21.665640260404821 ], [ 108.613468609637252, 21.670078564337043 ], [ 108.603158111227316, 21.661647387060249 ], [ 108.606225689997203, 21.648777738823387 ], [ 108.619602257531653, 21.644340252757662 ], [ 108.629911400245646, 21.652771597180543 ] ] ] } },
{ "type": "Feature", "properties": { "hex_id": "874152959ffffff" }, "geometry": { "type": "Polygon", "coordinates": [ [ [ 108.993148573757423, 22.453027420254259 ], [ 108.990098125539063, 22.465819085612221 ], [ 108.976726117841338, 22.470293791392596 ], [ 108.96640468945877, 22.461976028017101 ], [ 108.969456664829025, 22.44918335525411 ], [ 108.982828541594841, 22.444709453155095 ], [ 108.993148573757423, 22.453027420254259 ] ] ] } },
{ "type": "Feature", "properties": { "hex_id": "87415280dffffff" }, "geometry": { "type": "Polygon", "coordinates": [ [ [ 109.02223239627223, 22.537425440497856 ], [ 109.019182996103396, 22.55020897721549 ], [ 109.00581046929068, 22.554686892657976 ], [ 108.995487471897775, 22.546380469611062 ], [ 108.998538400810247, 22.533595923968544 ], [ 109.011910798536405, 22.529118810181348 ], [ 109.02223239627223, 22.537425440497856 ] ] ] } },
{ "type": "Feature", "properties": { "hex_id": "874150140ffffff" }, "geometry": { "type": "Polygon", "coordinates": [ [ [ 108.50748721058315, 21.752590180748758 ], [ 108.504412098103856, 21.765454154304756 ], [ 108.491017287448017, 21.769886192185659 ], [ 108.480697751749375, 21.761453448928297 ], [ 108.483774371906605, 21.748588500123287 ], [ 108.497169020257815, 21.744157269704992 ], [ 108.50748721058315, 21.752590180748758 ] ] ] } },
{ "type": "Feature", "properties": { "hex_id": "874150561ffffff" }, "geometry": { "type": "Polygon", "coordinates": [ [ [ 108.776832176365943, 22.018116739391147 ], [ 108.773771970064459, 22.030951365755964 ], [ 108.760395184739579, 22.035405101071625 ], [ 108.750078750685319, 22.02702339931556 ], [ 108.753140474265123, 22.014187778799581 ], [ 108.766517114789309, 22.009734854073212 ], [ 108.776832176365943, 22.018116739391147 ] ] ] } },
{ "type": "Feature", "properties": { "hex_id": "874150415ffffff" }, "geometry": { "type": "Polygon", "coordinates": [ [ [ 108.856676193182736, 22.251205547700721 ], [ 108.853618827252092, 22.264018345174115 ], [ 108.840240479371175, 22.268480964245949 ], [ 108.829919637344318, 22.260129980599199 ], [ 108.832978524955934, 22.247316184461777 ], [ 108.846356733080682, 22.242854370517758 ], [ 108.856676193182736, 22.251205547700721 ] ] ] } },
{ "type": "Feature", "properties": { "hex_id": "874150498ffffff" }, "geometry": { "type": "Polygon", "coordinates": [ [ [ 108.85094429585682, 22.429899354187938 ], [ 108.847884694105687, 22.442697037994069 ], [ 108.834497567630478, 22.447162008328906 ], [ 108.82417018337965, 22.43882849718791 ], [ 108.827231308517952, 22.426029816378307 ], [ 108.840618294687602, 22.421565643595287 ], [ 108.85094429585682, 22.429899354187938 ] ] ] } },
{ "type": "Feature", "properties": { "hex_id": "874150031ffffff" }, "geometry": { "type": "Polygon", "coordinates": [ [ [ 108.598380542602385, 21.888232915505078 ], [ 108.595309969506431, 21.901083275218483 ], [ 108.581919100046974, 21.905523354885318 ], [ 108.571598960303291, 21.897112268013085 ], [ 108.574671044808099, 21.884260926860666 ], [ 108.588061757819446, 21.879821653900425 ], [ 108.598380542602385, 21.888232915505078 ] ] ] } },
{ "type": "Feature", "properties": { "hex_id": "87415051bffffff" }, "geometry": { "type": "Polygon", "coordinates": [ [ [ 108.898698406956797, 22.178198965274948 ], [ 108.895644569987212, 22.191016738814781 ], [ 108.882274300322351, 22.195480957409913 ], [ 108.871958004707395, 22.18712659212401 ], [ 108.875013363649231, 22.174307816298558 ], [ 108.888383496400067, 22.16984440792784 ], [ 108.898698406956797, 22.178198965274948 ] ] ] } },
{ "type": "Feature", "properties": { "hex_id": "8741500b4ffffff" }, "geometry": { "type": "Polygon", "coordinates": [ [ [ 108.689297723148528, 22.023603797518767 ], [ 108.686231707388785, 22.036440421466082 ], [ 108.672844849106198, 22.040888547056401 ], [ 108.662524157338112, 22.032499242681926 ], [ 108.665591688217575, 22.019661631196467 ], [ 108.678978395915593, 22.015214311505133 ], [ 108.689297723148528, 22.023603797518767 ] ] ] } },
{ "type": "Feature", "properties": { "hex_id": "87415059effffff" }, "geometry": { "type": "Polygon", "coordinates": [ [ [ 108.989642938345739, 22.312870357533924 ], [ 108.986593712705897, 22.325674125751387 ], [ 108.973227680744358, 22.3301464177177 ], [ 108.962911005625301, 22.321814132091795 ], [ 108.96596175687533, 22.309009355718516 ], [ 108.979327657798947, 22.304537873010748 ], [ 108.989642938345739, 22.312870357533924 ] ] ] } },
{ "type": "Feature", "properties": { "hex_id": "874150558ffffff" }, "geometry": { "type": "Polygon", "coordinates": [ [ [ 108.749278281067561, 22.133592936738445 ], [ 108.746215064560005, 22.146418683871012 ], [ 108.732829944180253, 22.150872443290993 ], [ 108.722508187211389, 22.142499650969498 ], [ 108.725572921489771, 22.129672912454343 ], [ 108.738957895135385, 22.125219957525108 ], [ 108.749278281067561, 22.133592936738445 ] ] ] } },
{ "type": "Feature", "properties": { "hex_id": "87415040cffffff" }, "geometry": { "type": "Polygon", "coordinates": [ [ [ 108.778312529872593, 22.218347993934632 ], [ 108.77525034299606, 22.231165779634058 ], [ 108.761864640263909, 22.235622752081614 ], [ 108.751541269477258, 22.227261136195853 ], [ 108.754604975730388, 22.214442357475345 ], [ 108.767990533562326, 22.209986187543596 ], [ 108.778312529872593, 22.218347993934632 ] ] ] } },
{ "type": "Feature", "properties": { "hex_id": "874150174ffffff" }, "geometry": { "type": "Polygon", "coordinates": [ [ [ 108.587815207604763, 21.72598132849944 ], [ 108.584745624667065, 21.738845247720292 ], [ 108.571360916127958, 21.743282046319351 ], [ 108.561045947671587, 21.734854112862195 ], [ 108.564117040091773, 21.721989212172879 ], [ 108.577501591657523, 21.71755322629037 ], [ 108.587815207604763, 21.72598132849944 ] ] ] } },
{ "type": "Feature", "properties": { "hex_id": "87415011cffffff" }, "geometry": { "type": "Polygon", "coordinates": [ [ [ 108.664187587016812, 21.819053613729967 ], [ 108.661122044248671, 21.831907820623634 ], [ 108.647741637476514, 21.83635105602162 ], [ 108.637426925674887, 21.827939271504508 ], [ 108.640493980829447, 21.815084077834619 ], [ 108.653874235569532, 21.810641655339793 ], [ 108.664187587016812, 21.819053613729967 ] ] ] } },
{ "type": "Feature", "properties": { "hex_id": "874152841ffffff" }, "geometry": { "type": "Polygon", "coordinates": [ [ [ 108.903727069329761, 22.518235311686993 ], [ 108.900670031670614, 22.531023875757889 ], [ 108.887284864672537, 22.535493660569852 ], [ 108.876956872399916, 22.527174084616444 ], [ 108.880015435679255, 22.514384520262521 ], [ 108.893400465777816, 22.50991553202746 ], [ 108.903727069329761, 22.518235311686993 ] ] ] } },
{ "type": "Feature", "properties": { "hex_id": "874150028ffffff" }, "geometry": { "type": "Polygon", "coordinates": [ [ [ 108.519995616718717, 21.855030140077186 ], [ 108.516920258491297, 21.867885387763142 ], [ 108.503522198011709, 21.872319851798178 ], [ 108.493199657523377, 21.863898264039477 ], [ 108.496276524796443, 21.851042040667593 ], [ 108.509674423685425, 21.84660838062058 ], [ 108.519995616718717, 21.855030140077186 ] ] ] } },
{ "type": "Feature", "properties": { "hex_id": "874150512ffffff" }, "geometry": { "type": "Polygon", "coordinates": [ [ [ 108.986140553093293, 22.172561580514717 ], [ 108.983092549099339, 22.185377317625896 ], [ 108.969732487642773, 22.189847138270398 ], [ 108.959420561488159, 22.181500406843213 ], [ 108.962470089552866, 22.168683660878198 ], [ 108.975830019865995, 22.164214655078307 ], [ 108.986140553093293, 22.172561580514717 ] ] ] } },
{ "type": "Feature", "properties": { "hex_id": "8741528c4ffffff" }, "geometry": { "type": "Polygon", "coordinates": [ [ [ 108.994775738113006, 22.65244035465685 ], [ 108.991723323216235, 22.665214643451911 ], [ 108.978342407419248, 22.66969246474725 ], [ 108.968014037687269, 22.661395201544341 ], [ 108.971067981853366, 22.648619906754021 ], [ 108.984448766647276, 22.644142881044814 ], [ 108.994775738113006, 22.65244035465685 ] ] ] } },
{ "type": "Feature", "properties": { "hex_id": "874150595ffffff" }, "geometry": { "type": "Polygon", "coordinates": [ [ [ 109.022461678120408, 22.278312855727037 ], [ 109.019414981506955, 22.29111861381049 ], [ 109.0060542712326, 22.295592501086212 ], [ 108.995740386578888, 22.287259817849986 ], [ 108.998788609247669, 22.274453048925885 ], [ 109.012149190678855, 22.269979973962869 ], [ 109.022461678120408, 22.278312855727037 ] ] ] } },
{ "type": "Feature", "properties": { "hex_id": "87415012effffff" }, "geometry": { "type": "Polygon", "coordinates": [ [ [ 108.658889295184366, 21.737932696361451 ], [ 108.655824244579563, 21.750793660527851 ], [ 108.642446910999269, 21.755235231057739 ], [ 108.632134780491995, 21.746815021384741 ], [ 108.635201342520119, 21.73395307042658 ], [ 108.648578523802499, 21.729512315815047 ], [ 108.658889295184366, 21.737932696361451 ] ] ] } },
{ "type": "Feature", "properties": { "hex_id": "874150403ffffff" }, "geometry": { "type": "Polygon", "coordinates": [ [ [ 108.809277371829793, 22.24342259763889 ], [ 108.806216963169646, 22.256237390695784 ], [ 108.792833611768302, 22.260696781050139 ], [ 108.782510812074378, 22.252340575171257 ], [ 108.785572741148698, 22.239524786940663 ], [ 108.798955949670955, 22.23506619964483 ], [ 108.809277371829793, 22.24342259763889 ] ] ] } },
{ "type": "Feature", "properties": { "hex_id": "874150486ffffff" }, "geometry": { "type": "Polygon", "coordinates": [ [ [ 108.900260997430365, 22.378100314529632 ], [ 108.897205188831379, 22.390901060592807 ], [ 108.88382601206628, 22.395368499943011 ], [ 108.873502781064303, 22.387034390983594 ], [ 108.87656011374284, 22.374232643877864 ], [ 108.889939153510426, 22.369766006656842 ], [ 108.900260997430365, 22.378100314529632 ] ] ] } },
{ "type": "Feature", "properties": { "hex_id": "874150509ffffff" }, "geometry": { "type": "Polygon", "coordinates": [ [ [ 108.853234490904029, 22.110759689429567 ], [ 108.850178354918384, 22.123584421092445 ], [ 108.836805992591209, 22.128044603960006 ], [ 108.826489906266445, 22.119679244359432 ], [ 108.829547562397735, 22.106853513380216 ], [ 108.842919784875235, 22.102394141200826 ], [ 108.853234490904029, 22.110759689429567 ] ] ] } },
{ "type": "Feature", "properties": { "hex_id": "8741500a2ffffff" }, "geometry": { "type": "Polygon", "coordinates": [ [ [ 108.641882225032461, 22.015715265257484 ], [ 108.638813179677754, 22.028553862520095 ], [ 108.625421381115444, 22.032998772225657 ], [ 108.615098781787523, 22.024604280759565 ], [ 108.618169340971065, 22.011764699481997 ], [ 108.631560985824791, 22.007320593566536 ], [ 108.641882225032461, 22.015715265257484 ] ] ] } },
{ "type": "Feature", "properties": { "hex_id": "87415058cffffff" }, "geometry": { "type": "Polygon", "coordinates": [ [ [ 108.944167908188547, 22.24556925826052 ], [ 108.941116374669974, 22.258380043933126 ], [ 108.927748215127522, 22.262848298915451 ], [ 108.91743172324594, 22.254504958360801 ], [ 108.920484780558326, 22.241693167456077 ], [ 108.933852806124023, 22.23722572222162 ], [ 108.944167908188547, 22.24556925826052 ] ] ] } },
{ "type": "Feature", "properties": { "hex_id": "874150125ffffff" }, "geometry": { "type": "Polygon", "coordinates": [ [ [ 108.691762440484297, 21.703322496127527 ], [ 108.68869990356032, 21.716185338550346 ], [ 108.675327805458181, 21.720628448916429 ], [ 108.665018394545129, 21.712207897718386 ], [ 108.66808244337517, 21.699344065842993 ], [ 108.681454391381763, 21.694901774500458 ], [ 108.691762440484297, 21.703322496127527 ] ] ] } },
{ "type": "Feature", "properties": { "hex_id": "874152875ffffff" }, "geometry": { "type": "Polygon", "coordinates": [ [ [ 108.98399622493956, 22.491399368272972 ], [ 108.980944772482829, 22.504187983050507 ], [ 108.967569971444334, 22.508662672670258 ], [ 108.957246754598401, 22.500347945741222 ], [ 108.960299734381209, 22.487558324523636 ], [ 108.973674403849003, 22.483084436558421 ], [ 108.98399622493956, 22.491399368272972 ] ] ] } },
{ "type": "Feature", "properties": { "hex_id": "874150583ffffff" }, "geometry": { "type": "Polygon", "coordinates": [ [ [ 108.975112004259685, 22.270589020744097 ], [ 108.972062256154828, 22.283396798773119 ], [ 108.958696486729437, 22.287867471716904 ], [ 108.948380597532264, 22.279529556246366 ], [ 108.951431870452097, 22.266720770849425 ], [ 108.964797507919073, 22.262250908174682 ], [ 108.975112004259685, 22.270589020744097 ] ] ] } },
{ "type": "Feature", "properties": { "hex_id": "8741501a8ffffff" }, "geometry": { "type": "Polygon", "coordinates": [ [ [ 108.685934215936996, 21.882829735440634 ], [ 108.682869439267037, 21.895678103724538 ], [ 108.669488579137038, 21.90012377489964 ], [ 108.659172646509745, 21.891720266236057 ], [ 108.662238936771672, 21.878870909874792 ], [ 108.675619646238943, 21.874426050136272 ], [ 108.685934215936996, 21.882829735440634 ] ] ] } },
{ "type": "Feature", "properties": { "hex_id": "874150546ffffff" }, "geometry": { "type": "Polygon", "coordinates": [ [ [ 108.798599921651785, 22.081743672619162 ], [ 108.795540488106312, 22.094572379915746 ], [ 108.782163271127246, 22.099028544030464 ], [ 108.771845631288357, 22.090655191626549 ], [ 108.774906583313538, 22.077825488928468 ], [ 108.788283656866014, 22.07337013391825 ], [ 108.798599921651785, 22.081743672619162 ] ] ] } },
{ "type": "Feature", "properties": { "hex_id": "874150162ffffff" }, "geometry": { "type": "Polygon", "coordinates": [ [ [ 108.54041548237862, 21.71799293205796 ], [ 108.537342881126619, 21.730858812438797 ], [ 108.523953276014595, 21.735292424904088 ], [ 108.513636432419986, 21.726859346296436 ], [ 108.516710541851225, 21.71399248800223 ], [ 108.530099986870411, 21.709559686109777 ], [ 108.54041548237862, 21.71799293205796 ] ] ] } },
{ "type": "Feature", "properties": { "hex_id": "874150016ffffff" }, "geometry": { "type": "Polygon", "coordinates": [ [ [ 108.620128398219975, 21.951995353587602 ], [ 108.617058588284664, 21.964839845080672 ], [ 108.603667252218813, 21.969282341955136 ], [ 108.593345881338664, 21.960879541967405 ], [ 108.596417203893083, 21.948034067740021 ], [ 108.609808384879926, 21.943592376115689 ], [ 108.620128398219975, 21.951995353587602 ] ] ] } }
]
}
