{
"type": "FeatureCollection",
"name": "pois_clean",
"crs": { "type": "name", "properties": { "name": "urn:ogc:def:crs:OGC:1.3:CRS84" } },
"features": [
{ "type": "Feature", "properties": { "poi_id": "B0FFHCX643", "name": "三墩港口", "lng": 108.697138, "lat": 21.609866, "lng_wgs84": 108.69329994989984, "lat_wgs84": 21.612513296702783, "type": "交通设施服务;港口码头;港口码头", "typecode": "150300", "address": "三墩公路西北侧", "pname": "广西壮族自治区", "cityname": "钦州市", "adname": "钦南区", "keyword_source": "港口" }, "geometry": { "type": "Point", "coordinates": [ 108.693299949899838, 21.612513296702783 ] } },
{ "type": "Feature", "properties": { "poi_id": "B0FFLK4X3J", "name": "三墩码头", "lng": 108.683863, "lat": 21.599142, "lng_wgs84": 108.6800552938677, "lat_wgs84": 21.601809419865081, "type": "交通设施服务;港口码头;港口码头", "typecode": "150300", "address": "大榄坪边防派出所巡逻防控点西侧280米", "pname": "广西壮族自治区", "cityname": "钦州市", "adname": "钦南区", "keyword_source": "港口" }, "geometry": { "type": "Point", "coordinates": [ 108.680055293867696, 21.601809419865081 ] } },
{ "type": "Feature", "properties": { "poi_id": "B030900EHD", "name": "钦州港口岸", "lng": 108.590379, "lat": 21.726917, "lng_wgs84": 108.586712810953, "lat_wgs84": 21.72974342383236, "type": "交通设施服务;港口码头;货运港口码头", "typecode": "150304", "address": "勒沟西大街", "pname": "广西壮族自治区", "cityname": "钦州市", "adname": "钦南区", "keyword_source": "港口" }, "geometry": { "type": "Point", "coordinates": [ 108.586712810953003, 21.72974342383236 ] } },
{ "type": "Feature", "properties": { "poi_id": "B0J2YSK1HG", "name": "广旅·海豚湾码头", "lng": 108.753017, "lat": 21.601505, "lng_wgs84": 108.74910543141532, "lat_wgs84": 21.604101065416671, "type": "交通设施服务;港口码头;港口码头", "typecode": "150300", "address": "三娘湾风景区海豚湾码头", "pname": "广西壮族自治区", "cityname": "钦州市", "adname": "钦南区", "keyword_source": "港口" }, "geometry": { "type": "Point", "coordinates": [ 108.749105431415316, 21.604101065416671 ] } },
{ "type": "Feature", "properties": { "poi_id": "B0FFHUHXPZ", "name": "北部湾港钦州港区外贸码头", "lng": 108.644467, "lat": 21.673546, "lng_wgs84": 108.64074565938388, "lat_wgs84": 21.676311011097845, "type": "交通设施服务;港口码头;港口码头", "typecode": "150300", "address": [ ], "pname": "广西壮族自治区", "cityname": "钦州市", "adname": "钦南区", "keyword_source": "港口" }, "geometry": { "type": "Point", "coordinates": [ 108.640745659383882, 21.676311011097845 ] } },
{ "type": "Feature", "properties": { "poi_id": "B0HKG5CF6A", "name": "钦州市海防码头", "lng": 108.752041, "lat": 21.601344, "lng_wgs84": 108.74812975828866, "lat_wgs84": 21.603939927758844, "type": "交通设施服务;港口码头;港口码头", "typecode": "150300", "address": "三娘湾", "pname": "广西壮族自治区", "cityname": "钦州市", "adname": "钦南区", "keyword_source": "港口" }, "geometry": { "type": "Point", "coordinates": [ 108.748129758288655, 21.603939927758844 ] } },
{ "type": "Feature", "properties": { "poi_id": "B0FFHZU3I8", "name": "钦南码头", "lng": 108.552216, "lat": 21.746441, "lng_wgs84": 108.54850867165683, "lat_wgs84": 21.74923071814122, "type": "交通设施服务;港口码头;港口码头", "typecode": "150300", "address": "北村附近", "pname": "广西壮族自治区", "cityname": "钦州市", "adname": "钦南区", "keyword_source": "港口" }, "geometry": { "type": "Point", "coordinates": [ 108.548508671656833, 21.74923071814122 ] } },
{ "type": "Feature", "properties": { "poi_id": "B0FFG8Y81S", "name": "吉运码头", "lng": 108.600448, "lat": 21.720749, "lng_wgs84": 108.59678089136564, "lat_wgs84": 21.723573994797619, "type": "交通设施服务;港口码头;港口码头", "typecode": "150300", "address": "果鹰大街", "pname": "广西壮族自治区", "cityname": "钦州市", "adname": "钦南区", "keyword_source": "港口" }, "geometry": { "type": "Point", "coordinates": [ 108.59678089136564, 21.723573994797619 ] } },
{ "type": "Feature", "properties": { "poi_id": "B0FFK8GMPQ", "name": "西汉出海古码头", "lng": 108.777203, "lat": 21.616893, "lng_wgs84": 108.77329446877808, "lat_wgs84": 21.619507359770942, "type": "交通设施服务;港口码头;港口码头", "typecode": "150300", "address": "犀牛脚镇三娘湾内", "pname": "广西壮族自治区", "cityname": "钦州市", "adname": "钦南区", "keyword_source": "港口" }, "geometry": { "type": "Point", "coordinates": [ 108.773294468778076, 21.619507359770942 ] } },
{ "type": "Feature", "properties": { "poi_id": "B0FFF2C302", "name": "正新码头", "lng": 108.594572, "lat": 21.721798, "lng_wgs84": 108.5909061521008, "lat_wgs84": 21.724623339780816, "type": "交通设施服务;港口码头;港口码头", "typecode": "150300", "address": "建港路", "pname": "广西壮族自治区", "cityname": "钦州市", "adname": "钦南区", "keyword_source": "港口" }, "geometry": { "type": "Point", "coordinates": [ 108.5909061521008, 21.724623339780816 ] } },
{ "type": "Feature", "properties": { "poi_id": "B0K0F9OFNA", "name": "果子山码头", "lng": 108.597341, "lat": 21.71785, "lng_wgs84": 108.59367493250735, "lat_wgs84": 21.720673976010161, "type": "交通设施服务;港口码头;港口码头", "typecode": "150300", "address": "远大港务西南侧210米", "pname": "广西壮族自治区", "cityname": "钦州市", "adname": "钦南区", "keyword_source": "港口" }, "geometry": { "type": "Point", "coordinates": [ 108.593674932507355, 21.720673976010161 ] } },
{ "type": "Feature", "properties": { "poi_id": "B0FFHUHXQ0", "name": "钦州港保税港区外贸码头3号泊位", "lng": 108.644485, "lat": 21.673537, "lng_wgs84": 108.64076362335764, "lat_wgs84": 21.676301978699652, "type": "交通设施服务;港口码头;港口码头", "typecode": "150300", "address": [ ], "pname": "广西壮族自治区", "cityname": "钦州市", "adname": "钦南区", "keyword_source": "港口" }, "geometry": { "type": "Point", "coordinates": [ 108.640763623357643, 21.676301978699652 ] } },
{ "type": "Feature", "properties": { "poi_id": "B0KR2K6H76", "name": "华兴码头", "lng": 108.595868, "lat": 21.723403, "lng_wgs84": 108.59220192956124, "lat_wgs84": 21.726229137253625, "type": "交通设施服务;港口码头;港口码头", "typecode": "150300", "address": "龙江南路16号", "pname": "广西壮族自治区", "cityname": "钦州市", "adname": "钦南区", "keyword_source": "港口" }, "geometry": { "type": "Point", "coordinates": [ 108.592201929561242, 21.726229137253625 ] } },
{ "type": "Feature", "properties": { "poi_id": "B0MUMZV31J", "name": "乌雷白码头", "lng": 108.734763, "lat": 21.626158, "lng_wgs84": 108.73086238009712, "lat_wgs84": 21.628766324446424, "type": "交通设施服务;港口码头;港口码头", "typecode": "150300", "address": "乌雷村港湾民宿西南侧320米", "pname": "广西壮族自治区", "cityname": "钦州市", "adname": "钦南区", "keyword_source": "港口" }, "geometry": { "type": "Point", "coordinates": [ 108.730862380097122, 21.628766324446424 ] } },
{ "type": "Feature", "properties": { "poi_id": "B0FFLCZP9B", "name": "广西天益昌隆港务有限公司散杂货码头", "lng": 108.59329, "lat": 21.719064, "lng_wgs84": 108.58962434655274, "lat_wgs84": 21.721888017513333, "type": "交通设施服务;港口码头;港口码头", "typecode": "150300", "address": "隆安海螺水泥厂东侧190米", "pname": "广西壮族自治区", "cityname": "钦州市", "adname": "钦南区", "keyword_source": "港口" }, "geometry": { "type": "Point", "coordinates": [ 108.589624346552739, 21.721888017513333 ] } },
{ "type": "Feature", "properties": { "poi_id": "B030900M8I", "name": "巨龙港务有限公司边贸口岸", "lng": 108.597229, "lat": 21.728324, "lng_wgs84": 108.59356245194542, "lat_wgs84": 21.731152213953933, "type": "交通设施服务;港口码头;港口码头", "typecode": "150300", "address": "勒沟东大街与钦州港大道交叉口西380米", "pname": "广西壮族自治区", "cityname": "钦州市", "adname": "钦南区", "keyword_source": "港口" }, "geometry": { "type": "Point", "coordinates": [ 108.593562451945417, 21.731152213953933 ] } },
{ "type": "Feature", "properties": { "poi_id": "B0FFHJGA7U", "name": "坡心码头", "lng": 108.857257, "lat": 21.768872, "lng_wgs84": 108.85344384749298, "lat_wgs84": 21.771676741874604, "type": "交通设施服务;港口码头;港口码头", "typecode": "150300", "address": [ ], "pname": "广西壮族自治区", "cityname": "钦州市", "adname": "钦南区", "keyword_source": "港口" }, "geometry": { "type": "Point", "coordinates": [ 108.853443847492983, 21.771676741874604 ] } },
{ "type": "Feature", "properties": { "poi_id": "B0HK0LHNRF", "name": "越也码头", "lng": 108.626203, "lat": 21.97741, "lng_wgs84": 108.62249917671144, "lat_wgs84": 21.980335689802928, "type": "交通设施服务;港口码头;港口码头", "typecode": "150300", "address": "永福西大街56号钦州百盛购物中心F1", "pname": "广西壮族自治区", "cityname": "钦州市", "adname": "钦北区", "keyword_source": "港口" }, "geometry": { "type": "Point", "coordinates": [ 108.622499176711443, 21.980335689802928 ] } },
{ "type": "Feature", "properties": { "poi_id": "B0MUXRA8D4", "name": "北爱双创园3栋", "lng": 108.622675, "lat": 21.898525, "lng_wgs84": 108.61897998211651, "lat_wgs84": 21.901416803733525, "type": "商务住宅;产业园区;产业园区", "typecode": "120100", "address": "北爱·双创业园", "pname": "广西壮族自治区", "cityname": "钦州市", "adname": "钦南区", "keyword_source": "工业园" }, "geometry": { "type": "Point", "coordinates": [ 108.618979982116514, 21.901416803733525 ] } },
{ "type": "Feature", "properties": { "poi_id": "B0MUURWZ6P", "name": "钦州港大榄坪自贸新城", "lng": 108.666075, "lat": 21.724675, "lng_wgs84": 108.66230316550704, "lat_wgs84": 21.727421299518586, "type": "商务住宅;产业园区;产业园区", "typecode": "120100", "address": "东安街与三号路交叉口北280米", "pname": "广西壮族自治区", "cityname": "钦州市", "adname": "钦南区", "keyword_source": "工业园" }, "geometry": { "type": "Point", "coordinates": [ 108.662303165507041, 21.727421299518586 ] } },
{ "type": "Feature", "properties": { "poi_id": "B0MUMRWXEO", "name": "工武工业园", "lng": 109.178141, "lat": 22.134009, "lng_wgs84": 109.17387945051694, "lat_wgs84": 22.136749521249776, "type": "商务住宅;产业园区;产业园区", "typecode": "120100", "address": "326省道与305县道交叉口东北220米", "pname": "广西壮族自治区", "cityname": "钦州市", "adname": "灵山县", "keyword_source": "工业园" }, "geometry": { "type": "Point", "coordinates": [ 109.173879450516935, 22.136749521249776 ] } },
{ "type": "Feature", "properties": { "poi_id": "B0MRMNRZ1O", "name": "钦州市科技人才创新创业孵化基地", "lng": 108.679785, "lat": 21.959025, "lng_wgs84": 108.67596910820292, "lat_wgs84": 21.961852016009448, "type": "商务住宅;产业园区;产业园区", "typecode": "120100", "address": [ ], "pname": "广西壮族自治区", "cityname": "钦州市", "adname": "钦南区", "keyword_source": "工业园" }, "geometry": { "type": "Point", "coordinates": [ 108.675969108202921, 21.961852016009448 ] } },
{ "type": "Feature", "properties": { "poi_id": "B0MRLX6NL3", "name": "钦州综合保税区", "lng": 108.674325, "lat": 21.675675, "lng_wgs84": 108.67053602333182, "lat_wgs84": 21.678386512418268, "type": "商务住宅;产业园区;产业园区", "typecode": "120100", "address": [ ], "pname": "广西壮族自治区", "cityname": "钦州市", "adname": "钦南区", "keyword_source": "工业园" }, "geometry": { "type": "Point", "coordinates": [ 108.67053602333182, 21.678386512418268 ] } },
{ "type": "Feature", "properties": { "poi_id": "B0MGVLFR23", "name": "燕窝加工贸易基地2栋", "lng": 108.683625, "lat": 21.771425, "lng_wgs84": 108.6798093743633, "lat_wgs84": 21.774157674073798, "type": "商务住宅;产业园区;产业园区", "typecode": "120100", "address": "中马北二街中马燕窝加工贸易基地", "pname": "广西壮族自治区", "cityname": "钦州市", "adname": "钦南区", "keyword_source": "工业园" }, "geometry": { "type": "Point", "coordinates": [ 108.679809374363302, 21.774157674073798 ] } },
{ "type": "Feature", "properties": { "poi_id": "B0MGSXNNJB", "name": "华山龙眼产业示范区", "lng": 109.256025, "lat": 22.170625, "lng_wgs84": 109.25180735125716, "lat_wgs84": 22.173461169042238, "type": "商务住宅;产业园区;产业园区", "typecode": "120100", "address": "326省道东南侧", "pname": "广西壮族自治区", "cityname": "钦州市", "adname": "灵山县", "keyword_source": "工业园" }, "geometry": { "type": "Point", "coordinates": [ 109.251807351257156, 22.173461169042238 ] } },
{ "type": "Feature", "properties": { "poi_id": "B0MGOZUYZY", "name": "十里工业园", "lng": 109.255725, "lat": 22.382425, "lng_wgs84": 109.25149623417904, "lat_wgs84": 22.385318772899389, "type": "商务住宅;产业园区;产业园区", "typecode": "120100", "address": "江南路与十里二路交叉口东240米", "pname": "广西壮族自治区", "cityname": "钦州市", "adname": "灵山县", "keyword_source": "工业园" }, "geometry": { "type": "Point", "coordinates": [ 109.251496234179044, 22.385318772899389 ] } },
{ "type": "Feature", "properties": { "poi_id": "B0MG4OYX8F", "name": "DJ网红孵化基地", "lng": 109.278228, "lat": 22.40453, "lng_wgs84": 109.27397143049932, "lat_wgs84": 22.407412449673402, "type": "商务住宅;产业园区;产业园区", "typecode": "120100", "address": "滨江南路与文峰路交叉口西北260米", "pname": "广西壮族自治区", "cityname": "钦州市", "adname": "灵山县", "keyword_source": "工业园" }, "geometry": { "type": "Point", "coordinates": [ 109.273971430499316, 22.407412449673402 ] } },
{ "type": "Feature", "properties": { "poi_id": "B0MDUL16DV", "name": "钦州港中马产业", "lng": 108.675925, "lat": 21.783175, "lng_wgs84": 108.67212694426864, "lat_wgs84": 21.785927294670355, "type": "商务住宅;产业园区;产业园区", "typecode": "120100", "address": "金谷大街与丹二路交叉口西南200米", "pname": "广西壮族自治区", "cityname": "钦州市", "adname": "钦南区", "keyword_source": "工业园" }, "geometry": { "type": "Point", "coordinates": [ 108.672126944268641, 21.785927294670355 ] } },
{ "type": "Feature", "properties": { "poi_id": "B0MDTCCCG8", "name": "皇马工业4区", "lng": 108.622125, "lat": 22.100925, "lng_wgs84": 108.6184208335, "lat_wgs84": 22.10391126168544, "type": "商务住宅;产业园区;产业园区", "typecode": "120100", "address": [ ], "pname": "广西壮族自治区", "cityname": "钦州市", "adname": "钦北区", "keyword_source": "工业园" }, "geometry": { "type": "Point", "coordinates": [ 108.618420833499997, 22.10391126168544 ] } },
{ "type": "Feature", "properties": { "poi_id": "B0MDNOG4O6", "name": "钦州港金鼓新区", "lng": 108.655592, "lat": 21.744983, "lng_wgs84": 108.65184334706829, "lat_wgs84": 21.747757137655075, "type": "商务住宅;产业园区;产业园区", "typecode": "120100", "address": "拥军路与和谐大街交叉口南200米", "pname": "广西壮族自治区", "cityname": "钦州市", "adname": "钦南区", "keyword_source": "工业园" }, "geometry": { "type": "Point", "coordinates": [ 108.651843347068294, 21.747757137655075 ] } },
{ "type": "Feature", "properties": { "poi_id": "B0MDMOZHYR", "name": "钦州跨境贸易电子商务产业园A座", "lng": 108.655975, "lat": 21.689525, "lng_wgs84": 108.65222819144158, "lat_wgs84": 21.692276223282992, "type": "商务住宅;产业园区;产业园区|商务住宅;楼宇;商务写字楼", "typecode": "120100|120201", "address": "八大街与友谊大道交叉口东460米", "pname": "广西壮族自治区", "cityname": "钦州市", "adname": "钦南区", "keyword_source": "工业园" }, "geometry": { "type": "Point", "coordinates": [ 108.65222819144158, 21.692276223282992 ] } },
{ "type": "Feature", "properties": { "poi_id": "B0MD07S1L0", "name": "光合孵化房", "lng": 108.566425, "lat": 22.155575, "lng_wgs84": 108.5627207826634, "lat_wgs84": 22.158573999100607, "type": "商务住宅;产业园区;产业园区", "typecode": "120100", "address": "325国道东北侧", "pname": "广西壮族自治区", "cityname": "钦州市", "adname": "钦北区", "keyword_source": "工业园" }, "geometry": { "type": "Point", "coordinates": [ 108.562720782663405, 22.158573999100607 ] } },
{ "type": "Feature", "properties": { "poi_id": "B0MBZ5CRS5", "name": "康熙岭镇接二连三产业融合示范园", "lng": 108.562818, "lat": 21.953057, "lng_wgs84": 108.55911868020048, "lat_wgs84": 21.955960371191622, "type": "商务住宅;产业园区;产业园区", "typecode": "120100", "address": "金海湾西大街1222号", "pname": "广西壮族自治区", "cityname": "钦州市", "adname": "钦南区", "keyword_source": "工业园" }, "geometry": { "type": "Point", "coordinates": [ 108.559118680200484, 21.955960371191622 ] } },
{ "type": "Feature", "properties": { "poi_id": "B0MBD6ES7Y", "name": "哪锦村电子商务B区", "lng": 108.992775, "lat": 22.427125, "lng_wgs84": 108.98871846596244, "lat_wgs84": 22.430048437845571, "type": "商务住宅;产业园区;产业园区", "typecode": "120100", "address": [ ], "pname": "广西壮族自治区", "cityname": "钦州市", "adname": "灵山县", "keyword_source": "工业园" }, "geometry": { "type": "Point", "coordinates": [ 108.988718465962435, 22.430048437845571 ] } },
{ "type": "Feature", "properties": { "poi_id": "B0MBAOANIH", "name": "佐蒙生态产业园", "lng": 109.254675, "lat": 22.383425, "lng_wgs84": 109.2504469447646, "lat_wgs84": 22.386319135647906, "type": "商务住宅;产业园区;产业园区", "typecode": "120100", "address": "灵城镇", "pname": "广西壮族自治区", "cityname": "钦州市", "adname": "灵山县", "keyword_source": "工业园" }, "geometry": { "type": "Point", "coordinates": [ 109.250446944764604, 22.386319135647906 ] } },
{ "type": "Feature", "properties": { "poi_id": "B0MBAK8SSU", "name": "中国(广西)自由贸易试验区钦州港片区钦州港自贸新城E期", "lng": 108.651725, "lat": 21.744225, "lng_wgs84": 108.64798493856723, "lat_wgs84": 21.747005693962755, "type": "商务住宅;产业园区;产业园区", "typecode": "120100", "address": "孔雀湾大道与孔雀大道交叉口东北40米", "pname": "广西壮族自治区", "cityname": "钦州市", "adname": "钦南区", "keyword_source": "工业园" }, "geometry": { "type": "Point", "coordinates": [ 108.647984938567234, 21.747005693962755 ] } },
{ "type": "Feature", "properties": { "poi_id": "B0MB1DVPQL", "name": "灵山国际汽车总部基地产业城", "lng": 109.243565, "lat": 22.374687, "lng_wgs84": 109.23934279200088, "lat_wgs84": 22.377579506762103, "type": "商务住宅;产业园区;产业园区", "typecode": "120100", "address": "江南路辅路与十里四路交叉口西南440米", "pname": "广西壮族自治区", "cityname": "钦州市", "adname": "灵山县", "keyword_source": "工业园" }, "geometry": { "type": "Point", "coordinates": [ 109.239342792000883, 22.377579506762103 ] } },
{ "type": "Feature", "properties": { "poi_id": "B0MANCQWEB", "name": "钦州市尖山物流园A座", "lng": 108.604775, "lat": 21.932125, "lng_wgs84": 108.60109564637052, "lat_wgs84": 21.935044644821591, "type": "商务住宅;产业园区;产业园区|商务住宅;楼宇;楼宇相关", "typecode": "120100|120200", "address": "北部湾大道与文峰南路交界处钦州市尖山物流园", "pname": "广西壮族自治区", "cityname": "钦州市", "adname": "钦南区", "keyword_source": "工业园" }, "geometry": { "type": "Point", "coordinates": [ 108.601095646370524, 21.935044644821591 ] } },
{ "type": "Feature", "properties": { "poi_id": "B0MACXY4CV", "name": "中马智慧园", "lng": 108.679539, "lat": 21.766716, "lng_wgs84": 108.67573319734788, "lat_wgs84": 21.769454286213623, "type": "商务住宅;产业园区;产业园区", "typecode": "120100", "address": "中马大街与锦绣大道交叉口东240米", "pname": "广西壮族自治区", "cityname": "钦州市", "adname": "钦南区", "keyword_source": "工业园" }, "geometry": { "type": "Point", "coordinates": [ 108.675733197347881, 21.769454286213623 ] } },
{ "type": "Feature", "properties": { "poi_id": "B0MA6LKZJW", "name": "中马红树林小区产业园", "lng": 108.664975, "lat": 21.760725, "lng_wgs84": 108.66120398522108, "lat_wgs84": 21.763488412211117, "type": "商务住宅;产业园区;产业园区", "typecode": "120100", "address": "中马南三街与友谊大道交叉口西北180米", "pname": "广西壮族自治区", "cityname": "钦州市", "adname": "钦南区", "keyword_source": "工业园" }, "geometry": { "type": "Point", "coordinates": [ 108.661203985221078, 21.763488412211117 ] } },
{ "type": "Feature", "properties": { "poi_id": "B0M6XHP0BH", "name": "钦州港中马产业园", "lng": 108.681325, "lat": 21.767575, "lng_wgs84": 108.67751494891024, "lat_wgs84": 21.770310298785521, "type": "商务住宅;产业园区;产业园区", "typecode": "120100", "address": "中马大街与S43宾钦高速交叉口北380米", "pname": "广西壮族自治区", "cityname": "钦州市", "adname": "钦南区", "keyword_source": "工业园" }, "geometry": { "type": "Point", "coordinates": [ 108.677514948910243, 21.770310298785521 ] } },
{ "type": "Feature", "properties": { "poi_id": "B0M6XDOYEQ", "name": "金鼓江作业区", "lng": 108.630875, "lat": 21.717975, "lng_wgs84": 108.62717652499616, "lat_wgs84": 21.72077686954735, "type": "商务住宅;产业园区;产业园区", "typecode": "120100", "address": [ ], "pname": "广西壮族自治区", "cityname": "钦州市", "adname": "钦南区", "keyword_source": "工业园" }, "geometry": { "type": "Point", "coordinates": [ 108.627176524996159, 21.72077686954735 ] } },
{ "type": "Feature", "properties": { "poi_id": "B0M6XCSKQA", "name": "大寺镇工业园", "lng": 108.440225, "lat": 22.136225, "lng_wgs84": 108.43619744954252, "lat_wgs84": 22.138901121828223, "type": "商务住宅;产业园区;产业园区", "typecode": "120100", "address": [ ], "pname": "广西壮族自治区", "cityname": "钦州市", "adname": "钦北区", "keyword_source": "工业园" }, "geometry": { "type": "Point", "coordinates": [ 108.436197449542519, 22.138901121828223 ] } },
{ "type": "Feature", "properties": { "poi_id": "B0M6VCK0J0", "name": "钦州市珠乡大健康产业园", "lng": 109.528925, "lat": 22.247325, "lng_wgs84": 109.52468744424461, "lat_wgs84": 22.250270540079939, "type": "商务住宅;产业园区;产业园区", "typecode": "120100", "address": [ ], "pname": "广西壮族自治区", "cityname": "钦州市", "adname": "浦北县", "keyword_source": "工业园" }, "geometry": { "type": "Point", "coordinates": [ 109.524687444244606, 22.250270540079939 ] } },
{ "type": "Feature", "properties": { "poi_id": "B0M6NRFAP9", "name": "十里工业园区", "lng": 109.235875, "lat": 22.378875, "lng_wgs84": 109.23165340789896, "lat_wgs84": 22.381765231856992, "type": "商务住宅;产业园区;产业园区", "typecode": "120100", "address": [ ], "pname": "广西壮族自治区", "cityname": "钦州市", "adname": "灵山县", "keyword_source": "工业园" }, "geometry": { "type": "Point", "coordinates": [ 109.23165340789896, 22.381765231856992 ] } },
{ "type": "Feature", "properties": { "poi_id": "B0M6NREZQ0", "name": "东风建材物流园", "lng": 109.567975, "lat": 22.268675, "lng_wgs84": 109.56381427739784, "lat_wgs84": 22.271707641680813, "type": "商务住宅;产业园区;产业园区", "typecode": "120100", "address": "359国道与浦东大道交叉口西100米", "pname": "广西壮族自治区", "cityname": "钦州市", "adname": "浦北县", "keyword_source": "工业园" }, "geometry": { "type": "Point", "coordinates": [ 109.563814277397839, 22.271707641680813 ] } },
{ "type": "Feature", "properties": { "poi_id": "B0M6N7EZ2L", "name": "十里工业园威龙工业区", "lng": 109.250875, "lat": 22.388575, "lng_wgs84": 109.24664906502947, "lat_wgs84": 22.391470305410703, "type": "商务住宅;产业园区;产业园区", "typecode": "120100", "address": "兴园路与十里二路交叉口北460米", "pname": "广西壮族自治区", "cityname": "钦州市", "adname": "灵山县", "keyword_source": "工业园" }, "geometry": { "type": "Point", "coordinates": [ 109.246649065029473, 22.391470305410703 ] } },
{ "type": "Feature", "properties": { "poi_id": "B0M67AWEKV", "name": "高新区二期电子医药产业园", "lng": 108.678475, "lat": 21.900375, "lng_wgs84": 108.67466511281944, "lat_wgs84": 21.903176500656372, "type": "商务住宅;产业园区;产业园区", "typecode": "120100", "address": "双创大道与桥坪街交叉口西北340米", "pname": "广西壮族自治区", "cityname": "钦州市", "adname": "钦南区", "keyword_source": "工业园" }, "geometry": { "type": "Point", "coordinates": [ 108.67466511281944, 21.903176500656372 ] } },
{ "type": "Feature", "properties": { "poi_id": "B0M65DI0W3", "name": "福旺工业区", "lng": 109.554075, "lat": 22.401475, "lng_wgs84": 109.549885938898, "lat_wgs84": 22.404512550985238, "type": "商务住宅;产业园区;产业园区", "typecode": "120100", "address": "207省道与G7212柳北高速出口交叉口西北380米", "pname": "广西壮族自治区", "cityname": "钦州市", "adname": "浦北县", "keyword_source": "工业园" }, "geometry": { "type": "Point", "coordinates": [ 109.549885938898001, 22.404512550985238 ] } },
{ "type": "Feature", "properties": { "poi_id": "B0M63C9P4X", "name": "皇马工业园三区", "lng": 108.636375, "lat": 22.088925, "lng_wgs84": 108.63264894467818, "lat_wgs84": 22.091888847195001, "type": "商务住宅;产业园区;产业园区", "typecode": "120100", "address": "福安街与长安路交叉口东60米", "pname": "广西壮族自治区", "cityname": "钦州市", "adname": "钦北区", "keyword_source": "工业园" }, "geometry": { "type": "Point", "coordinates": [ 108.632648944678181, 22.091888847195001 ] } },
{ "type": "Feature", "properties": { "poi_id": "B0M61ZGTCQ", "name": "广西钦州保税港区", "lng": 108.657325, "lat": 21.688875, "lng_wgs84": 108.65357517545785, "lat_wgs84": 21.691623522146912, "type": "商务住宅;产业园区;产业园区", "typecode": "120100", "address": [ ], "pname": "广西壮族自治区", "cityname": "钦州市", "adname": "钦南区", "keyword_source": "工业园" }, "geometry": { "type": "Point", "coordinates": [ 108.653575175457846, 21.691623522146912 ] } },
{ "type": "Feature", "properties": { "poi_id": "B0M2YB3TNX", "name": "陆阳新城农创园", "lng": 108.951696, "lat": 22.295137, "lng_wgs84": 108.94778770284201, "lat_wgs84": 22.298146913970939, "type": "商务住宅;产业园区;产业园区", "typecode": "120100", "address": "210省道与金华街交叉口西北40米", "pname": "广西壮族自治区", "cityname": "钦州市", "adname": "灵山县", "keyword_source": "工业园" }, "geometry": { "type": "Point", "coordinates": [ 108.947787702842007, 22.298146913970939 ] } },
{ "type": "Feature", "properties": { "poi_id": "B0M1Y5B26S", "name": "钦州港经济技术开发区", "lng": 108.601875, "lat": 21.737975, "lng_wgs84": 108.59820649247028, "lat_wgs84": 21.740806829241432, "type": "商务住宅;产业园区;产业园区", "typecode": "120100", "address": "海景二街与兴港路交叉口东20米", "pname": "广西壮族自治区", "cityname": "钦州市", "adname": "钦南区", "keyword_source": "工业园" }, "geometry": { "type": "Point", "coordinates": [ 108.598206492470283, 21.740806829241432 ] } },
{ "type": "Feature", "properties": { "poi_id": "B0M1PL5BEW", "name": "中马产业孔雀湾", "lng": 108.664275, "lat": 21.763025, "lng_wgs84": 108.66050551357364, "lat_wgs84": 21.765790718461918, "type": "商务住宅;产业园区;产业园区", "typecode": "120100", "address": "丹桂路与中马南三街交叉口东北280米", "pname": "广西壮族自治区", "cityname": "钦州市", "adname": "钦南区", "keyword_source": "工业园" }, "geometry": { "type": "Point", "coordinates": [ 108.660505513573639, 21.765790718461918 ] } },
{ "type": "Feature", "properties": { "poi_id": "B0M1PL53QA", "name": "钦州港自贸区", "lng": 108.651625, "lat": 21.744225, "lng_wgs84": 108.64788515639349, "lat_wgs84": 21.747005868767943, "type": "商务住宅;产业园区;产业园区", "typecode": "120100", "address": "孔雀湾大道辅路与乐业大街交叉口北40米", "pname": "广西壮族自治区", "cityname": "钦州市", "adname": "钦南区", "keyword_source": "工业园" }, "geometry": { "type": "Point", "coordinates": [ 108.647885156393485, 21.747005868767943 ] } },
{ "type": "Feature", "properties": { "poi_id": "B0M1L5LEIY", "name": "广西中马生物医药产业园10栋", "lng": 108.67705, "lat": 21.76085, "lng_wgs84": 108.67325037438827, "lat_wgs84": 21.763590478926144, "type": "商务住宅;产业园区;产业园区", "typecode": "120100", "address": "中马生物医药产业园", "pname": "广西壮族自治区", "cityname": "钦州市", "adname": "钦南区", "keyword_source": "工业园" }, "geometry": { "type": "Point", "coordinates": [ 108.673250374388275, 21.763590478926144 ] } },
{ "type": "Feature", "properties": { "poi_id": "B0M13SOSRA", "name": "威龙高新科技工业园1栋", "lng": 109.25445, "lat": 22.38625, "lng_wgs84": 109.2502219509211, "lat_wgs84": 22.38914458749581, "type": "商务住宅;产业园区;产业园区", "typecode": "120100", "address": "兴园路北侧威龙高新科技工业园", "pname": "广西壮族自治区", "cityname": "钦州市", "adname": "灵山县", "keyword_source": "工业园" }, "geometry": { "type": "Point", "coordinates": [ 109.250221950921102, 22.38914458749581 ] } },
{ "type": "Feature", "properties": { "poi_id": "B0LUY6QT1O", "name": "灵骏工业园", "lng": 109.248475, "lat": 22.380325, "lng_wgs84": 109.24425072357262, "lat_wgs84": 22.383219087652773, "type": "商务住宅;产业园区;产业园区", "typecode": "120100", "address": "十里四路与江南路辅路交叉口东北380米", "pname": "广西壮族自治区", "cityname": "钦州市", "adname": "灵山县", "keyword_source": "工业园" }, "geometry": { "type": "Point", "coordinates": [ 109.24425072357262, 22.383219087652773 ] } },
{ "type": "Feature", "properties": { "poi_id": "B0LUP53O8L", "name": "广西浦北供销社产业园", "lng": 109.505723, "lat": 21.977938, "lng_wgs84": 109.50143429539038, "lat_wgs84": 21.980706321108645, "type": "商务住宅;产业园区;产业园区", "typecode": "120100", "address": "安石镇解放路(安石财政所对面)", "pname": "广西壮族自治区", "cityname": "钦州市", "adname": "浦北县", "keyword_source": "工业园" }, "geometry": { "type": "Point", "coordinates": [ 109.501434295390382, 21.980706321108645 ] } },
{ "type": "Feature", "properties": { "poi_id": "B0LU2PPRBM", "name": "平陆运河企石枢纽工人产业园", "lng": 108.950526, "lat": 22.327925, "lng_wgs84": 108.94661933402016, "lat_wgs84": 22.330945113696568, "type": "商务住宅;产业园区;产业园区", "typecode": "120100", "address": "304县道东侧", "pname": "广西壮族自治区", "cityname": "钦州市", "adname": "灵山县", "keyword_source": "工业园" }, "geometry": { "type": "Point", "coordinates": [ 108.946619334020156, 22.330945113696568 ] } },
{ "type": "Feature", "properties": { "poi_id": "B0LRO1XAGD", "name": "钦州市钦南区区域性水稻产业中心", "lng": 108.640599, "lat": 21.849051, "lng_wgs84": 108.63687677693341, "lat_wgs84": 21.85189657623301, "type": "商务住宅;产业园区;产业园区", "typecode": "120100", "address": "龙泉路24号", "pname": "广西壮族自治区", "cityname": "钦州市", "adname": "钦南区", "keyword_source": "工业园" }, "geometry": { "type": "Point", "coordinates": [ 108.636876776933406, 21.85189657623301 ] } },
{ "type": "Feature", "properties": { "poi_id": "B0LRKMH9W9", "name": "宇欣科技园", "lng": 108.666775, "lat": 21.959975, "lng_wgs84": 108.6629899445644, "lat_wgs84": 21.962827221134571, "type": "商务住宅;产业园区;产业园区", "typecode": "120100", "address": "望州北路与马头庄街交叉口北120米", "pname": "广西壮族自治区", "cityname": "钦州市", "adname": "钦南区", "keyword_source": "工业园" }, "geometry": { "type": "Point", "coordinates": [ 108.662989944564401, 21.962827221134571 ] } },
{ "type": "Feature", "properties": { "poi_id": "B0LKNSQEJS", "name": "钦南临港创新发展中心", "lng": 108.719724, "lat": 21.825875, "lng_wgs84": 108.71583289071349, "lat_wgs84": 21.82857638219323, "type": "商务住宅;产业园区;产业园区", "typecode": "120100", "address": "大番坡镇金窝工业园临港大道西侧", "pname": "广西壮族自治区", "cityname": "钦州市", "adname": "钦南区", "keyword_source": "工业园" }, "geometry": { "type": "Point", "coordinates": [ 108.715832890713486, 21.82857638219323 ] } },
{ "type": "Feature", "properties": { "poi_id": "B0LKNSPKVL", "name": "星牧集团直播孵化基地", "lng": 109.277725, "lat": 22.393225, "lng_wgs84": 109.27346983835136, "lat_wgs84": 22.396106520601247, "type": "商务住宅;产业园区;产业园区|公司企业;公司;公司", "typecode": "120100|170200", "address": "江南路与鲤湾路交叉口东南440米", "pname": "广西壮族自治区", "cityname": "钦州市", "adname": "灵山县", "keyword_source": "工业园" }, "geometry": { "type": "Point", "coordinates": [ 109.27346983835136, 22.396106520601247 ] } },
{ "type": "Feature", "properties": { "poi_id": "B0LKA59P8P", "name": "农创园3期", "lng": 108.950025, "lat": 22.294225, "lng_wgs84": 108.94612145378515, "lat_wgs84": 22.297238175480476, "type": "商务住宅;产业园区;产业园区", "typecode": "120100", "address": "金华街与304县道交叉口西200米", "pname": "广西壮族自治区", "cityname": "钦州市", "adname": "灵山县", "keyword_source": "工业园" }, "geometry": { "type": "Point", "coordinates": [ 108.946121453785153, 22.297238175480476 ] } },
{ "type": "Feature", "properties": { "poi_id": "B0LK5RUHSE", "name": "浦北县电子商务产业园", "lng": 109.541675, "lat": 22.248625, "lng_wgs84": 109.53746872474528, "lat_wgs84": 22.251602965888338, "type": "商务住宅;产业园区;产业园区", "typecode": "120100", "address": "科园路与益顺街交叉口北220米", "pname": "广西壮族自治区", "cityname": "钦州市", "adname": "浦北县", "keyword_source": "工业园" }, "geometry": { "type": "Point", "coordinates": [ 109.537468724745281, 22.251602965888338 ] } },
{ "type": "Feature", "properties": { "poi_id": "B0LK079127", "name": "广西航讯市域产教联合体基地", "lng": 108.668312, "lat": 21.956151, "lng_wgs84": 108.66452349760596, "lat_wgs84": 21.958998475543005, "type": "商务住宅;产业园区;产业园区", "typecode": "120100", "address": "望州北路98号旭日园", "pname": "广西壮族自治区", "cityname": "钦州市", "adname": "钦南区", "keyword_source": "工业园" }, "geometry": { "type": "Point", "coordinates": [ 108.664523497605956, 21.958998475543005 ] } },
{ "type": "Feature", "properties": { "poi_id": "B0LGU5H5AQ", "name": "新动力综合物流园(内含仓储·大型停车场)", "lng": 108.661815, "lat": 21.707893, "lng_wgs84": 108.65805394492592, "lat_wgs84": 21.710640603965771, "type": "商务住宅;产业园区;产业园区", "typecode": "120100", "address": "八大街1号", "pname": "广西壮族自治区", "cityname": "钦州市", "adname": "钦南区", "keyword_source": "工业园" }, "geometry": { "type": "Point", "coordinates": [ 108.658053944925925, 21.710640603965771 ] } },
{ "type": "Feature", "properties": { "poi_id": "B0LGT7WU7T", "name": "华彩园区", "lng": 108.621108, "lat": 21.978211, "lng_wgs84": 108.6174111526929, "lat_wgs84": 21.981142319989221, "type": "商务住宅;产业园区;产业园区", "typecode": "120100", "address": "北营路与光明路交叉口东180米", "pname": "广西壮族自治区", "cityname": "钦州市", "adname": "钦北区", "keyword_source": "工业园" }, "geometry": { "type": "Point", "coordinates": [ 108.617411152692895, 21.981142319989221 ] } },
{ "type": "Feature", "properties": { "poi_id": "B0LGOS5476", "name": "北部湾(钦州)国际粮食加工产业园", "lng": 108.672538, "lat": 21.673554, "lng_wgs84": 108.6687533707817, "lat_wgs84": 21.676268134938187, "type": "商务住宅;产业园区;产业园区", "typecode": "120100", "address": "九大街与三号路交汇处东面", "pname": "广西壮族自治区", "cityname": "钦州市", "adname": "钦南区", "keyword_source": "工业园" }, "geometry": { "type": "Point", "coordinates": [ 108.668753370781701, 21.676268134938187 ] } },
{ "type": "Feature", "properties": { "poi_id": "B0LGFSP6N0", "name": "众森科技产业园", "lng": 108.687107, "lat": 21.906555, "lng_wgs84": 108.68327661900609, "lat_wgs84": 21.909343387655603, "type": "商务住宅;产业园区;产业园区", "typecode": "120100", "address": "大田街6号", "pname": "广西壮族自治区", "cityname": "钦州市", "adname": "钦南区", "keyword_source": "工业园" }, "geometry": { "type": "Point", "coordinates": [ 108.683276619006094, 21.909343387655603 ] } },
{ "type": "Feature", "properties": { "poi_id": "B0LG34607A", "name": "中国(广西)自由贸易试验区钦州港片区", "lng": 108.669541, "lat": 21.769427, "lng_wgs84": 108.66575878207613, "lat_wgs84": 21.772185479042498, "type": "商务住宅;产业园区;产业园区", "typecode": "120100", "address": "中马产业园区友谊大道88号", "pname": "广西壮族自治区", "cityname": "钦州市", "adname": "钦南区", "keyword_source": "工业园" }, "geometry": { "type": "Point", "coordinates": [ 108.665758782076125, 21.772185479042498 ] } },
{ "type": "Feature", "properties": { "poi_id": "B0LDZ9UAT8", "name": "钦保产业园二仓", "lng": 108.673775, "lat": 21.668575, "lng_wgs84": 108.66998767717598, "lat_wgs84": 21.671284942029601, "type": "商务住宅;产业园区;产业园区|公司企业;公司;公司", "typecode": "120100|170200", "address": [ ], "pname": "广西壮族自治区", "cityname": "钦州市", "adname": "钦南区", "keyword_source": "工业园" }, "geometry": { "type": "Point", "coordinates": [ 108.669987677175982, 21.671284942029601 ] } },
{ "type": "Feature", "properties": { "poi_id": "B0LDY6JAJD", "name": "南孵化基地", "lng": 109.534425, "lat": 22.254975, "lng_wgs84": 109.53020111860728, "lat_wgs84": 22.25793721467328, "type": "商务住宅;产业园区;产业园区", "typecode": "120100", "address": [ ], "pname": "广西壮族自治区", "cityname": "钦州市", "adname": "浦北县", "keyword_source": "工业园" }, "geometry": { "type": "Point", "coordinates": [ 109.53020111860728, 22.25793721467328 ] } },
{ "type": "Feature", "properties": { "poi_id": "B0LDRDCRXR", "name": "广西自贸区", "lng": 108.638125, "lat": 21.742375, "lng_wgs84": 108.63441265612521, "lat_wgs84": 21.745176937543519, "type": "商务住宅;产业园区;产业园区", "typecode": "120100", "address": [ ], "pname": "广西壮族自治区", "cityname": "钦州市", "adname": "钦南区", "keyword_source": "工业园" }, "geometry": { "type": "Point", "coordinates": [ 108.634412656125207, 21.745176937543519 ] } },
{ "type": "Feature", "properties": { "poi_id": "B0LDOAVRJH", "name": "广西钦南区人力资源服务产业园", "lng": 108.719643, "lat": 21.824987, "lng_wgs84": 108.71575206116933, "lat_wgs84": 21.82768806442381, "type": "商务住宅;产业园区;产业园区", "typecode": "120100", "address": "大番坡镇金窝金窝工业园金窝大街标准厂房钦南临港创新发展中心4楼", "pname": "广西壮族自治区", "cityname": "钦州市", "adname": "钦南区", "keyword_source": "工业园" }, "geometry": { "type": "Point", "coordinates": [ 108.715752061169326, 21.82768806442381 ] } },
{ "type": "Feature", "properties": { "poi_id": "B0LDMR4L2W", "name": "广西浦北县新浦现代渔业科技产业园", "lng": 109.488952, "lat": 21.888694, "lng_wgs84": 109.48461873354729, "lat_wgs84": 21.891369425859907, "type": "商务住宅;产业园区;产业园区", "typecode": "120100", "address": "解放东路1号", "pname": "广西壮族自治区", "cityname": "钦州市", "adname": "浦北县", "keyword_source": "工业园" }, "geometry": { "type": "Point", "coordinates": [ 109.484618733547293, 21.891369425859907 ] } },
{ "type": "Feature", "properties": { "poi_id": "B0LDLZNPOB", "name": "龙武荔香文创园", "lng": 109.20829, "lat": 22.383401, "lng_wgs84": 109.20405347205995, "lat_wgs84": 22.386264652829318, "type": "商务住宅;产业园区;产业园区", "typecode": "120100", "address": "312县道", "pname": "广西壮族自治区", "cityname": "钦州市", "adname": "灵山县", "keyword_source": "工业园" }, "geometry": { "type": "Point", "coordinates": [ 109.204053472059954, 22.386264652829318 ] } },
{ "type": "Feature", "properties": { "poi_id": "B0LDLNLGXI", "name": "六峰文创园", "lng": 109.288739, "lat": 22.41649, "lng_wgs84": 109.28446325496648, "lat_wgs84": 22.419361324287379, "type": "商务住宅;产业园区;产业园区", "typecode": "120100", "address": "六峰路与环秀路交叉口西80米", "pname": "广西壮族自治区", "cityname": "钦州市", "adname": "灵山县", "keyword_source": "工业园" }, "geometry": { "type": "Point", "coordinates": [ 109.284463254966482, 22.419361324287379 ] } },
{ "type": "Feature", "properties": { "poi_id": "B0LD9NXVW0", "name": "十里土业园集中区", "lng": 109.247375, "lat": 22.381125, "lng_wgs84": 109.24315116016578, "lat_wgs84": 22.384019129380331, "type": "商务住宅;产业园区;产业园区", "typecode": "120100", "address": "十里四路与江南路辅路交叉口北420米", "pname": "广西壮族自治区", "cityname": "钦州市", "adname": "灵山县", "keyword_source": "工业园" }, "geometry": { "type": "Point", "coordinates": [ 109.24315116016578, 22.384019129380331 ] } },
{ "type": "Feature", "properties": { "poi_id": "B0LD46HMIY", "name": "灵山县农创园18栋", "lng": 108.951725, "lat": 22.293175, "lng_wgs84": 108.94781672040952, "lat_wgs84": 22.296184349586561, "type": "商务住宅;产业园区;产业园区", "typecode": "120100", "address": "304县道与规划路交叉口西北60米", "pname": "广西壮族自治区", "cityname": "钦州市", "adname": "灵山县", "keyword_source": "工业园" }, "geometry": { "type": "Point", "coordinates": [ 108.94781672040952, 22.296184349586561 ] } },
{ "type": "Feature", "properties": { "poi_id": "B0LD39O8WV", "name": "乐民工业园区", "lng": 109.564303, "lat": 22.592635, "lng_wgs84": 109.5601200680686, "lat_wgs84": 22.595689337414701, "type": "商务住宅;产业园区;产业园区", "typecode": "120100", "address": "324国道北侧", "pname": "广西壮族自治区", "cityname": "钦州市", "adname": "浦北县", "keyword_source": "工业园" }, "geometry": { "type": "Point", "coordinates": [ 109.560120068068599, 22.595689337414701 ] } },
{ "type": "Feature", "properties": { "poi_id": "B0LBLLQSWF", "name": "机电小镇", "lng": 108.889475, "lat": 22.284225, "lng_wgs84": 108.8856569187958, "lat_wgs84": 22.287283404785398, "type": "商务住宅;产业园区;产业园区|商务住宅;住宅区;住宅小区", "typecode": "120100|120302", "address": [ ], "pname": "广西壮族自治区", "cityname": "钦州市", "adname": "灵山县", "keyword_source": "工业园" }, "geometry": { "type": "Point", "coordinates": [ 108.885656918795803, 22.287283404785398 ] } },
{ "type": "Feature", "properties": { "poi_id": "B0LBLCJT7W", "name": "钦南区盛鹏产业园", "lng": 108.586475, "lat": 21.962475, "lng_wgs84": 108.58279654903352, "lat_wgs84": 21.965407333344825, "type": "商务住宅;产业园区;产业园区", "typecode": "120100", "address": "西环北路辅路与民族路交叉口西南180米", "pname": "广西壮族自治区", "cityname": "钦州市", "adname": "钦南区", "keyword_source": "工业园" }, "geometry": { "type": "Point", "coordinates": [ 108.582796549033517, 21.965407333344825 ] } },
{ "type": "Feature", "properties": { "poi_id": "B0LAMD32V7", "name": "石化产业园末站", "lng": 108.597667, "lat": 21.753712, "lng_wgs84": 108.59399913200924, "lat_wgs84": 21.756550783455157, "type": "商务住宅;产业园区;产业园区", "typecode": "120100", "address": "龙泾大道与益民街交叉口南200米", "pname": "广西壮族自治区", "cityname": "钦州市", "adname": "钦南区", "keyword_source": "工业园" }, "geometry": { "type": "Point", "coordinates": [ 108.593999132009245, 21.756550783455157 ] } },
{ "type": "Feature", "properties": { "poi_id": "B0LAGUQMCZ", "name": "众联电商创业园", "lng": 109.53507, "lat": 22.253422, "lng_wgs84": 109.53084780134051, "lat_wgs84": 22.256385382362588, "type": "商务住宅;产业园区;产业园区", "typecode": "120100", "address": [ ], "pname": "广西壮族自治区", "cityname": "钦州市", "adname": "浦北县", "keyword_source": "工业园" }, "geometry": { "type": "Point", "coordinates": [ 109.530847801340514, 22.256385382362588 ] } },
{ "type": "Feature", "properties": { "poi_id": "B0LADC66XG", "name": "宝星科技产业园", "lng": 108.701825, "lat": 21.935875, "lng_wgs84": 108.69796094337052, "lat_wgs84": 21.93865225892425, "type": "商务住宅;产业园区;产业园区", "typecode": "120100", "address": [ ], "pname": "广西壮族自治区", "cityname": "钦州市", "adname": "钦南区", "keyword_source": "工业园" }, "geometry": { "type": "Point", "coordinates": [ 108.697960943370518, 21.93865225892425 ] } },
{ "type": "Feature", "properties": { "poi_id": "B0L69985NG", "name": "瑞基·电商城", "lng": 109.233269, "lat": 22.164276, "lng_wgs84": 109.22905864624056, "lat_wgs84": 22.1671053245514, "type": "商务住宅;产业园区;产业园区", "typecode": "120100", "address": "209国道与长安路交叉口北40米", "pname": "广西壮族自治区", "cityname": "钦州市", "adname": "灵山县", "keyword_source": "工业园" }, "geometry": { "type": "Point", "coordinates": [ 109.22905864624056, 22.1671053245514 ] } },
{ "type": "Feature", "properties": { "poi_id": "B0L3HOD4LY", "name": "川桂国际产能合作产业园1期", "lng": 108.664775, "lat": 21.757575, "lng_wgs84": 108.66100460878071, "lat_wgs84": 21.76033744627491, "type": "商务住宅;产业园区;产业园区", "typecode": "120100", "address": "中马南四街与友谊大道交叉口西北140米", "pname": "广西壮族自治区", "cityname": "钦州市", "adname": "钦南区", "keyword_source": "工业园" }, "geometry": { "type": "Point", "coordinates": [ 108.661004608780715, 21.76033744627491 ] } },
{ "type": "Feature", "properties": { "poi_id": "B0L3H583UO", "name": "康熙岭镇乡村振兴产业园", "lng": 108.564387, "lat": 21.956104, "lng_wgs84": 108.56068977782373, "lat_wgs84": 21.959011201987984, "type": "商务住宅;产业园区;产业园区", "typecode": "120100", "address": "南环路辅路与西环路交叉口北280米", "pname": "广西壮族自治区", "cityname": "钦州市", "adname": "钦南区", "keyword_source": "工业园" }, "geometry": { "type": "Point", "coordinates": [ 108.560689777823725, 21.959011201987984 ] } },
{ "type": "Feature", "properties": { "poi_id": "B0L3AZPWOH", "name": "川桂国际产能合作产业园A5栋", "lng": 108.664775, "lat": 21.757575, "lng_wgs84": 108.66100460878071, "lat_wgs84": 21.76033744627491, "type": "商务住宅;产业园区;产业园区", "typecode": "120100", "address": "中马南四街与友谊大道交叉口西北140米", "pname": "广西壮族自治区", "cityname": "钦州市", "adname": "钦南区", "keyword_source": "工业园" }, "geometry": { "type": "Point", "coordinates": [ 108.661004608780715, 21.76033744627491 ] } },
{ "type": "Feature", "properties": { "poi_id": "B0L3ASTAI0", "name": "华山农场公司龙眼示范园区", "lng": 109.258675, "lat": 22.173725, "lng_wgs84": 109.25445503354432, "lat_wgs84": 22.176561581128777, "type": "公司企业;公司企业;公司企业|商务住宅;产业园区;产业园区", "typecode": "170000|120100", "address": [ ], "pname": "广西壮族自治区", "cityname": "钦州市", "adname": "灵山县", "keyword_source": "工业园" }, "geometry": { "type": "Point", "coordinates": [ 109.254455033544318, 22.176561581128777 ] } },
{ "type": "Feature", "properties": { "poi_id": "B0L3AOY5KH", "name": "张黄家居产业园", "lng": 109.458177, "lat": 21.969166, "lng_wgs84": 109.4537595395048, "lat_wgs84": 21.971796514325519, "type": "商务住宅;产业园区;产业园区", "typecode": "120100", "address": [ ], "pname": "广西壮族自治区", "cityname": "钦州市", "adname": "浦北县", "keyword_source": "工业园" }, "geometry": { "type": "Point", "coordinates": [ 109.453759539504802, 21.971796514325519 ] } },
{ "type": "Feature", "properties": { "poi_id": "B0L39RSY1B", "name": "钦州综合保税区棉纺产业园", "lng": 108.670437, "lat": 21.676479, "lng_wgs84": 108.66665721376884, "lat_wgs84": 21.679198230073322, "type": "商务住宅;产业园区;产业园区", "typecode": "120100", "address": [ ], "pname": "广西壮族自治区", "cityname": "钦州市", "adname": "钦南区", "keyword_source": "工业园" }, "geometry": { "type": "Point", "coordinates": [ 108.666657213768843, 21.679198230073322 ] } },
{ "type": "Feature", "properties": { "poi_id": "B0L29XSYA0", "name": "河东工业园区黎合江工业园", "lng": 108.701975, "lat": 21.944775, "lng_wgs84": 108.69811019131356, "lat_wgs84": 21.94755627487427, "type": "商务住宅;产业园区;产业园区", "typecode": "120100", "address": "234县道东南30米", "pname": "广西壮族自治区", "cityname": "钦州市", "adname": "钦南区", "keyword_source": "工业园" }, "geometry": { "type": "Point", "coordinates": [ 108.69811019131356, 21.94755627487427 ] } },
{ "type": "Feature", "properties": { "poi_id": "B0L1YPDY3B", "name": "十里工业园区大潮江片区A地块", "lng": 109.241225, "lat": 22.377475, "lng_wgs84": 109.23700314493168, "lat_wgs84": 22.380367286409427, "type": "商务住宅;产业园区;产业园区", "typecode": "120100", "address": [ ], "pname": "广西壮族自治区", "cityname": "钦州市", "adname": "灵山县", "keyword_source": "工业园" }, "geometry": { "type": "Point", "coordinates": [ 109.237003144931677, 22.380367286409427 ] } },
{ "type": "Feature", "properties": { "poi_id": "B0L1UY2CCR", "name": "钦州港自贸新城B区", "lng": 108.66426, "lat": 21.734703, "lng_wgs84": 108.66049193550046, "lat_wgs84": 21.737456833260293, "type": "商务住宅;产业园区;产业园区", "typecode": "120100", "address": "大榄坪大街与友谊大道交叉口东北500米", "pname": "广西壮族自治区", "cityname": "钦州市", "adname": "钦南区", "keyword_source": "工业园" }, "geometry": { "type": "Point", "coordinates": [ 108.66049193550046, 21.737456833260293 ] } },
{ "type": "Feature", "properties": { "poi_id": "B0L1C9667Z", "name": "北部湾林木产业园", "lng": 108.440326, "lat": 22.137433, "lng_wgs84": 108.43629856658764, "lat_wgs84": 22.140109779919253, "type": "商务住宅;产业园区;产业园区", "typecode": "120100", "address": [ ], "pname": "广西壮族自治区", "cityname": "钦州市", "adname": "钦北区", "keyword_source": "工业园" }, "geometry": { "type": "Point", "coordinates": [ 108.436298566587638, 22.140109779919253 ] } },
{ "type": "Feature", "properties": { "poi_id": "B0L0O9JNVB", "name": "皇马工业园4区", "lng": 108.636383, "lat": 22.082625, "lng_wgs84": 108.6326572397406, "lat_wgs84": 22.085586085017152, "type": "商务住宅;产业园区;产业园区", "typecode": "120100", "address": "长安路与纱帽大道交叉口南20米", "pname": "广西壮族自治区", "cityname": "钦州市", "adname": "钦北区", "keyword_source": "工业园" }, "geometry": { "type": "Point", "coordinates": [ 108.632657239740595, 22.085586085017152 ] } },
{ "type": "Feature", "properties": { "poi_id": "B0L0CCZL7N", "name": "自由贸易试验区", "lng": 108.657225, "lat": 21.734575, "lng_wgs84": 108.65347317288052, "lat_wgs84": 21.737341852534399, "type": "商务住宅;产业园区;产业园区", "typecode": "120100", "address": "大榄坪大街辅路与191乡道交叉口东南260米", "pname": "广西壮族自治区", "cityname": "钦州市", "adname": "钦南区", "keyword_source": "工业园" }, "geometry": { "type": "Point", "coordinates": [ 108.653473172880524, 21.737341852534399 ] } },
{ "type": "Feature", "properties": { "poi_id": "B0KK219GVH", "name": "钦州智汇谷科技园", "lng": 108.629291, "lat": 21.935232, "lng_wgs84": 108.62558451636788, "lat_wgs84": 21.938133982042, "type": "商务住宅;产业园区;产业园区", "typecode": "120100", "address": "安州大道与支一路交叉口西南80米", "pname": "广西壮族自治区", "cityname": "钦州市", "adname": "钦南区", "keyword_source": "工业园" }, "geometry": { "type": "Point", "coordinates": [ 108.62558451636788, 21.938133982042 ] } },
{ "type": "Feature", "properties": { "poi_id": "B0KACHSZN6", "name": "金窝工业园", "lng": 108.718337, "lat": 21.821657, "lng_wgs84": 108.71444828942364, "lat_wgs84": 21.824357997008601, "type": "商务住宅;产业园区;产业园区", "typecode": "120100", "address": "242国道", "pname": "广西壮族自治区", "cityname": "钦州市", "adname": "钦南区", "keyword_source": "工业园" }, "geometry": { "type": "Point", "coordinates": [ 108.714448289423643, 21.824357997008601 ] } },
{ "type": "Feature", "properties": { "poi_id": "B0K1RCUZER", "name": "众石物流园", "lng": 108.677352, "lat": 21.671851, "lng_wgs84": 108.67355603146994, "lat_wgs84": 21.674555339045149, "type": "生活服务;物流速递;物流仓储场地", "typecode": "070501", "address": "钦州保税港区双胞胎生物科技有限公司东侧230米", "pname": "广西壮族自治区", "cityname": "钦州市", "adname": "钦南区", "keyword_source": "工业园" }, "geometry": { "type": "Point", "coordinates": [ 108.673556031469943, 21.674555339045149 ] } },
{ "type": "Feature", "properties": { "poi_id": "B0JBSSNCR8", "name": "中交二航局", "lng": 108.947475, "lat": 22.458025, "lng_wgs84": 108.94357004799704, "lat_wgs84": 22.461068805726043, "type": "商务住宅;产业园区;产业园区", "typecode": "120100", "address": "304县道", "pname": "广西壮族自治区", "cityname": "钦州市", "adname": "灵山县", "keyword_source": "工业园" }, "geometry": { "type": "Point", "coordinates": [ 108.943570047997042, 22.461068805726043 ] } },
{ "type": "Feature", "properties": { "poi_id": "B0KD6SFZHM", "name": "中交四航局平陆运河青年枢纽工人产业园(建设中)", "lng": 108.670174, "lat": 22.009449, "lng_wgs84": 108.6663784417276, "lat_wgs84": 22.012318143812752, "type": "商务住宅;产业园区;产业园区", "typecode": "120100", "address": [ ], "pname": "广西壮族自治区", "cityname": "钦州市", "adname": "钦南区", "keyword_source": "工业园" }, "geometry": { "type": "Point", "coordinates": [ 108.666378441727602, 22.012318143812752 ] } },
{ "type": "Feature", "properties": { "poi_id": "B0KBPZSEG5", "name": "马来西亚创新企业产业园(建设中)", "lng": 108.696912, "lat": 21.794826, "lng_wgs84": 108.69306529112656, "lat_wgs84": 21.797545394730481, "type": "商务住宅;产业园区;产业园区", "typecode": "120100", "address": "马莱大道与S43六钦高速入口交叉口东北440米", "pname": "广西壮族自治区", "cityname": "钦州市", "adname": "钦南区", "keyword_source": "工业园" }, "geometry": { "type": "Point", "coordinates": [ 108.693065291126558, 21.797545394730481 ] } },
{ "type": "Feature", "properties": { "poi_id": "B0K6OSW69E", "name": "和邦盛世家居工业产业园(建设中)", "lng": 109.222155, "lat": 22.341886, "lng_wgs84": 109.21793131174049, "lat_wgs84": 22.344759197528862, "type": "商务住宅;产业园区;产业园区", "typecode": "120100", "address": "312省道与051乡道交叉口西360米", "pname": "广西壮族自治区", "cityname": "钦州市", "adname": "灵山县", "keyword_source": "工业园" }, "geometry": { "type": "Point", "coordinates": [ 109.217931311740486, 22.344759197528862 ] } },
{ "type": "Feature", "properties": { "poi_id": "B0JB31GL9E", "name": "大众创业基地", "lng": 109.281743, "lat": 22.403284, "lng_wgs84": 109.27748069088766, "lat_wgs84": 22.406162500075165, "type": "商务住宅;产业园区;产业园区", "typecode": "120100", "address": "江南路与地税局侧路交叉口北140米", "pname": "广西壮族自治区", "cityname": "钦州市", "adname": "灵山县", "keyword_source": "工业园" }, "geometry": { "type": "Point", "coordinates": [ 109.277480690887657, 22.406162500075165 ] } },
{ "type": "Feature", "properties": { "poi_id": "B0J6SU3LFY", "name": "富源科技园", "lng": 108.680702, "lat": 21.904448, "lng_wgs84": 108.67688665085608, "lat_wgs84": 21.90724724056987, "type": "商务住宅;产业园区;产业园区", "typecode": "120100", "address": "高新科技产业园南环路北面", "pname": "广西壮族自治区", "cityname": "钦州市", "adname": "钦南区", "keyword_source": "工业园" }, "geometry": { "type": "Point", "coordinates": [ 108.676886650856076, 21.90724724056987 ] } },
{ "type": "Feature", "properties": { "poi_id": "B0J2YAK00T", "name": "广西中马生物医药产业园", "lng": 108.678081, "lat": 21.76059, "lng_wgs84": 108.6742789451129, "lat_wgs84": 21.763328413013497, "type": "商务住宅;产业园区;产业园区", "typecode": "120100", "address": "中马南一街与锦绣大道交叉口东南160米", "pname": "广西壮族自治区", "cityname": "钦州市", "adname": "钦南区", "keyword_source": "工业园" }, "geometry": { "type": "Point", "coordinates": [ 108.674278945112903, 21.763328413013497 ] } },
{ "type": "Feature", "properties": { "poi_id": "B0J10RCLZ4", "name": "台湾中小企业园区", "lng": 108.690283, "lat": 21.786488, "lng_wgs84": 108.68645133106725, "lat_wgs84": 21.789215146330125, "type": "商务住宅;产业园区;产业园区", "typecode": "120100", "address": "中马钦州产业园区锦绣大道东面云顶大街北面", "pname": "广西壮族自治区", "cityname": "钦州市", "adname": "钦南区", "keyword_source": "工业园" }, "geometry": { "type": "Point", "coordinates": [ 108.686451331067246, 21.789215146330125 ] } },
{ "type": "Feature", "properties": { "poi_id": "B0IUZD492U", "name": "骏升科技产业园", "lng": 108.666839, "lat": 21.957916, "lng_wgs84": 108.66305389510993, "lat_wgs84": 21.960767118111971, "type": "商务住宅;产业园区;产业园区", "typecode": "120100", "address": "望州北路与马头庄街交叉口南100米", "pname": "广西壮族自治区", "cityname": "钦州市", "adname": "钦南区", "keyword_source": "工业园" }, "geometry": { "type": "Point", "coordinates": [ 108.663053895109925, 21.960767118111971 ] } },
{ "type": "Feature", "properties": { "poi_id": "B0IKYCCY9G", "name": "广西钦州中马产业园微生物产业园", "lng": 108.689482, "lat": 21.784775, "lng_wgs84": 108.68565222862928, "lat_wgs84": 21.787502820410751, "type": "商务住宅;产业园区;产业园区", "typecode": "120100", "address": "金窝服务区与S43宾钦高速交叉口北280米", "pname": "广西壮族自治区", "cityname": "钦州市", "adname": "钦南区", "keyword_source": "工业园" }, "geometry": { "type": "Point", "coordinates": [ 108.68565222862928, 21.787502820410751 ] } },
{ "type": "Feature", "properties": { "poi_id": "B0IKFSZJ11", "name": "钦州跨境贸易电子商务产业园", "lng": 108.65595, "lat": 21.689537, "lng_wgs84": 108.65220324705008, "lat_wgs84": 21.692288273083609, "type": "商务住宅;产业园区;产业园区", "typecode": "120100", "address": [ ], "pname": "广西壮族自治区", "cityname": "钦州市", "adname": "钦南区", "keyword_source": "工业园" }, "geometry": { "type": "Point", "coordinates": [ 108.652203247050082, 21.692288273083609 ] } },
{ "type": "Feature", "properties": { "poi_id": "B0IB2RZ5TU", "name": "川桂国际产能合作产业园", "lng": 108.664059, "lat": 21.758084, "lng_wgs84": 108.66029026123924, "lat_wgs84": 21.760848013958999, "type": "商务住宅;产业园区;产业园区", "typecode": "120100", "address": "中马南四街与友谊大道交叉口西北约220米", "pname": "广西壮族自治区", "cityname": "钦州市", "adname": "钦南区", "keyword_source": "工业园" }, "geometry": { "type": "Point", "coordinates": [ 108.66029026123924, 21.760848013958999 ] } },
{ "type": "Feature", "properties": { "poi_id": "B0I17SQ1JR", "name": "中国(广西)自由贸易试验区钦州港片区大健康产业孵化器", "lng": 108.679261, "lat": 21.764207, "lng_wgs84": 108.67545597724452, "lat_wgs84": 21.766944731636361, "type": "商务住宅;产业园区;产业园区", "typecode": "120100", "address": "中马大街2号", "pname": "广西壮族自治区", "cityname": "钦州市", "adname": "钦南区", "keyword_source": "工业园" }, "geometry": { "type": "Point", "coordinates": [ 108.675455977244525, 21.766944731636361 ] } },
{ "type": "Feature", "properties": { "poi_id": "B0I0571G3L", "name": "浦北陈皮产业园(建设中)", "lng": 109.480942, "lat": 22.188179, "lng_wgs84": 109.47656970184626, "lat_wgs84": 22.19096409673211, "type": "商务住宅;产业园区;产业园区", "typecode": "120100", "address": [ ], "pname": "广西壮族自治区", "cityname": "钦州市", "adname": "浦北县", "keyword_source": "工业园" }, "geometry": { "type": "Point", "coordinates": [ 109.476569701846259, 22.19096409673211 ] } },
{ "type": "Feature", "properties": { "poi_id": "B0HGXCZ0Q6", "name": "浦北智大产业园", "lng": 109.536542, "lat": 22.248111, "lng_wgs84": 109.53232369208058, "lat_wgs84": 22.251076456201218, "type": "商务住宅;产业园区;产业园区", "typecode": "120100", "address": "浦北县工业园横四路", "pname": "广西壮族自治区", "cityname": "钦州市", "adname": "浦北县", "keyword_source": "工业园" }, "geometry": { "type": "Point", "coordinates": [ 109.532323692080581, 22.251076456201218 ] } },
{ "type": "Feature", "properties": { "poi_id": "B0HDDA8XFM", "name": "融世通上钦大健康综合产业基地", "lng": 108.250446, "lat": 22.128468, "lng_wgs84": 108.24656730384172, "lat_wgs84": 22.13129516656404, "type": "商务住宅;产业园区;产业园区", "typecode": "120100", "address": "贵台镇洞利(旧二级公路收费站)", "pname": "广西壮族自治区", "cityname": "钦州市", "adname": "钦北区", "keyword_source": "工业园" }, "geometry": { "type": "Point", "coordinates": [ 108.246567303841715, 22.13129516656404 ] } },
{ "type": "Feature", "properties": { "poi_id": "B0GKYAHLM6", "name": "西牛皮防水(钦州)科技园", "lng": 108.731841, "lat": 21.835767, "lng_wgs84": 108.72793305814984, "lat_wgs84": 21.838462137465601, "type": "商务住宅;产业园区;产业园区", "typecode": "120100", "address": "金窝工业园", "pname": "广西壮族自治区", "cityname": "钦州市", "adname": "钦南区", "keyword_source": "工业园" }, "geometry": { "type": "Point", "coordinates": [ 108.727933058149844, 21.838462137465601 ] } },
{ "type": "Feature", "properties": { "poi_id": "B0G3JA3I2A", "name": "灵山县三科创业孵化基地", "lng": 109.265744, "lat": 22.411303, "lng_wgs84": 109.26150419408128, "lat_wgs84": 22.414196404395248, "type": "商务住宅;产业园区;产业园区", "typecode": "120100", "address": "灵城镇三科创业孵化基地A区二楼B4-112室", "pname": "广西壮族自治区", "cityname": "钦州市", "adname": "灵山县", "keyword_source": "工业园" }, "geometry": { "type": "Point", "coordinates": [ 109.261504194081283, 22.414196404395248 ] } },
{ "type": "Feature", "properties": { "poi_id": "B0G1JA7JHT", "name": "广西竣景科技孵化园", "lng": 108.634906, "lat": 22.036701, "lng_wgs84": 108.63118513890583, "lat_wgs84": 22.039643522416565, "type": "商务住宅;产业园区;产业园区", "typecode": "120100", "address": "皇马工业园一区", "pname": "广西壮族自治区", "cityname": "钦州市", "adname": "钦北区", "keyword_source": "工业园" }, "geometry": { "type": "Point", "coordinates": [ 108.631185138905835, 22.039643522416565 ] } },
{ "type": "Feature", "properties": { "poi_id": "B0FFMH0B7Y", "name": "电子信息产业基地", "lng": 108.674521, "lat": 21.765004, "lng_wgs84": 108.67072717269654, "lat_wgs84": 21.767751071179489, "type": "商务住宅;产业园区;产业园区", "typecode": "120100", "address": "锦绣大道与中马大街交叉口西240米", "pname": "广西壮族自治区", "cityname": "钦州市", "adname": "钦南区", "keyword_source": "工业园" }, "geometry": { "type": "Point", "coordinates": [ 108.670727172696544, 21.767751071179489 ] } },
{ "type": "Feature", "properties": { "poi_id": "B0FFMG1E10", "name": "那丽产业园", "lng": 108.768132, "lat": 21.887288, "lng_wgs84": 108.76420592657404, "lat_wgs84": 21.890006995500173, "type": "商务住宅;产业园区;产业园区", "typecode": "120100", "address": "林港大道与325国道交叉口东20米", "pname": "广西壮族自治区", "cityname": "钦州市", "adname": "钦南区", "keyword_source": "工业园" }, "geometry": { "type": "Point", "coordinates": [ 108.764205926574036, 21.890006995500173 ] } },
{ "type": "Feature", "properties": { "poi_id": "B0FFMAJ6AJ", "name": "寨圩健展产业园", "lng": 109.646112, "lat": 22.57615, "lng_wgs84": 109.64189516160988, "lat_wgs84": 22.579186753700625, "type": "商务住宅;产业园区;产业园区", "typecode": "120100", "address": "324国道与G7212柳北高速入口交叉口北440米", "pname": "广西壮族自治区", "cityname": "钦州市", "adname": "浦北县", "keyword_source": "工业园" }, "geometry": { "type": "Point", "coordinates": [ 109.641895161609881, 22.579186753700625 ] } },
{ "type": "Feature", "properties": { "poi_id": "B0FFLPHGYI", "name": "广西满帮物流公路港", "lng": 108.670408, "lat": 21.895112, "lng_wgs84": 108.66661753899672, "lat_wgs84": 21.8979263591083, "type": "商务住宅;产业园区;产业园区", "typecode": "120100", "address": "沙埠镇钦州航盛二手车交易有限公司对面", "pname": "广西壮族自治区", "cityname": "钦州市", "adname": "钦南区", "keyword_source": "工业园" }, "geometry": { "type": "Point", "coordinates": [ 108.666617538996718, 21.8979263591083 ] } },
{ "type": "Feature", "properties": { "poi_id": "B0FFLDDOCH", "name": "浦北县创业孵化基地", "lng": 109.549287, "lat": 22.269666, "lng_wgs84": 109.54509586886267, "lat_wgs84": 22.272666926070663, "type": "商务住宅;产业园区;产业园区", "typecode": "120100", "address": "小江镇工贸小区隔壁", "pname": "广西壮族自治区", "cityname": "钦州市", "adname": "浦北县", "keyword_source": "工业园" }, "geometry": { "type": "Point", "coordinates": [ 109.545095868862674, 22.272666926070663 ] } },
{ "type": "Feature", "properties": { "poi_id": "B0FFLCOZM9", "name": "钦州汇骏产业园", "lng": 108.440294, "lat": 22.136214, "lng_wgs84": 108.43626657223436, "lat_wgs84": 22.13889023283139, "type": "商务住宅;产业园区;产业园区", "typecode": "120100", "address": "那前小学西南侧240米", "pname": "广西壮族自治区", "cityname": "钦州市", "adname": "钦北区", "keyword_source": "工业园" }, "geometry": { "type": "Point", "coordinates": [ 108.436266572234359, 22.13889023283139 ] } },
{ "type": "Feature", "properties": { "poi_id": "B0FFLAWFNJ", "name": "广西浦北县农民工创业园", "lng": 109.533792, "lat": 22.234725, "lng_wgs84": 109.52956762706528, "lat_wgs84": 22.23767934054138, "type": "商务住宅;产业园区;产业园区", "typecode": "120100", "address": [ ], "pname": "广西壮族自治区", "cityname": "钦州市", "adname": "浦北县", "keyword_source": "工业园" }, "geometry": { "type": "Point", "coordinates": [ 109.529567627065276, 22.23767934054138 ] } },
{ "type": "Feature", "properties": { "poi_id": "B0FFL9NV2N", "name": "广西自由贸易试验区钦州港片区", "lng": 108.649742, "lat": 21.689201, "lng_wgs84": 108.64600890100388, "lat_wgs84": 21.691963100582104, "type": "商务住宅;产业园区;产业园区", "typecode": "120100", "address": "八大街", "pname": "广西壮族自治区", "cityname": "钦州市", "adname": "钦南区", "keyword_source": "工业园" }, "geometry": { "type": "Point", "coordinates": [ 108.646008901003881, 21.691963100582104 ] } },
{ "type": "Feature", "properties": { "poi_id": "B0FFL1IF9J", "name": "钦北经济技术开发区", "lng": 108.634037, "lat": 22.036534, "lng_wgs84": 108.63031767171556, "lat_wgs84": 22.039477635430725, "type": "商务住宅;产业园区;产业园区", "typecode": "120100", "address": "325国道东侧", "pname": "广西壮族自治区", "cityname": "钦州市", "adname": "钦北区", "keyword_source": "工业园" }, "geometry": { "type": "Point", "coordinates": [ 108.630317671715559, 22.039477635430725 ] } },
{ "type": "Feature", "properties": { "poi_id": "B0FFKWMC80", "name": "中盟新能源产业园(建设中)", "lng": 108.691309, "lat": 21.792205, "lng_wgs84": 108.68747473900088, "lat_wgs84": 21.794932857728892, "type": "商务住宅;产业园区;产业园区", "typecode": "120100", "address": "S43六钦高速入口与马莱大道交叉口西280米", "pname": "广西壮族自治区", "cityname": "钦州市", "adname": "钦南区", "keyword_source": "工业园" }, "geometry": { "type": "Point", "coordinates": [ 108.687474739000876, 21.794932857728892 ] } },
{ "type": "Feature", "properties": { "poi_id": "B0FFKV45G7", "name": "钦州华为数字小镇", "lng": 108.669504, "lat": 21.956416, "lng_wgs84": 108.66571265772821, "lat_wgs84": 21.959261330733948, "type": "商务住宅;产业园区;产业园区", "typecode": "120100", "address": "沙埠镇钦州高新技术产业开发区绿州北路", "pname": "广西壮族自治区", "cityname": "钦州市", "adname": "钦南区", "keyword_source": "工业园" }, "geometry": { "type": "Point", "coordinates": [ 108.665712657728207, 21.959261330733948 ] } },
{ "type": "Feature", "properties": { "poi_id": "B0FFKEAWGF", "name": "陆屋农创园(建设中)", "lng": 108.951517, "lat": 22.291998, "lng_wgs84": 108.94760937216438, "lat_wgs84": 22.295007486449748, "type": "商务住宅;产业园区;产业园区", "typecode": "120100", "address": "教育路127号", "pname": "广西壮族自治区", "cityname": "钦州市", "adname": "灵山县", "keyword_source": "工业园" }, "geometry": { "type": "Point", "coordinates": [ 108.947609372164379, 22.295007486449748 ] } },
{ "type": "Feature", "properties": { "poi_id": "B0FFKCYZPG", "name": "广西灵山电子信息产业园", "lng": 109.264979, "lat": 22.386785, "lng_wgs84": 109.26074137722388, "lat_wgs84": 22.389675730978556, "type": "商务住宅;产业园区;产业园区", "typecode": "120100", "address": "十里路与江南路辅路交叉口东南240米", "pname": "广西壮族自治区", "cityname": "钦州市", "adname": "灵山县", "keyword_source": "工业园" }, "geometry": { "type": "Point", "coordinates": [ 109.26074137722388, 22.389675730978556 ] } },
{ "type": "Feature", "properties": { "poi_id": "B0FFK8BA59", "name": "陆屋临港产业园", "lng": 108.890168, "lat": 22.295386, "lng_wgs84": 108.88634936414677, "lat_wgs84": 22.298447674713344, "type": "商务住宅;产业园区;产业园区", "typecode": "120100", "address": "242国道与新光大道交叉口东南40米", "pname": "广西壮族自治区", "cityname": "钦州市", "adname": "灵山县", "keyword_source": "工业园" }, "geometry": { "type": "Point", "coordinates": [ 108.886349364146767, 22.298447674713344 ] } },
{ "type": "Feature", "properties": { "poi_id": "B0FFJYJX2I", "name": "曙光园", "lng": 108.668282, "lat": 21.954489, "lng_wgs84": 108.66449365080346, "lat_wgs84": 21.957335739910679, "type": "商务住宅;产业园区;产业园区", "typecode": "120100", "address": "望州北路", "pname": "广西壮族自治区", "cityname": "钦州市", "adname": "钦南区", "keyword_source": "工业园" }, "geometry": { "type": "Point", "coordinates": [ 108.664493650803465, 21.957335739910679 ] } },
{ "type": "Feature", "properties": { "poi_id": "B0FFJCSLZ1", "name": "钦州智慧产业园", "lng": 108.678076, "lat": 21.766911, "lng_wgs84": 108.67427364574714, "lat_wgs84": 21.76965213503869, "type": "商务住宅;产业园区;产业园区", "typecode": "120100", "address": "中马钦州产业园区中马北一街", "pname": "广西壮族自治区", "cityname": "钦州市", "adname": "钦南区", "keyword_source": "工业园" }, "geometry": { "type": "Point", "coordinates": [ 108.674273645747135, 21.76965213503869 ] } },
{ "type": "Feature", "properties": { "poi_id": "B0FFJ05LG7", "name": "钦州高新技术开发区2期", "lng": 108.68292, "lat": 21.902653, "lng_wgs84": 108.6790995311308, "lat_wgs84": 21.90544723812981, "type": "商务住宅;产业园区;产业园区", "typecode": "120100", "address": "双创大道与桥坪街交叉口东北500米", "pname": "广西壮族自治区", "cityname": "钦州市", "adname": "钦南区", "keyword_source": "工业园" }, "geometry": { "type": "Point", "coordinates": [ 108.679099531130802, 21.90544723812981 ] } },
{ "type": "Feature", "properties": { "poi_id": "B0FFIIIWNB", "name": "钦州汽车工业产业园", "lng": 108.652118, "lat": 21.702017, "lng_wgs84": 108.64837913696825, "lat_wgs84": 21.704779924885091, "type": "商务住宅;产业园区;产业园区", "typecode": "120100", "address": "汽车工业产业园", "pname": "广西壮族自治区", "cityname": "钦州市", "adname": "钦南区", "keyword_source": "工业园" }, "geometry": { "type": "Point", "coordinates": [ 108.648379136968245, 21.704779924885091 ] } },
{ "type": "Feature", "properties": { "poi_id": "B0FFI2IDKJ", "name": "中国-马来西亚钦州产业园区", "lng": 108.678282, "lat": 21.767306, "lng_wgs84": 108.6744791388096, "lat_wgs84": 21.770046915277263, "type": "商务住宅;产业园区;产业园区", "typecode": "120100", "address": "沿海公路北侧", "pname": "广西壮族自治区", "cityname": "钦州市", "adname": "钦南区", "keyword_source": "工业园" }, "geometry": { "type": "Point", "coordinates": [ 108.674479138809602, 21.770046915277263 ] } },
{ "type": "Feature", "properties": { "poi_id": "B0FFH8BFM4", "name": "卓能产业园", "lng": 108.645796, "lat": 22.043672, "lng_wgs84": 108.64205386140731, "lat_wgs84": 22.046601175389071, "type": "商务住宅;产业园区;产业园区", "typecode": "120100", "address": "卓能大道", "pname": "广西壮族自治区", "cityname": "钦州市", "adname": "钦北区", "keyword_source": "工业园" }, "geometry": { "type": "Point", "coordinates": [ 108.642053861407305, 22.046601175389071 ] } },
{ "type": "Feature", "properties": { "poi_id": "B0FFGACIMJ", "name": "台湾农民创业园", "lng": 108.783696, "lat": 22.079576, "lng_wgs84": 108.77976880308393, "lat_wgs84": 22.082399458640808, "type": "商务住宅;产业园区;产业园区", "typecode": "120100", "address": "钦陆公路", "pname": "广西壮族自治区", "cityname": "钦州市", "adname": "钦南区", "keyword_source": "工业园" }, "geometry": { "type": "Point", "coordinates": [ 108.779768803083925, 22.082399458640808 ] } },
{ "type": "Feature", "properties": { "poi_id": "B0FFG862J0", "name": "坭兴陶文化创业产业园", "lng": 108.683012, "lat": 21.925871, "lng_wgs84": 108.67919016435152, "lat_wgs84": 21.928676141254584, "type": "商务住宅;产业园区;产业园区", "typecode": "120100", "address": "347省道附近", "pname": "广西壮族自治区", "cityname": "钦州市", "adname": "钦南区", "keyword_source": "工业园" }, "geometry": { "type": "Point", "coordinates": [ 108.679190164351525, 21.928676141254584 ] } },
{ "type": "Feature", "properties": { "poi_id": "B0FFG2RT4V", "name": "武利工业园", "lng": 109.174624, "lat": 22.137612, "lng_wgs84": 109.17035708314644, "lat_wgs84": 22.140347344081377, "type": "商务住宅;产业园区;产业园区", "typecode": "120100", "address": "326省道附近", "pname": "广西壮族自治区", "cityname": "钦州市", "adname": "灵山县", "keyword_source": "工业园" }, "geometry": { "type": "Point", "coordinates": [ 109.170357083146442, 22.140347344081377 ] } },
{ "type": "Feature", "properties": { "poi_id": "B0FFG1YC8H", "name": "泉水工业园", "lng": 109.466273, "lat": 21.891391, "lng_wgs84": 109.46187843141752, "lat_wgs84": 21.894004277090971, "type": "商务住宅;产业园区;产业园区", "typecode": "120100", "address": "解放东路1号", "pname": "广西壮族自治区", "cityname": "钦州市", "adname": "浦北县", "keyword_source": "工业园" }, "geometry": { "type": "Point", "coordinates": [ 109.461878431417517, 21.894004277090971 ] } },
{ "type": "Feature", "properties": { "poi_id": "B0FFG1XYUE", "name": "皇马工业园4区", "lng": 108.628484, "lat": 22.08793, "lng_wgs84": 108.62477131466204, "lat_wgs84": 22.09090374380277, "type": "商务住宅;产业园区;产业园区", "typecode": "120100", "address": "平辽街与纱帽大道交叉口西南280米", "pname": "广西壮族自治区", "cityname": "钦州市", "adname": "钦北区", "keyword_source": "工业园" }, "geometry": { "type": "Point", "coordinates": [ 108.624771314662041, 22.09090374380277 ] } },
{ "type": "Feature", "properties": { "poi_id": "B0FFFWP7LC", "name": "明月园", "lng": 108.668162, "lat": 21.945699, "lng_wgs84": 108.66437436929216, "lat_wgs84": 21.948541772739521, "type": "商务住宅;产业园区;产业园区", "typecode": "120100", "address": "望州北大道90号明月园广西钦州高新技术产业开发区管委会附近", "pname": "广西壮族自治区", "cityname": "钦州市", "adname": "钦南区", "keyword_source": "工业园" }, "geometry": { "type": "Point", "coordinates": [ 108.664374369292162, 21.948541772739521 ] } },
{ "type": "Feature", "properties": { "poi_id": "B0FFFRX83L", "name": "钦州港经济技术开发区", "lng": 108.606656, "lat": 21.727396, "lng_wgs84": 108.602985397716, "lat_wgs84": 21.73022214848859, "type": "商务住宅;产业园区;产业园区", "typecode": "120100", "address": "3号路回建房1栋107小陈电喷油泵油嘴", "pname": "广西壮族自治区", "cityname": "钦州市", "adname": "钦南区", "keyword_source": "工业园" }, "geometry": { "type": "Point", "coordinates": [ 108.602985397715997, 21.73022214848859 ] } },
{ "type": "Feature", "properties": { "poi_id": "B0FFF2V1S6", "name": "威龙高新科技工业园", "lng": 109.254458, "lat": 22.386251, "lng_wgs84": 109.25022994528214, "lat_wgs84": 22.3891455862295, "type": "商务住宅;产业园区;产业园区", "typecode": "120100", "address": "兴园路北侧", "pname": "广西壮族自治区", "cityname": "钦州市", "adname": "灵山县", "keyword_source": "工业园" }, "geometry": { "type": "Point", "coordinates": [ 109.250229945282143, 22.3891455862295 ] } },
{ "type": "Feature", "properties": { "poi_id": "B03090MJNO", "name": "广西钦州高新技术产业开发区", "lng": 108.661349, "lat": 21.96143, "lng_wgs84": 108.65757658303718, "lat_wgs84": 21.964293135966013, "type": "商务住宅;产业园区;产业园区", "typecode": "120100", "address": "子材东大街与蓬莱北大道交叉口东160米", "pname": "广西壮族自治区", "cityname": "钦州市", "adname": "钦南区", "keyword_source": "工业园" }, "geometry": { "type": "Point", "coordinates": [ 108.657576583037184, 21.964293135966013 ] } },
{ "type": "Feature", "properties": { "poi_id": "B030900MLJ", "name": "黎合江工业园", "lng": 108.696526, "lat": 21.935311, "lng_wgs84": 108.69267313591354, "lat_wgs84": 21.938096601387556, "type": "商务住宅;产业园区;产业园区", "typecode": "120100", "address": "河东工业园区", "pname": "广西壮族自治区", "cityname": "钦州市", "adname": "钦南区", "keyword_source": "工业园" }, "geometry": { "type": "Point", "coordinates": [ 108.692673135913537, 21.938096601387556 ] } },
{ "type": "Feature", "properties": { "poi_id": "B030900M2K", "name": "皇马工业区", "lng": 108.641081, "lat": 22.04026, "lng_wgs84": 108.63734848426824, "lat_wgs84": 22.043195123424621, "type": "商务住宅;产业园区;产业园区", "typecode": "120100", "address": [ ], "pname": "广西壮族自治区", "cityname": "钦州市", "adname": "钦北区", "keyword_source": "工业园" }, "geometry": { "type": "Point", "coordinates": [ 108.637348484268244, 22.043195123424621 ] } },
{ "type": "Feature", "properties": { "poi_id": "B030900LU3", "name": "灵山十里工业集中区", "lng": 109.257182, "lat": 22.385093, "lng_wgs84": 109.25295195718154, "lat_wgs84": 22.387986798074579, "type": "商务住宅;产业园区;产业园区", "typecode": "120100", "address": "十里工业园路与江南路交叉口西北40米", "pname": "广西壮族自治区", "cityname": "钦州市", "adname": "灵山县", "keyword_source": "工业园" }, "geometry": { "type": "Point", "coordinates": [ 109.252951957181537, 22.387986798074579 ] } },
{ "type": "Feature", "properties": { "poi_id": "B0MAFZSA8J", "name": "东莞甲辰仓储物流有限公司钦州仓", "lng": 108.670722, "lat": 21.665042, "lng_wgs84": 108.6669420975085, "lat_wgs84": 21.667756479142827, "type": "生活服务;物流速递;物流速递", "typecode": "070500", "address": "八大街", "pname": "广西壮族自治区", "cityname": "钦州市", "adname": "钦南区", "keyword_source": "仓储" }, "geometry": { "type": "Point", "coordinates": [ 108.666942097508496, 21.667756479142827 ] } },
{ "type": "Feature", "properties": { "poi_id": "B0MGBLUCB2", "name": "北部湾甲辰(广西)仓储物流有限公司", "lng": 108.697871, "lat": 21.796262, "lng_wgs84": 108.69402216696506, "lat_wgs84": 21.798980441307169, "type": "生活服务;物流速递;物流速递", "typecode": "070500", "address": "S43六钦高速", "pname": "广西壮族自治区", "cityname": "钦州市", "adname": "钦南区", "keyword_source": "仓储" }, "geometry": { "type": "Point", "coordinates": [ 108.694022166965055, 21.798980441307169 ] } },
{ "type": "Feature", "properties": { "poi_id": "B0IRTXJ4KI", "name": "巨龙储运仓库", "lng": 108.604613, "lat": 21.728065, "lng_wgs84": 108.60094360887553, "lat_wgs84": 21.730892109444149, "type": "生活服务;物流速递;物流速递", "typecode": "070500", "address": "勒沟东大街与果鹰大街交叉口东120米", "pname": "广西壮族自治区", "cityname": "钦州市", "adname": "钦南区", "keyword_source": "仓储" }, "geometry": { "type": "Point", "coordinates": [ 108.600943608875525, 21.730892109444149 ] } },
{ "type": "Feature", "properties": { "poi_id": "B0G0FXBKA5", "name": "广西钦州保税港区恒湘集装箱仓储物流园", "lng": 108.66282, "lat": 21.676969, "lng_wgs84": 108.65905811941622, "lat_wgs84": 21.679702853677533, "type": "商务住宅;产业园区;产业园区", "typecode": "120100", "address": "钦州市保税港区海关棉纺厂业园西北侧100米", "pname": "广西壮族自治区", "cityname": "钦州市", "adname": "钦南区", "keyword_source": "仓储" }, "geometry": { "type": "Point", "coordinates": [ 108.659058119416216, 21.679702853677533 ] } },
{ "type": "Feature", "properties": { "poi_id": "B0FFIKLOFE", "name": "滨滨物流园", "lng": 108.604455, "lat": 21.936407, "lng_wgs84": 108.60077561839748, "lat_wgs84": 21.939328784929906, "type": "商务住宅;产业园区;产业园区", "typecode": "120100", "address": "北部湾北大道与北部湾大道交叉口西南100米", "pname": "广西壮族自治区", "cityname": "钦州市", "adname": "钦南区", "keyword_source": "物流园" }, "geometry": { "type": "Point", "coordinates": [ 108.600775618397478, 21.939328784929906 ] } },
{ "type": "Feature", "properties": { "poi_id": "B0G3Z1V666", "name": "京邦物流(钦州分拨中心)", "lng": 108.609901, "lat": 21.974777, "lng_wgs84": 108.60621604704652, "lat_wgs84": 21.977714894987699, "type": "生活服务;物流速递;物流速递", "typecode": "070500", "address": "西环北路辅路与北部湾北大道交叉口西南160米", "pname": "广西壮族自治区", "cityname": "钦州市", "adname": "钦北区", "keyword_source": "物流园" }, "geometry": { "type": "Point", "coordinates": [ 108.606216047046516, 21.977714894987699 ] } },
{ "type": "Feature", "properties": { "poi_id": "B0FFGRQHF8", "name": "钦州市尖山物流园", "lng": 108.604862, "lat": 21.931571, "lng_wgs84": 108.6011826235206, "lat_wgs84": 21.934490353783801, "type": "商务住宅;产业园区;产业园区", "typecode": "120100", "address": "北部湾大道与文峰南路交界处", "pname": "广西壮族自治区", "cityname": "钦州市", "adname": "钦南区", "keyword_source": "物流园" }, "geometry": { "type": "Point", "coordinates": [ 108.6011826235206, 21.934490353783801 ] } },
{ "type": "Feature", "properties": { "poi_id": "B0LGKDPLRF", "name": "钦州国花物流(文峰南路店)", "lng": 108.604865, "lat": 21.931574, "lng_wgs84": 108.60118562165312, "lat_wgs84": 21.934493354303481, "type": "生活服务;物流速递;物流速递", "typecode": "070500", "address": "尖山物流园", "pname": "广西壮族自治区", "cityname": "钦州市", "adname": "钦南区", "keyword_source": "物流园" }, "geometry": { "type": "Point", "coordinates": [ 108.601185621653116, 21.934493354303481 ] } },
{ "type": "Feature", "properties": { "poi_id": "B0FFFRHCPU", "name": "坭桥物流市场", "lng": 108.638611, "lat": 21.988186, "lng_wgs84": 108.63488576091429, "lat_wgs84": 21.991100589162361, "type": "生活服务;物流速递;物流速递", "typecode": "070500", "address": "北环西路与金华路交汇处北行50米(钦州市疾控中心西对面)", "pname": "广西壮族自治区", "cityname": "钦州市", "adname": "钦北区", "keyword_source": "物流园" }, "geometry": { "type": "Point", "coordinates": [ 108.634885760914287, 21.991100589162361 ] } },
{ "type": "Feature", "properties": { "poi_id": "B0FFKX1Y28", "name": "伟杰集团物流园", "lng": 108.671639, "lat": 21.898351, "lng_wgs84": 108.66784545378503, "lat_wgs84": 21.901164549178304, "type": "商务住宅;产业园区;产业园区", "typecode": "120100", "address": "蒌竹坪(钦州市钦南区沙埠镇蒌竹坪)", "pname": "广西壮族自治区", "cityname": "钦州市", "adname": "钦南区", "keyword_source": "物流园" }, "geometry": { "type": "Point", "coordinates": [ 108.667845453785034, 21.901164549178304 ] } },
{ "type": "Feature", "properties": { "poi_id": "B0K3ZMEMHP", "name": "顺丰速运(进港道店)", "lng": 108.676525, "lat": 21.908125, "lng_wgs84": 108.67271935334408, "lat_wgs84": 21.910933888684188, "type": "生活服务;物流速递;物流速递", "typecode": "070500", "address": "沙埠镇桥坪村进港大道桥坪村段临港扶贫物流园内", "pname": "广西壮族自治区", "cityname": "钦州市", "adname": "钦南区", "keyword_source": "物流园" }, "geometry": { "type": "Point", "coordinates": [ 108.672719353344078, 21.910933888684188 ] } },
{ "type": "Feature", "properties": { "poi_id": "B0HAPDU11Z", "name": "钦州市钦南区临港物流集中区", "lng": 108.677256, "lat": 21.907592, "lng_wgs84": 108.67344864472308, "lat_wgs84": 21.910399246567209, "type": "生活服务;物流速递;物流速递", "typecode": "070500", "address": "规划路与347省道交叉口西北40米", "pname": "广西壮族自治区", "cityname": "钦州市", "adname": "钦南区", "keyword_source": "物流园" }, "geometry": { "type": "Point", "coordinates": [ 108.673448644723081, 21.910399246567209 ] } },
{ "type": "Feature", "properties": { "poi_id": "B0LRFH6ZBB", "name": "三桂物流园", "lng": 108.651278, "lat": 21.698229, "lng_wgs84": 108.64754115079934, "lat_wgs84": 21.700991918725887, "type": "商务住宅;产业园区;产业园区", "typecode": "120100", "address": "友谊大道东30米", "pname": "广西壮族自治区", "cityname": "钦州市", "adname": "钦南区", "keyword_source": "物流园" }, "geometry": { "type": "Point", "coordinates": [ 108.647541150799341, 21.700991918725887 ] } },
{ "type": "Feature", "properties": { "poi_id": "B0MAFRTQZ4", "name": "安东物流", "lng": 108.655664, "lat": 21.718679, "lng_wgs84": 108.65191646888306, "lat_wgs84": 21.721442214235971, "type": "生活服务;物流速递;物流速递", "typecode": "070500", "address": "威龙物流园北侧", "pname": "广西壮族自治区", "cityname": "钦州市", "adname": "钦南区", "keyword_source": "物流园" }, "geometry": { "type": "Point", "coordinates": [ 108.651916468883059, 21.721442214235971 ] } },
{ "type": "Feature", "properties": { "poi_id": "B0FFG338U9", "name": "钦州黎合江现代物流基地", "lng": 108.687972, "lat": 21.943866, "lng_wgs84": 108.68413777966008, "lat_wgs84": 21.946670631348685, "type": "生活服务;物流速递;物流速递", "typecode": "070500", "address": "325国道与钦灵公路交叉口西北480米", "pname": "广西壮族自治区", "cityname": "钦州市", "adname": "钦南区", "keyword_source": "物流园" }, "geometry": { "type": "Point", "coordinates": [ 108.684137779660077, 21.946670631348685 ] } },
{ "type": "Feature", "properties": { "poi_id": "B0H37LD9U6", "name": "广西星火国际物流园", "lng": 108.668855, "lat": 21.670964, "lng_wgs84": 108.66507923135558, "lat_wgs84": 21.67368420527303, "type": "生活服务;物流速递;物流仓储场地", "typecode": "070501", "address": "钦州保税港区创大仓储有限责任公司东北侧210米", "pname": "广西壮族自治区", "cityname": "钦州市", "adname": "钦南区", "keyword_source": "物流园" }, "geometry": { "type": "Point", "coordinates": [ 108.665079231355577, 21.67368420527303 ] } },
{ "type": "Feature", "properties": { "poi_id": "B0GKB7IHIM", "name": "万福隆物流园", "lng": 108.675591, "lat": 21.690859, "lng_wgs84": 108.67179827368392, "lat_wgs84": 21.693573828099112, "type": "生活服务;物流速递;物流速递", "typecode": "070500", "address": "保税港区八大街东侧", "pname": "广西壮族自治区", "cityname": "钦州市", "adname": "钦南区", "keyword_source": "物流园" }, "geometry": { "type": "Point", "coordinates": [ 108.671798273683919, 21.693573828099112 ] } },
{ "type": "Feature", "properties": { "poi_id": "B0L6Y5K5RS", "name": "港东储运物流园", "lng": 108.676895, "lat": 21.672494, "lng_wgs84": 108.6731000823978, "lat_wgs84": 21.67519944358763, "type": "生活服务;物流速递;物流仓储场地", "typecode": "070501", "address": "内贸路众石物流园南侧", "pname": "广西壮族自治区", "cityname": "钦州市", "adname": "钦南区", "keyword_source": "物流园" }, "geometry": { "type": "Point", "coordinates": [ 108.673100082397795, 21.67519944358763 ] } },
{ "type": "Feature", "properties": { "poi_id": "B0KUU6QMNV", "name": "广西八方物流园", "lng": 108.681136, "lat": 21.675628, "lng_wgs84": 108.67733091763084, "lat_wgs84": 21.678326596792001, "type": "生活服务;物流速递;物流速递", "typecode": "070500", "address": "陆海大道", "pname": "广西壮族自治区", "cityname": "钦州市", "adname": "钦南区", "keyword_source": "物流园" }, "geometry": { "type": "Point", "coordinates": [ 108.67733091763084, 21.678326596792001 ] } },
{ "type": "Feature", "properties": { "poi_id": "B0KBBCO3IP", "name": "广源国际物流园", "lng": 108.6833, "lat": 21.689104, "lng_wgs84": 108.67948918796741, "lat_wgs84": 21.691803631260221, "type": "商务住宅;产业园区;产业园区", "typecode": "120100", "address": "八大街1号", "pname": "广西壮族自治区", "cityname": "钦州市", "adname": "钦南区", "keyword_source": "物流园" }, "geometry": { "type": "Point", "coordinates": [ 108.679489187967405, 21.691803631260221 ] } },
{ "type": "Feature", "properties": { "poi_id": "B0LABD0E2S", "name": "广西钦州保税港区炬申国际物流有限公司(大宗商品物流园)", "lng": 108.684125, "lat": 21.687525, "lng_wgs84": 108.68031234348643, "lat_wgs84": 21.690222500268533, "type": "生活服务;物流速递;物流速递", "typecode": "070500", "address": "钦州港保税港大街6号", "pname": "广西壮族自治区", "cityname": "钦州市", "adname": "钦南区", "keyword_source": "物流园" }, "geometry": { "type": "Point", "coordinates": [ 108.680312343486435, 21.690222500268533 ] } },
{ "type": "Feature", "properties": { "poi_id": "B0MG9DOMX3", "name": "浦北金浦广浔物流园", "lng": 109.552525, "lat": 22.225625, "lng_wgs84": 109.54834250751338, "lat_wgs84": 22.22861896388418, "type": "商务住宅;产业园区;产业园区", "typecode": "120100", "address": "浦东大道与浦北江城互通交叉口东100米", "pname": "广西壮族自治区", "cityname": "钦州市", "adname": "浦北县", "keyword_source": "物流园" }, "geometry": { "type": "Point", "coordinates": [ 109.548342507513382, 22.22861896388418 ] } },
{ "type": "Feature", "properties": { "poi_id": "B03090MA3H", "name": "钦州保税港区海关", "lng": 108.651799, "lat": 21.689319, "lng_wgs84": 108.64806145114996, "lat_wgs84": 21.692077580260779, "type": "商务住宅;产业园区;产业园区|政府机构及社会团体;政府机关;政府机关相关", "typecode": "120100|130100", "address": "保税港区八大街1号", "pname": "广西壮族自治区", "cityname": "钦州市", "adname": "钦南区", "keyword_source": "保税区" }, "geometry": { "type": "Point", "coordinates": [ 108.648061451149957, 21.692077580260779 ] } },
{ "type": "Feature", "properties": { "poi_id": "B0LBRSCIYR", "name": "保税港", "lng": 108.655175, "lat": 21.722275, "lng_wgs84": 108.65142838895936, "lat_wgs84": 21.725040544985671, "type": "商务住宅;产业园区;产业园区", "typecode": "120100", "address": "友谊大道与滨海公路交叉口西南280米", "pname": "广西壮族自治区", "cityname": "钦州市", "adname": "钦南区", "keyword_source": "保税区" }, "geometry": { "type": "Point", "coordinates": [ 108.65142838895936, 21.725040544985671 ] } },
{ "type": "Feature", "properties": { "poi_id": "B0FFLHGA4G", "name": "广西钦州保税港区侨益物流有限公司", "lng": 108.673068, "lat": 21.669599, "lng_wgs84": 108.66928230591722, "lat_wgs84": 21.672310666178426, "type": "生活服务;物流速递;物流速递", "typecode": "070500", "address": "港区三号路与港区十大街交汇处东侧BSA-34-01-1", "pname": "广西壮族自治区", "cityname": "钦州市", "adname": "钦南区", "keyword_source": "保税区" }, "geometry": { "type": "Point", "coordinates": [ 108.669282305917221, 21.672310666178426 ] } },
{ "type": "Feature", "properties": { "poi_id": "B0G1RA0WI6", "name": "广西钦州保税港区桂吉冷链物流有限公司", "lng": 108.663159, "lat": 21.669662, "lng_wgs84": 108.65939668628572, "lat_wgs84": 21.67239251508375, "type": "生活服务;物流速递;物流速递", "typecode": "070500", "address": "保税港区(自贸区)九大街与二号路交汇处", "pname": "广西壮族自治区", "cityname": "钦州市", "adname": "钦南区", "keyword_source": "保税区" }, "geometry": { "type": "Point", "coordinates": [ 108.659396686285717, 21.67239251508375 ] } },
{ "type": "Feature", "properties": { "poi_id": "B0MGKAJTPE", "name": "钦州保税港区京东服务站", "lng": 108.661599, "lat": 21.721705, "lng_wgs84": 108.65783777086224, "lat_wgs84": 21.72445852323419, "type": "生活服务;物流速递;物流速递", "typecode": "070500", "address": "三号路与东安街交叉口西320米", "pname": "广西壮族自治区", "cityname": "钦州市", "adname": "钦南区", "keyword_source": "保税区" }, "geometry": { "type": "Point", "coordinates": [ 108.657837770862244, 21.72445852323419 ] } },
{ "type": "Feature", "properties": { "poi_id": "B0JRVSMNS9", "name": "广西钦州保税港区荣泰物流有限公司", "lng": 108.601318, "lat": 21.741207, "lng_wgs84": 108.59764957033362, "lat_wgs84": 21.744040263205608, "type": "生活服务;物流速递;物流速递", "typecode": "070500", "address": "海景四街14号", "pname": "广西壮族自治区", "cityname": "钦州市", "adname": "钦南区", "keyword_source": "保税区" }, "geometry": { "type": "Point", "coordinates": [ 108.597649570333616, 21.744040263205608 ] } },
{ "type": "Feature", "properties": { "poi_id": "B0FFG9IK3B", "name": "南宁港牛湾作业区", "lng": 108.542732, "lat": 22.788487, "lng_wgs84": 108.53895302547208, "lat_wgs84": 22.791460609099371, "type": "交通设施服务;港口码头;港口码头", "typecode": "150300", "address": "034县道", "pname": "广西壮族自治区", "cityname": "南宁市", "adname": "邕宁区", "keyword_source": "港口" }, "geometry": { "type": "Point", "coordinates": [ 108.538953025472082, 22.791460609099371 ] } },
{ "type": "Feature", "properties": { "poi_id": "B0FFJSIZRX", "name": "民生旅游码头", "lng": 108.312531, "lat": 22.812089, "lng_wgs84": 108.308557040607, "lat_wgs84": 22.814872200306681, "type": "交通设施服务;港口码头;港口码头", "typecode": "150300", "address": "民生广场内(西侧)", "pname": "广西壮族自治区", "cityname": "南宁市", "adname": "西乡塘区", "keyword_source": "港口" }, "geometry": { "type": "Point", "coordinates": [ 108.308557040606999, 22.814872200306681 ] } },
{ "type": "Feature", "properties": { "poi_id": "B0I1FCRGO6", "name": "南宁港", "lng": 108.547139, "lat": 22.789203, "lng_wgs84": 108.54336980594412, "lat_wgs84": 22.792186157848459, "type": "交通设施服务;港口码头;港口码头", "typecode": "150300", "address": "南宁港牛湾作业区6-7号仓库", "pname": "广西壮族自治区", "cityname": "南宁市", "adname": "邕宁区", "keyword_source": "港口" }, "geometry": { "type": "Point", "coordinates": [ 108.543369805944124, 22.792186157848459 ] } },
{ "type": "Feature", "properties": { "poi_id": "B0FFG71B14", "name": "南宁港", "lng": 108.88913, "lat": 22.863769, "lng_wgs84": 108.88528241970783, "lat_wgs84": 22.866775609038282, "type": "交通设施服务;港口码头;港口码头", "typecode": "150300", "address": "景江大道与景港路交汇处南100米", "pname": "广西壮族自治区", "cityname": "南宁市", "adname": "横州市", "keyword_source": "港口" }, "geometry": { "type": "Point", "coordinates": [ 108.885282419707835, 22.866775609038282 ] } },
{ "type": "Feature", "properties": { "poi_id": "B03030UMX8", "name": "三津港", "lng": 108.20775, "lat": 22.78565, "lng_wgs84": 108.20379486327109, "lat_wgs84": 22.788476326317795, "type": "交通设施服务;港口码头;港口码头", "typecode": "150300", "address": "沙井街道堤园路三津港", "pname": "广西壮族自治区", "cityname": "南宁市", "adname": "江南区", "keyword_source": "港口" }, "geometry": { "type": "Point", "coordinates": [ 108.203794863271085, 22.788476326317795 ] } },
{ "type": "Feature", "properties": { "poi_id": "B0KR26IVJ0", "name": "伶俐镇渡口", "lng": 108.76632, "lat": 22.84665, "lng_wgs84": 108.76234428046382, "lat_wgs84": 22.849487330884209, "type": "交通设施服务;港口码头;港口码头", "typecode": "150300", "address": "江南2号路辅路与242国道交叉口东北240米", "pname": "广西壮族自治区", "cityname": "南宁市", "adname": "青秀区", "keyword_source": "港口" }, "geometry": { "type": "Point", "coordinates": [ 108.762344280463822, 22.849487330884209 ] } },
{ "type": "Feature", "properties": { "poi_id": "B0303056JA", "name": "横县港", "lng": 109.259016, "lat": 22.676158, "lng_wgs84": 109.25476866359172, "lat_wgs84": 22.679038001513938, "type": "交通设施服务;港口码头;港口码头", "typecode": "150300", "address": "海堂花园旁", "pname": "广西壮族自治区", "cityname": "南宁市", "adname": "横州市", "keyword_source": "港口" }, "geometry": { "type": "Point", "coordinates": [ 109.254768663591719, 22.679038001513938 ] } },
{ "type": "Feature", "properties": { "poi_id": "B03030557A", "name": "南宁港(北大码头)", "lng": 108.308939, "lat": 22.811747, "lng_wgs84": 108.3049715245408, "lat_wgs84": 22.814536758740285, "type": "交通设施服务;港口码头;港口码头", "typecode": "150300", "address": "北大南路1号", "pname": "广西壮族自治区", "cityname": "南宁市", "adname": "西乡塘区", "keyword_source": "港口" }, "geometry": { "type": "Point", "coordinates": [ 108.304971524540804, 22.814536758740285 ] } },
{ "type": "Feature", "properties": { "poi_id": "B0LDDUCW9V", "name": "南宁港六景港区高山作业区", "lng": 109.151598, "lat": 22.618743, "lng_wgs84": 109.14727220424022, "lat_wgs84": 22.621504656721637, "type": "交通设施服务;港口码头;港口码头", "typecode": "150300", "address": [ ], "pname": "广西壮族自治区", "cityname": "南宁市", "adname": "横州市", "keyword_source": "港口" }, "geometry": { "type": "Point", "coordinates": [ 109.147272204240224, 22.621504656721637 ] } },
{ "type": "Feature", "properties": { "poi_id": "B03030VARI", "name": "陈东港", "lng": 108.26021, "lat": 22.827917, "lng_wgs84": 108.25629557667848, "lat_wgs84": 22.83075813351536, "type": "交通设施服务;港口码头;货运港口码头", "typecode": "150304", "address": "江北大道南100米", "pname": "广西壮族自治区", "cityname": "南宁市", "adname": "西乡塘区", "keyword_source": "港口" }, "geometry": { "type": "Point", "coordinates": [ 108.256295576678482, 22.83075813351536 ] } },
{ "type": "Feature", "properties": { "poi_id": "B0G367NTGI", "name": "中楞渡口", "lng": 108.029516, "lat": 22.800022, "lng_wgs84": 108.0254535314274, "lat_wgs84": 22.802790993956037, "type": "交通设施服务;港口码头;港口码头", "typecode": "150300", "address": "005县道西北30米", "pname": "广西壮族自治区", "cityname": "南宁市", "adname": "江南区", "keyword_source": "港口" }, "geometry": { "type": "Point", "coordinates": [ 108.025453531427402, 22.802790993956037 ] } },
{ "type": "Feature", "properties": { "poi_id": "B0G3D72GC9", "name": "洋关码头", "lng": 108.324573, "lat": 22.798224, "lng_wgs84": 108.32057697842647, "lat_wgs84": 22.800989538457376, "type": "交通设施服务;港口码头;港口码头", "typecode": "150300", "address": "植物路与凌铁村一里交叉口北340米", "pname": "广西壮族自治区", "cityname": "南宁市", "adname": "青秀区", "keyword_source": "港口" }, "geometry": { "type": "Point", "coordinates": [ 108.320576978426473, 22.800989538457376 ] } },
{ "type": "Feature", "properties": { "poi_id": "B0GUOO877C", "name": "三江坡左江渡口", "lng": 108.095873, "lat": 22.826637, "lng_wgs84": 108.09172144303425, "lat_wgs84": 22.829296551289008, "type": "交通设施服务;港口码头;港口码头", "typecode": "150300", "address": "江西镇同江村", "pname": "广西壮族自治区", "cityname": "南宁市", "adname": "江南区", "keyword_source": "港口" }, "geometry": { "type": "Point", "coordinates": [ 108.091721443034245, 22.829296551289008 ] } },
{ "type": "Feature", "properties": { "poi_id": "B03030VH9O", "name": "伶俐糖厂专属车渡码头", "lng": 108.767038, "lat": 22.846882, "lng_wgs84": 108.76306242836912, "lat_wgs84": 22.849719684741267, "type": "交通设施服务;港口码头;车渡口", "typecode": "150302", "address": "临江路与振伶路交叉口东南400米", "pname": "广西壮族自治区", "cityname": "南宁市", "adname": "青秀区", "keyword_source": "港口" }, "geometry": { "type": "Point", "coordinates": [ 108.763062428369125, 22.849719684741267 ] } },
{ "type": "Feature", "properties": { "poi_id": "B0HA2ANKKD", "name": "长塘镇轮渡口(南岸)", "lng": 108.649916, "lat": 22.828901, "lng_wgs84": 108.64612592552965, "lat_wgs84": 22.831875557272294, "type": "交通设施服务;港口码头;车渡口", "typecode": "150302", "address": "长源路与长安路交叉口西180米", "pname": "广西壮族自治区", "cityname": "南宁市", "adname": "青秀区", "keyword_source": "港口" }, "geometry": { "type": "Point", "coordinates": [ 108.646125925529645, 22.831875557272294 ] } },
{ "type": "Feature", "properties": { "poi_id": "B0L3TS8694", "name": "海泰良庆码头", "lng": 108.40987, "lat": 22.756472, "lng_wgs84": 108.40577722141748, "lat_wgs84": 22.759154172468502, "type": "交通设施服务;港口码头;港口码头", "typecode": "150300", "address": "良堤路与良庆大道辅路交叉口西北40米", "pname": "广西壮族自治区", "cityname": "南宁市", "adname": "良庆区", "keyword_source": "港口" }, "geometry": { "type": "Point", "coordinates": [ 108.40577722141748, 22.759154172468502 ] } },
{ "type": "Feature", "properties": { "poi_id": "B0LABHZOPP", "name": "东屏码头", "lng": 108.45777, "lat": 24.008341, "lng_wgs84": 108.453680749884, "lat_wgs84": 24.010978105690221, "type": "交通设施服务;港口码头;港口码头", "typecode": "150300", "address": [ ], "pname": "广西壮族自治区", "cityname": "南宁市", "adname": "马山县", "keyword_source": "港口" }, "geometry": { "type": "Point", "coordinates": [ 108.453680749884001, 24.010978105690221 ] } },
{ "type": "Feature", "properties": { "poi_id": "B0FFLDZSM2", "name": "百掌码头", "lng": 108.020656, "lat": 23.765245, "lng_wgs84": 108.01656626781362, "lat_wgs84": 23.767852047229962, "type": "交通设施服务;港口码头;港口码头", "typecode": "150300", "address": [ ], "pname": "广西壮族自治区", "cityname": "南宁市", "adname": "马山县", "keyword_source": "港口" }, "geometry": { "type": "Point", "coordinates": [ 108.016566267813616, 23.767852047229962 ] } },
{ "type": "Feature", "properties": { "poi_id": "B030306TUB", "name": "飞龙渡口", "lng": 108.977472, "lat": 22.629193, "lng_wgs84": 108.973462076023, "lat_wgs84": 22.632152635004619, "type": "交通设施服务;港口码头;港口码头", "typecode": "150300", "address": "飞龙派出所北", "pname": "广西壮族自治区", "cityname": "南宁市", "adname": "横州市", "keyword_source": "港口" }, "geometry": { "type": "Point", "coordinates": [ 108.973462076022997, 22.632152635004619 ] } },
{ "type": "Feature", "properties": { "poi_id": "B0HA7ZY6BV", "name": "长塘镇轮渡口(北岸)", "lng": 108.64866, "lat": 22.831168, "lng_wgs84": 108.64487251112496, "lat_wgs84": 22.83414387034933, "type": "交通设施服务;港口码头;车渡口", "typecode": "150302", "address": "长源路与长安路交叉口西北420米", "pname": "广西壮族自治区", "cityname": "南宁市", "adname": "青秀区", "keyword_source": "港口" }, "geometry": { "type": "Point", "coordinates": [ 108.644872511124959, 22.83414387034933 ] } },
{ "type": "Feature", "properties": { "poi_id": "B0303056LT", "name": "蒙垌六旺码头", "lng": 109.226033, "lat": 22.657722, "lng_wgs84": 109.22179411889196, "lat_wgs84": 22.660597079091129, "type": "交通设施服务;港口码头;港口码头", "typecode": "150300", "address": "六旺", "pname": "广西壮族自治区", "cityname": "南宁市", "adname": "横州市", "keyword_source": "港口" }, "geometry": { "type": "Point", "coordinates": [ 109.221794118891964, 22.660597079091129 ] } },
{ "type": "Feature", "properties": { "poi_id": "B0FFHXMMM9", "name": "银泉码头", "lng": 108.53196, "lat": 22.78339, "lng_wgs84": 108.52815446302452, "lat_wgs84": 22.786338867636157, "type": "交通设施服务;港口码头;港口码头", "typecode": "150300", "address": "蒲庙镇034县道银泉码头", "pname": "广西壮族自治区", "cityname": "南宁市", "adname": "邕宁区", "keyword_source": "港口" }, "geometry": { "type": "Point", "coordinates": [ 108.528154463024521, 22.786338867636157 ] } },
{ "type": "Feature", "properties": { "poi_id": "B030305VMD", "name": "广西壮族自治区蒲庙航道站", "lng": 108.493609, "lat": 22.756065, "lng_wgs84": 108.48968965772301, "lat_wgs84": 22.758911377179714, "type": "交通设施服务;港口码头;港口码头", "typecode": "150300", "address": "莫村路1号", "pname": "广西壮族自治区", "cityname": "南宁市", "adname": "青秀区", "keyword_source": "港口" }, "geometry": { "type": "Point", "coordinates": [ 108.489689657723005, 22.758911377179714 ] } },
{ "type": "Feature", "properties": { "poi_id": "B0IGP5JAJQ", "name": "横州市横州镇青龙码头", "lng": 109.273529, "lat": 22.673318, "lng_wgs84": 109.26926495480328, "lat_wgs84": 22.676189743449417, "type": "交通设施服务;港口码头;港口码头", "typecode": "150300", "address": "横州镇中山南路", "pname": "广西壮族自治区", "cityname": "南宁市", "adname": "横州市", "keyword_source": "港口" }, "geometry": { "type": "Point", "coordinates": [ 109.269264954803276, 22.676189743449417 ] } },
{ "type": "Feature", "properties": { "poi_id": "B0KGFS3AXP", "name": "那桐鸿海码头", "lng": 107.911913, "lat": 23.025542, "lng_wgs84": 107.90809452035997, "lat_wgs84": 23.028490199816304, "type": "交通设施服务;港口码头;港口码头", "typecode": "150300", "address": "瑞丰工贸有限公司西侧180米", "pname": "广西壮族自治区", "cityname": "南宁市", "adname": "隆安县", "keyword_source": "港口" }, "geometry": { "type": "Point", "coordinates": [ 107.908094520359967, 23.028490199816304 ] } },
{ "type": "Feature", "properties": { "poi_id": "B0FFGZVG5P", "name": "绿碧渡口", "lng": 108.441458, "lat": 22.659497, "lng_wgs84": 108.43740563498341, "lat_wgs84": 22.662237428030231, "type": "交通设施服务;港口码头;港口码头", "typecode": "150300", "address": [ ], "pname": "广西壮族自治区", "cityname": "南宁市", "adname": "邕宁区", "keyword_source": "港口" }, "geometry": { "type": "Point", "coordinates": [ 108.437405634983406, 22.662237428030231 ] } },
{ "type": "Feature", "properties": { "poi_id": "B0HBOZL8ZZ", "name": "江南渡口", "lng": 109.265149, "lat": 22.677189, "lng_wgs84": 109.26089546114642, "lat_wgs84": 22.680065931663179, "type": "交通设施服务;港口码头;港口码头", "typecode": "150300", "address": "槎江路114号东南方向132米", "pname": "广西壮族自治区", "cityname": "南宁市", "adname": "横州市", "keyword_source": "港口" }, "geometry": { "type": "Point", "coordinates": [ 109.260895461146418, 22.680065931663179 ] } },
{ "type": "Feature", "properties": { "poi_id": "B0FFFE6A4N", "name": "名树园码头", "lng": 108.35752, "lat": 22.809785, "lng_wgs84": 108.35346235645818, "lat_wgs84": 22.812486929129605, "type": "交通设施服务;港口码头;港口码头", "typecode": "150300", "address": "双拥路辅路与锦春路交叉口西北320米", "pname": "广西壮族自治区", "cityname": "南宁市", "adname": "青秀区", "keyword_source": "港口" }, "geometry": { "type": "Point", "coordinates": [ 108.353462356458181, 22.812486929129605 ] } },
{ "type": "Feature", "properties": { "poi_id": "B0FFHZB49D", "name": "金马码头", "lng": 108.062846, "lat": 22.837482, "lng_wgs84": 108.05871380685436, "lat_wgs84": 22.840165228947431, "type": "交通设施服务;港口码头;港口码头", "typecode": "150300", "address": "临江街扬美古镇(西南角)", "pname": "广西壮族自治区", "cityname": "南宁市", "adname": "江南区", "keyword_source": "港口" }, "geometry": { "type": "Point", "coordinates": [ 108.058713806854357, 22.840165228947431 ] } },
{ "type": "Feature", "properties": { "poi_id": "B0GUAA9ZNT", "name": "辉海港口", "lng": 107.88996, "lat": 23.045133, "lng_wgs84": 107.88613342821721, "lat_wgs84": 23.048072061762117, "type": "交通设施服务;港口码头;港口码头", "typecode": "150300", "address": "那桐镇358国道旁", "pname": "广西壮族自治区", "cityname": "南宁市", "adname": "隆安县", "keyword_source": "港口" }, "geometry": { "type": "Point", "coordinates": [ 107.886133428217207, 23.048072061762117 ] } },
{ "type": "Feature", "properties": { "poi_id": "B0JGHHT5SF", "name": "莫渡渡口", "lng": 109.294262, "lat": 22.67153, "lng_wgs84": 109.28996130546921, "lat_wgs84": 22.674377422713292, "type": "交通设施服务;港口码头;港口码头", "typecode": "150300", "address": [ ], "pname": "广西壮族自治区", "cityname": "南宁市", "adname": "横州市", "keyword_source": "港口" }, "geometry": { "type": "Point", "coordinates": [ 109.289961305469205, 22.674377422713292 ] } },
{ "type": "Feature", "properties": { "poi_id": "B0FFL6Q0JQ", "name": "西菜市码头", "lng": 108.286864, "lat": 22.841684, "lng_wgs84": 108.28292871371001, "lat_wgs84": 22.844497107539642, "type": "交通设施服务;港口码头;港口码头", "typecode": "150300", "address": "荟贤西路与君武路交叉口西南100米", "pname": "广西壮族自治区", "cityname": "南宁市", "adname": "西乡塘区", "keyword_source": "港口" }, "geometry": { "type": "Point", "coordinates": [ 108.282928713710007, 22.844497107539642 ] } },
{ "type": "Feature", "properties": { "poi_id": "B0KK477QTB", "name": "下水李渡口", "lng": 109.325421, "lat": 22.712125, "lng_wgs84": 109.32104472556486, "lat_wgs84": 22.71490790704306, "type": "交通设施服务;港口码头;港口码头", "typecode": "150300", "address": "下水李东南638米", "pname": "广西壮族自治区", "cityname": "南宁市", "adname": "横州市", "keyword_source": "港口" }, "geometry": { "type": "Point", "coordinates": [ 109.32104472556486, 22.71490790704306 ] } },
{ "type": "Feature", "properties": { "poi_id": "B0FFG2XN2G", "name": "八甫渡口", "lng": 108.389944, "lat": 24.018003, "lng_wgs84": 108.38578485654288, "lat_wgs84": 24.020580191237645, "type": "交通设施服务;港口码头;港口码头", "typecode": "150300", "address": [ ], "pname": "广西壮族自治区", "cityname": "南宁市", "adname": "马山县", "keyword_source": "港口" }, "geometry": { "type": "Point", "coordinates": [ 108.385784856542884, 24.020580191237645 ] } },
{ "type": "Feature", "properties": { "poi_id": "B0FFLG2LDG", "name": "正宁码头", "lng": 108.036345, "lat": 22.826891, "lng_wgs84": 108.03226414285548, "lat_wgs84": 22.829632742771576, "type": "交通设施服务;港口码头;港口码头", "typecode": "150300", "address": "下楞村委会东北侧140米", "pname": "广西壮族自治区", "cityname": "南宁市", "adname": "西乡塘区", "keyword_source": "港口" }, "geometry": { "type": "Point", "coordinates": [ 108.032264142855482, 22.829632742771576 ] } },
{ "type": "Feature", "properties": { "poi_id": "B0G0K4R9F3", "name": "大东码头", "lng": 109.071629, "lat": 22.881311, "lng_wgs84": 109.06729471221379, "lat_wgs84": 22.883957687382331, "type": "交通设施服务;港口码头;港口码头", "typecode": "150300", "address": "470县道与城中路交叉口西北40米", "pname": "广西壮族自治区", "cityname": "南宁市", "adname": "横州市", "keyword_source": "港口" }, "geometry": { "type": "Point", "coordinates": [ 109.067294712213794, 22.883957687382331 ] } },
{ "type": "Feature", "properties": { "poi_id": "B0FFK86O18", "name": "梯云码头", "lng": 108.062362, "lat": 22.83914, "lng_wgs84": 108.0582303922199, "lat_wgs84": 22.841823371632103, "type": "交通设施服务;港口码头;港口码头", "typecode": "150300", "address": "江西镇扬美古镇扬美客运站附近扬美古镇内(西侧)", "pname": "广西壮族自治区", "cityname": "南宁市", "adname": "江南区", "keyword_source": "港口" }, "geometry": { "type": "Point", "coordinates": [ 108.058230392219897, 22.841823371632103 ] } },
{ "type": "Feature", "properties": { "poi_id": "B0H3TZH8Y8", "name": "古商埠码头", "lng": 108.063699, "lat": 22.834814, "lng_wgs84": 108.05956578726098, "lat_wgs84": 22.837496902786921, "type": "交通设施服务;港口码头;港口码头", "typecode": "150300", "address": "扬美古镇风景区内", "pname": "广西壮族自治区", "cityname": "南宁市", "adname": "江南区", "keyword_source": "港口" }, "geometry": { "type": "Point", "coordinates": [ 108.059565787260979, 22.837496902786921 ] } },
{ "type": "Feature", "properties": { "poi_id": "B0FFHVJU50", "name": "龙虎山风景区-码头", "lng": 107.631114, "lat": 22.956153, "lng_wgs84": 107.6272293074953, "lat_wgs84": 22.959112858874867, "type": "交通设施服务;港口码头;港口码头", "typecode": "150300", "address": "龙虎山自然保护区龙虎山风景区内", "pname": "广西壮族自治区", "cityname": "南宁市", "adname": "隆安县", "keyword_source": "港口" }, "geometry": { "type": "Point", "coordinates": [ 107.627229307495298, 22.959112858874867 ] } },
{ "type": "Feature", "properties": { "poi_id": "B0HA6G5CP3", "name": "博白开心码头", "lng": 108.301164, "lat": 22.780686, "lng_wgs84": 108.2972113335972, "lat_wgs84": 22.783499642434968, "type": "交通设施服务;港口码头;港口码头", "typecode": "150300", "address": "菠萝岭西正街1路十号", "pname": "广西壮族自治区", "cityname": "南宁市", "adname": "江南区", "keyword_source": "港口" }, "geometry": { "type": "Point", "coordinates": [ 108.297211333597204, 22.783499642434968 ] } },
{ "type": "Feature", "properties": { "poi_id": "B0GU3XNL27", "name": "农家码头", "lng": 108.279801, "lat": 22.833256, "lng_wgs84": 108.27587401930896, "lat_wgs84": 22.836080600974292, "type": "交通设施服务;港口码头;港口码头", "typecode": "150300", "address": "大学东路文华园", "pname": "广西壮族自治区", "cityname": "南宁市", "adname": "西乡塘区", "keyword_source": "港口" }, "geometry": { "type": "Point", "coordinates": [ 108.275874019308958, 22.836080600974292 ] } },
{ "type": "Feature", "properties": { "poi_id": "B0FFL830NN", "name": "酷车码头", "lng": 108.306962, "lat": 22.757831, "lng_wgs84": 108.3030007744981, "lat_wgs84": 22.760642176759099, "type": "交通设施服务;港口码头;港口码头", "typecode": "150300", "address": "那洪大道研祥智谷", "pname": "广西壮族自治区", "cityname": "南宁市", "adname": "江南区", "keyword_source": "港口" }, "geometry": { "type": "Point", "coordinates": [ 108.303000774498102, 22.760642176759099 ] } },
{ "type": "Feature", "properties": { "poi_id": "B0FFF2NLDQ", "name": "大码头", "lng": 109.268659, "lat": 22.679519, "lng_wgs84": 109.2644011637806, "lat_wgs84": 22.68239315546429, "type": "交通设施服务;港口码头;人渡口", "typecode": "150303", "address": "洪德路7号", "pname": "广西壮族自治区", "cityname": "南宁市", "adname": "横州市", "keyword_source": "码头" }, "geometry": { "type": "Point", "coordinates": [ 109.264401163780605, 22.68239315546429 ] } },
{ "type": "Feature", "properties": { "poi_id": "B0FFLO2LR9", "name": "三津渡口", "lng": 108.194339, "lat": 22.817868, "lng_wgs84": 108.19035635773167, "lat_wgs84": 22.82066212917476, "type": "交通设施服务;港口码头;港口码头", "typecode": "150300", "address": "江北大道怡璟湾正对面邕江边", "pname": "广西壮族自治区", "cityname": "南宁市", "adname": "江南区", "keyword_source": "码头" }, "geometry": { "type": "Point", "coordinates": [ 108.190356357731673, 22.82066212917476 ] } },
{ "type": "Feature", "properties": { "poi_id": "B0FFGMXKS0", "name": "北平渡口", "lng": 109.292582, "lat": 22.688496, "lng_wgs84": 109.28828382586045, "lat_wgs84": 22.691341936419569, "type": "交通设施服务;港口码头;人渡口", "typecode": "150303", "address": "步头", "pname": "广西壮族自治区", "cityname": "南宁市", "adname": "横州市", "keyword_source": "码头" }, "geometry": { "type": "Point", "coordinates": [ 109.288283825860447, 22.691341936419569 ] } },
{ "type": "Feature", "properties": { "poi_id": "B0HBYZGGUC", "name": "腾讯云启产业基地(南宁)", "lng": 108.366229, "lat": 22.817587, "lng_wgs84": 108.36215782463202, "lat_wgs84": 22.820273392068682, "type": "商务住宅;产业园区;产业园区", "typecode": "120100", "address": "南宁市人民政府", "pname": "广西壮族自治区", "cityname": "南宁市", "adname": "青秀区", "keyword_source": "工业园" }, "geometry": { "type": "Point", "coordinates": [ 108.362157824632021, 22.820273392068682 ] } },
{ "type": "Feature", "properties": { "poi_id": "B0MRVOFDFF", "name": "仙葫经济开发区", "lng": 108.363286, "lat": 22.825777, "lng_wgs84": 108.35921860336693, "lat_wgs84": 22.828464524100461, "type": "商务住宅;产业园区;产业园区", "typecode": "120100", "address": "景天巷与金花路交叉口东60米", "pname": "广西壮族自治区", "cityname": "南宁市", "adname": "青秀区", "keyword_source": "工业园" }, "geometry": { "type": "Point", "coordinates": [ 108.359218603366926, 22.828464524100461 ] } },
{ "type": "Feature", "properties": { "poi_id": "B0MUZ78EDP", "name": "联东U谷·南宁经开科技港", "lng": 108.2507, "lat": 22.768584, "lng_wgs84": 108.24678901078369, "lat_wgs84": 22.771447559755227, "type": "商务住宅;产业园区;产业园区", "typecode": "120100", "address": "金凯路106号", "pname": "广西壮族自治区", "cityname": "南宁市", "adname": "江南区", "keyword_source": "工业园" }, "geometry": { "type": "Point", "coordinates": [ 108.246789010783687, 22.771447559755227 ] } },
{ "type": "Feature", "properties": { "poi_id": "B0MUXRAQV0", "name": "南宁中关村电子信息产业园2栋", "lng": 108.314675, "lat": 22.900025, "lng_wgs84": 108.31069253477456, "lat_wgs84": 22.902770657197362, "type": "商务住宅;产业园区;产业园区", "typecode": "120100", "address": "中关村电子信息产业园", "pname": "广西壮族自治区", "cityname": "南宁市", "adname": "西乡塘区", "keyword_source": "工业园" }, "geometry": { "type": "Point", "coordinates": [ 108.31069253477456, 22.902770657197362 ] } },
{ "type": "Feature", "properties": { "poi_id": "B0MUVLXIRC", "name": "中关物流园B区5栋", "lng": 108.320433, "lat": 22.90193, "lng_wgs84": 108.31643956792358, "lat_wgs84": 22.904664146273099, "type": "商务住宅;产业园区;产业园区", "typecode": "120100", "address": "创园路与芦村岭路辅路交叉口北100米", "pname": "广西壮族自治区", "cityname": "南宁市", "adname": "西乡塘区", "keyword_source": "工业园" }, "geometry": { "type": "Point", "coordinates": [ 108.316439567923581, 22.904664146273099 ] } },
{ "type": "Feature", "properties": { "poi_id": "B0MUURXDEV", "name": "南宁国际公路港", "lng": 108.265725, "lat": 22.744525, "lng_wgs84": 108.26181290586648, "lat_wgs84": 22.747391222401209, "type": "商务住宅;产业园区;产业园区", "typecode": "120100", "address": "高岭立交与G7201南宁绕城高速交叉口北500米", "pname": "广西壮族自治区", "cityname": "南宁市", "adname": "江南区", "keyword_source": "工业园" }, "geometry": { "type": "Point", "coordinates": [ 108.261812905866478, 22.747391222401209 ] } },
{ "type": "Feature", "properties": { "poi_id": "B0MUTKJZAU", "name": "中药材加工产业园", "lng": 108.353925, "lat": 22.713775, "lng_wgs84": 108.34987832612646, "lat_wgs84": 22.716512724222159, "type": "商务住宅;产业园区;产业园区", "typecode": "120100", "address": "东风路与华良路交叉口南280米", "pname": "广西壮族自治区", "cityname": "南宁市", "adname": "良庆区", "keyword_source": "工业园" }, "geometry": { "type": "Point", "coordinates": [ 108.349878326126458, 22.716512724222159 ] } },
{ "type": "Feature", "properties": { "poi_id": "B0MUTHLG02", "name": "南A东盟谷", "lng": 108.396925, "lat": 22.735725, "lng_wgs84": 108.39283228369868, "lat_wgs84": 22.738412690390096, "type": "商务住宅;产业园区;产业园区", "typecode": "120100", "address": "冬花路与那黄大道交叉口东南60米", "pname": "广西壮族自治区", "cityname": "南宁市", "adname": "良庆区", "keyword_source": "工业园" }, "geometry": { "type": "Point", "coordinates": [ 108.392832283698681, 22.738412690390096 ] } },
{ "type": "Feature", "properties": { "poi_id": "B0MUS9ESM2", "name": "泉港江南企业总部11栋", "lng": 108.233075, "lat": 22.793825, "lng_wgs84": 108.22915349732619, "lat_wgs84": 22.796674970522322, "type": "商务住宅;产业园区;产业园区", "typecode": "120100", "address": "下津路与贵和路交叉口东北100米", "pname": "广西壮族自治区", "cityname": "南宁市", "adname": "江南区", "keyword_source": "工业园" }, "geometry": { "type": "Point", "coordinates": [ 108.229153497326195, 22.796674970522322 ] } },
{ "type": "Feature", "properties": { "poi_id": "B0MURUDII3", "name": "瑞声科技产业园", "lng": 108.304375, "lat": 22.752825, "lng_wgs84": 108.30041846065272, "lat_wgs84": 22.75564215656135, "type": "商务住宅;产业园区;产业园区", "typecode": "120100", "address": "国凯二支路与国凯大道交叉口东南60米", "pname": "广西壮族自治区", "cityname": "南宁市", "adname": "江南区", "keyword_source": "工业园" }, "geometry": { "type": "Point", "coordinates": [ 108.300418460652722, 22.75564215656135 ] } },
{ "type": "Feature", "properties": { "poi_id": "B0MUMRWVIY", "name": "东盟经济园", "lng": 108.176925, "lat": 23.197675, "lng_wgs84": 108.17288415960086, "lat_wgs84": 23.20028414653142, "type": "商务住宅;产业园区;产业园区", "typecode": "120100", "address": "侨兴路与建设路交叉口东220米", "pname": "广西壮族自治区", "cityname": "南宁市", "adname": "武鸣区", "keyword_source": "工业园" }, "geometry": { "type": "Point", "coordinates": [ 108.172884159600855, 23.20028414653142 ] } },
{ "type": "Feature", "properties": { "poi_id": "B0MULRW4E6", "name": "中恒医药智造谷18栋", "lng": 108.288475, "lat": 22.746875, "lng_wgs84": 108.28454256240376, "lat_wgs84": 22.749718214485451, "type": "商务住宅;产业园区;产业园区", "typecode": "120100", "address": "高岭路100号中恒医药智造谷", "pname": "广西壮族自治区", "cityname": "南宁市", "adname": "江南区", "keyword_source": "工业园" }, "geometry": { "type": "Point", "coordinates": [ 108.284542562403757, 22.749718214485451 ] } },
{ "type": "Feature", "properties": { "poi_id": "B0MUHRPO2U", "name": "南宁明阳工业园", "lng": 108.23774, "lat": 22.565918, "lng_wgs84": 108.23383379909096, "lat_wgs84": 22.568822065122923, "type": "商务住宅;产业园区;产业园区", "typecode": "120100", "address": "兴龙路与明阳五路交叉口西北140米", "pname": "广西壮族自治区", "cityname": "南宁市", "adname": "江南区", "keyword_source": "工业园" }, "geometry": { "type": "Point", "coordinates": [ 108.233833799090959, 22.568822065122923 ] } },
{ "type": "Feature", "properties": { "poi_id": "B0MUAL3QBY", "name": "南宁城投智能制造产业园-伶俐标准厂房一期项目", "lng": 108.752529, "lat": 22.821929, "lng_wgs84": 108.74855537575512, "lat_wgs84": 22.824770693313969, "type": "商务住宅;产业园区;产业园区", "typecode": "120100", "address": "江南九号路辅路与昌隆路交叉口东160米", "pname": "广西壮族自治区", "cityname": "南宁市", "adname": "青秀区", "keyword_source": "工业园" }, "geometry": { "type": "Point", "coordinates": [ 108.748555375755117, 22.824770693313969 ] } },
{ "type": "Feature", "properties": { "poi_id": "B0MU4HA67Y", "name": "同星科技制造基地(南宁)", "lng": 108.28666, "lat": 22.749752, "lng_wgs84": 108.28272968581406, "lat_wgs84": 22.752596719149626, "type": "商务住宅;产业园区;产业园区", "typecode": "120100", "address": "高岭路98号", "pname": "广西壮族自治区", "cityname": "南宁市", "adname": "江南区", "keyword_source": "工业园" }, "geometry": { "type": "Point", "coordinates": [ 108.282729685814061, 22.752596719149626 ] } },
{ "type": "Feature", "properties": { "poi_id": "B0MRZ14MC6", "name": "华西路29号物流园1号楼", "lng": 108.305667, "lat": 22.817583, "lng_wgs84": 108.3017049258991, "lat_wgs84": 22.82037637947473, "type": "商务住宅;产业园区;产业园区", "typecode": "120100", "address": "新阳北一路与华西路交叉口南100米", "pname": "广西壮族自治区", "cityname": "南宁市", "adname": "西乡塘区", "keyword_source": "工业园" }, "geometry": { "type": "Point", "coordinates": [ 108.301704925899102, 22.82037637947473 ] } },
{ "type": "Feature", "properties": { "poi_id": "B0MRYUQLHR", "name": "锦绣乐鸣鹦鹉高标准孵化中心", "lng": 108.217345, "lat": 22.594817, "lng_wgs84": 108.21341511152588, "lat_wgs84": 22.597701267898927, "type": "商务住宅;产业园区;产业园区", "typecode": "120100", "address": "吴圩镇平安路96号七坡林场花卉产业园D-11-1", "pname": "广西壮族自治区", "cityname": "南宁市", "adname": "江南区", "keyword_source": "工业园" }, "geometry": { "type": "Point", "coordinates": [ 108.213415111525876, 22.597701267898927 ] } },
{ "type": "Feature", "properties": { "poi_id": "B0MRXRLC2F", "name": "青秀创新中心25栋", "lng": 108.416475, "lat": 22.832525, "lng_wgs84": 108.4123817679412, "lat_wgs84": 22.835184511570091, "type": "商务住宅;产业园区;产业园区", "typecode": "120100", "address": "青秀创新中心(凤岭佳园片区)", "pname": "广西壮族自治区", "cityname": "南宁市", "adname": "青秀区", "keyword_source": "工业园" }, "geometry": { "type": "Point", "coordinates": [ 108.412381767941199, 22.835184511570091 ] } },
{ "type": "Feature", "properties": { "poi_id": "B0MRRD0UQF", "name": "南宁高新技术产业开发区", "lng": 108.319425, "lat": 22.880825, "lng_wgs84": 108.31543458996634, "lat_wgs84": 22.883569521948413, "type": "商务住宅;产业园区;产业园区", "typecode": "120100", "address": "安园东路与连畴路交叉口东北380米", "pname": "广西壮族自治区", "cityname": "南宁市", "adname": "西乡塘区", "keyword_source": "工业园" }, "geometry": { "type": "Point", "coordinates": [ 108.315434589966344, 22.883569521948413 ] } },
{ "type": "Feature", "properties": { "poi_id": "B0MRMZSSUC", "name": "南宁·东盟开放产业资源中心", "lng": 108.398768, "lat": 22.79884, "lng_wgs84": 108.39467163973372, "lat_wgs84": 22.801507266931345, "type": "商务住宅;产业园区;产业园区", "typecode": "120100", "address": "凤岭南路3号", "pname": "广西壮族自治区", "cityname": "南宁市", "adname": "青秀区", "keyword_source": "工业园" }, "geometry": { "type": "Point", "coordinates": [ 108.394671639733716, 22.801507266931345 ] } },
{ "type": "Feature", "properties": { "poi_id": "B0MRKZ33DY", "name": "广西现代物流产业孵化中心C栋", "lng": 108.470925, "lat": 22.777325, "lng_wgs84": 108.4669362047635, "lat_wgs84": 22.78009948387848, "type": "商务住宅;产业园区;产业园区", "typecode": "120100", "address": "广西现代物流集团有限公司", "pname": "广西壮族自治区", "cityname": "南宁市", "adname": "邕宁区", "keyword_source": "工业园" }, "geometry": { "type": "Point", "coordinates": [ 108.466936204763499, 22.78009948387848 ] } },
{ "type": "Feature", "properties": { "poi_id": "B0MRK958P3", "name": "深桂AI数贸孵化器", "lng": 108.423675, "lat": 22.810375, "lng_wgs84": 108.41958915901996, "lat_wgs84": 22.813048283273805, "type": "商务住宅;产业园区;产业园区", "typecode": "120100", "address": "仙葫大道辅路与林里桥路交叉口西320米", "pname": "广西壮族自治区", "cityname": "南宁市", "adname": "青秀区", "keyword_source": "工业园" }, "geometry": { "type": "Point", "coordinates": [ 108.419589159019964, 22.813048283273805 ] } },
{ "type": "Feature", "properties": { "poi_id": "B0MRGRMGZN", "name": "强方物流园A6栋", "lng": 108.316875, "lat": 22.908975, "lng_wgs84": 108.31288795714499, "lat_wgs84": 22.911712941956758, "type": "商务住宅;产业园区;产业园区", "typecode": "120100", "address": "中创路辅路与创客路交叉口西北100米", "pname": "广西壮族自治区", "cityname": "南宁市", "adname": "西乡塘区", "keyword_source": "工业园" }, "geometry": { "type": "Point", "coordinates": [ 108.312887957144994, 22.911712941956758 ] } },
{ "type": "Feature", "properties": { "poi_id": "B0MRDOBFG4", "name": "泉港工业园", "lng": 108.232279, "lat": 22.794842, "lng_wgs84": 108.22835673014151, "lat_wgs84": 22.797691115685662, "type": "商务住宅;产业园区;产业园区", "typecode": "120100", "address": "贵和路与石牌路交叉口南120米", "pname": "广西壮族自治区", "cityname": "南宁市", "adname": "江南区", "keyword_source": "工业园" }, "geometry": { "type": "Point", "coordinates": [ 108.228356730141513, 22.797691115685662 ] } },
{ "type": "Feature", "properties": { "poi_id": "B0MRD1AS15", "name": "南宁高新技术产业开发区", "lng": 108.273125, "lat": 22.837225, "lng_wgs84": 108.26920365472272, "lat_wgs84": 22.840054587748028, "type": "商务住宅;产业园区;产业园区", "typecode": "120100", "address": "科园大道与大学东路辅路交叉口北60米", "pname": "广西壮族自治区", "cityname": "南宁市", "adname": "西乡塘区", "keyword_source": "工业园" }, "geometry": { "type": "Point", "coordinates": [ 108.269203654722716, 22.840054587748028 ] } },
{ "type": "Feature", "properties": { "poi_id": "B0MRAL0I4R", "name": "中国-东盟信息港南宁核心基地五象新区地理信息小镇3-D号楼", "lng": 108.398875, "lat": 22.735475, "lng_wgs84": 108.39478195904138, "lat_wgs84": 22.738162397061284, "type": "商务住宅;产业园区;产业园区", "typecode": "120100", "address": "五象新区地理信息小镇", "pname": "广西壮族自治区", "cityname": "南宁市", "adname": "良庆区", "keyword_source": "工业园" }, "geometry": { "type": "Point", "coordinates": [ 108.394781959041381, 22.738162397061284 ] } },
{ "type": "Feature", "properties": { "poi_id": "B0MRA918PS", "name": "中国东盟地理信息小镇1期", "lng": 108.398775, "lat": 22.735525, "lng_wgs84": 108.39468196956209, "lat_wgs84": 22.738212397371104, "type": "商务住宅;产业园区;产业园区", "typecode": "120100", "address": "冬花路与稔水路交叉口西60米", "pname": "广西壮族自治区", "cityname": "南宁市", "adname": "良庆区", "keyword_source": "工业园" }, "geometry": { "type": "Point", "coordinates": [ 108.394681969562086, 22.738212397371104 ] } },
{ "type": "Feature", "properties": { "poi_id": "B0MR3Z0WAH", "name": "南宁软件园2期", "lng": 108.273675, "lat": 22.864975, "lng_wgs84": 108.26975181041774, "lat_wgs84": 22.86779355329638, "type": "商务住宅;产业园区;产业园区", "typecode": "120100", "address": "科园东十路与滨河路交叉口西北200米", "pname": "广西壮族自治区", "cityname": "南宁市", "adname": "西乡塘区", "keyword_source": "工业园" }, "geometry": { "type": "Point", "coordinates": [ 108.269751810417745, 22.86779355329638 ] } },
{ "type": "Feature", "properties": { "poi_id": "B0MR1CEFWP", "name": "和凯科技园标准厂房1栋", "lng": 108.902752, "lat": 22.863692, "lng_wgs84": 108.89890074583607, "lat_wgs84": 22.866702099019168, "type": "商务住宅;产业园区;产业园区", "typecode": "120100", "address": "景春路与景顺路交叉口东南240米", "pname": "广西壮族自治区", "cityname": "南宁市", "adname": "横州市", "keyword_source": "工业园" }, "geometry": { "type": "Point", "coordinates": [ 108.898900745836073, 22.866702099019168 ] } },
{ "type": "Feature", "properties": { "poi_id": "B0MR0NFQND", "name": "华西路29号物流园7栋", "lng": 108.304975, "lat": 22.817325, "lng_wgs84": 108.30101411980188, "lat_wgs84": 22.820119655446689, "type": "商务住宅;产业园区;产业园区", "typecode": "120100", "address": "北大南路与华西路交叉口东南80米", "pname": "广西壮族自治区", "cityname": "南宁市", "adname": "西乡塘区", "keyword_source": "工业园" }, "geometry": { "type": "Point", "coordinates": [ 108.301014119801877, 22.820119655446689 ] } },
{ "type": "Feature", "properties": { "poi_id": "B0MGZXK2R3", "name": "广西黄芯木薯产业园", "lng": 108.202125, "lat": 22.754725, "lng_wgs84": 108.19816114026848, "lat_wgs84": 22.757552897136573, "type": "商务住宅;产业园区;产业园区", "typecode": "120100", "address": [ ], "pname": "广西壮族自治区", "cityname": "南宁市", "adname": "江南区", "keyword_source": "工业园" }, "geometry": { "type": "Point", "coordinates": [ 108.198161140268482, 22.757552897136573 ] } },
{ "type": "Feature", "properties": { "poi_id": "B0MGSLN1AK", "name": "宾阳县青青羊产业园", "lng": 109.207421, "lat": 23.223421, "lng_wgs84": 109.20313770096956, "lat_wgs84": 23.226065410892527, "type": "商务住宅;产业园区;产业园区", "typecode": "120100", "address": "黎塘镇大塘林场东北900米", "pname": "广西壮族自治区", "cityname": "南宁市", "adname": "宾阳县", "keyword_source": "工业园" }, "geometry": { "type": "Point", "coordinates": [ 109.203137700969563, 23.226065410892527 ] } },
{ "type": "Feature", "properties": { "poi_id": "B0MGROLZLU", "name": "苏博工业园区农民工创业园创业基地", "lng": 108.046325, "lat": 23.725875, "lng_wgs84": 108.04217395930154, "lat_wgs84": 23.72840586140542, "type": "商务住宅;产业园区;产业园区", "typecode": "120100", "address": "宏乔路北侧", "pname": "广西壮族自治区", "cityname": "南宁市", "adname": "马山县", "keyword_source": "工业园" }, "geometry": { "type": "Point", "coordinates": [ 108.042173959301536, 23.72840586140542 ] } },
{ "type": "Feature", "properties": { "poi_id": "B0MGOZVB93", "name": "容顺物流园1栋", "lng": 108.296775, "lat": 22.898925, "lng_wgs84": 108.29282311315792, "lat_wgs84": 22.901701675347592, "type": "商务住宅;产业园区;产业园区|生活服务;生活服务场所;生活服务场所", "typecode": "120100|070000", "address": "G75兰海高速与安吉立交交叉口东480米", "pname": "广西壮族自治区", "cityname": "南宁市", "adname": "西乡塘区", "keyword_source": "工业园" }, "geometry": { "type": "Point", "coordinates": [ 108.292823113157922, 22.901701675347592 ] } },
{ "type": "Feature", "properties": { "poi_id": "B0MGJYB9UI", "name": "南宁市五象新区总部基地", "lng": 108.386246, "lat": 22.751839, "lng_wgs84": 108.38215724225444, "lat_wgs84": 22.7545267257712, "type": "商务住宅;产业园区;产业园区", "typecode": "120100", "address": "歌韵路与歌韵路东一里交叉口西南120米", "pname": "广西壮族自治区", "cityname": "南宁市", "adname": "良庆区", "keyword_source": "工业园" }, "geometry": { "type": "Point", "coordinates": [ 108.382157242254436, 22.7545267257712 ] } },
{ "type": "Feature", "properties": { "poi_id": "B0MGALFMMT", "name": "老油仓园区", "lng": 108.296975, "lat": 22.821275, "lng_wgs84": 108.29302681662556, "lat_wgs84": 22.824081257248423, "type": "商务住宅;产业园区;产业园区", "typecode": "120100", "address": "龙腾路与龙腾里食街交叉口南380米", "pname": "广西壮族自治区", "cityname": "南宁市", "adname": "西乡塘区", "keyword_source": "工业园" }, "geometry": { "type": "Point", "coordinates": [ 108.293026816625556, 22.824081257248423 ] } },
{ "type": "Feature", "properties": { "poi_id": "B0MG9HP4VG", "name": "东盟企业总部基地五期C栋C1栋", "lng": 108.266625, "lat": 22.860625, "lng_wgs84": 108.26270652559906, "lat_wgs84": 22.863450545954709, "type": "商务住宅;产业园区;产业园区", "typecode": "120100", "address": "南宁-东盟企业总部基地五期", "pname": "广西壮族自治区", "cityname": "南宁市", "adname": "西乡塘区", "keyword_source": "工业园" }, "geometry": { "type": "Point", "coordinates": [ 108.262706525599057, 22.863450545954709 ] } },
{ "type": "Feature", "properties": { "poi_id": "B0MG9DOEZH", "name": "强方物流园F2栋", "lng": 108.315725, "lat": 22.910075, "lng_wgs84": 108.31174005681524, "lat_wgs84": 22.912814624956905, "type": "商务住宅;产业园区;产业园区", "typecode": "120100", "address": "中创路辅路与宁二路交叉口东北220米", "pname": "广西壮族自治区", "cityname": "南宁市", "adname": "西乡塘区", "keyword_source": "工业园" }, "geometry": { "type": "Point", "coordinates": [ 108.311740056815239, 22.912814624956905 ] } },
{ "type": "Feature", "properties": { "poi_id": "B0MG0UHH4K", "name": "中恒医药智造谷12栋", "lng": 108.286525, "lat": 22.747975, "lng_wgs84": 108.28259494171792, "lat_wgs84": 22.75082042817111, "type": "商务住宅;产业园区;产业园区", "typecode": "120100", "address": "高岭路100号中恒医药智造谷", "pname": "广西壮族自治区", "cityname": "南宁市", "adname": "江南区", "keyword_source": "工业园" }, "geometry": { "type": "Point", "coordinates": [ 108.282594941717917, 22.75082042817111 ] } },
{ "type": "Feature", "properties": { "poi_id": "B0MDY1VRU7", "name": "广西工业器材城A区", "lng": 108.300753, "lat": 22.878531, "lng_wgs84": 108.29679594910154, "lat_wgs84": 22.881309543378546, "type": "商务住宅;产业园区;产业园区", "typecode": "120100", "address": "吉园街与连兴路交叉口南160米", "pname": "广西壮族自治区", "cityname": "南宁市", "adname": "西乡塘区", "keyword_source": "工业园" }, "geometry": { "type": "Point", "coordinates": [ 108.296795949101536, 22.881309543378546 ] } },
{ "type": "Feature", "properties": { "poi_id": "B0MDV7OHSQ", "name": "玉柴芯蓝产业园", "lng": 108.306625, "lat": 22.898275, "lng_wgs84": 108.30265710283577, "lat_wgs84": 22.901035771308432, "type": "商务住宅;产业园区;产业园区", "typecode": "120100", "address": "永林路136号", "pname": "广西壮族自治区", "cityname": "南宁市", "adname": "西乡塘区", "keyword_source": "工业园" }, "geometry": { "type": "Point", "coordinates": [ 108.302657102835767, 22.901035771308432 ] } },
{ "type": "Feature", "properties": { "poi_id": "B0MDSRHJXX", "name": "广西禄德江南智慧汽车产业园", "lng": 108.221236, "lat": 22.797778, "lng_wgs84": 108.21730115890963, "lat_wgs84": 22.800616795899199, "type": "商务住宅;产业园区;产业园区", "typecode": "120100", "address": "三津大道69号", "pname": "广西壮族自治区", "cityname": "南宁市", "adname": "江南区", "keyword_source": "工业园" }, "geometry": { "type": "Point", "coordinates": [ 108.217301158909635, 22.800616795899199 ] } },
{ "type": "Feature", "properties": { "poi_id": "B0MDSOJ8G9", "name": "高铁基地", "lng": 109.096575, "lat": 23.216925, "lng_wgs84": 109.0921904760376, "lat_wgs84": 23.219419635671954, "type": "商务住宅;产业园区;产业园区", "typecode": "120100", "address": [ ], "pname": "广西壮族自治区", "cityname": "南宁市", "adname": "宾阳县", "keyword_source": "工业园" }, "geometry": { "type": "Point", "coordinates": [ 109.092190476037601, 23.219419635671954 ] } },
{ "type": "Feature", "properties": { "poi_id": "B0MDPCMJAV", "name": "南宁总部基地五象空间", "lng": 108.378436, "lat": 22.764558, "lng_wgs84": 108.37435306151821, "lat_wgs84": 22.767248145504841, "type": "商务住宅;产业园区;产业园区", "typecode": "120100", "address": "云英路(总部基地地铁站K口步行460米)", "pname": "广西壮族自治区", "cityname": "南宁市", "adname": "良庆区", "keyword_source": "工业园" }, "geometry": { "type": "Point", "coordinates": [ 108.374353061518207, 22.767248145504841 ] } },
{ "type": "Feature", "properties": { "poi_id": "B0MDO1WX3D", "name": "弘毅江南智谷", "lng": 108.244775, "lat": 22.796475, "lng_wgs84": 108.24086091849584, "lat_wgs84": 22.799328853422939, "type": "商务住宅;产业园区;产业园区", "typecode": "120100", "address": "仁和路与石牌路交叉口东北80米", "pname": "广西壮族自治区", "cityname": "南宁市", "adname": "江南区", "keyword_source": "工业园" }, "geometry": { "type": "Point", "coordinates": [ 108.240860918495841, 22.799328853422939 ] } },
{ "type": "Feature", "properties": { "poi_id": "B0MDBOI399", "name": "南宁国际机场空港物流园A区", "lng": 108.204525, "lat": 22.621675, "lng_wgs84": 108.20057246489604, "lat_wgs84": 22.624538290362946, "type": "商务住宅;产业园区;产业园区", "typecode": "120100", "address": "空港北三路与空港北五巷交叉口西南20米", "pname": "广西壮族自治区", "cityname": "南宁市", "adname": "江南区", "keyword_source": "工业园" }, "geometry": { "type": "Point", "coordinates": [ 108.200572464896041, 22.624538290362946 ] } },
{ "type": "Feature", "properties": { "poi_id": "B0MD97PNOV", "name": "广西高新总部基地", "lng": 108.281125, "lat": 22.863325, "lng_wgs84": 108.27719512573704, "lat_wgs84": 22.86613676007358, "type": "商务住宅;产业园区;产业园区", "typecode": "120100", "address": "创新路辅路与丰达路辅路交叉口西北200米", "pname": "广西壮族自治区", "cityname": "南宁市", "adname": "西乡塘区", "keyword_source": "工业园" }, "geometry": { "type": "Point", "coordinates": [ 108.277195125737038, 22.86613676007358 ] } },
{ "type": "Feature", "properties": { "poi_id": "B0MD777GYD", "name": "中国盘瑶智库院", "lng": 108.285744, "lat": 22.872793, "lng_wgs84": 108.2818084703986, "lat_wgs84": 22.875595583365239, "type": "商务住宅;产业园区;产业园区", "typecode": "120100", "address": "南宁高新区生物医药产业园(3栋1楼-10)", "pname": "广西壮族自治区", "cityname": "南宁市", "adname": "西乡塘区", "keyword_source": "工业园" }, "geometry": { "type": "Point", "coordinates": [ 108.281808470398602, 22.875595583365239 ] } },
{ "type": "Feature", "properties": { "poi_id": "B0MBSZE1AG", "name": "三科创业孵化基地", "lng": 108.276654, "lat": 22.878722, "lng_wgs84": 108.27272763754976, "lat_wgs84": 22.881532406417509, "type": "商务住宅;产业园区;产业园区", "typecode": "120100", "address": "振兴路90号三科科技园南门", "pname": "广西壮族自治区", "cityname": "南宁市", "adname": "西乡塘区", "keyword_source": "工业园" }, "geometry": { "type": "Point", "coordinates": [ 108.272727637549764, 22.881532406417509 ] } },
{ "type": "Feature", "properties": { "poi_id": "B0MBR5R9LQ", "name": "苏博工业园区新厂区", "lng": 108.045675, "lat": 23.727025, "lng_wgs84": 108.04152524999904, "lat_wgs84": 23.729557575079628, "type": "商务住宅;产业园区;产业园区", "typecode": "120100", "address": [ ], "pname": "广西壮族自治区", "cityname": "南宁市", "adname": "马山县", "keyword_source": "工业园" }, "geometry": { "type": "Point", "coordinates": [ 108.04152524999904, 23.729557575079628 ] } },
{ "type": "Feature", "properties": { "poi_id": "B0MBOLY4ID", "name": "芯创时代产业园", "lng": 108.246243, "lat": 22.793129, "lng_wgs84": 108.24232963933676, "lat_wgs84": 22.795984235002766, "type": "商务住宅;产业园区;产业园区", "typecode": "120100", "address": "下津路18号", "pname": "广西壮族自治区", "cityname": "南宁市", "adname": "江南区", "keyword_source": "工业园" }, "geometry": { "type": "Point", "coordinates": [ 108.242329639336759, 22.795984235002766 ] } },
{ "type": "Feature", "properties": { "poi_id": "B0MBN6RQGL", "name": "伊岭工业园", "lng": 108.296025, "lat": 23.061975, "lng_wgs84": 108.292065791459, "lat_wgs84": 23.064684014849384, "type": "商务住宅;产业园区;产业园区", "typecode": "120100", "address": "顶斤路与南武大道辅路交叉口东100米", "pname": "广西壮族自治区", "cityname": "南宁市", "adname": "武鸣区", "keyword_source": "工业园" }, "geometry": { "type": "Point", "coordinates": [ 108.292065791458995, 23.064684014849384 ] } },
{ "type": "Feature", "properties": { "poi_id": "B0MBK4PRHZ", "name": "创二园区", "lng": 108.403325, "lat": 22.709375, "lng_wgs84": 108.39923320708228, "lat_wgs84": 22.712069389937785, "type": "商务住宅;产业园区;产业园区", "typecode": "120100", "address": "那约路与金良路交叉口东300米", "pname": "广西壮族自治区", "cityname": "南宁市", "adname": "良庆区", "keyword_source": "工业园" }, "geometry": { "type": "Point", "coordinates": [ 108.399233207082275, 22.712069389937785 ] } },
{ "type": "Feature", "properties": { "poi_id": "B0MBK4P1VT", "name": "伊岭工业集中区", "lng": 108.297675, "lat": 23.057025, "lng_wgs84": 108.29371354405212, "lat_wgs84": 23.059733559716864, "type": "商务住宅;产业园区;产业园区", "typecode": "120100", "address": "纬二十路与宏图路交叉口西南100米", "pname": "广西壮族自治区", "cityname": "南宁市", "adname": "武鸣区", "keyword_source": "工业园" }, "geometry": { "type": "Point", "coordinates": [ 108.293713544052125, 23.059733559716864 ] } },
{ "type": "Feature", "properties": { "poi_id": "B0MBG93LCZ", "name": "苏宁物流园2期", "lng": 108.401275, "lat": 22.878825, "lng_wgs84": 108.39717422681667, "lat_wgs84": 22.88146226041588, "type": "商务住宅;产业园区;产业园区", "typecode": "120100", "address": "甘泉路与金仑路交叉口东160米", "pname": "广西壮族自治区", "cityname": "南宁市", "adname": "兴宁区", "keyword_source": "工业园" }, "geometry": { "type": "Point", "coordinates": [ 108.397174226816674, 22.88146226041588 ] } },
{ "type": "Feature", "properties": { "poi_id": "B0MBF574H2", "name": "广西现代特色农业示范区", "lng": 108.357425, "lat": 22.831675, "lng_wgs84": 108.3533663634352, "lat_wgs84": 22.834369180716202, "type": "商务住宅;产业园区;产业园区", "typecode": "120100", "address": "广园路与长湖路交叉口西80米", "pname": "广西壮族自治区", "cityname": "南宁市", "adname": "青秀区", "keyword_source": "工业园" }, "geometry": { "type": "Point", "coordinates": [ 108.3533663634352, 22.834369180716202 ] } },
{ "type": "Feature", "properties": { "poi_id": "B0MBBCWABG", "name": "普洛斯南宁物流园B4栋", "lng": 108.280425, "lat": 22.749875, "lng_wgs84": 108.2765016689268, "lat_wgs84": 22.752727099522978, "type": "商务住宅;产业园区;产业园区", "typecode": "120100", "address": "金阳路与高岭路交叉口西北160米", "pname": "广西壮族自治区", "cityname": "南宁市", "adname": "江南区", "keyword_source": "工业园" }, "geometry": { "type": "Point", "coordinates": [ 108.276501668926798, 22.752727099522978 ] } },
{ "type": "Feature", "properties": { "poi_id": "B0MBAK8GF0", "name": "南宁综合保税区7号楼", "lng": 108.354525, "lat": 22.714525, "lng_wgs84": 108.3504772745232, "lat_wgs84": 22.71726153784574, "type": "商务住宅;产业园区;产业园区", "typecode": "120100", "address": "杜鹃路8号南宁综合保税通信产业园2号厂房广西蓝水星智能科技有限公司综保区厂", "pname": "广西壮族自治区", "cityname": "南宁市", "adname": "良庆区", "keyword_source": "工业园" }, "geometry": { "type": "Point", "coordinates": [ 108.3504772745232, 22.71726153784574 ] } },
{ "type": "Feature", "properties": { "poi_id": "B0MB75OUIN", "name": "平陆工业园", "lng": 108.294875, "lat": 23.070175, "lng_wgs84": 108.29091706926393, "lat_wgs84": 23.072882302799069, "type": "商务住宅;产业园区;产业园区", "typecode": "120100", "address": "经三路与新能路交叉口东340米", "pname": "广西壮族自治区", "cityname": "南宁市", "adname": "武鸣区", "keyword_source": "工业园" }, "geometry": { "type": "Point", "coordinates": [ 108.290917069263926, 23.072882302799069 ] } },
{ "type": "Feature", "properties": { "poi_id": "B0MAZCDUWY", "name": "约行科技园A栋", "lng": 108.256525, "lat": 22.859975, "lng_wgs84": 108.25260953390128, "lat_wgs84": 22.86280527245583, "type": "商务住宅;产业园区;产业园区", "typecode": "120100", "address": "科园西十路17号约行科技园", "pname": "广西壮族自治区", "cityname": "南宁市", "adname": "西乡塘区", "keyword_source": "工业园" }, "geometry": { "type": "Point", "coordinates": [ 108.252609533901278, 22.86280527245583 ] } },
{ "type": "Feature", "properties": { "poi_id": "B0MAZAD31I", "name": "南宁东盟企业总部基地5期A1栋", "lng": 108.266175, "lat": 22.860525, "lng_wgs84": 108.26225675136656, "lat_wgs84": 22.863350863663765, "type": "商务住宅;产业园区;产业园区", "typecode": "120100", "address": "南宁-东盟企业总部基地五期", "pname": "广西壮族自治区", "cityname": "南宁市", "adname": "西乡塘区", "keyword_source": "工业园" }, "geometry": { "type": "Point", "coordinates": [ 108.262256751366564, 22.863350863663765 ] } },
{ "type": "Feature", "properties": { "poi_id": "B0MASCGZ8L", "name": "荣港城产业园1期7栋", "lng": 108.302925, "lat": 22.766975, "lng_wgs84": 108.29897015590976, "lat_wgs84": 22.769790180082403, "type": "商务住宅;产业园区;产业园区", "typecode": "120100", "address": "开源路9号荣港城产业园一期", "pname": "广西壮族自治区", "cityname": "南宁市", "adname": "江南区", "keyword_source": "工业园" }, "geometry": { "type": "Point", "coordinates": [ 108.298970155909757, 22.769790180082403 ] } },
{ "type": "Feature", "properties": { "poi_id": "B0MANUQ09Y", "name": "高端新材产业园", "lng": 108.501275, "lat": 22.741375, "lng_wgs84": 108.49738052783718, "lat_wgs84": 22.744248914378684, "type": "商务住宅;产业园区;产业园区", "typecode": "120100", "address": "公曹路与龙门路交叉口东220米", "pname": "广西壮族自治区", "cityname": "南宁市", "adname": "邕宁区", "keyword_source": "工业园" }, "geometry": { "type": "Point", "coordinates": [ 108.49738052783718, 22.744248914378684 ] } },
{ "type": "Feature", "properties": { "poi_id": "B0MAK5OA16", "name": "大皇后工业园区", "lng": 108.229875, "lat": 23.175475, "lng_wgs84": 108.22593077248216, "lat_wgs84": 23.178169005826945, "type": "商务住宅;产业园区;产业园区", "typecode": "120100", "address": "茂岭路北段与长岗大道交叉口西南240米", "pname": "广西壮族自治区", "cityname": "南宁市", "adname": "武鸣区", "keyword_source": "工业园" }, "geometry": { "type": "Point", "coordinates": [ 108.225930772482158, 23.178169005826945 ] } },
{ "type": "Feature", "properties": { "poi_id": "B0MAFRTAXE", "name": "中关物流园A区", "lng": 108.321814, "lat": 22.901328, "lng_wgs84": 108.31781794928308, "lat_wgs84": 22.904059780350909, "type": "商务住宅;产业园区;产业园区", "typecode": "120100", "address": "创园路", "pname": "广西壮族自治区", "cityname": "南宁市", "adname": "西乡塘区", "keyword_source": "工业园" }, "geometry": { "type": "Point", "coordinates": [ 108.317817949283082, 22.904059780350909 ] } },
{ "type": "Feature", "properties": { "poi_id": "B0MABCTEDH", "name": "闽佳物流园A区", "lng": 108.301025, "lat": 22.909475, "lng_wgs84": 108.29706590994044, "lat_wgs84": 22.912240637825004, "type": "商务住宅;产业园区;产业园区", "typecode": "120100", "address": [ ], "pname": "广西壮族自治区", "cityname": "南宁市", "adname": "西乡塘区", "keyword_source": "工业园" }, "geometry": { "type": "Point", "coordinates": [ 108.297065909940443, 22.912240637825004 ] } },
{ "type": "Feature", "properties": { "poi_id": "B0M6Y7S4LV", "name": "崇诚五塘工业园", "lng": 108.533775, "lat": 22.933175, "lng_wgs84": 108.52996663479681, "lat_wgs84": 22.936071383432729, "type": "商务住宅;产业园区;产业园区", "typecode": "120100", "address": "五塘路与规划路交叉口东北40米", "pname": "广西壮族自治区", "cityname": "南宁市", "adname": "兴宁区", "keyword_source": "工业园" }, "geometry": { "type": "Point", "coordinates": [ 108.529966634796807, 22.936071383432729 ] } },
{ "type": "Feature", "properties": { "poi_id": "B0M6VCK0UT", "name": "昆仑产业园", "lng": 108.568025, "lat": 22.953375, "lng_wgs84": 108.56428312221648, "lat_wgs84": 22.956331026975437, "type": "商务住宅;产业园区;产业园区", "typecode": "120100", "address": "8号路与2号路交叉口西北100米", "pname": "广西壮族自治区", "cityname": "南宁市", "adname": "兴宁区", "keyword_source": "工业园" }, "geometry": { "type": "Point", "coordinates": [ 108.56428312221648, 22.956331026975437 ] } },
{ "type": "Feature", "properties": { "poi_id": "B0M6RZZ3HL", "name": "南A中心产业孵化园", "lng": 108.397983, "lat": 22.734526, "lng_wgs84": 108.39389014215668, "lat_wgs84": 22.737213818026603, "type": "商务住宅;产业园区;产业园区", "typecode": "120100", "address": "那黄大道与夏林路交叉口东180米", "pname": "广西壮族自治区", "cityname": "南宁市", "adname": "良庆区", "keyword_source": "工业园" }, "geometry": { "type": "Point", "coordinates": [ 108.393890142156678, 22.737213818026603 ] } },
{ "type": "Feature", "properties": { "poi_id": "B0M6RH0AXN", "name": "横州市健康特色农产品加工产业园", "lng": 109.288594, "lat": 22.826334, "lng_wgs84": 109.2842961463996, "lat_wgs84": 22.829142984135338, "type": "商务住宅;产业园区;产业园区", "typecode": "120100", "address": "306乡道西侧", "pname": "广西壮族自治区", "cityname": "南宁市", "adname": "横州市", "keyword_source": "工业园" }, "geometry": { "type": "Point", "coordinates": [ 109.284296146399598, 22.829142984135338 ] } },
{ "type": "Feature", "properties": { "poi_id": "B0M6PRMX79", "name": "中关村工业园", "lng": 108.319925, "lat": 22.903275, "lng_wgs84": 108.3159324692371, "lat_wgs84": 22.906009556928471, "type": "商务住宅;产业园区;产业园区", "typecode": "120100", "address": "四维路与创园路交叉口西160米", "pname": "广西壮族自治区", "cityname": "南宁市", "adname": "西乡塘区", "keyword_source": "工业园" }, "geometry": { "type": "Point", "coordinates": [ 108.315932469237097, 22.906009556928471 ] } },
{ "type": "Feature", "properties": { "poi_id": "B0M6FAX5MM", "name": "广西工建集团大健康产业园", "lng": 108.285767, "lat": 22.798491, "lng_wgs84": 108.28183526431582, "lat_wgs84": 22.80132105605102, "type": "商务住宅;产业园区;产业园区", "typecode": "120100", "address": "五一路118号", "pname": "广西壮族自治区", "cityname": "南宁市", "adname": "江南区", "keyword_source": "工业园" }, "geometry": { "type": "Point", "coordinates": [ 108.281835264315816, 22.80132105605102 ] } },
{ "type": "Feature", "properties": { "poi_id": "B0M6DY41M8", "name": "五象科技企业孵化基地", "lng": 108.314716, "lat": 22.759784, "lng_wgs84": 108.31074072041891, "lat_wgs84": 22.762580674249602, "type": "商务住宅;产业园区;产业园区", "typecode": "120100", "address": "银海大道75-77号", "pname": "广西壮族自治区", "cityname": "南宁市", "adname": "良庆区", "keyword_source": "工业园" }, "geometry": { "type": "Point", "coordinates": [ 108.310740720418906, 22.762580674249602 ] } },
{ "type": "Feature", "properties": { "poi_id": "B0M69ODLX3", "name": "广西长叶生态农业科技园", "lng": 108.442178, "lat": 22.85179, "lng_wgs84": 108.43811689444492, "lat_wgs84": 22.854473282032277, "type": "商务住宅;产业园区;产业园区", "typecode": "120100", "address": "屯里北路96号", "pname": "广西壮族自治区", "cityname": "南宁市", "adname": "青秀区", "keyword_source": "工业园" }, "geometry": { "type": "Point", "coordinates": [ 108.438116894444917, 22.854473282032277 ] } },
{ "type": "Feature", "properties": { "poi_id": "B0M69HBAYH", "name": "南宁国际铁路港农产品加工区", "lng": 108.247575, "lat": 22.753275, "lng_wgs84": 108.24366409807094, "lat_wgs84": 22.756143269080145, "type": "商务住宅;产业园区;产业园区", "typecode": "120100", "address": "同兴路与海城路交叉口东320米", "pname": "广西壮族自治区", "cityname": "南宁市", "adname": "江南区", "keyword_source": "工业园" }, "geometry": { "type": "Point", "coordinates": [ 108.243664098070937, 22.756143269080145 ] } },
{ "type": "Feature", "properties": { "poi_id": "B0M69DAXRW", "name": "正创新零售南宁智慧物流园W2号楼", "lng": 108.367325, "lat": 22.702375, "lng_wgs84": 108.36325835655396, "lat_wgs84": 22.705095691750959, "type": "商务住宅;产业园区;产业园区", "typecode": "120100", "address": "六连路与利华路交叉口西北120米", "pname": "广西壮族自治区", "cityname": "南宁市", "adname": "良庆区", "keyword_source": "工业园" }, "geometry": { "type": "Point", "coordinates": [ 108.363258356553956, 22.705095691750959 ] } },
{ "type": "Feature", "properties": { "poi_id": "B0M69DAN4N", "name": "中国(广西)自由贸易试验区南宁片区", "lng": 108.387125, "lat": 22.756625, "lng_wgs84": 108.38303541257082, "lat_wgs84": 22.759310685778843, "type": "商务住宅;产业园区;产业园区", "typecode": "120100", "address": "歌韵路与歌海路辅路交叉口北160米", "pname": "广西壮族自治区", "cityname": "南宁市", "adname": "良庆区", "keyword_source": "工业园" }, "geometry": { "type": "Point", "coordinates": [ 108.38303541257082, 22.759310685778843 ] } },
{ "type": "Feature", "properties": { "poi_id": "B0M63C9TQ5", "name": "现代工业园", "lng": 108.246425, "lat": 22.767125, "lng_wgs84": 108.24251303135992, "lat_wgs84": 22.769988823640769, "type": "商务住宅;产业园区;产业园区", "typecode": "120100", "address": "金凯路与洪运路交叉口东160米", "pname": "广西壮族自治区", "cityname": "南宁市", "adname": "江南区", "keyword_source": "工业园" }, "geometry": { "type": "Point", "coordinates": [ 108.24251303135992, 22.769988823640769 ] } },
{ "type": "Feature", "properties": { "poi_id": "B0M61DHSU0", "name": "沙井工业区", "lng": 108.241225, "lat": 22.798075, "lng_wgs84": 108.23730913677088, "lat_wgs84": 22.800927389173125, "type": "商务住宅;产业园区;产业园区", "typecode": "120100", "address": "富乐西路与新乐路交叉口南160米", "pname": "广西壮族自治区", "cityname": "南宁市", "adname": "江南区", "keyword_source": "工业园" }, "geometry": { "type": "Point", "coordinates": [ 108.237309136770875, 22.800927389173125 ] } },
{ "type": "Feature", "properties": { "poi_id": "B0M61DHFB8", "name": "中国(广西)自由贸易试验区南宁片区", "lng": 108.378275, "lat": 22.765825, "lng_wgs84": 108.37419215331749, "lat_wgs84": 22.768514899061906, "type": "商务住宅;产业园区;产业园区", "typecode": "120100", "address": "飞云路西一里与金龙路交叉口西40米", "pname": "广西壮族自治区", "cityname": "南宁市", "adname": "良庆区", "keyword_source": "工业园" }, "geometry": { "type": "Point", "coordinates": [ 108.374192153317495, 22.768514899061906 ] } },
{ "type": "Feature", "properties": { "poi_id": "B0M2NH1BQP", "name": "南宁轨道科技创新产业园3栋", "lng": 108.429056, "lat": 22.819244, "lng_wgs84": 108.42497592900185, "lat_wgs84": 22.821919940972212, "type": "商务住宅;产业园区;产业园区", "typecode": "120100", "address": "高坡岭路10号南宁轨道科技创新产业园", "pname": "广西壮族自治区", "cityname": "南宁市", "adname": "青秀区", "keyword_source": "工业园" }, "geometry": { "type": "Point", "coordinates": [ 108.424975929001846, 22.821919940972212 ] } },
{ "type": "Feature", "properties": { "poi_id": "B0M2GR1ID5", "name": "明阳工业区", "lng": 108.230475, "lat": 22.599325, "lng_wgs84": 108.22656099921852, "lat_wgs84": 22.602220987983483, "type": "商务住宅;产业园区;产业园区", "typecode": "120100", "address": "新扶公路与南钦路交叉口东南80米", "pname": "广西壮族自治区", "cityname": "南宁市", "adname": "江南区", "keyword_source": "工业园" }, "geometry": { "type": "Point", "coordinates": [ 108.22656099921852, 22.602220987983483 ] } },
{ "type": "Feature", "properties": { "poi_id": "B0M2659JAJ", "name": "贝德·联讯云谷", "lng": 108.29492, "lat": 22.748985, "lng_wgs84": 108.29097860034484, "lat_wgs84": 22.75181845157444, "type": "商务住宅;产业园区;产业园区", "typecode": "120100", "address": "友谊路48-17号贝德·联讯云谷招商中心", "pname": "广西壮族自治区", "cityname": "南宁市", "adname": "江南区", "keyword_source": "工业园" }, "geometry": { "type": "Point", "coordinates": [ 108.290978600344843, 22.75181845157444 ] } },
{ "type": "Feature", "properties": { "poi_id": "B0M247HQM2", "name": "荣港城产业园", "lng": 108.303075, "lat": 22.767925, "lng_wgs84": 108.29911985826612, "lat_wgs84": 22.770739627076821, "type": "商务住宅;产业园区;产业园区", "typecode": "120100", "address": "金凯路与开源路交叉口东南60米", "pname": "广西壮族自治区", "cityname": "南宁市", "adname": "江南区", "keyword_source": "工业园" }, "geometry": { "type": "Point", "coordinates": [ 108.299119858266124, 22.770739627076821 ] } },
{ "type": "Feature", "properties": { "poi_id": "B0M1KCRAXY", "name": "闽佳物流园B区", "lng": 108.301345, "lat": 22.910754, "lng_wgs84": 108.2973853252432, "lat_wgs84": 22.913518591250124, "type": "商务住宅;产业园区;产业园区", "typecode": "120100", "address": "南武大道辅路东南30米", "pname": "广西壮族自治区", "cityname": "南宁市", "adname": "西乡塘区", "keyword_source": "工业园" }, "geometry": { "type": "Point", "coordinates": [ 108.297385325243198, 22.913518591250124 ] } },
{ "type": "Feature", "properties": { "poi_id": "B0M1JLRZHN", "name": "工业园区管委会4号楼", "lng": 108.242538, "lat": 22.793266, "lng_wgs84": 108.238623072582, "lat_wgs84": 22.796120427864079, "type": "商务住宅;产业园区;产业园区", "typecode": "120100", "address": "下津路8号南宁江南工业园区管理委员会", "pname": "广西壮族自治区", "cityname": "南宁市", "adname": "江南区", "keyword_source": "工业园" }, "geometry": { "type": "Point", "coordinates": [ 108.238623072582001, 22.796120427864079 ] } },
{ "type": "Feature", "properties": { "poi_id": "B0M1GL9E8C", "name": "中国-东盟AI+智创产业园", "lng": 108.237662, "lat": 22.788191, "lng_wgs84": 108.23374441383368, "lat_wgs84": 22.791045357621904, "type": "商务住宅;产业园区;产业园区", "typecode": "120100", "address": "同乐大道51号A1栋", "pname": "广西壮族自治区", "cityname": "南宁市", "adname": "江南区", "keyword_source": "工业园" }, "geometry": { "type": "Point", "coordinates": [ 108.233744413833676, 22.791045357621904 ] } },
{ "type": "Feature", "properties": { "poi_id": "B0M1GH80J4", "name": "南宁东盟企业总部港E3号栋", "lng": 108.25885, "lat": 22.87405, "lng_wgs84": 108.25493349754969, "lat_wgs84": 22.876874094075266, "type": "商务住宅;产业园区;产业园区", "typecode": "120100", "address": "振华路与科兴路交叉口东南160米", "pname": "广西壮族自治区", "cityname": "南宁市", "adname": "西乡塘区", "keyword_source": "工业园" }, "geometry": { "type": "Point", "coordinates": [ 108.254933497549686, 22.876874094075266 ] } },
{ "type": "Feature", "properties": { "poi_id": "B0M1BDX3ZI", "name": "中国-东盟AIGC青创中心(禾集工社)", "lng": 108.288028, "lat": 22.815364, "lng_wgs84": 108.2840926144451, "lat_wgs84": 22.81818522632377, "type": "商务住宅;产业园区;产业园区", "typecode": "120100", "address": "新阳街道中尧路48号28号2楼29号2楼", "pname": "广西壮族自治区", "cityname": "南宁市", "adname": "西乡塘区", "keyword_source": "工业园" }, "geometry": { "type": "Point", "coordinates": [ 108.2840926144451, 22.81818522632377 ] } },
{ "type": "Feature", "properties": { "poi_id": "B0M19HSDSK", "name": "南宁产投汽车菁秀产业园零件配套园", "lng": 108.742175, "lat": 22.821925, "lng_wgs84": 108.73820693985265, "lat_wgs84": 22.824767812954519, "type": "商务住宅;产业园区;产业园区", "typecode": "120100", "address": "昌隆路与广居路交叉口东260米", "pname": "广西壮族自治区", "cityname": "南宁市", "adname": "青秀区", "keyword_source": "工业园" }, "geometry": { "type": "Point", "coordinates": [ 108.738206939852645, 22.824767812954519 ] } },
{ "type": "Feature", "properties": { "poi_id": "B0M16UNQP1", "name": "1993水泥厂文创园", "lng": 108.427379, "lat": 22.753232, "lng_wgs84": 108.42330031119356, "lat_wgs84": 22.755928042500454, "type": "商务住宅;产业园区;产业园区", "typecode": "120100", "address": "五象大道691号", "pname": "广西壮族自治区", "cityname": "南宁市", "adname": "良庆区", "keyword_source": "工业园" }, "geometry": { "type": "Point", "coordinates": [ 108.423300311193557, 22.755928042500454 ] } },
{ "type": "Feature", "properties": { "poi_id": "B0M137PUO7", "name": "上林县象山工业园区", "lng": 108.708796, "lat": 23.42845, "lng_wgs84": 108.70484138426752, "lat_wgs84": 23.431112777341344, "type": "商务住宅;产业园区;产业园区", "typecode": "120100", "address": "309省道与金象路交叉口西北40米", "pname": "广西壮族自治区", "cityname": "南宁市", "adname": "上林县", "keyword_source": "工业园" }, "geometry": { "type": "Point", "coordinates": [ 108.704841384267525, 23.431112777341344 ] } },
{ "type": "Feature", "properties": { "poi_id": "B0LUYCTU5U", "name": "神冠工业园区", "lng": 108.308681, "lat": 22.751759, "lng_wgs84": 108.3047170764796, "lat_wgs84": 22.754569033272141, "type": "商务住宅;产业园区;产业园区", "typecode": "120100", "address": "国凯大道13号", "pname": "广西壮族自治区", "cityname": "南宁市", "adname": "江南区", "keyword_source": "工业园" }, "geometry": { "type": "Point", "coordinates": [ 108.304717076479605, 22.754569033272141 ] } },
{ "type": "Feature", "properties": { "poi_id": "B0LUVDCJTQ", "name": "南宁市邕宁区蒲庙镇八鲤工业区", "lng": 108.498575, "lat": 22.732575, "lng_wgs84": 108.49467248140596, "lat_wgs84": 22.735443323495907, "type": "商务住宅;产业园区;产业园区", "typecode": "120100", "address": "梁村大道辅路与龙门路交叉口西南80米", "pname": "广西壮族自治区", "cityname": "南宁市", "adname": "邕宁区", "keyword_source": "工业园" }, "geometry": { "type": "Point", "coordinates": [ 108.494672481405956, 22.735443323495907 ] } },
{ "type": "Feature", "properties": { "poi_id": "B0LUNL7CPI", "name": "大罗五金创业园", "lng": 108.779151, "lat": 23.239709, "lng_wgs84": 108.7751603082551, "lat_wgs84": 23.242399560237679, "type": "商务住宅;产业园区;产业园区", "typecode": "120100", "address": [ ], "pname": "广西壮族自治区", "cityname": "南宁市", "adname": "宾阳县", "keyword_source": "工业园" }, "geometry": { "type": "Point", "coordinates": [ 108.775160308255096, 23.242399560237679 ] } },
{ "type": "Feature", "properties": { "poi_id": "B0LUFL21IL", "name": "南宁隆安港宝塔作业区", "lng": 107.724425, "lat": 23.166075, "lng_wgs84": 107.72037362311065, "lat_wgs84": 23.168796287176718, "type": "公司企业;公司;公司|商务住宅;产业园区;产业园区", "typecode": "170200|120100", "address": "户外劳动者司机驿站(隆安宝塔港)东侧", "pname": "广西壮族自治区", "cityname": "南宁市", "adname": "隆安县", "keyword_source": "工业园" }, "geometry": { "type": "Point", "coordinates": [ 107.720373623110646, 23.168796287176718 ] } },
{ "type": "Feature", "properties": { "poi_id": "B0LU2RUPGC", "name": "古寨加善云上瑶乡鹰嘴桃产业园", "lng": 108.376006, "lat": 23.77191, "lng_wgs84": 108.37187165854182, "lat_wgs84": 23.774405940527672, "type": "商务住宅;产业园区;产业园区", "typecode": "120100", "address": "002乡道", "pname": "广西壮族自治区", "cityname": "南宁市", "adname": "马山县", "keyword_source": "工业园" }, "geometry": { "type": "Point", "coordinates": [ 108.371871658541821, 23.774405940527672 ] } },
{ "type": "Feature", "properties": { "poi_id": "B0LRZZ1G79", "name": "中国—东盟国家人工智能应用合作中心(南A中心)", "lng": 108.398027, "lat": 22.757764, "lng_wgs84": 108.393932913295, "lat_wgs84": 22.760444855155317, "type": "商务住宅;产业园区;产业园区", "typecode": "120100", "address": "五象大道673号", "pname": "广西壮族自治区", "cityname": "南宁市", "adname": "良庆区", "keyword_source": "工业园" }, "geometry": { "type": "Point", "coordinates": [ 108.393932913295004, 22.760444855155317 ] } },
{ "type": "Feature", "properties": { "poi_id": "B0LRYLVVWR", "name": "南宁国际科技产业城人工智能科创中心", "lng": 108.45077, "lat": 22.825419, "lng_wgs84": 108.4467277252767, "lat_wgs84": 22.828128562136161, "type": "商务住宅;产业园区;产业园区", "typecode": "120100", "address": [ ], "pname": "广西壮族自治区", "cityname": "南宁市", "adname": "青秀区", "keyword_source": "工业园" }, "geometry": { "type": "Point", "coordinates": [ 108.446727725276702, 22.828128562136161 ] } },
{ "type": "Feature", "properties": { "poi_id": "B0LRVGJ77Y", "name": "广西林业科技成果转化基地", "lng": 108.37201, "lat": 22.911262, "lng_wgs84": 108.36792638457472, "lat_wgs84": 22.91390483293824, "type": "商务住宅;产业园区;产业园区", "typecode": "120100", "address": "应急管理部南方航空护林总站百色站南侧160米", "pname": "广西壮族自治区", "cityname": "南宁市", "adname": "兴宁区", "keyword_source": "工业园" }, "geometry": { "type": "Point", "coordinates": [ 108.367926384574716, 22.91390483293824 ] } },
{ "type": "Feature", "properties": { "poi_id": "B0LRMXXUER", "name": "海城路15号南宁综合保税区(国铁片区)", "lng": 108.246763, "lat": 22.750712, "lng_wgs84": 108.24285198143929, "lat_wgs84": 22.753580968702423, "type": "商务住宅;产业园区;产业园区", "typecode": "120100", "address": "槎路291号", "pname": "广西壮族自治区", "cityname": "南宁市", "adname": "江南区", "keyword_source": "工业园" }, "geometry": { "type": "Point", "coordinates": [ 108.242851981439287, 22.753580968702423 ] } },
{ "type": "Feature", "properties": { "poi_id": "B0LRMDX7MW", "name": "中国东盟稻作园核心示范区", "lng": 108.68536, "lat": 22.823372, "lng_wgs84": 108.68148736949055, "lat_wgs84": 22.826282607247403, "type": "商务住宅;产业园区;产业园区", "typecode": "120100", "address": "长兴路66号", "pname": "广西壮族自治区", "cityname": "南宁市", "adname": "青秀区", "keyword_source": "工业园" }, "geometry": { "type": "Point", "coordinates": [ 108.681487369490554, 22.826282607247403 ] } },
{ "type": "Feature", "properties": { "poi_id": "B0LRKAGGW2", "name": "江南区迎鹏产业园", "lng": 108.305625, "lat": 22.763025, "lng_wgs84": 108.30166581166914, "lat_wgs84": 22.765836862405131, "type": "商务住宅;产业园区;产业园区", "typecode": "120100", "address": "迎凯路与朋展路交叉口西南60米", "pname": "广西壮族自治区", "cityname": "南宁市", "adname": "江南区", "keyword_source": "工业园" }, "geometry": { "type": "Point", "coordinates": [ 108.301665811669139, 22.765836862405131 ] } },
{ "type": "Feature", "properties": { "poi_id": "B0LRD65OYT", "name": "新科园", "lng": 108.218075, "lat": 22.765325, "lng_wgs84": 108.21413745238048, "lat_wgs84": 22.768171115115425, "type": "商务住宅;产业园区;产业园区", "typecode": "120100", "address": "南站大道辅路与沙井互通式立交跨线桥交叉口北300米", "pname": "广西壮族自治区", "cityname": "南宁市", "adname": "江南区", "keyword_source": "工业园" }, "geometry": { "type": "Point", "coordinates": [ 108.214137452380484, 22.768171115115425 ] } },
{ "type": "Feature", "properties": { "poi_id": "B0LR9SPMAO", "name": "南宁新材料产业园南区(建设中)", "lng": 108.974958, "lat": 22.781251, "lng_wgs84": 108.97094914175176, "lat_wgs84": 22.78417862934586, "type": "商务住宅;产业园区;产业园区", "typecode": "120100", "address": "良圻街165号", "pname": "广西壮族自治区", "cityname": "南宁市", "adname": "横州市", "keyword_source": "工业园" }, "geometry": { "type": "Point", "coordinates": [ 108.97094914175176, 22.78417862934586 ] } },
{ "type": "Feature", "properties": { "poi_id": "B0LR5DBDR2", "name": "横县电子商务产业园孵化中心", "lng": 109.269293, "lat": 22.709333, "lng_wgs84": 109.2650327351533, "lat_wgs84": 22.712199313844369, "type": "商务住宅;产业园区;产业园区", "typecode": "120100", "address": "横州大道与翔云街交叉口北360米", "pname": "广西壮族自治区", "cityname": "南宁市", "adname": "横州市", "keyword_source": "工业园" }, "geometry": { "type": "Point", "coordinates": [ 109.265032735153298, 22.712199313844369 ] } },
{ "type": "Feature", "properties": { "poi_id": "B0LR3CDOVS", "name": "自由贸易试验区", "lng": 108.374973, "lat": 22.767365, "lng_wgs84": 108.37089352689868, "lat_wgs84": 22.77005778344618, "type": "商务住宅;产业园区;产业园区", "typecode": "120100", "address": "五象大道辅路与龙村路交叉口西120米", "pname": "广西壮族自治区", "cityname": "南宁市", "adname": "良庆区", "keyword_source": "工业园" }, "geometry": { "type": "Point", "coordinates": [ 108.370893526898683, 22.77005778344618 ] } },
{ "type": "Feature", "properties": { "poi_id": "B0LR37E7TZ", "name": "南宁教育园区西片区", "lng": 108.209492, "lat": 23.149163, "lng_wgs84": 108.20552106394186, "lat_wgs84": 23.151845211700323, "type": "商务住宅;产业园区;产业园区", "typecode": "120100", "address": "发展大道与514省道交叉口西南60米", "pname": "广西壮族自治区", "cityname": "南宁市", "adname": "武鸣区", "keyword_source": "工业园" }, "geometry": { "type": "Point", "coordinates": [ 108.205521063941859, 23.151845211700323 ] } },
{ "type": "Feature", "properties": { "poi_id": "B0LR1XV74P", "name": "弘信工业园", "lng": 108.280799, "lat": 22.877239, "lng_wgs84": 108.27686874736702, "lat_wgs84": 22.88004567695349, "type": "商务住宅;产业园区;产业园区", "typecode": "120100", "address": "丰达路与弘信路交叉口南160米", "pname": "广西壮族自治区", "cityname": "南宁市", "adname": "西乡塘区", "keyword_source": "工业园" }, "geometry": { "type": "Point", "coordinates": [ 108.276868747367018, 22.88004567695349 ] } },
{ "type": "Feature", "properties": { "poi_id": "B0LR1LUH3O", "name": "武鸣区武华大道(印尼工业园)", "lng": 108.204887, "lat": 23.178514, "lng_wgs84": 108.20090634590258, "lat_wgs84": 23.181178510286237, "type": "商务住宅;产业园区;产业园区", "typecode": "120100", "address": "上平路与聚源路交叉口东260米", "pname": "广西壮族自治区", "cityname": "南宁市", "adname": "武鸣区", "keyword_source": "工业园" }, "geometry": { "type": "Point", "coordinates": [ 108.200906345902581, 23.181178510286237 ] } },
{ "type": "Feature", "properties": { "poi_id": "B0LR0XQU8B", "name": "昌泰东盟园B区", "lng": 108.399325, "lat": 22.807125, "lng_wgs84": 108.39522813558111, "lat_wgs84": 22.809789307964841, "type": "商务住宅;住宅区;住宅小区|商务住宅;产业园区;产业园区", "typecode": "120302|120100", "address": "合作路与桂雅路交叉口西北100米", "pname": "广西壮族自治区", "cityname": "南宁市", "adname": "青秀区", "keyword_source": "工业园" }, "geometry": { "type": "Point", "coordinates": [ 108.395228135581107, 22.809789307964841 ] } },
{ "type": "Feature", "properties": { "poi_id": "B0LR0XPV8X", "name": "中盟产业园B06栋", "lng": 108.526625, "lat": 22.727325, "lng_wgs84": 108.52280774174228, "lat_wgs84": 22.730276884244422, "type": "商务住宅;产业园区;产业园区", "typecode": "120100", "address": "蒲庙镇广信路5号中盟产业园", "pname": "广西壮族自治区", "cityname": "南宁市", "adname": "邕宁区", "keyword_source": "工业园" }, "geometry": { "type": "Point", "coordinates": [ 108.522807741742284, 22.730276884244422 ] } },
{ "type": "Feature", "properties": { "poi_id": "B0LR0OQL6C", "name": "广西-东盟国际医疗健康电子信息科技综合产业园", "lng": 108.234575, "lat": 22.796625, "lng_wgs84": 108.23065463316053, "lat_wgs84": 22.79947490915308, "type": "商务住宅;产业园区;产业园区", "typecode": "120100", "address": "石牌路与同乐大道辅路交叉口西北180米", "pname": "广西壮族自治区", "cityname": "南宁市", "adname": "江南区", "keyword_source": "工业园" }, "geometry": { "type": "Point", "coordinates": [ 108.230654633160526, 22.79947490915308 ] } },
{ "type": "Feature", "properties": { "poi_id": "B0LR0OPKQG", "name": "台翔智能科技综合产业园3栋", "lng": 108.243625, "lat": 22.794925, "lng_wgs84": 108.23971050451668, "lat_wgs84": 22.797779139289123, "type": "商务住宅;产业园区;产业园区", "typecode": "120100", "address": "仁和路9号台翔智能科技综合产业园", "pname": "广西壮族自治区", "cityname": "南宁市", "adname": "江南区", "keyword_source": "工业园" }, "geometry": { "type": "Point", "coordinates": [ 108.23971050451668, 22.797779139289123 ] } },
{ "type": "Feature", "properties": { "poi_id": "B0LR0OPEXR", "name": "万丰科技工业园", "lng": 108.272325, "lat": 22.876725, "lng_wgs84": 108.26840221491361, "lat_wgs84": 22.879540101277996, "type": "商务住宅;产业园区;产业园区", "typecode": "120100", "address": "科园大道86号", "pname": "广西壮族自治区", "cityname": "南宁市", "adname": "西乡塘区", "keyword_source": "工业园" }, "geometry": { "type": "Point", "coordinates": [ 108.268402214913607, 22.879540101277996 ] } },
{ "type": "Feature", "properties": { "poi_id": "B0LR0OP6HT", "name": "中盟产业园B05栋", "lng": 108.525975, "lat": 22.727325, "lng_wgs84": 108.5221559181616, "lat_wgs84": 22.73027510650169, "type": "商务住宅;产业园区;产业园区", "typecode": "120100", "address": "蒲庙镇广信路5号中盟产业园", "pname": "广西壮族自治区", "cityname": "南宁市", "adname": "邕宁区", "keyword_source": "工业园" }, "geometry": { "type": "Point", "coordinates": [ 108.522155918161602, 22.73027510650169 ] } },
{ "type": "Feature", "properties": { "poi_id": "B0LR0OOSSX", "name": "广研E谷大健康产业园1栋", "lng": 108.284975, "lat": 22.872575, "lng_wgs84": 108.28104039096377, "lat_wgs84": 22.875378625589391, "type": "商务住宅;产业园区;产业园区", "typecode": "120100", "address": "罗赖路与创业路交叉口东60米", "pname": "广西壮族自治区", "cityname": "南宁市", "adname": "西乡塘区", "keyword_source": "工业园" }, "geometry": { "type": "Point", "coordinates": [ 108.281040390963767, 22.875378625589391 ] } },
{ "type": "Feature", "properties": { "poi_id": "B0LR0OO7LV", "name": "中盟产业园A06栋", "lng": 108.526622, "lat": 22.727733, "lng_wgs84": 108.52280471268421, "lat_wgs84": 22.730684761195761, "type": "商务住宅;产业园区;产业园区", "typecode": "120100", "address": "蒲庙镇广信路5号中盟产业园", "pname": "广西壮族自治区", "cityname": "南宁市", "adname": "邕宁区", "keyword_source": "工业园" }, "geometry": { "type": "Point", "coordinates": [ 108.522804712684206, 22.730684761195761 ] } },
{ "type": "Feature", "properties": { "poi_id": "B0LR01OW8L", "name": "南北物流园D栋", "lng": 108.221875, "lat": 22.812975, "lng_wgs84": 108.21794022027125, "lat_wgs84": 22.81580913436057, "type": "商务住宅;产业园区;产业园区", "typecode": "120100", "address": "三津大道辅路与上津路交叉口东南320米", "pname": "广西壮族自治区", "cityname": "南宁市", "adname": "江南区", "keyword_source": "工业园" }, "geometry": { "type": "Point", "coordinates": [ 108.217940220271245, 22.81580913436057 ] } },
{ "type": "Feature", "properties": { "poi_id": "B0LR01OW5S", "name": "和德科创中心F7栋", "lng": 108.248525, "lat": 22.867675, "lng_wgs84": 108.24460849445012, "lat_wgs84": 22.87050311351453, "type": "商务住宅;产业园区;产业园区", "typecode": "120100", "address": "新际路10号和德科创中心", "pname": "广西壮族自治区", "cityname": "南宁市", "adname": "西乡塘区", "keyword_source": "工业园" }, "geometry": { "type": "Point", "coordinates": [ 108.244608494450119, 22.87050311351453 ] } },
{ "type": "Feature", "properties": { "poi_id": "B0LR01OODY", "name": "北湖广隆汽车产业园A区", "lng": 108.323175, "lat": 22.877575, "lng_wgs84": 108.31917756137685, "lat_wgs84": 22.880313718461235, "type": "商务住宅;产业园区;产业园区", "typecode": "120100", "address": "安武大道辅路与邕大路交叉口西北100米", "pname": "广西壮族自治区", "cityname": "南宁市", "adname": "西乡塘区", "keyword_source": "工业园" }, "geometry": { "type": "Point", "coordinates": [ 108.319177561376847, 22.880313718461235 ] } },
{ "type": "Feature", "properties": { "poi_id": "B0LR01OJ4G", "name": "研祥智谷D5栋", "lng": 108.306875, "lat": 22.755925, "lng_wgs84": 108.30291402369446, "lat_wgs84": 22.758736917175565, "type": "商务住宅;产业园区;产业园区", "typecode": "120100", "address": "朋展路与德育街交叉口西300米", "pname": "广西壮族自治区", "cityname": "南宁市", "adname": "江南区", "keyword_source": "工业园" }, "geometry": { "type": "Point", "coordinates": [ 108.302914023694456, 22.758736917175565 ] } },
{ "type": "Feature", "properties": { "poi_id": "B0LR01OIFF", "name": "金凯工业园15栋", "lng": 108.303075, "lat": 22.749125, "lng_wgs84": 108.29912082608104, "lat_wgs84": 22.751945467177769, "type": "商务住宅;产业园区;产业园区", "typecode": "120100", "address": "国凯大道金凯工业园", "pname": "广西壮族自治区", "cityname": "南宁市", "adname": "江南区", "keyword_source": "工业园" }, "geometry": { "type": "Point", "coordinates": [ 108.299120826081037, 22.751945467177769 ] } },
{ "type": "Feature", "properties": { "poi_id": "B0LR01O3G5", "name": "金凯工业园8栋", "lng": 108.302178, "lat": 22.751052, "lng_wgs84": 108.29822520691479, "lat_wgs84": 22.753873373889903, "type": "商务住宅;产业园区;产业园区", "typecode": "120100", "address": "国凯大道金凯工业园", "pname": "广西壮族自治区", "cityname": "南宁市", "adname": "江南区", "keyword_source": "工业园" }, "geometry": { "type": "Point", "coordinates": [ 108.298225206914793, 22.753873373889903 ] } },
{ "type": "Feature", "properties": { "poi_id": "B0LR01NPJT", "name": "嘉丰文创园3栋", "lng": 108.321125, "lat": 22.856525, "lng_wgs84": 108.31713260155652, "lat_wgs84": 22.859275805888995, "type": "商务住宅;产业园区;产业园区", "typecode": "120100", "address": "北湖北路与秀厢大道辅路交叉口东100米", "pname": "广西壮族自治区", "cityname": "南宁市", "adname": "西乡塘区", "keyword_source": "工业园" }, "geometry": { "type": "Point", "coordinates": [ 108.317132601556523, 22.859275805888995 ] } },
{ "type": "Feature", "properties": { "poi_id": "B0LR01NNN1", "name": "嘉丰文创园4栋", "lng": 108.321119, "lat": 22.856468, "lng_wgs84": 108.31712661602586, "lat_wgs84": 22.859218839107506, "type": "商务住宅;产业园区;产业园区", "typecode": "120100", "address": "北湖北路与秀厢大道辅路交叉口东100米", "pname": "广西壮族自治区", "cityname": "南宁市", "adname": "西乡塘区", "keyword_source": "工业园" }, "geometry": { "type": "Point", "coordinates": [ 108.31712661602586, 22.859218839107506 ] } },
{ "type": "Feature", "properties": { "poi_id": "B0LR01NGO8", "name": "中盟产业园C03栋", "lng": 108.524525, "lat": 22.726825, "lng_wgs84": 108.52070183947691, "lat_wgs84": 22.729771249803001, "type": "商务住宅;产业园区;产业园区", "typecode": "120100", "address": "蒲庙镇广信路5号中盟产业园", "pname": "广西壮族自治区", "cityname": "南宁市", "adname": "邕宁区", "keyword_source": "工业园" }, "geometry": { "type": "Point", "coordinates": [ 108.520701839476914, 22.729771249803001 ] } },
{ "type": "Feature", "properties": { "poi_id": "B0LR01NGBP", "name": "广西桂友总部基地B2栋", "lng": 108.25645, "lat": 22.76025, "lng_wgs84": 108.25253964728056, "lat_wgs84": 22.763115368775644, "type": "商务住宅;产业园区;产业园区", "typecode": "120100", "address": "洪历路3号广西桂友集团总部基地", "pname": "广西壮族自治区", "cityname": "南宁市", "adname": "江南区", "keyword_source": "工业园" }, "geometry": { "type": "Point", "coordinates": [ 108.252539647280557, 22.763115368775644 ] } },
{ "type": "Feature", "properties": { "poi_id": "B0LKT9XFG8", "name": "超易购总部基地", "lng": 108.38315, "lat": 22.768924, "lng_wgs84": 108.37906263086992, "lat_wgs84": 22.771608639923794, "type": "商务住宅;产业园区;产业园区|公司企业;公司;公司", "typecode": "120100|170200", "address": "龙佑街与宋厢路辅路交叉口东220米", "pname": "广西壮族自治区", "cityname": "南宁市", "adname": "良庆区", "keyword_source": "工业园" }, "geometry": { "type": "Point", "coordinates": [ 108.379062630869925, 22.771608639923794 ] } },
{ "type": "Feature", "properties": { "poi_id": "B0LKSUIX8S", "name": "启丞科技孵化器", "lng": 108.354325, "lat": 22.846375, "lng_wgs84": 108.3502707200692, "lat_wgs84": 22.849068680335492, "type": "商务住宅;产业园区;产业园区", "typecode": "120100", "address": "沙江路辅路与燕州路交叉口北100米", "pname": "广西壮族自治区", "cityname": "南宁市", "adname": "兴宁区", "keyword_source": "工业园" }, "geometry": { "type": "Point", "coordinates": [ 108.350270720069204, 22.849068680335492 ] } },
{ "type": "Feature", "properties": { "poi_id": "B0LKRS6G4R", "name": "六景工业园区", "lng": 108.925875, "lat": 22.839375, "lng_wgs84": 108.9219983025922, "lat_wgs84": 22.842381502317743, "type": "商务住宅;产业园区;产业园区", "typecode": "120100", "address": "纬十一路与景春路交结处", "pname": "广西壮族自治区", "cityname": "南宁市", "adname": "横州市", "keyword_source": "工业园" }, "geometry": { "type": "Point", "coordinates": [ 108.921998302592201, 22.842381502317743 ] } },
{ "type": "Feature", "properties": { "poi_id": "B0LKRK57LA", "name": "桂网电力产业园", "lng": 108.284625, "lat": 22.873725, "lng_wgs84": 108.2806907392673, "lat_wgs84": 22.876528603438985, "type": "商务住宅;产业园区;产业园区", "typecode": "120100", "address": "创业路与罗赖路交叉口北100米", "pname": "广西壮族自治区", "cityname": "南宁市", "adname": "西乡塘区", "keyword_source": "工业园" }, "geometry": { "type": "Point", "coordinates": [ 108.2806907392673, 22.876528603438985 ] } },
{ "type": "Feature", "properties": { "poi_id": "B0LKRK4SKC", "name": "那阳工业集中区", "lng": 109.348675, "lat": 22.719925, "lng_wgs84": 109.34424137118712, "lat_wgs84": 22.722662539743148, "type": "商务住宅;产业园区;产业园区", "typecode": "120100", "address": [ ], "pname": "广西壮族自治区", "cityname": "南宁市", "adname": "横州市", "keyword_source": "工业园" }, "geometry": { "type": "Point", "coordinates": [ 109.344241371187124, 22.722662539743148 ] } },
{ "type": "Feature", "properties": { "poi_id": "B0LKR76ZCS", "name": "那香米立方文化产业园", "lng": 108.787264, "lat": 23.408114, "lng_wgs84": 108.78327086354686, "lat_wgs84": 23.410773559500857, "type": "商务住宅;产业园区;产业园区", "typecode": "120100", "address": "上林大米水稻育秧基地米立方文化产业园", "pname": "广西壮族自治区", "cityname": "南宁市", "adname": "上林县", "keyword_source": "工业园" }, "geometry": { "type": "Point", "coordinates": [ 108.783270863546861, 23.410773559500857 ] } },
{ "type": "Feature", "properties": { "poi_id": "B0LKPUZOFC", "name": "朱槿路10号新加坡园区", "lng": 108.405275, "lat": 22.808325, "lng_wgs84": 108.4011782368692, "lat_wgs84": 22.810988910119683, "type": "商务住宅;产业园区;产业园区", "typecode": "120100", "address": "青林路与铜鼓岭路交叉口西240米", "pname": "广西壮族自治区", "cityname": "南宁市", "adname": "青秀区", "keyword_source": "工业园" }, "geometry": { "type": "Point", "coordinates": [ 108.4011782368692, 22.810988910119683 ] } },
{ "type": "Feature", "properties": { "poi_id": "B0LKNLR4VA", "name": "八冬坡集体经济产业园", "lng": 108.210175, "lat": 22.803625, "lng_wgs84": 108.2062231181332, "lat_wgs84": 22.806448552241424, "type": "商务住宅;产业园区;产业园区", "typecode": "120100", "address": "定津路与堤园路交叉口东南500米", "pname": "广西壮族自治区", "cityname": "南宁市", "adname": "江南区", "keyword_source": "工业园" }, "geometry": { "type": "Point", "coordinates": [ 108.206223118133195, 22.806448552241424 ] } },
{ "type": "Feature", "properties": { "poi_id": "B0LK9RAHZQ", "name": "容顺物流园A栋", "lng": 108.296875, "lat": 22.898925, "lng_wgs84": 108.29292296160524, "lat_wgs84": 22.901701521227466, "type": "商务住宅;产业园区;产业园区", "typecode": "120100", "address": "G75兰海高速与安吉立交交叉口东500米", "pname": "广西壮族自治区", "cityname": "南宁市", "adname": "西乡塘区", "keyword_source": "工业园" }, "geometry": { "type": "Point", "coordinates": [ 108.292922961605242, 22.901701521227466 ] } },
{ "type": "Feature", "properties": { "poi_id": "B0LK4MWT81", "name": "南宁六景化工园区", "lng": 108.970703, "lat": 22.778215, "lng_wgs84": 108.9667092873366, "lat_wgs84": 22.781155249760211, "type": "商务住宅;产业园区;产业园区", "typecode": "120100", "address": "324国道南宁六景化工园区6号路出入口", "pname": "广西壮族自治区", "cityname": "南宁市", "adname": "横州市", "keyword_source": "工业园" }, "geometry": { "type": "Point", "coordinates": [ 108.966709287336599, 22.781155249760211 ] } },
{ "type": "Feature", "properties": { "poi_id": "B0LK2URVBF", "name": "辰逸产业园", "lng": 108.245175, "lat": 22.763325, "lng_wgs84": 108.24126277291371, "lat_wgs84": 22.766189836807108, "type": "商务住宅;产业园区;产业园区", "typecode": "120100", "address": "洪运路与洪历路辅路交叉口东南160米", "pname": "广西壮族自治区", "cityname": "南宁市", "adname": "江南区", "keyword_source": "工业园" }, "geometry": { "type": "Point", "coordinates": [ 108.241262772913714, 22.766189836807108 ] } },
{ "type": "Feature", "properties": { "poi_id": "B0LGV1ZLOM", "name": "元凯工业园区", "lng": 108.911548, "lat": 22.857901, "lng_wgs84": 108.90768997869566, "lat_wgs84": 22.860911277536147, "type": "商务住宅;产业园区;产业园区", "typecode": "120100", "address": "景泰路与景春路交叉口东140米", "pname": "广西壮族自治区", "cityname": "南宁市", "adname": "横州市", "keyword_source": "工业园" }, "geometry": { "type": "Point", "coordinates": [ 108.907689978695657, 22.860911277536147 ] } },
{ "type": "Feature", "properties": { "poi_id": "B0LGTBX0FG", "name": "中通支付新零售智慧产业园项目", "lng": 108.399973, "lat": 22.692992, "lng_wgs84": 108.39588207498186, "lat_wgs84": 22.695690639483423, "type": "商务住宅;产业园区;产业园区", "typecode": "120100", "address": "振邦路与那浪路交叉口东南260米", "pname": "广西壮族自治区", "cityname": "南宁市", "adname": "良庆区", "keyword_source": "工业园" }, "geometry": { "type": "Point", "coordinates": [ 108.395882074981856, 22.695690639483423 ] } },
{ "type": "Feature", "properties": { "poi_id": "B0LGSH8DJK", "name": "上林县社会组织孵化基地", "lng": 108.602514, "lat": 23.430067, "lng_wgs84": 108.59876103999996, "lat_wgs84": 23.432884831423099, "type": "商务住宅;产业园区;产业园区", "typecode": "120100", "address": "智城路152-154号", "pname": "广西壮族自治区", "cityname": "南宁市", "adname": "上林县", "keyword_source": "工业园" }, "geometry": { "type": "Point", "coordinates": [ 108.598761039999957, 23.432884831423099 ] } },
{ "type": "Feature", "properties": { "poi_id": "B0LGS58E2T", "name": "启禾创业基地", "lng": 108.377196, "lat": 22.766547, "lng_wgs84": 108.37311420097453, "lat_wgs84": 22.769237730822788, "type": "商务住宅;产业园区;产业园区", "typecode": "120100", "address": "五象大道403号富雅国际金融中心G1栋15楼", "pname": "广西壮族自治区", "cityname": "南宁市", "adname": "良庆区", "keyword_source": "工业园" }, "geometry": { "type": "Point", "coordinates": [ 108.373114200974527, 22.769237730822788 ] } },
{ "type": "Feature", "properties": { "poi_id": "B0LGNMRHOA", "name": "华永丰科技城", "lng": 108.305771, "lat": 22.766479, "lng_wgs84": 108.30181138364939, "lat_wgs84": 22.769289519441788, "type": "商务住宅;产业园区;产业园区", "typecode": "120100", "address": "朋展路6号", "pname": "广西壮族自治区", "cityname": "南宁市", "adname": "江南区", "keyword_source": "工业园" }, "geometry": { "type": "Point", "coordinates": [ 108.301811383649394, 22.769289519441788 ] } },
{ "type": "Feature", "properties": { "poi_id": "B0LGHLU6DY", "name": "沙井工业园区", "lng": 108.234525, "lat": 22.775625, "lng_wgs84": 108.23060566721855, "lat_wgs84": 22.778481901832102, "type": "商务住宅;产业园区;产业园区", "typecode": "120100", "address": "金鸡路与三津大道辅路交叉口东260米", "pname": "广西壮族自治区", "cityname": "南宁市", "adname": "江南区", "keyword_source": "工业园" }, "geometry": { "type": "Point", "coordinates": [ 108.230605667218555, 22.778481901832102 ] } },
{ "type": "Feature", "properties": { "poi_id": "B0LGHAJUX3", "name": "万纬南宁良庆园", "lng": 108.369778, "lat": 22.703368, "lng_wgs84": 108.36570807610534, "lat_wgs84": 22.706085292695807, "type": "商务住宅;产业园区;产业园区", "typecode": "120100", "address": "古庆路与利华路交叉口西北180米", "pname": "广西壮族自治区", "cityname": "南宁市", "adname": "良庆区", "keyword_source": "工业园" }, "geometry": { "type": "Point", "coordinates": [ 108.365708076105335, 22.706085292695807 ] } },
{ "type": "Feature", "properties": { "poi_id": "B0LGGMXNX5", "name": "定罗开发区D区", "lng": 108.295192, "lat": 23.1267, "lng_wgs84": 108.29123066099552, "lat_wgs84": 23.129383637781604, "type": "商务住宅;产业园区;产业园区", "typecode": "120100", "address": "壮罗路与定罗路辅路交叉口东260米", "pname": "广西壮族自治区", "cityname": "南宁市", "adname": "武鸣区", "keyword_source": "工业园" }, "geometry": { "type": "Point", "coordinates": [ 108.291230660995524, 23.129383637781604 ] } },
{ "type": "Feature", "properties": { "poi_id": "B0LGFZ8S5O", "name": "龙角村产业园", "lng": 107.794284, "lat": 23.525502, "lng_wgs84": 107.79025022538242, "lat_wgs84": 23.528170944462897, "type": "商务住宅;产业园区;产业园区", "typecode": "120100", "address": "046乡道", "pname": "广西壮族自治区", "cityname": "南宁市", "adname": "马山县", "keyword_source": "工业园" }, "geometry": { "type": "Point", "coordinates": [ 107.790250225382422, 23.528170944462897 ] } },
{ "type": "Feature", "properties": { "poi_id": "B0LGCLUVIS", "name": "金迪工业园", "lng": 107.887725, "lat": 23.060875, "lng_wgs84": 107.88389568340681, "lat_wgs84": 23.063806176834539, "type": "商务住宅;产业园区;产业园区", "typecode": "120100", "address": "富宁路4号", "pname": "广西壮族自治区", "cityname": "南宁市", "adname": "隆安县", "keyword_source": "工业园" }, "geometry": { "type": "Point", "coordinates": [ 107.883895683406806, 23.063806176834539 ] } },
{ "type": "Feature", "properties": { "poi_id": "B0LGA5GH9E", "name": "五象云谷AI智算产业园", "lng": 108.392896, "lat": 22.71201, "lng_wgs84": 108.3888057635012, "lat_wgs84": 22.714705542895981, "type": "商务住宅;产业园区;产业园区", "typecode": "120100", "address": "海晖路与金良路交叉口东北240米", "pname": "广西壮族自治区", "cityname": "南宁市", "adname": "良庆区", "keyword_source": "工业园" }, "geometry": { "type": "Point", "coordinates": [ 108.388805763501196, 22.714705542895981 ] } },
{ "type": "Feature", "properties": { "poi_id": "B0LG7ZVN11", "name": "宾阳未来零碳产业园", "lng": 108.799707, "lat": 23.201272, "lng_wgs84": 108.79573844313803, "lat_wgs84": 23.204003011061523, "type": "商务住宅;产业园区;产业园区", "typecode": "120100", "address": "中和路428号", "pname": "广西壮族自治区", "cityname": "南宁市", "adname": "宾阳县", "keyword_source": "工业园" }, "geometry": { "type": "Point", "coordinates": [ 108.795738443138035, 23.204003011061523 ] } },
{ "type": "Feature", "properties": { "poi_id": "B0LG7AX199", "name": "飞讯联合创新中心", "lng": 108.382897, "lat": 22.759502, "lng_wgs84": 108.37881032952259, "lat_wgs84": 22.7621898157043, "type": "商务住宅;产业园区;产业园区", "typecode": "120100", "address": "凯旋路9号海尔青啤联合广场C座29楼", "pname": "广西壮族自治区", "cityname": "南宁市", "adname": "良庆区", "keyword_source": "工业园" }, "geometry": { "type": "Point", "coordinates": [ 108.378810329522594, 22.7621898157043 ] } },
{ "type": "Feature", "properties": { "poi_id": "B0LDTX8G3A", "name": "广西兵梦教育科技产业园", "lng": 108.386275, "lat": 22.670425, "lng_wgs84": 108.38219049238609, "lat_wgs84": 22.673134205054531, "type": "商务住宅;产业园区;产业园区", "typecode": "120100", "address": "源盛东路与D七路交叉口东南240米", "pname": "广西壮族自治区", "cityname": "南宁市", "adname": "良庆区", "keyword_source": "工业园" }, "geometry": { "type": "Point", "coordinates": [ 108.382190492386087, 22.673134205054531 ] } },
{ "type": "Feature", "properties": { "poi_id": "B0LDSR36JO", "name": "捷佳润智慧农业产业园", "lng": 108.320809, "lat": 22.893716, "lng_wgs84": 108.31681527493831, "lat_wgs84": 22.896452759621042, "type": "商务住宅;产业园区;产业园区", "typecode": "120100", "address": "永林路90号", "pname": "广西壮族自治区", "cityname": "南宁市", "adname": "西乡塘区", "keyword_source": "工业园" }, "geometry": { "type": "Point", "coordinates": [ 108.316815274938307, 22.896452759621042 ] } },
{ "type": "Feature", "properties": { "poi_id": "B0LDMH7K35", "name": "中国-东盟人工智能创新合作中心(孵化基地)", "lng": 108.397299, "lat": 22.735404, "lng_wgs84": 108.3932062225151, "lat_wgs84": 22.738091700461336, "type": "商务住宅;产业园区;产业园区", "typecode": "120100", "address": "融创九棠府南侧约70米", "pname": "广西壮族自治区", "cityname": "南宁市", "adname": "良庆区", "keyword_source": "工业园" }, "geometry": { "type": "Point", "coordinates": [ 108.393206222515104, 22.738091700461336 ] } },
{ "type": "Feature", "properties": { "poi_id": "B0LDFXYHST", "name": "创业园", "lng": 108.185604, "lat": 23.206289, "lng_wgs84": 108.18158232012182, "lat_wgs84": 23.208911219713752, "type": "商务住宅;产业园区;产业园区", "typecode": "120100", "address": "北环路与长江路交叉口东南60米", "pname": "广西壮族自治区", "cityname": "南宁市", "adname": "武鸣区", "keyword_source": "工业园" }, "geometry": { "type": "Point", "coordinates": [ 108.181582320121819, 23.208911219713752 ] } },
{ "type": "Feature", "properties": { "poi_id": "B0LDBAYWU1", "name": "农民工创业园标准厂房5栋", "lng": 107.739375, "lat": 23.160825, "lng_wgs84": 107.73531516062918, "lat_wgs84": 23.163538125821091, "type": "商务住宅;产业园区;产业园区", "typecode": "120100", "address": "510县道与宝安北路交叉口南80米", "pname": "广西壮族自治区", "cityname": "南宁市", "adname": "隆安县", "keyword_source": "工业园" }, "geometry": { "type": "Point", "coordinates": [ 107.735315160629185, 23.163538125821091 ] } },
{ "type": "Feature", "properties": { "poi_id": "B0LDAUI1HE", "name": "创美东南亚食品综合产业园", "lng": 108.396883, "lat": 22.878168, "lng_wgs84": 108.39278278866507, "lat_wgs84": 22.880806120555011, "type": "商务住宅;产业园区;产业园区", "typecode": "120100", "address": "甘泉路与昆岭路交叉口东北260米", "pname": "广西壮族自治区", "cityname": "南宁市", "adname": "兴宁区", "keyword_source": "工业园" }, "geometry": { "type": "Point", "coordinates": [ 108.392782788665073, 22.880806120555011 ] } },
{ "type": "Feature", "properties": { "poi_id": "B0LD4OS3QP", "name": "南宁老友粉产业园", "lng": 108.193075, "lat": 23.192775, "lng_wgs84": 108.18907020159752, "lat_wgs84": 23.19541527490361, "type": "商务住宅;产业园区;产业园区", "typecode": "120100", "address": "安平路与思源路交叉口东南240米", "pname": "广西壮族自治区", "cityname": "南宁市", "adname": "武鸣区", "keyword_source": "工业园" }, "geometry": { "type": "Point", "coordinates": [ 108.189070201597517, 23.19541527490361 ] } },
{ "type": "Feature", "properties": { "poi_id": "B0LBRSHT1Z", "name": "万纬物流园F栋", "lng": 108.257375, "lat": 22.876425, "lng_wgs84": 108.25345860085514, "lat_wgs84": 22.879248622668769, "type": "商务住宅;产业园区;产业园区", "typecode": "120100", "address": "南宁市高新区万纬物流园", "pname": "广西壮族自治区", "cityname": "南宁市", "adname": "西乡塘区", "keyword_source": "工业园" }, "geometry": { "type": "Point", "coordinates": [ 108.25345860085514, 22.879248622668769 ] } },
{ "type": "Feature", "properties": { "poi_id": "B0LBRDI8OI", "name": "中国东盟智慧城市示范产业园", "lng": 108.396825, "lat": 22.710725, "lng_wgs84": 108.39273361846844, "lat_wgs84": 22.713419639072121, "type": "商务住宅;产业园区;产业园区", "typecode": "120100", "address": "金良路与伏那路交叉口东320米", "pname": "广西壮族自治区", "cityname": "南宁市", "adname": "良庆区", "keyword_source": "工业园" }, "geometry": { "type": "Point", "coordinates": [ 108.392733618468441, 22.713419639072121 ] } },
{ "type": "Feature", "properties": { "poi_id": "B0LBRD2X14", "name": "光军智能科技产业园", "lng": 108.467923, "lat": 22.862258, "lng_wgs84": 108.46392144001464, "lat_wgs84": 22.864994050283201, "type": "商务住宅;产业园区;产业园区", "typecode": "120100", "address": [ ], "pname": "广西壮族自治区", "cityname": "南宁市", "adname": "兴宁区", "keyword_source": "工业园" }, "geometry": { "type": "Point", "coordinates": [ 108.463921440014644, 22.864994050283201 ] } },
{ "type": "Feature", "properties": { "poi_id": "B0LBLUOBBY", "name": "广西上林三角梅产业园区", "lng": 108.683775, "lat": 23.321725, "lng_wgs84": 108.67988026223316, "lat_wgs84": 23.324449117991769, "type": "商务住宅;产业园区;产业园区", "typecode": "120100", "address": "巷贤镇", "pname": "广西壮族自治区", "cityname": "南宁市", "adname": "上林县", "keyword_source": "工业园" }, "geometry": { "type": "Point", "coordinates": [ 108.679880262233155, 23.324449117991769 ] } },
{ "type": "Feature", "properties": { "poi_id": "B0LBLUNGHJ", "name": "居得适新材料科技产业基地", "lng": 108.181975, "lat": 22.797875, "lng_wgs84": 108.17796652709676, "lat_wgs84": 22.800654059098662, "type": "商务住宅;产业园区;产业园区", "typecode": "120100", "address": "009乡道东北侧", "pname": "广西壮族自治区", "cityname": "南宁市", "adname": "西乡塘区", "keyword_source": "工业园" }, "geometry": { "type": "Point", "coordinates": [ 108.177966527096757, 22.800654059098662 ] } },
{ "type": "Feature", "properties": { "poi_id": "B0LBLUI3F6", "name": "北部湾总部基地", "lng": 108.280225, "lat": 22.758025, "lng_wgs84": 108.27630145394529, "lat_wgs84": 22.76087481994692, "type": "商务住宅;产业园区;产业园区", "typecode": "120100", "address": "沛阳路与金阳路交叉口西北140米", "pname": "广西壮族自治区", "cityname": "南宁市", "adname": "江南区", "keyword_source": "工业园" }, "geometry": { "type": "Point", "coordinates": [ 108.276301453945294, 22.76087481994692 ] } },
{ "type": "Feature", "properties": { "poi_id": "B0LBH5Z4VZ", "name": "中瑞国润(南宁)生命健康产业园", "lng": 108.266283, "lat": 22.875613, "lng_wgs84": 108.26236392433292, "lat_wgs84": 22.878432910283035, "type": "商务住宅;产业园区;产业园区", "typecode": "120100", "address": "高新二路与振华路交叉口西北140米", "pname": "广西壮族自治区", "cityname": "南宁市", "adname": "西乡塘区", "keyword_source": "工业园" }, "geometry": { "type": "Point", "coordinates": [ 108.262363924332917, 22.878432910283035 ] } },
{ "type": "Feature", "properties": { "poi_id": "B0LBH5Q0HU", "name": "广西(中国-东盟)粮食物流产业园", "lng": 108.394601, "lat": 22.687149, "lng_wgs84": 108.39051145790476, "lat_wgs84": 22.689850202989557, "type": "商务住宅;产业园区;产业园区", "typecode": "120100", "address": "平花谷路与沙河路辅路交叉口西南200米", "pname": "广西壮族自治区", "cityname": "南宁市", "adname": "良庆区", "keyword_source": "工业园" }, "geometry": { "type": "Point", "coordinates": [ 108.390511457904765, 22.689850202989557 ] } },
{ "type": "Feature", "properties": { "poi_id": "B0LBFDYN1B", "name": "联东U谷南宁五象智造园", "lng": 108.398926, "lat": 22.702433, "lng_wgs84": 108.39483468753612, "lat_wgs84": 22.705129399191549, "type": "商务住宅;产业园区;产业园区", "typecode": "120100", "address": "利华路与那约路交叉口西140米", "pname": "广西壮族自治区", "cityname": "南宁市", "adname": "良庆区", "keyword_source": "工业园" }, "geometry": { "type": "Point", "coordinates": [ 108.394834687536118, 22.705129399191549 ] } },
{ "type": "Feature", "properties": { "poi_id": "B0LBFDTZPV", "name": "水性科技产业园200区", "lng": 108.199304, "lat": 23.174335, "lng_wgs84": 108.19531289538654, "lat_wgs84": 23.176992413561287, "type": "商务住宅;产业园区;产业园区", "typecode": "120100", "address": "聚源路与宁武路交叉口西南180米", "pname": "广西壮族自治区", "cityname": "南宁市", "adname": "武鸣区", "keyword_source": "工业园" }, "geometry": { "type": "Point", "coordinates": [ 108.195312895386536, 23.176992413561287 ] } },
{ "type": "Feature", "properties": { "poi_id": "B0LB1R3JKX", "name": "长胜物流园9栋", "lng": 108.322025, "lat": 22.888975, "lng_wgs84": 108.31802918583791, "lat_wgs84": 22.891711363771996, "type": "生活服务;生活服务场所;生活服务场所|商务住宅;产业园区;产业园区", "typecode": "070000|120100", "address": "长胜物流园", "pname": "广西壮族自治区", "cityname": "南宁市", "adname": "西乡塘区", "keyword_source": "工业园" }, "geometry": { "type": "Point", "coordinates": [ 108.318029185837915, 22.891711363771996 ] } },
{ "type": "Feature", "properties": { "poi_id": "B0LAYUXFAS", "name": "创新创业中心", "lng": 108.220025, "lat": 22.842125, "lng_wgs84": 108.21608624678164, "lat_wgs84": 22.844946566402079, "type": "商务住宅;产业园区;产业园区", "typecode": "120100", "address": "西庄路与思圣路交叉口西120米", "pname": "广西壮族自治区", "cityname": "南宁市", "adname": "西乡塘区", "keyword_source": "工业园" }, "geometry": { "type": "Point", "coordinates": [ 108.216086246781643, 22.844946566402079 ] } },
{ "type": "Feature", "properties": { "poi_id": "B0LAOCQDXB", "name": "广西现代林业科技示范园", "lng": 108.354923, "lat": 22.960797, "lng_wgs84": 108.35086170552508, "lat_wgs84": 22.96344337401348, "type": "商务住宅;产业园区;产业园区", "typecode": "120100", "address": "邕武路168号", "pname": "广西壮族自治区", "cityname": "南宁市", "adname": "兴宁区", "keyword_source": "工业园" }, "geometry": { "type": "Point", "coordinates": [ 108.350861705525077, 22.96344337401348 ] } },
{ "type": "Feature", "properties": { "poi_id": "B0LAJSROH0", "name": "忆美园茉莉花茶研发生产基地", "lng": 109.28805, "lat": 22.828303, "lng_wgs84": 109.28375308075567, "lat_wgs84": 22.831111985107601, "type": "商务住宅;产业园区;产业园区", "typecode": "120100", "address": [ ], "pname": "广西壮族自治区", "cityname": "南宁市", "adname": "横州市", "keyword_source": "工业园" }, "geometry": { "type": "Point", "coordinates": [ 109.283753080755673, 22.831111985107601 ] } },
{ "type": "Feature", "properties": { "poi_id": "B0L6YUIDXH", "name": "南宁仙葫经济开发区", "lng": 108.448885, "lat": 22.809539, "lng_wgs84": 108.444839483164, "lat_wgs84": 22.812250412246367, "type": "商务住宅;产业园区;产业园区", "typecode": "120100", "address": "仙葫大道辅路与蓉茉大道交叉口西80米", "pname": "广西壮族自治区", "cityname": "南宁市", "adname": "青秀区", "keyword_source": "工业园" }, "geometry": { "type": "Point", "coordinates": [ 108.444839483164003, 22.812250412246367 ] } },
{ "type": "Feature", "properties": { "poi_id": "B0L6NYTT5V", "name": "万纬南宁良庆园2期", "lng": 108.368961, "lat": 22.703191, "lng_wgs84": 108.36489213991986, "lat_wgs84": 22.70590936548636, "type": "商务住宅;产业园区;产业园区", "typecode": "120100", "address": "六连路与金海路交叉口东南200米", "pname": "广西壮族自治区", "cityname": "南宁市", "adname": "良庆区", "keyword_source": "工业园" }, "geometry": { "type": "Point", "coordinates": [ 108.36489213991986, 22.70590936548636 ] } },
{ "type": "Feature", "properties": { "poi_id": "B0L69929PT", "name": "斯坦福科技园", "lng": 108.297375, "lat": 22.746525, "lng_wgs84": 108.29343005366886, "lat_wgs84": 22.749355446462229, "type": "商务住宅;产业园区;产业园区", "typecode": "120100", "address": "友谊路与国凯二支路交叉口东北100米", "pname": "广西壮族自治区", "cityname": "南宁市", "adname": "江南区", "keyword_source": "工业园" }, "geometry": { "type": "Point", "coordinates": [ 108.293430053668857, 22.749355446462229 ] } },
{ "type": "Feature", "properties": { "poi_id": "B0L6751LFQ", "name": "广西壮族自治区残疾人康复研究中心建业园区", "lng": 108.33393, "lat": 22.723739, "lng_wgs84": 108.32991965960868, "lat_wgs84": 22.726509959586352, "type": "商务住宅;产业园区;产业园区", "typecode": "120100", "address": "玉洞街道银海大道建业路22号", "pname": "广西壮族自治区", "cityname": "南宁市", "adname": "良庆区", "keyword_source": "工业园" }, "geometry": { "type": "Point", "coordinates": [ 108.329919659608677, 22.726509959586352 ] } },
{ "type": "Feature", "properties": { "poi_id": "B0L3X92E2Q", "name": "黎塘工业集中区", "lng": 109.137378, "lat": 23.186405, "lng_wgs84": 109.1330043734805, "lat_wgs84": 23.188940815894075, "type": "商务住宅;产业园区;产业园区", "typecode": "120100", "address": "凤凰路与金园路交叉口西100米", "pname": "广西壮族自治区", "cityname": "南宁市", "adname": "宾阳县", "keyword_source": "工业园" }, "geometry": { "type": "Point", "coordinates": [ 109.133004373480503, 23.188940815894075 ] } },
{ "type": "Feature", "properties": { "poi_id": "B0L3VRISSF", "name": "金大道产业园", "lng": 108.2101, "lat": 23.178183, "lng_wgs84": 108.20612858629286, "lat_wgs84": 23.180855044035731, "type": "商务住宅;产业园区;产业园区", "typecode": "120100", "address": "武华大道与百威英博大道交叉口东120米", "pname": "广西壮族自治区", "cityname": "南宁市", "adname": "武鸣区", "keyword_source": "工业园" }, "geometry": { "type": "Point", "coordinates": [ 108.206128586292863, 23.180855044035731 ] } },
{ "type": "Feature", "properties": { "poi_id": "B0L3J4CPB6", "name": "中恒医药智造谷13栋", "lng": 108.286454, "lat": 22.746825, "lng_wgs84": 108.28252408711263, "lat_wgs84": 22.749670864304619, "type": "商务住宅;产业园区;产业园区", "typecode": "120100", "address": "高岭路100号中恒医药智造谷", "pname": "广西壮族自治区", "cityname": "南宁市", "adname": "江南区", "keyword_source": "工业园" }, "geometry": { "type": "Point", "coordinates": [ 108.282524087112634, 22.749670864304619 ] } },
{ "type": "Feature", "properties": { "poi_id": "B0L3H7AZM7", "name": "创新科技产业园", "lng": 108.282629, "lat": 22.846756, "lng_wgs84": 108.27869837364784, "lat_wgs84": 22.849572389478254, "type": "商务住宅;产业园区;产业园区", "typecode": "120100", "address": "鲁班路与鲁班一支路交叉口西南120米", "pname": "广西壮族自治区", "cityname": "南宁市", "adname": "西乡塘区", "keyword_source": "工业园" }, "geometry": { "type": "Point", "coordinates": [ 108.278698373647842, 22.849572389478254 ] } },
{ "type": "Feature", "properties": { "poi_id": "B0L3H79C0G", "name": "南宁市千亿电子信息产业园", "lng": 108.23368, "lat": 22.790967, "lng_wgs84": 108.22975917044212, "lat_wgs84": 22.793818311649748, "type": "商务住宅;产业园区;产业园区", "typecode": "120100", "address": "下津路与贵和路交叉口东南260米", "pname": "广西壮族自治区", "cityname": "南宁市", "adname": "江南区", "keyword_source": "工业园" }, "geometry": { "type": "Point", "coordinates": [ 108.229759170442122, 22.793818311649748 ] } },
{ "type": "Feature", "properties": { "poi_id": "B0L3H78JXH", "name": "中国-东盟高端绿色装备智造产业园", "lng": 108.541675, "lat": 22.808975, "lng_wgs84": 108.5378925301078, "lat_wgs84": 22.811939104235481, "type": "商务住宅;产业园区;产业园区", "typecode": "120100", "address": "天合路5号", "pname": "广西壮族自治区", "cityname": "南宁市", "adname": "青秀区", "keyword_source": "工业园" }, "geometry": { "type": "Point", "coordinates": [ 108.537892530107797, 22.811939104235481 ] } },
{ "type": "Feature", "properties": { "poi_id": "B0L3CLKEO5", "name": "广西工业器材城A11栋", "lng": 108.301925, "lat": 22.878425, "lng_wgs84": 108.29796605201793, "lat_wgs84": 22.881201666916411, "type": "商务住宅;产业园区;产业园区", "typecode": "120100", "address": "安园东路18号广西工业器材城", "pname": "广西壮族自治区", "cityname": "南宁市", "adname": "西乡塘区", "keyword_source": "工业园" }, "geometry": { "type": "Point", "coordinates": [ 108.297966052017927, 22.881201666916411 ] } },
{ "type": "Feature", "properties": { "poi_id": "B0L3AZQRJO", "name": "潘村创业园13栋", "lng": 108.811475, "lat": 23.227975, "lng_wgs84": 108.80752098535342, "lat_wgs84": 23.230716766474785, "type": "商务住宅;产业园区;产业园区", "typecode": "120100", "address": "临浦路与尚信里交叉口西北460米", "pname": "广西壮族自治区", "cityname": "南宁市", "adname": "宾阳县", "keyword_source": "工业园" }, "geometry": { "type": "Point", "coordinates": [ 108.80752098535342, 23.230716766474785 ] } },
{ "type": "Feature", "properties": { "poi_id": "B0L3ASUIAB", "name": "南向电子信息产业园5栋", "lng": 108.387375, "lat": 22.715325, "lng_wgs84": 108.38328742218114, "lat_wgs84": 22.718022482964752, "type": "商务住宅;产业园区;产业园区", "typecode": "120100", "address": "华威路16号南向电子信息产业园", "pname": "广西壮族自治区", "cityname": "南宁市", "adname": "良庆区", "keyword_source": "工业园" }, "geometry": { "type": "Point", "coordinates": [ 108.383287422181141, 22.718022482964752 ] } },
{ "type": "Feature", "properties": { "poi_id": "B0L3ASU7MG", "name": "漆通产业园1栋", "lng": 108.252075, "lat": 22.861425, "lng_wgs84": 108.24815943201848, "lat_wgs84": 22.864255472830749, "type": "商务住宅;产业园区;产业园区", "typecode": "120100", "address": "高新大道漆通产业园", "pname": "广西壮族自治区", "cityname": "南宁市", "adname": "西乡塘区", "keyword_source": "工业园" }, "geometry": { "type": "Point", "coordinates": [ 108.248159432018483, 22.864255472830749 ] } },
{ "type": "Feature", "properties": { "poi_id": "B0L3AST7Y2", "name": "五象云谷智算中心D1栋", "lng": 108.392975, "lat": 22.712525, "lng_wgs84": 108.38888470541384, "lat_wgs84": 22.715220374535875, "type": "商务住宅;产业园区;产业园区", "typecode": "120100", "address": "海晖路与金良路交叉口东北300米", "pname": "广西壮族自治区", "cityname": "南宁市", "adname": "良庆区", "keyword_source": "工业园" }, "geometry": { "type": "Point", "coordinates": [ 108.388884705413844, 22.715220374535875 ] } },
{ "type": "Feature", "properties": { "poi_id": "B0L3ASRI0T", "name": "中盟产业园C04栋", "lng": 108.525549, "lat": 22.727025, "lng_wgs84": 108.52172873272762, "lat_wgs84": 22.729974020949303, "type": "商务住宅;产业园区;产业园区", "typecode": "120100", "address": "蒲庙镇广信路5号中盟产业园", "pname": "广西壮族自治区", "cityname": "南宁市", "adname": "邕宁区", "keyword_source": "工业园" }, "geometry": { "type": "Point", "coordinates": [ 108.521728732727624, 22.729974020949303 ] } },
{ "type": "Feature", "properties": { "poi_id": "B0M6RH0X1B", "name": "隆安县电子商务产业园", "lng": 107.683756, "lat": 23.175146, "lng_wgs84": 107.6797643962326, "lat_wgs84": 23.177924044065652, "type": "商务住宅;产业园区;产业园区", "typecode": "120100", "address": "兴隆路与蝶城路交叉口西南120米", "pname": "广西壮族自治区", "cityname": "南宁市", "adname": "隆安县", "keyword_source": "产业园" }, "geometry": { "type": "Point", "coordinates": [ 107.679764396232599, 23.177924044065652 ] } },
{ "type": "Feature", "properties": { "poi_id": "B0J2HCLVO4", "name": "南宁市双定循环经济产业园", "lng": 108.079944, "lat": 23.03035, "lng_wgs84": 108.07578474914438, "lat_wgs84": 23.032933533552072, "type": "商务住宅;产业园区;产业园区", "typecode": "120100", "address": "双定镇义平村咘元坡65号", "pname": "广西壮族自治区", "cityname": "南宁市", "adname": "西乡塘区", "keyword_source": "产业园" }, "geometry": { "type": "Point", "coordinates": [ 108.075784749144375, 23.032933533552072 ] } },
{ "type": "Feature", "properties": { "poi_id": "B0MDF9A0GF", "name": "南宁科天水性科技产业园400区", "lng": 108.184405, "lat": 23.181424, "lng_wgs84": 108.180381959838, "lat_wgs84": 23.184052959881441, "type": "商务住宅;产业园区;产业园区", "typecode": "120100", "address": "思源路与宁武路交叉口南200米", "pname": "广西壮族自治区", "cityname": "南宁市", "adname": "武鸣区", "keyword_source": "产业园" }, "geometry": { "type": "Point", "coordinates": [ 108.180381959838002, 23.184052959881441 ] } },
{ "type": "Feature", "properties": { "poi_id": "B0MB4CZ3Y0", "name": "大都租赁产业园", "lng": 108.180575, "lat": 22.805575, "lng_wgs84": 108.17656296943149, "lat_wgs84": 22.808348785760028, "type": "商务住宅;产业园区;产业园区", "typecode": "120100", "address": "005县道与009乡道交叉口东北500米", "pname": "广西壮族自治区", "cityname": "南宁市", "adname": "西乡塘区", "keyword_source": "产业园" }, "geometry": { "type": "Point", "coordinates": [ 108.176562969431487, 22.808348785760028 ] } },
{ "type": "Feature", "properties": { "poi_id": "B0JRNC7OE7", "name": "南宁空港科技产业园B区", "lng": 108.215494, "lat": 22.633337, "lng_wgs84": 108.21155938737461, "lat_wgs84": 22.636213169249515, "type": "商务住宅;产业园区;产业园区", "typecode": "120100", "address": "吴圩镇7号路以西1号路以南", "pname": "广西壮族自治区", "cityname": "南宁市", "adname": "江南区", "keyword_source": "产业园" }, "geometry": { "type": "Point", "coordinates": [ 108.211559387374606, 22.636213169249515 ] } },
{ "type": "Feature", "properties": { "poi_id": "B0K19ZCI0K", "name": "台翔智能科技综合产业园", "lng": 108.2437, "lat": 22.795025, "lng_wgs84": 108.23978553324903, "lat_wgs84": 22.797879122596893, "type": "商务住宅;产业园区;产业园区", "typecode": "120100", "address": "仁和路9号", "pname": "广西壮族自治区", "cityname": "南宁市", "adname": "江南区", "keyword_source": "产业园" }, "geometry": { "type": "Point", "coordinates": [ 108.239785533249034, 22.797879122596893 ] } },
{ "type": "Feature", "properties": { "poi_id": "B0JGCUIT39", "name": "创科园", "lng": 108.253645, "lat": 22.862144, "lng_wgs84": 108.24972949938926, "lat_wgs84": 22.864974012176575, "type": "商务住宅;产业园区;产业园区", "typecode": "120100", "address": "科创路15号", "pname": "广西壮族自治区", "cityname": "南宁市", "adname": "西乡塘区", "keyword_source": "产业园" }, "geometry": { "type": "Point", "coordinates": [ 108.249729499389261, 22.864974012176575 ] } },
{ "type": "Feature", "properties": { "poi_id": "B0KAFZICH2", "name": "广西桂台现代农机产业服务园", "lng": 108.285476, "lat": 23.072382, "lng_wgs84": 108.28153047164224, "lat_wgs84": 23.075101308812251, "type": "商务住宅;产业园区;产业园区", "typecode": "120100", "address": "南武大道b-50号", "pname": "广西壮族自治区", "cityname": "南宁市", "adname": "武鸣区", "keyword_source": "产业园" }, "geometry": { "type": "Point", "coordinates": [ 108.281530471642242, 23.075101308812251 ] } },
{ "type": "Feature", "properties": { "poi_id": "B0M67HY6HY", "name": "五彩壮乡文化产业园", "lng": 108.29678, "lat": 23.115976, "lng_wgs84": 108.29281684327108, "lat_wgs84": 23.118661525568761, "type": "商务住宅;产业园区;产业园区", "typecode": "120100", "address": "定罗路辅路东北30米", "pname": "广西壮族自治区", "cityname": "南宁市", "adname": "武鸣区", "keyword_source": "产业园" }, "geometry": { "type": "Point", "coordinates": [ 108.292816843271083, 23.118661525568761 ] } },
{ "type": "Feature", "properties": { "poi_id": "B0LR0OQ75P", "name": "广研E谷大健康产业园5栋", "lng": 108.284975, "lat": 22.871875, "lng_wgs84": 108.28104042700984, "lat_wgs84": 22.874678900289251, "type": "商务住宅;产业园区;产业园区", "typecode": "120100", "address": "创业路与罗赖路交叉口东南100米", "pname": "广西壮族自治区", "cityname": "南宁市", "adname": "西乡塘区", "keyword_source": "产业园" }, "geometry": { "type": "Point", "coordinates": [ 108.281040427009842, 22.874678900289251 ] } },
{ "type": "Feature", "properties": { "poi_id": "B0M1D7USEM", "name": "南宁科创产业园厂房A座", "lng": 108.294244, "lat": 22.749028, "lng_wgs84": 108.29030358170893, "lat_wgs84": 22.751862445032103, "type": "商务住宅;产业园区;产业园区", "typecode": "120100", "address": "友谊路48-17号南宁科创产业园", "pname": "广西壮族自治区", "cityname": "南宁市", "adname": "江南区", "keyword_source": "产业园" }, "geometry": { "type": "Point", "coordinates": [ 108.290303581708926, 22.751862445032103 ] } },
{ "type": "Feature", "properties": { "poi_id": "B0KUYSUL8M", "name": "春吉产业孵化园", "lng": 108.29443, "lat": 22.741956, "lng_wgs84": 108.29048967543858, "lat_wgs84": 22.744792281302161, "type": "商务住宅;产业园区;产业园区", "typecode": "120100", "address": "友谊路58号", "pname": "广西壮族自治区", "cityname": "南宁市", "adname": "江南区", "keyword_source": "产业园" }, "geometry": { "type": "Point", "coordinates": [ 108.290489675438579, 22.744792281302161 ] } },
{ "type": "Feature", "properties": { "poi_id": "B0KGPHXPYQ", "name": "金慧达产业园", "lng": 108.319795, "lat": 22.913168, "lng_wgs84": 108.31580220292663, "lat_wgs84": 22.915898757778525, "type": "商务住宅;产业园区;产业园区", "typecode": "120100", "address": "望天岭路北面", "pname": "广西壮族自治区", "cityname": "南宁市", "adname": "西乡塘区", "keyword_source": "产业园" }, "geometry": { "type": "Point", "coordinates": [ 108.315802202926633, 22.915898757778525 ] } },
{ "type": "Feature", "properties": { "poi_id": "B0JKYC884Y", "name": "智能信息产业园(C组团)(建设中)", "lng": 108.317524, "lat": 22.896264, "lng_wgs84": 108.31353639425366, "lat_wgs84": 22.899005900386008, "type": "商务住宅;产业园区;产业园区", "typecode": "120100", "address": "连畴路81号", "pname": "广西壮族自治区", "cityname": "南宁市", "adname": "西乡塘区", "keyword_source": "产业园" }, "geometry": { "type": "Point", "coordinates": [ 108.31353639425366, 22.899005900386008 ] } },
{ "type": "Feature", "properties": { "poi_id": "B0LKDRNXAK", "name": "北湖广隆汽车产业园B区", "lng": 108.322222, "lat": 22.877363, "lng_wgs84": 108.31822641033111, "lat_wgs84": 22.8801036109483, "type": "商务住宅;产业园区;产业园区", "typecode": "120100", "address": "安武大道辅路与邕大路交叉口西180米", "pname": "广西壮族自治区", "cityname": "南宁市", "adname": "西乡塘区", "keyword_source": "产业园" }, "geometry": { "type": "Point", "coordinates": [ 108.318226410331107, 22.8801036109483 ] } },
{ "type": "Feature", "properties": { "poi_id": "B0MGJ7DKCV", "name": "康迪健康产业园", "lng": 108.308275, "lat": 22.763725, "lng_wgs84": 108.3043111754471, "lat_wgs84": 22.766532039059705, "type": "商务住宅;产业园区;产业园区", "typecode": "120100", "address": "迎凯路与朋云路交叉口西北100米", "pname": "广西壮族自治区", "cityname": "南宁市", "adname": "江南区", "keyword_source": "产业园" }, "geometry": { "type": "Point", "coordinates": [ 108.304311175447097, 22.766532039059705 ] } },
{ "type": "Feature", "properties": { "poi_id": "B0MR2LQPQY", "name": "祥沃产业园", "lng": 108.328425, "lat": 22.721775, "lng_wgs84": 108.32442545947448, "lat_wgs84": 22.724556988373678, "type": "商务住宅;产业园区;产业园区", "typecode": "120100", "address": "建业路与建业二街交叉口东北40米", "pname": "广西壮族自治区", "cityname": "南宁市", "adname": "良庆区", "keyword_source": "产业园" }, "geometry": { "type": "Point", "coordinates": [ 108.324425459474483, 22.724556988373678 ] } },
{ "type": "Feature", "properties": { "poi_id": "B0LK7S3VPG", "name": "广西增创标准厂房产业园", "lng": 108.364604, "lat": 22.922352, "lng_wgs84": 108.36052961028643, "lat_wgs84": 22.924999804505184, "type": "商务住宅;产业园区;产业园区", "typecode": "120100", "address": [ ], "pname": "广西壮族自治区", "cityname": "南宁市", "adname": "兴宁区", "keyword_source": "产业园" }, "geometry": { "type": "Point", "coordinates": [ 108.360529610286434, 22.924999804505184 ] } },
{ "type": "Feature", "properties": { "poi_id": "B0J6ASUMVN", "name": "启丞数字产业园", "lng": 108.354391, "lat": 22.846367, "lng_wgs84": 108.35033660917736, "lat_wgs84": 22.849060575125005, "type": "商务住宅;产业园区;产业园区", "typecode": "120100", "address": "建安路21号(东沟岭地铁站A口旁)", "pname": "广西壮族自治区", "cityname": "南宁市", "adname": "兴宁区", "keyword_source": "产业园" }, "geometry": { "type": "Point", "coordinates": [ 108.350336609177361, 22.849060575125005 ] } },
{ "type": "Feature", "properties": { "poi_id": "B0M6XMO71N", "name": "彰泰智谷电竞产业园", "lng": 108.384025, "lat": 22.882625, "lng_wgs84": 108.37993095822796, "lat_wgs84": 22.885267744904485, "type": "商务住宅;产业园区;产业园区", "typecode": "120100", "address": "甘坊路与那况路辅路交叉口西220米", "pname": "广西壮族自治区", "cityname": "南宁市", "adname": "兴宁区", "keyword_source": "产业园" }, "geometry": { "type": "Point", "coordinates": [ 108.379930958227959, 22.885267744904485 ] } },
{ "type": "Feature", "properties": { "poi_id": "B0J3A7HSB0", "name": "电竞(广西)产业园", "lng": 108.384806, "lat": 22.88462, "lng_wgs84": 108.38071126662676, "lat_wgs84": 22.8872613739622, "type": "商务住宅;产业园区;产业园区", "typecode": "120100", "address": "规划路与那况路交叉口西北320米", "pname": "广西壮族自治区", "cityname": "南宁市", "adname": "兴宁区", "keyword_source": "产业园" }, "geometry": { "type": "Point", "coordinates": [ 108.380711266626761, 22.8872613739622 ] } },
{ "type": "Feature", "properties": { "poi_id": "B0L3AAPVW0", "name": "住建产业园", "lng": 108.36754, "lat": 22.724517, "lng_wgs84": 108.36347190836096, "lat_wgs84": 22.727231495160051, "type": "商务住宅;产业园区;产业园区", "typecode": "120100", "address": "玉象路38号", "pname": "广西壮族自治区", "cityname": "南宁市", "adname": "良庆区", "keyword_source": "产业园" }, "geometry": { "type": "Point", "coordinates": [ 108.363471908360964, 22.727231495160051 ] } },
{ "type": "Feature", "properties": { "poi_id": "B0M2BH783J", "name": "未来城电商产业园", "lng": 108.393097, "lat": 22.880776, "lng_wgs84": 108.38899779968314, "lat_wgs84": 22.883414266327268, "type": "商务住宅;产业园区;产业园区", "typecode": "120100", "address": "昆岭路辅路与天德路交叉口东北40米", "pname": "广西壮族自治区", "cityname": "南宁市", "adname": "兴宁区", "keyword_source": "产业园" }, "geometry": { "type": "Point", "coordinates": [ 108.388997799683139, 22.883414266327268 ] } },
{ "type": "Feature", "properties": { "poi_id": "B0JAL76FAO", "name": "万纬南宁良庆园1期", "lng": 108.373152, "lat": 22.703905, "lng_wgs84": 108.3690779213055, "lat_wgs84": 22.70661813183213, "type": "商务住宅;产业园区;产业园区", "typecode": "120100", "address": "华兴路16号", "pname": "广西壮族自治区", "cityname": "南宁市", "adname": "良庆区", "keyword_source": "产业园" }, "geometry": { "type": "Point", "coordinates": [ 108.369077921305504, 22.70661813183213 ] } },
{ "type": "Feature", "properties": { "poi_id": "B0KK5D69T5", "name": "昆仑全屋定制产业园", "lng": 108.412058, "lat": 22.889255, "lng_wgs84": 108.40795916900348, "lat_wgs84": 22.891890238360041, "type": "商务住宅;产业园区;产业园区", "typecode": "120100", "address": "三塘镇那况村村委后面九曲湾路229号", "pname": "广西壮族自治区", "cityname": "南宁市", "adname": "兴宁区", "keyword_source": "产业园" }, "geometry": { "type": "Point", "coordinates": [ 108.407959169003476, 22.891890238360041 ] } },
{ "type": "Feature", "properties": { "poi_id": "B0J2U5YD4G", "name": "爱业新产业园", "lng": 108.424989, "lat": 22.872327, "lng_wgs84": 108.42090129366557, "lat_wgs84": 22.874978407264056, "type": "商务住宅;产业园区;产业园区", "typecode": "120100", "address": "松柏路23号", "pname": "广西壮族自治区", "cityname": "南宁市", "adname": "兴宁区", "keyword_source": "产业园" }, "geometry": { "type": "Point", "coordinates": [ 108.420901293665565, 22.874978407264056 ] } },
{ "type": "Feature", "properties": { "poi_id": "B0K2MDMTBP", "name": "五象投资创新型信息产业基地3期", "lng": 108.402113, "lat": 22.70736, "lng_wgs84": 108.39802125617013, "lat_wgs84": 22.710054890702139, "type": "商务住宅;产业园区;产业园区", "typecode": "120100", "address": "金良路9号", "pname": "广西壮族自治区", "cityname": "南宁市", "adname": "良庆区", "keyword_source": "产业园" }, "geometry": { "type": "Point", "coordinates": [ 108.398021256170125, 22.710054890702139 ] } },
{ "type": "Feature", "properties": { "poi_id": "B0KKMCL0D5", "name": "南宁轨道科技创新产业园二期", "lng": 108.428414, "lat": 22.818859, "lng_wgs84": 108.42433313485054, "lat_wgs84": 22.821534317947314, "type": "商务住宅;产业园区;产业园区", "typecode": "120100", "address": "贝田路与高坡岭路交叉口东南80米", "pname": "广西壮族自治区", "cityname": "南宁市", "adname": "青秀区", "keyword_source": "产业园" }, "geometry": { "type": "Point", "coordinates": [ 108.424333134850542, 22.821534317947314 ] } },
{ "type": "Feature", "properties": { "poi_id": "B0JUTA8UE9", "name": "南宁产投创新产业园三期", "lng": 108.495474, "lat": 22.727471, "lng_wgs84": 108.49156198472564, "lat_wgs84": 22.73033142489593, "type": "商务住宅;产业园区;产业园区", "typecode": "120100", "address": "那美大道5号", "pname": "广西壮族自治区", "cityname": "南宁市", "adname": "邕宁区", "keyword_source": "产业园" }, "geometry": { "type": "Point", "coordinates": [ 108.491561984725635, 22.73033142489593 ] } },
{ "type": "Feature", "properties": { "poi_id": "B0LK1ZCVZZ", "name": "中盟产业园A02栋", "lng": 108.523835, "lat": 22.727466, "lng_wgs84": 108.52000983710541, "lat_wgs84": 22.730410152689576, "type": "商务住宅;产业园区;产业园区", "typecode": "120100", "address": "蒲庙镇广信路5号中盟产业园", "pname": "广西壮族自治区", "cityname": "南宁市", "adname": "邕宁区", "keyword_source": "产业园" }, "geometry": { "type": "Point", "coordinates": [ 108.520009837105405, 22.730410152689576 ] } },
{ "type": "Feature", "properties": { "poi_id": "B0L17S90F4", "name": "华三电商产业园", "lng": 108.535761, "lat": 22.809529, "lng_wgs84": 108.5319640279381, "lat_wgs84": 22.812478613597861, "type": "商务住宅;产业园区;产业园区", "typecode": "120100", "address": "天合路3号", "pname": "广西壮族自治区", "cityname": "南宁市", "adname": "青秀区", "keyword_source": "产业园" }, "geometry": { "type": "Point", "coordinates": [ 108.531964027938102, 22.812478613597861 ] } },
{ "type": "Feature", "properties": { "poi_id": "B0LR0OPKBJ", "name": "中盟产业园A05栋", "lng": 108.525975, "lat": 22.727625, "lng_wgs84": 108.52215590296296, "lat_wgs84": 22.73057502205895, "type": "商务住宅;产业园区;产业园区", "typecode": "120100", "address": "蒲庙镇广信路5号中盟产业园", "pname": "广西壮族自治区", "cityname": "南宁市", "adname": "邕宁区", "keyword_source": "产业园" }, "geometry": { "type": "Point", "coordinates": [ 108.522155902962965, 22.73057502205895 ] } },
{ "type": "Feature", "properties": { "poi_id": "B0JBA564H9", "name": "广西北投交通科技产业园(五塘基地)", "lng": 108.56428, "lat": 22.952211, "lng_wgs84": 108.56053323289416, "lat_wgs84": 22.955162251582365, "type": "商务住宅;产业园区;产业园区", "typecode": "120100", "address": "五塘工业集中区", "pname": "广西壮族自治区", "cityname": "南宁市", "adname": "兴宁区", "keyword_source": "产业园" }, "geometry": { "type": "Point", "coordinates": [ 108.560533232894159, 22.955162251582365 ] } },
{ "type": "Feature", "properties": { "poi_id": "B0JU27F31H", "name": "京东", "lng": 108.570753, "lat": 22.952016, "lng_wgs84": 108.567014374434, "lat_wgs84": 22.954976059036625, "type": "商务住宅;产业园区;产业园区", "typecode": "120100", "address": "五塘镇工业集中区兴区路7号", "pname": "广西壮族自治区", "cityname": "南宁市", "adname": "兴宁区", "keyword_source": "产业园" }, "geometry": { "type": "Point", "coordinates": [ 108.567014374433995, 22.954976059036625 ] } },
{ "type": "Feature", "properties": { "poi_id": "B0M6PDLDW8", "name": "(上林东)广西亿成花王生物科技有限公司花卉产业示范园", "lng": 108.677185, "lat": 23.419151, "lng_wgs84": 108.67330086344788, "lat_wgs84": 23.421868994120477, "type": "商务住宅;产业园区;产业园区", "typecode": "120100", "address": "白上线", "pname": "广西壮族自治区", "cityname": "南宁市", "adname": "上林县", "keyword_source": "产业园" }, "geometry": { "type": "Point", "coordinates": [ 108.673300863447878, 23.421868994120477 ] } },
{ "type": "Feature", "properties": { "poi_id": "B0M2PSLYSJ", "name": "乡村振兴产业园", "lng": 108.70955, "lat": 23.42995, "lng_wgs84": 108.70559387789234, "lat_wgs84": 23.432611545594931, "type": "商务住宅;产业园区;产业园区", "typecode": "120100", "address": "金象路与309省道交叉口北200米", "pname": "广西壮族自治区", "cityname": "南宁市", "adname": "上林县", "keyword_source": "产业园" }, "geometry": { "type": "Point", "coordinates": [ 108.705593877892341, 23.432611545594931 ] } },
{ "type": "Feature", "properties": { "poi_id": "B0LUTZ5ESI", "name": "上林县粤桂协作花卉乡村振兴现代农业产业园", "lng": 108.720267, "lat": 23.286003, "lng_wgs84": 108.71630001761334, "lat_wgs84": 23.288680601120927, "type": "商务住宅;产业园区;产业园区", "typecode": "120100", "address": [ ], "pname": "广西壮族自治区", "cityname": "南宁市", "adname": "上林县", "keyword_source": "产业园" }, "geometry": { "type": "Point", "coordinates": [ 108.716300017613335, 23.288680601120927 ] } },
{ "type": "Feature", "properties": { "poi_id": "B0MUC71P36", "name": "陆村产业园", "lng": 108.765425, "lat": 23.232725, "lng_wgs84": 108.76142879814569, "lat_wgs84": 23.235406731879561, "type": "商务住宅;产业园区;产业园区", "typecode": "120100", "address": [ ], "pname": "广西壮族自治区", "cityname": "南宁市", "adname": "宾阳县", "keyword_source": "产业园" }, "geometry": { "type": "Point", "coordinates": [ 108.761428798145687, 23.235406731879561 ] } },
{ "type": "Feature", "properties": { "poi_id": "B0MG2N0KRV", "name": "美宜佳产业园", "lng": 108.928975, "lat": 22.842725, "lng_wgs84": 108.92509256695844, "lat_wgs84": 22.845726700477247, "type": "商务住宅;产业园区;产业园区", "typecode": "120100", "address": "经五路与纬十路交叉口东南340米", "pname": "广西壮族自治区", "cityname": "南宁市", "adname": "横州市", "keyword_source": "产业园" }, "geometry": { "type": "Point", "coordinates": [ 108.92509256695844, 22.845726700477247 ] } },
{ "type": "Feature", "properties": { "poi_id": "B0LKRK4KW7", "name": "忆美园健康特色农产品加工产业园区", "lng": 109.288125, "lat": 22.828025, "lng_wgs84": 109.28382795280471, "lat_wgs84": 22.830833988012401, "type": "商务住宅;产业园区;产业园区", "typecode": "120100", "address": [ ], "pname": "广西壮族自治区", "cityname": "南宁市", "adname": "横州市", "keyword_source": "产业园" }, "geometry": { "type": "Point", "coordinates": [ 109.283827952804714, 22.830833988012401 ] } },
{ "type": "Feature", "properties": { "poi_id": "B0J2RSNMDG", "name": "南宁轨道科技创新产业园(建设中)", "lng": 108.428349, "lat": 22.818821, "lng_wgs84": 108.42426805544892, "lat_wgs84": 22.821496255515783, "type": "商务住宅;产业园区;产业园区", "typecode": "120100", "address": "高坡岭路10号(百花岭地铁站D口旁)", "pname": "广西壮族自治区", "cityname": "南宁市", "adname": "青秀区", "keyword_source": "产业园" }, "geometry": { "type": "Point", "coordinates": [ 108.42426805544892, 22.821496255515783 ] } },
{ "type": "Feature", "properties": { "poi_id": "B0IUHCP7U6", "name": "广西(南宁)人力资源服务产业园", "lng": 108.392875, "lat": 22.708875, "lng_wgs84": 108.38878493631326, "lat_wgs84": 22.711571379111213, "type": "公司企业;公司;公司|商务住宅;产业园区;产业园区", "typecode": "170200|120100", "address": "海晖路9号", "pname": "广西壮族自治区", "cityname": "南宁市", "adname": "良庆区", "keyword_source": "产业园" }, "geometry": { "type": "Point", "coordinates": [ 108.388784936313257, 22.711571379111213 ] } },
{ "type": "Feature", "properties": { "poi_id": "B0IUC72W49", "name": "食药械妆产业园二区(原南宁中关村电子信息产业园三期)(建设中)", "lng": 108.310672, "lat": 22.90341, "lng_wgs84": 108.30669668363402, "lat_wgs84": 22.906161553300823, "type": "商务住宅;产业园区;产业园区", "typecode": "120100", "address": "芦村岭路116号", "pname": "广西壮族自治区", "cityname": "南宁市", "adname": "西乡塘区", "keyword_source": "产业园" }, "geometry": { "type": "Point", "coordinates": [ 108.306696683634016, 22.906161553300823 ] } },
{ "type": "Feature", "properties": { "poi_id": "B0IRJ7MHXP", "name": "万高新能源产业园", "lng": 108.278488, "lat": 22.879018, "lng_wgs84": 108.27455994264707, "lat_wgs84": 22.881826447529267, "type": "商务住宅;产业园区;产业园区", "typecode": "120100", "address": "振兴路88号", "pname": "广西壮族自治区", "cityname": "南宁市", "adname": "西乡塘区", "keyword_source": "产业园" }, "geometry": { "type": "Point", "coordinates": [ 108.274559942647073, 22.881826447529267 ] } },
{ "type": "Feature", "properties": { "poi_id": "B0IRFD8MEN", "name": "华甸电气科技产业园(建设中)", "lng": 108.522879, "lat": 22.738298, "lng_wgs84": 108.5190505409, "lat_wgs84": 22.741236375318334, "type": "商务住宅;产业园区;产业园区", "typecode": "120100", "address": "八鲤路363号", "pname": "广西壮族自治区", "cityname": "南宁市", "adname": "邕宁区", "keyword_source": "产业园" }, "geometry": { "type": "Point", "coordinates": [ 108.519050540899997, 22.741236375318334 ] } },
{ "type": "Feature", "properties": { "poi_id": "B0IKRZIPCZ", "name": "南宁东创智能制造产业园(建设中)", "lng": 108.317866, "lat": 22.90681, "lng_wgs84": 108.31387719985774, "lat_wgs84": 22.909546979129349, "type": "商务住宅;产业园区;产业园区", "typecode": "120100", "address": "望天岭路108号", "pname": "广西壮族自治区", "cityname": "南宁市", "adname": "西乡塘区", "keyword_source": "产业园" }, "geometry": { "type": "Point", "coordinates": [ 108.313877199857743, 22.909546979129349 ] } },
{ "type": "Feature", "properties": { "poi_id": "B0IKMCMCMH", "name": "约行科技园", "lng": 108.256357, "lat": 22.859381, "lng_wgs84": 108.25244157836086, "lat_wgs84": 22.862211543800225, "type": "商务住宅;产业园区;产业园区", "typecode": "120100", "address": "科园西十路17号", "pname": "广西壮族自治区", "cityname": "南宁市", "adname": "西乡塘区", "keyword_source": "产业园" }, "geometry": { "type": "Point", "coordinates": [ 108.252441578360859, 22.862211543800225 ] } },
{ "type": "Feature", "properties": { "poi_id": "B0IGXDMQCS", "name": "产投江南产业园(建设中)", "lng": 108.222316, "lat": 22.796313, "lng_wgs84": 108.21838264763696, "lat_wgs84": 22.799153389617331, "type": "商务住宅;产业园区;产业园区", "typecode": "120100", "address": "石牌路58号", "pname": "广西壮族自治区", "cityname": "南宁市", "adname": "江南区", "keyword_source": "产业园" }, "geometry": { "type": "Point", "coordinates": [ 108.218382647636957, 22.799153389617331 ] } },
{ "type": "Feature", "properties": { "poi_id": "B0IGFHV3IZ", "name": "广西南港粮食产业园", "lng": 108.245562, "lat": 22.757116, "lng_wgs84": 108.24165023742179, "lat_wgs84": 22.759982840184424, "type": "商务住宅;产业园区;产业园区", "typecode": "120100", "address": "同兴路与国凯大道交叉口西南480米", "pname": "广西壮族自治区", "cityname": "南宁市", "adname": "江南区", "keyword_source": "产业园" }, "geometry": { "type": "Point", "coordinates": [ 108.241650237421794, 22.759982840184424 ] } },
{ "type": "Feature", "properties": { "poi_id": "B0IDT75GU4", "name": "南宁交投创新产业园(建设中)", "lng": 108.920418, "lat": 22.842344, "lng_wgs84": 108.91654981249842, "lat_wgs84": 22.84535459454888, "type": "商务住宅;产业园区;产业园区", "typecode": "120100", "address": "景春路17号", "pname": "广西壮族自治区", "cityname": "南宁市", "adname": "横州市", "keyword_source": "产业园" }, "geometry": { "type": "Point", "coordinates": [ 108.916549812498417, 22.84535459454888 ] } },
{ "type": "Feature", "properties": { "poi_id": "B0IDSUHS3F", "name": "五象投资大数据产业园二期", "lng": 108.392498, "lat": 22.708655, "lng_wgs84": 108.38840810015644, "lat_wgs84": 22.711351590550251, "type": "商务住宅;产业园区;产业园区", "typecode": "120100", "address": "海晖路9号", "pname": "广西壮族自治区", "cityname": "南宁市", "adname": "良庆区", "keyword_source": "产业园" }, "geometry": { "type": "Point", "coordinates": [ 108.38840810015644, 22.711351590550251 ] } },
{ "type": "Feature", "properties": { "poi_id": "B0IANZIL61", "name": "南宁零公里空港产业园", "lng": 108.183058, "lat": 22.619469, "lng_wgs84": 108.17906116821366, "lat_wgs84": 22.622296218672709, "type": "商务住宅;产业园区;产业园区", "typecode": "120100", "address": "001县道与G7211南友高速入口交叉口东南120米", "pname": "广西壮族自治区", "cityname": "南宁市", "adname": "江南区", "keyword_source": "产业园" }, "geometry": { "type": "Point", "coordinates": [ 108.179061168213664, 22.622296218672709 ] } },
{ "type": "Feature", "properties": { "poi_id": "B0I6BCXFYL", "name": "美宜佳广西产业园", "lng": 108.925488, "lat": 22.839647, "lng_wgs84": 108.92161195053497, "lat_wgs84": 22.842653813436439, "type": "商务住宅;产业园区;产业园区", "typecode": "120100", "address": "景春路与纬十一路交叉口西北220米", "pname": "广西壮族自治区", "cityname": "南宁市", "adname": "横州市", "keyword_source": "产业园" }, "geometry": { "type": "Point", "coordinates": [ 108.921611950534967, 22.842653813436439 ] } },
{ "type": "Feature", "properties": { "poi_id": "B0I3Z5THI2", "name": "南宁国人科技产业园", "lng": 108.514385, "lat": 22.73234, "lng_wgs84": 108.51053166468884, "lat_wgs84": 22.735255699642519, "type": "商务住宅;产业园区;产业园区", "typecode": "120100", "address": "仁信路", "pname": "广西壮族自治区", "cityname": "南宁市", "adname": "邕宁区", "keyword_source": "产业园" }, "geometry": { "type": "Point", "coordinates": [ 108.510531664688841, 22.735255699642519 ] } },
{ "type": "Feature", "properties": { "poi_id": "B0I33RWXWY", "name": "汇通产业园", "lng": 108.358005, "lat": 22.711052, "lng_wgs84": 108.35395173609066, "lat_wgs84": 22.713783897153164, "type": "商务住宅;产业园区;产业园区", "typecode": "120100", "address": "杜鹃路10号", "pname": "广西壮族自治区", "cityname": "南宁市", "adname": "良庆区", "keyword_source": "产业园" }, "geometry": { "type": "Point", "coordinates": [ 108.353951736090664, 22.713783897153164 ] } },
{ "type": "Feature", "properties": { "poi_id": "B0I2U5Y4IX", "name": "南宁华丰产业园", "lng": 108.200096, "lat": 23.187866, "lng_wgs84": 108.19610574667928, "lat_wgs84": 23.190519702112951, "type": "商务住宅;产业园区;产业园区", "typecode": "120100", "address": "宝源北路6号", "pname": "广西壮族自治区", "cityname": "南宁市", "adname": "武鸣区", "keyword_source": "产业园" }, "geometry": { "type": "Point", "coordinates": [ 108.196105746679279, 23.190519702112951 ] } },
{ "type": "Feature", "properties": { "poi_id": "B0I0K73ONU", "name": "南宁中关村电子信息产业园(二期)", "lng": 108.314045, "lat": 22.903042, "lng_wgs84": 108.3100635452641, "lat_wgs84": 22.905787588519051, "type": "商务住宅;产业园区;产业园区", "typecode": "120100", "address": "四维路与鸡帽岭路交叉口东南180米", "pname": "广西壮族自治区", "cityname": "南宁市", "adname": "西乡塘区", "keyword_source": "产业园" }, "geometry": { "type": "Point", "coordinates": [ 108.3100635452641, 22.905787588519051 ] } },
{ "type": "Feature", "properties": { "poi_id": "B0HUASZ0D7", "name": "华三明阳产业园", "lng": 108.22745, "lat": 22.575524, "lng_wgs84": 108.22353405919856, "lat_wgs84": 22.578420525769825, "type": "商务住宅;产业园区;产业园区", "typecode": "120100", "address": "明阳三路142号", "pname": "广西壮族自治区", "cityname": "南宁市", "adname": "江南区", "keyword_source": "产业园" }, "geometry": { "type": "Point", "coordinates": [ 108.223534059198556, 22.578420525769825 ] } },
{ "type": "Feature", "properties": { "poi_id": "B0HU6Z1SFA", "name": "顺丰丰泰产业园·南宁", "lng": 108.208203, "lat": 22.631319, "lng_wgs84": 108.20425657045756, "lat_wgs84": 22.634185996329425, "type": "商务住宅;产业园区;产业园区", "typecode": "120100", "address": "吴圩镇扬帆路8号", "pname": "广西壮族自治区", "cityname": "南宁市", "adname": "江南区", "keyword_source": "产业园" }, "geometry": { "type": "Point", "coordinates": [ 108.204256570457559, 22.634185996329425 ] } },
{ "type": "Feature", "properties": { "poi_id": "B0HKJZWR2P", "name": "产投经开海城产业园(建设中)", "lng": 108.256762, "lat": 22.746584, "lng_wgs84": 108.252852317573, "lat_wgs84": 22.749453469768039, "type": "商务住宅;产业园区;产业园区", "typecode": "120100", "address": [ ], "pname": "广西壮族自治区", "cityname": "南宁市", "adname": "江南区", "keyword_source": "产业园" }, "geometry": { "type": "Point", "coordinates": [ 108.252852317573002, 22.749453469768039 ] } },
{ "type": "Feature", "properties": { "poi_id": "B0HKJ538ZK", "name": "华芯振邦产业园", "lng": 108.397706, "lat": 22.691135, "lng_wgs84": 108.39361546864902, "lat_wgs84": 22.693834426928564, "type": "商务住宅;产业园区;产业园区", "typecode": "120100", "address": "公岸路6号", "pname": "广西壮族自治区", "cityname": "南宁市", "adname": "良庆区", "keyword_source": "产业园" }, "geometry": { "type": "Point", "coordinates": [ 108.393615468649017, 22.693834426928564 ] } },
{ "type": "Feature", "properties": { "poi_id": "B0HGD77M1C", "name": "南宁产投创新产业园二期", "lng": 108.506982, "lat": 22.723746, "lng_wgs84": 108.50310630732784, "lat_wgs84": 22.726642143158365, "type": "商务住宅;产业园区;产业园区", "typecode": "120100", "address": "良信路与腾鲤路交叉口东南380米", "pname": "广西壮族自治区", "cityname": "南宁市", "adname": "邕宁区", "keyword_source": "产业园" }, "geometry": { "type": "Point", "coordinates": [ 108.50310630732784, 22.726642143158365 ] } },
{ "type": "Feature", "properties": { "poi_id": "B0HDPRMBXB", "name": "阳工工业园", "lng": 108.250828, "lat": 22.766777, "lng_wgs84": 108.24691712291369, "lat_wgs84": 22.769641131127202, "type": "商务住宅;产业园区;产业园区", "typecode": "120100", "address": "金凯路111号", "pname": "广西壮族自治区", "cityname": "南宁市", "adname": "江南区", "keyword_source": "产业园" }, "geometry": { "type": "Point", "coordinates": [ 108.246917122913686, 22.769641131127202 ] } },
{ "type": "Feature", "properties": { "poi_id": "B0HBK7SJWH", "name": "南宁中关村信息谷科技园", "lng": 108.314656, "lat": 22.897362, "lng_wgs84": 108.31067370829535, "lat_wgs84": 22.900108770470236, "type": "商务住宅;产业园区;产业园区", "typecode": "120100", "address": "连畴路与连园路交叉口西160米", "pname": "广西壮族自治区", "cityname": "南宁市", "adname": "西乡塘区", "keyword_source": "产业园" }, "geometry": { "type": "Point", "coordinates": [ 108.310673708295354, 22.900108770470236 ] } },
{ "type": "Feature", "properties": { "poi_id": "B0H3D1WE2Y", "name": "南宁嘉丰文化创意产业园", "lng": 108.320969, "lat": 22.856745, "lng_wgs84": 108.31697688929628, "lat_wgs84": 22.8594960162517, "type": "商务住宅;产业园区;产业园区", "typecode": "120100", "address": "北湖北路38号1栋", "pname": "广西壮族自治区", "cityname": "南宁市", "adname": "西乡塘区", "keyword_source": "产业园" }, "geometry": { "type": "Point", "coordinates": [ 108.316976889296285, 22.8594960162517 ] } },
{ "type": "Feature", "properties": { "poi_id": "B0H3ARDNZV", "name": "石西九队工业园", "lng": 108.165377, "lat": 22.835582, "lng_wgs84": 108.161328595878, "lat_wgs84": 22.83831630091688, "type": "商务住宅;产业园区;产业园区", "typecode": "120100", "address": "福昆线(金沙湖风景区)", "pname": "广西壮族自治区", "cityname": "南宁市", "adname": "西乡塘区", "keyword_source": "产业园" }, "geometry": { "type": "Point", "coordinates": [ 108.161328595878004, 22.83831630091688 ] } },
{ "type": "Feature", "properties": { "poi_id": "B0H35S3LPJ", "name": "东南产业园", "lng": 108.103098, "lat": 22.876025, "lng_wgs84": 108.09894641404024, "lat_wgs84": 22.878666199364744, "type": "商务住宅;产业园区;产业园区", "typecode": "120100", "address": "016乡道与金陵大道交叉口西北240米", "pname": "广西壮族自治区", "cityname": "南宁市", "adname": "西乡塘区", "keyword_source": "产业园" }, "geometry": { "type": "Point", "coordinates": [ 108.098946414040242, 22.878666199364744 ] } },
{ "type": "Feature", "properties": { "poi_id": "B0H2F7LXGN", "name": "嘉瑞科技产业园", "lng": 108.891345, "lat": 22.862788, "lng_wgs84": 108.88749745115092, "lat_wgs84": 22.86579608222311, "type": "商务住宅;产业园区;产业园区", "typecode": "120100", "address": "南宁六景工业园区经三路与纬三路交叉处", "pname": "广西壮族自治区", "cityname": "南宁市", "adname": "横州市", "keyword_source": "产业园" }, "geometry": { "type": "Point", "coordinates": [ 108.887497451150921, 22.86579608222311 ] } },
{ "type": "Feature", "properties": { "poi_id": "B0H2B5LDJT", "name": "京东智能产业园南宁兴宁1期", "lng": 108.534102, "lat": 22.929614, "lng_wgs84": 108.53029466695284, "lat_wgs84": 22.932512702585463, "type": "生活服务;物流速递;物流速递", "typecode": "070500", "address": "昆仑大道688号", "pname": "广西壮族自治区", "cityname": "南宁市", "adname": "兴宁区", "keyword_source": "产业园" }, "geometry": { "type": "Point", "coordinates": [ 108.530294666952841, 22.932512702585463 ] } },
{ "type": "Feature", "properties": { "poi_id": "B0H0GUDOHX", "name": "漆通产业园", "lng": 108.252145, "lat": 22.861503, "lng_wgs84": 108.24822943486537, "lat_wgs84": 22.864333436530742, "type": "商务住宅;产业园区;产业园区", "typecode": "120100", "address": "高新大道", "pname": "广西壮族自治区", "cityname": "南宁市", "adname": "西乡塘区", "keyword_source": "产业园" }, "geometry": { "type": "Point", "coordinates": [ 108.248229434865365, 22.864333436530742 ] } },
{ "type": "Feature", "properties": { "poi_id": "B0GRD5IIT5", "name": "南宁科创产业园", "lng": 108.294687, "lat": 22.749445, "lng_wgs84": 108.29074591711981, "lat_wgs84": 22.752278660718343, "type": "商务住宅;产业园区;产业园区", "typecode": "120100", "address": "友谊路48-17号", "pname": "广西壮族自治区", "cityname": "南宁市", "adname": "江南区", "keyword_source": "产业园" }, "geometry": { "type": "Point", "coordinates": [ 108.290745917119807, 22.752278660718343 ] } },
{ "type": "Feature", "properties": { "poi_id": "B0GRD5IHP5", "name": "鼎硕产业园", "lng": 108.259731, "lat": 22.85555, "lng_wgs84": 108.25581526956027, "lat_wgs84": 22.858380963051239, "type": "商务住宅;产业园区;产业园区", "typecode": "120100", "address": "南宁高新区高新四路3号", "pname": "广西壮族自治区", "cityname": "南宁市", "adname": "西乡塘区", "keyword_source": "产业园" }, "geometry": { "type": "Point", "coordinates": [ 108.255815269560273, 22.858380963051239 ] } },
{ "type": "Feature", "properties": { "poi_id": "B0GK25JAZA", "name": "荣港城产业园二期", "lng": 108.305549, "lat": 22.767037, "lng_wgs84": 108.30158973494834, "lat_wgs84": 22.76984772292716, "type": "商务住宅;产业园区;产业园区", "typecode": "120100", "address": "金凯街道金凯路11号", "pname": "广西壮族自治区", "cityname": "南宁市", "adname": "江南区", "keyword_source": "产业园" }, "geometry": { "type": "Point", "coordinates": [ 108.301589734948337, 22.76984772292716 ] } },
{ "type": "Feature", "properties": { "poi_id": "B0G3YATYBA", "name": "广西路桥·科技城", "lng": 108.401491, "lat": 22.880451, "lng_wgs84": 108.39739013767571, "lat_wgs84": 22.883087608179949, "type": "商务住宅;产业园区;产业园区", "typecode": "120100", "address": "甘泉路27号", "pname": "广西壮族自治区", "cityname": "南宁市", "adname": "兴宁区", "keyword_source": "产业园" }, "geometry": { "type": "Point", "coordinates": [ 108.397390137675714, 22.883087608179949 ] } },
{ "type": "Feature", "properties": { "poi_id": "B0G39SOHYZ", "name": "广西化工研究院科技园", "lng": 108.356036, "lat": 22.852757, "lng_wgs84": 108.35197852955888, "lat_wgs84": 22.855445480177305, "type": "商务住宅;产业园区;产业园区", "typecode": "120100", "address": "兴东路61号(小鸡村地铁站C口步行430米)", "pname": "广西壮族自治区", "cityname": "南宁市", "adname": "兴宁区", "keyword_source": "产业园" }, "geometry": { "type": "Point", "coordinates": [ 108.351978529558878, 22.855445480177305 ] } },
{ "type": "Feature", "properties": { "poi_id": "B0G1GLNS8T", "name": "迈越科技产业园", "lng": 108.397452, "lat": 22.708453, "lng_wgs84": 108.39336060766, "lat_wgs84": 22.711148098962848, "type": "商务住宅;产业园区;产业园区", "typecode": "120100", "address": "金良路15号", "pname": "广西壮族自治区", "cityname": "南宁市", "adname": "良庆区", "keyword_source": "产业园" }, "geometry": { "type": "Point", "coordinates": [ 108.39336060766, 22.711148098962848 ] } },
{ "type": "Feature", "properties": { "poi_id": "B0G0PCF17C", "name": "中国-东盟数字经济产业园", "lng": 108.544949, "lat": 22.80625, "lng_wgs84": 108.5411741581738, "lat_wgs84": 22.809222510764808, "type": "商务住宅;产业园区;产业园区", "typecode": "120100", "address": "仙葫五合天合路南侧", "pname": "广西壮族自治区", "cityname": "南宁市", "adname": "青秀区", "keyword_source": "产业园" }, "geometry": { "type": "Point", "coordinates": [ 108.541174158173803, 22.809222510764808 ] } },
{ "type": "Feature", "properties": { "poi_id": "B0G0OSUD48", "name": "南宁产投汽车青秀产业园", "lng": 108.742201, "lat": 22.826116, "lng_wgs84": 108.73823270215227, "lat_wgs84": 22.828957281518878, "type": "商务住宅;产业园区;产业园区", "typecode": "120100", "address": "伶俐镇伶俐工业园集中区", "pname": "广西壮族自治区", "cityname": "南宁市", "adname": "青秀区", "keyword_source": "产业园" }, "geometry": { "type": "Point", "coordinates": [ 108.738232702152274, 22.828957281518878 ] } },
{ "type": "Feature", "properties": { "poi_id": "B0G07C2ZDK", "name": "绿港·双创城", "lng": 108.307752, "lat": 22.767313, "lng_wgs84": 108.30378890840636, "lat_wgs84": 22.770119819081931, "type": "商务住宅;产业园区;产业园区", "typecode": "120100", "address": "金凯路7号", "pname": "广西壮族自治区", "cityname": "南宁市", "adname": "江南区", "keyword_source": "产业园" }, "geometry": { "type": "Point", "coordinates": [ 108.303788908406361, 22.770119819081931 ] } },
{ "type": "Feature", "properties": { "poi_id": "B0FFMB2O8S", "name": "南宁中关村电子信息产业园", "lng": 108.315677, "lat": 22.900566, "lng_wgs84": 108.31169264044576, "lat_wgs84": 22.903309589875715, "type": "商务住宅;产业园区;产业园区", "typecode": "120100", "address": "芦村岭路辅路与经三路交叉口东南140米", "pname": "广西壮族自治区", "cityname": "南宁市", "adname": "西乡塘区", "keyword_source": "产业园" }, "geometry": { "type": "Point", "coordinates": [ 108.311692640445756, 22.903309589875715 ] } },
{ "type": "Feature", "properties": { "poi_id": "B0FFM9PSSS", "name": "广西绿营智能设备工业孵化园", "lng": 108.462338, "lat": 22.862464, "lng_wgs84": 108.45832153521896, "lat_wgs84": 22.865185859588681, "type": "商务住宅;产业园区;产业园区", "typecode": "120100", "address": [ ], "pname": "广西壮族自治区", "cityname": "南宁市", "adname": "兴宁区", "keyword_source": "产业园" }, "geometry": { "type": "Point", "coordinates": [ 108.458321535218957, 22.865185859588681 ] } },
{ "type": "Feature", "properties": { "poi_id": "B0FFM8RAWO", "name": "南宁和泰产业园", "lng": 108.359923, "lat": 22.708171, "lng_wgs84": 108.3558668535759, "lat_wgs84": 22.71090070416016, "type": "商务住宅;产业园区;产业园区", "typecode": "120100", "address": "杜鹃路16号", "pname": "广西壮族自治区", "cityname": "南宁市", "adname": "良庆区", "keyword_source": "产业园" }, "geometry": { "type": "Point", "coordinates": [ 108.355866853575904, 22.71090070416016 ] } },
{ "type": "Feature", "properties": { "poi_id": "B0FFM8IIH3", "name": "广西建工产业投资南宁装配式建筑产业基地", "lng": 108.746824, "lat": 22.827438, "lng_wgs84": 108.7428526255366, "lat_wgs84": 22.830277801191773, "type": "商务住宅;产业园区;产业园区", "typecode": "120100", "address": "伶俐工业园江南8号路广西建工集团", "pname": "广西壮族自治区", "cityname": "南宁市", "adname": "青秀区", "keyword_source": "产业园" }, "geometry": { "type": "Point", "coordinates": [ 108.742852625536599, 22.830277801191773 ] } },
{ "type": "Feature", "properties": { "poi_id": "B0FFM7K09W", "name": "南向电子信息产业园", "lng": 108.387658, "lat": 22.714671, "lng_wgs84": 108.38357028006784, "lat_wgs84": 22.717368484011558, "type": "商务住宅;产业园区;产业园区", "typecode": "120100", "address": "华威路16号", "pname": "广西壮族自治区", "cityname": "南宁市", "adname": "良庆区", "keyword_source": "产业园" }, "geometry": { "type": "Point", "coordinates": [ 108.383570280067843, 22.717368484011558 ] } },
{ "type": "Feature", "properties": { "poi_id": "B0FFM34UBB", "name": "南宁修正健康产业基地", "lng": 108.278688, "lat": 22.752191, "lng_wgs84": 108.27476626211394, "lat_wgs84": 22.755044250553293, "type": "商务住宅;产业园区;产业园区", "typecode": "120100", "address": "沛友路与国凯大道交叉口东南260米", "pname": "广西壮族自治区", "cityname": "南宁市", "adname": "江南区", "keyword_source": "产业园" }, "geometry": { "type": "Point", "coordinates": [ 108.274766262113943, 22.755044250553293 ] } },
{ "type": "Feature", "properties": { "poi_id": "B0FFLNVP75", "name": "潘村工业园", "lng": 108.809527, "lat": 23.229406, "lng_wgs84": 108.80557011253008, "lat_wgs84": 23.232143834393529, "type": "商务住宅;产业园区;产业园区", "typecode": "120100", "address": "宾州镇潘村", "pname": "广西壮族自治区", "cityname": "南宁市", "adname": "宾阳县", "keyword_source": "产业园" }, "geometry": { "type": "Point", "coordinates": [ 108.805570112530077, 23.232143834393529 ] } },
{ "type": "Feature", "properties": { "poi_id": "B0FFLJ2TG4", "name": "凯斯博产业园", "lng": 108.199543, "lat": 23.182855, "lng_wgs84": 108.1955519216791, "lat_wgs84": 23.185509648115605, "type": "商务住宅;产业园区;产业园区", "typecode": "120100", "address": "华侨投资区武华大道15号", "pname": "广西壮族自治区", "cityname": "南宁市", "adname": "武鸣区", "keyword_source": "产业园" }, "geometry": { "type": "Point", "coordinates": [ 108.195551921679098, 23.185509648115605 ] } },
{ "type": "Feature", "properties": { "poi_id": "B0FFLFCPXI", "name": "富通电子产业园", "lng": 108.276218, "lat": 22.880139, "lng_wgs84": 108.27229194605805, "lat_wgs84": 22.882949266866849, "type": "商务住宅;产业园区;产业园区", "typecode": "120100", "address": "高科路与新康东路交叉口西南180米", "pname": "广西壮族自治区", "cityname": "南宁市", "adname": "西乡塘区", "keyword_source": "产业园" }, "geometry": { "type": "Point", "coordinates": [ 108.272291946058047, 22.882949266866849 ] } },
{ "type": "Feature", "properties": { "poi_id": "B0FFLEJMWF", "name": "广西天行汽车产业园", "lng": 108.326774, "lat": 22.877487, "lng_wgs84": 108.32276958753016, "lat_wgs84": 22.880218896466214, "type": "商务住宅;产业园区;产业园区", "typecode": "120100", "address": "安武大道33号", "pname": "广西壮族自治区", "cityname": "南宁市", "adname": "西乡塘区", "keyword_source": "产业园" }, "geometry": { "type": "Point", "coordinates": [ 108.322769587530161, 22.880218896466214 ] } },
{ "type": "Feature", "properties": { "poi_id": "B0FFL2YKWG", "name": "上林县农民工创业园", "lng": 108.681107, "lat": 23.428535, "lng_wgs84": 108.67721299165576, "lat_wgs84": 23.431244400064589, "type": "商务住宅;产业园区;产业园区", "typecode": "120100", "address": "澄泰乡联盛汽修", "pname": "广西壮族自治区", "cityname": "南宁市", "adname": "上林县", "keyword_source": "产业园" }, "geometry": { "type": "Point", "coordinates": [ 108.677212991655765, 23.431244400064589 ] } },
{ "type": "Feature", "properties": { "poi_id": "B0FFL2PU4P", "name": "宾州产业园(建设中)", "lng": 108.842472, "lat": 23.249535, "lng_wgs84": 108.83856390249466, "lat_wgs84": 23.252327480538568, "type": "商务住宅;产业园区;产业园区", "typecode": "120100", "address": "开源路与东环路交叉口东北40米", "pname": "广西壮族自治区", "cityname": "南宁市", "adname": "宾阳县", "keyword_source": "产业园" }, "geometry": { "type": "Point", "coordinates": [ 108.838563902494656, 23.252327480538568 ] } },
{ "type": "Feature", "properties": { "poi_id": "B0FFL1ES6O", "name": "昌桂东盟科技园", "lng": 108.197204, "lat": 23.18795, "lng_wgs84": 108.19320798106882, "lat_wgs84": 23.190598982751712, "type": "商务住宅;产业园区;产业园区", "typecode": "120100", "address": "安平路与广安路交叉口南280米", "pname": "广西壮族自治区", "cityname": "南宁市", "adname": "武鸣区", "keyword_source": "产业园" }, "geometry": { "type": "Point", "coordinates": [ 108.193207981068824, 23.190598982751712 ] } },
{ "type": "Feature", "properties": { "poi_id": "B0FFKU42NY", "name": "万纬南宁新中智慧园", "lng": 108.375197, "lat": 22.703969, "lng_wgs84": 108.37112060291288, "lat_wgs84": 22.706679856142703, "type": "商务住宅;产业园区;产业园区", "typecode": "120100", "address": "海德路", "pname": "广西壮族自治区", "cityname": "南宁市", "adname": "良庆区", "keyword_source": "产业园" }, "geometry": { "type": "Point", "coordinates": [ 108.371120602912882, 22.706679856142703 ] } },
{ "type": "Feature", "properties": { "poi_id": "B0FFKQFFW9", "name": "都龙科技园", "lng": 108.321725, "lat": 22.894999, "lng_wgs84": 108.3177294496848, "lat_wgs84": 22.8977335102756, "type": "商务住宅;产业园区;产业园区", "typecode": "120100", "address": "园北路2号", "pname": "广西壮族自治区", "cityname": "南宁市", "adname": "西乡塘区", "keyword_source": "产业园" }, "geometry": { "type": "Point", "coordinates": [ 108.317729449684805, 22.8977335102756 ] } },
{ "type": "Feature", "properties": { "poi_id": "B0FFKK90H2", "name": "三科科技园", "lng": 108.276674, "lat": 22.878615, "lng_wgs84": 108.27274762539216, "lat_wgs84": 22.88142542926408, "type": "商务住宅;产业园区;产业园区", "typecode": "120100", "address": "振兴路90号", "pname": "广西壮族自治区", "cityname": "南宁市", "adname": "西乡塘区", "keyword_source": "产业园" }, "geometry": { "type": "Point", "coordinates": [ 108.272747625392157, 22.88142542926408 ] } },
{ "type": "Feature", "properties": { "poi_id": "B0FFKJDZ3I", "name": "春天产业园", "lng": 108.341211, "lat": 22.709116, "lng_wgs84": 108.33718746972738, "lat_wgs84": 22.711877276883008, "type": "商务住宅;产业园区;产业园区", "typecode": "120100", "address": "亮岭二街13号", "pname": "广西壮族自治区", "cityname": "南宁市", "adname": "良庆区", "keyword_source": "产业园" }, "geometry": { "type": "Point", "coordinates": [ 108.337187469727382, 22.711877276883008 ] } },
{ "type": "Feature", "properties": { "poi_id": "B0FFKCI05U", "name": "宗见禧产业园", "lng": 108.323461, "lat": 22.894434, "lng_wgs84": 108.31946213180328, "lat_wgs84": 22.897165444195288, "type": "商务住宅;产业园区;产业园区", "typecode": "120100", "address": "连园路99号", "pname": "广西壮族自治区", "cityname": "南宁市", "adname": "西乡塘区", "keyword_source": "产业园" }, "geometry": { "type": "Point", "coordinates": [ 108.319462131803277, 22.897165444195288 ] } },
{ "type": "Feature", "properties": { "poi_id": "B0FFK8GZ90", "name": "上林县扶贫产业园", "lng": 108.710615, "lat": 23.429843, "lng_wgs84": 108.70665689460562, "lat_wgs84": 23.432503098026945, "type": "商务住宅;产业园区;产业园区", "typecode": "120100", "address": "金象路与309省道交叉口东北240米", "pname": "广西壮族自治区", "cityname": "南宁市", "adname": "上林县", "keyword_source": "产业园" }, "geometry": { "type": "Point", "coordinates": [ 108.706656894605615, 23.432503098026945 ] } },
{ "type": "Feature", "properties": { "poi_id": "B0FFK7SYWM", "name": "南宁生态产业园A1栋", "lng": 108.264673, "lat": 22.879089, "lng_wgs84": 108.26075447591222, "lat_wgs84": 22.881908482054587, "type": "商务住宅;产业园区;产业园区", "typecode": "120100", "address": "高新三路与振兴路交叉口东北120米", "pname": "广西壮族自治区", "cityname": "南宁市", "adname": "西乡塘区", "keyword_source": "产业园" }, "geometry": { "type": "Point", "coordinates": [ 108.260754475912222, 22.881908482054587 ] } },
{ "type": "Feature", "properties": { "poi_id": "B0FFK7KC05", "name": "南宁十一电子信息产业园", "lng": 108.256708, "lat": 22.877308, "lng_wgs84": 108.25279162772304, "lat_wgs84": 22.880131457159241, "type": "商务住宅;产业园区;产业园区", "typecode": "120100", "address": "振兴路与新际路交叉口", "pname": "广西壮族自治区", "cityname": "南宁市", "adname": "西乡塘区", "keyword_source": "产业园" }, "geometry": { "type": "Point", "coordinates": [ 108.252791627723042, 22.880131457159241 ] } },
{ "type": "Feature", "properties": { "poi_id": "B0FFJEL37G", "name": "南宁生态产业园", "lng": 108.265265, "lat": 22.880753, "lng_wgs84": 108.26134613403656, "lat_wgs84": 22.883571486070306, "type": "商务住宅;产业园区;产业园区", "typecode": "120100", "address": "新康西路与高新三路交叉口东南160米", "pname": "广西壮族自治区", "cityname": "南宁市", "adname": "西乡塘区", "keyword_source": "产业园" }, "geometry": { "type": "Point", "coordinates": [ 108.261346134036557, 22.883571486070306 ] } },
{ "type": "Feature", "properties": { "poi_id": "B0FFIV33KJ", "name": "岑科产业园", "lng": 108.844922, "lat": 23.25561, "lng_wgs84": 108.84101710069632, "lat_wgs84": 23.258404984666356, "type": "商务住宅;产业园区;产业园区", "typecode": "120100", "address": "宝塔路与中山路交叉口东220米", "pname": "广西壮族自治区", "cityname": "南宁市", "adname": "宾阳县", "keyword_source": "产业园" }, "geometry": { "type": "Point", "coordinates": [ 108.84101710069632, 23.258404984666356 ] } },
{ "type": "Feature", "properties": { "poi_id": "B0FFIR3L4Y", "name": "绿港集团创意产业园", "lng": 108.295972, "lat": 22.759782, "lng_wgs84": 108.29202849073302, "lat_wgs84": 22.762610550171981, "type": "商务住宅;产业园区;产业园区", "typecode": "120100", "address": "那洪大道12号", "pname": "广西壮族自治区", "cityname": "南宁市", "adname": "江南区", "keyword_source": "产业园" }, "geometry": { "type": "Point", "coordinates": [ 108.292028490733017, 22.762610550171981 ] } },
{ "type": "Feature", "properties": { "poi_id": "B0FFIGYHTE", "name": "广西森宝清洁能源汽车产业园", "lng": 108.290801, "lat": 23.071831, "lng_wgs84": 108.28684872892964, "lat_wgs84": 23.074543499312107, "type": "商务住宅;产业园区;产业园区", "typecode": "120100", "address": "南武大道B-50号", "pname": "广西壮族自治区", "cityname": "南宁市", "adname": "武鸣区", "keyword_source": "产业园" }, "geometry": { "type": "Point", "coordinates": [ 108.286848728929641, 23.074543499312107 ] } },
{ "type": "Feature", "properties": { "poi_id": "B0FFIAY5NA", "name": "现代光电科技工业园", "lng": 108.256174, "lat": 22.762231, "lng_wgs84": 108.25226356746776, "lat_wgs84": 22.765095816683395, "type": "商务住宅;产业园区;产业园区", "typecode": "120100", "address": "洪历路2-6号(那历村地铁站A口步行200米)", "pname": "广西壮族自治区", "cityname": "南宁市", "adname": "江南区", "keyword_source": "产业园" }, "geometry": { "type": "Point", "coordinates": [ 108.252263567467764, 22.765095816683395 ] } },
{ "type": "Feature", "properties": { "poi_id": "B0FFI9UP7A", "name": "美地创意园", "lng": 108.338942, "lat": 22.836372, "lng_wgs84": 108.33491615373454, "lat_wgs84": 22.839096608869543, "type": "商务住宅;产业园区;产业园区", "typecode": "120100", "address": "长兴路北150米", "pname": "广西壮族自治区", "cityname": "南宁市", "adname": "兴宁区", "keyword_source": "产业园" }, "geometry": { "type": "Point", "coordinates": [ 108.33491615373454, 22.839096608869543 ] } },
{ "type": "Feature", "properties": { "poi_id": "B0FFI8MUEK", "name": "和鑫科技园", "lng": 108.841783, "lat": 23.25278, "lng_wgs84": 108.83787372874406, "lat_wgs84": 23.255570209478961, "type": "商务住宅;产业园区;产业园区", "typecode": "120100", "address": "东环路与中山路交叉口东180米", "pname": "广西壮族自治区", "cityname": "南宁市", "adname": "宾阳县", "keyword_source": "产业园" }, "geometry": { "type": "Point", "coordinates": [ 108.837873728744057, 23.255570209478961 ] } },
{ "type": "Feature", "properties": { "poi_id": "B0FFI2ERJ1", "name": "兴宁创业园", "lng": 108.426599, "lat": 22.870981, "lng_wgs84": 108.42251318899558, "lat_wgs84": 22.873634636416242, "type": "商务住宅;产业园区;产业园区", "typecode": "120100", "address": "三塘镇松柏路31号3号楼6层", "pname": "广西壮族自治区", "cityname": "南宁市", "adname": "兴宁区", "keyword_source": "产业园" }, "geometry": { "type": "Point", "coordinates": [ 108.42251318899558, 22.873634636416242 ] } },
{ "type": "Feature", "properties": { "poi_id": "B0FFI010HS", "name": "荣华五象智富", "lng": 108.394135, "lat": 22.705084, "lng_wgs84": 108.39004467116986, "lat_wgs84": 22.707780895628808, "type": "商务住宅;产业园区;产业园区", "typecode": "120100", "address": "良庆镇平乐大道金海路19号", "pname": "广西壮族自治区", "cityname": "南宁市", "adname": "良庆区", "keyword_source": "产业园" }, "geometry": { "type": "Point", "coordinates": [ 108.390044671169861, 22.707780895628808 ] } },
{ "type": "Feature", "properties": { "poi_id": "B0FFHM94TE", "name": "南宁经济技术开发区银凯工业园", "lng": 108.25517, "lat": 22.758874, "lng_wgs84": 108.25125979030771, "lat_wgs84": 22.761740089278355, "type": "商务住宅;产业园区;产业园区", "typecode": "120100", "address": "囯凯大道", "pname": "广西壮族自治区", "cityname": "南宁市", "adname": "江南区", "keyword_source": "产业园" }, "geometry": { "type": "Point", "coordinates": [ 108.251259790307714, 22.761740089278355 ] } },
{ "type": "Feature", "properties": { "poi_id": "B0FFHL84NV", "name": "南宁润一科技工业园", "lng": 108.31722, "lat": 22.88688, "lng_wgs84": 108.31323345519228, "lat_wgs84": 22.88962623783728, "type": "商务住宅;产业园区;产业园区", "typecode": "120100", "address": "连福路与连畴路交叉口东南160米", "pname": "广西壮族自治区", "cityname": "南宁市", "adname": "西乡塘区", "keyword_source": "产业园" }, "geometry": { "type": "Point", "coordinates": [ 108.313233455192275, 22.88962623783728 ] } },
{ "type": "Feature", "properties": { "poi_id": "B0FFHK2YRQ", "name": "平安不动产广西平安现代工业产业园", "lng": 108.202416, "lat": 22.63221, "lng_wgs84": 108.19845898112048, "lat_wgs84": 22.63506830002861, "type": "商务住宅;产业园区;产业园区", "typecode": "120100", "address": "明阳大道001县道", "pname": "广西壮族自治区", "cityname": "南宁市", "adname": "江南区", "keyword_source": "产业园" }, "geometry": { "type": "Point", "coordinates": [ 108.198458981120481, 22.63506830002861 ] } },
{ "type": "Feature", "properties": { "poi_id": "B0FFHEGJ2F", "name": "富士康科技集团南宁科技园", "lng": 108.240153, "lat": 22.789977, "lng_wgs84": 108.2362369354944, "lat_wgs84": 22.792831779400149, "type": "商务住宅;产业园区;产业园区", "typecode": "120100", "address": "沙井街道智和路", "pname": "广西壮族自治区", "cityname": "南宁市", "adname": "江南区", "keyword_source": "产业园" }, "geometry": { "type": "Point", "coordinates": [ 108.236236935494404, 22.792831779400149 ] } },
{ "type": "Feature", "properties": { "poi_id": "B0FFH8XXQW", "name": "南宁-东盟企业总部基地3期", "lng": 108.276438, "lat": 22.872162, "lng_wgs84": 108.27251216473216, "lat_wgs84": 22.87497520122519, "type": "商务住宅;产业园区;产业园区", "typecode": "120100", "address": [ ], "pname": "广西壮族自治区", "cityname": "南宁市", "adname": "西乡塘区", "keyword_source": "产业园" }, "geometry": { "type": "Point", "coordinates": [ 108.272512164732163, 22.87497520122519 ] } },
{ "type": "Feature", "properties": { "poi_id": "B0FFH8LKPH", "name": "港景科技园", "lng": 108.892923, "lat": 22.85531, "lng_wgs84": 108.88907568827209, "lat_wgs84": 22.85832162308288, "type": "商务住宅;产业园区;产业园区", "typecode": "120100", "address": "景江大道与景顺路交叉口南460米", "pname": "广西壮族自治区", "cityname": "南宁市", "adname": "横州市", "keyword_source": "产业园" }, "geometry": { "type": "Point", "coordinates": [ 108.889075688272086, 22.85832162308288 ] } },
{ "type": "Feature", "properties": { "poi_id": "B0FFH22ROE", "name": "见隆工业园", "lng": 108.255116, "lat": 22.768756, "lng_wgs84": 108.25120528671192, "lat_wgs84": 22.771618983701899, "type": "商务住宅;产业园区;产业园区", "typecode": "120100", "address": "沙井南站大道路口银凯工业区金凯路96号", "pname": "广西壮族自治区", "cityname": "南宁市", "adname": "江南区", "keyword_source": "产业园" }, "geometry": { "type": "Point", "coordinates": [ 108.251205286711922, 22.771618983701899 ] } },
{ "type": "Feature", "properties": { "poi_id": "B0FFH1W3L9", "name": "豪爵商业园", "lng": 108.241617, "lat": 22.797941, "lng_wgs84": 108.23770135699188, "lat_wgs84": 22.800793559558645, "type": "商务住宅;产业园区;产业园区", "typecode": "120100", "address": "沙井街道定秋路", "pname": "广西壮族自治区", "cityname": "南宁市", "adname": "江南区", "keyword_source": "产业园" }, "geometry": { "type": "Point", "coordinates": [ 108.237701356991877, 22.800793559558645 ] } },
{ "type": "Feature", "properties": { "poi_id": "B0FFH1OEE5", "name": "广西现代联华文化产业园", "lng": 108.420514, "lat": 22.868229, "lng_wgs84": 108.41642207571159, "lat_wgs84": 22.870877889556347, "type": "商务住宅;产业园区;产业园区", "typecode": "120100", "address": "东环路与三塘南路交叉口北240米", "pname": "广西壮族自治区", "cityname": "南宁市", "adname": "兴宁区", "keyword_source": "产业园" }, "geometry": { "type": "Point", "coordinates": [ 108.416422075711594, 22.870877889556347 ] } },
{ "type": "Feature", "properties": { "poi_id": "B0FFH1HC2K", "name": "盛洲科技园", "lng": 108.278054, "lat": 22.880626, "lng_wgs84": 108.27412626832154, "lat_wgs84": 22.883434255988128, "type": "商务住宅;产业园区;产业园区", "typecode": "120100", "address": "高新技术开发区管委会高科路28号", "pname": "广西壮族自治区", "cityname": "南宁市", "adname": "西乡塘区", "keyword_source": "产业园" }, "geometry": { "type": "Point", "coordinates": [ 108.274126268321538, 22.883434255988128 ] } },
{ "type": "Feature", "properties": { "poi_id": "B0MBA68L1M", "name": "科捷物流仓库", "lng": 108.258998, "lat": 22.874975, "lng_wgs84": 108.2550814224859, "lat_wgs84": 22.877798678919937, "type": "生活服务;物流速递;物流速递", "typecode": "070500", "address": "振华路与科兴路交叉口东160米", "pname": "广西壮族自治区", "cityname": "南宁市", "adname": "西乡塘区", "keyword_source": "仓储" }, "geometry": { "type": "Point", "coordinates": [ 108.255081422485901, 22.877798678919937 ] } },
{ "type": "Feature", "properties": { "poi_id": "B0MGH1TZ6C", "name": "广源物流园21号仓库", "lng": 108.262725, "lat": 22.859775, "lng_wgs84": 108.25880821130971, "lat_wgs84": 22.862603048588749, "type": "生活服务;物流速递;物流速递", "typecode": "070500", "address": "高新三路与科园西九路交叉口西北280米", "pname": "广西壮族自治区", "cityname": "南宁市", "adname": "西乡塘区", "keyword_source": "仓储" }, "geometry": { "type": "Point", "coordinates": [ 108.258808211309713, 22.862603048588749 ] } },
{ "type": "Feature", "properties": { "poi_id": "B0MDUU0FGG", "name": "广西东星物流园16号仓库", "lng": 108.251925, "lat": 22.780675, "lng_wgs84": 108.24801355330108, "lat_wgs84": 22.783534562462357, "type": "生活服务;物流速递;物流速递", "typecode": "070500", "address": "沙井大道与沙井大道出口交叉口西80米", "pname": "广西壮族自治区", "cityname": "南宁市", "adname": "江南区", "keyword_source": "仓储" }, "geometry": { "type": "Point", "coordinates": [ 108.248013553301078, 22.783534562462357 ] } },
{ "type": "Feature", "properties": { "poi_id": "B0MDKACQFM", "name": "涛盛物流仓储基地2栋", "lng": 108.310875, "lat": 22.885875, "lng_wgs84": 108.30690022696616, "lat_wgs84": 22.888633258396784, "type": "生活服务;物流速递;物流速递", "typecode": "070500", "address": "连庄路190号涛盛物流仓储基地", "pname": "广西壮族自治区", "cityname": "南宁市", "adname": "西乡塘区", "keyword_source": "仓储" }, "geometry": { "type": "Point", "coordinates": [ 108.306900226966164, 22.888633258396784 ] } },
{ "type": "Feature", "properties": { "poi_id": "B0M67AWFFW", "name": "极兔速递仓库", "lng": 109.278625, "lat": 22.665475, "lng_wgs84": 109.2743536243658, "lat_wgs84": 22.668343606253497, "type": "生活服务;物流速递;物流速递", "typecode": "070500", "address": "中共横县白水泥厂委员会东南侧80米", "pname": "广西壮族自治区", "cityname": "南宁市", "adname": "横州市", "keyword_source": "仓储" }, "geometry": { "type": "Point", "coordinates": [ 109.274353624365801, 22.668343606253497 ] } },
{ "type": "Feature", "properties": { "poi_id": "B0LUTL72RI", "name": "领先未来仓储中心", "lng": 108.366242, "lat": 22.922415, "lng_wgs84": 108.36216529367044, "lat_wgs84": 22.925060530161339, "type": "生活服务;物流速递;物流速递", "typecode": "070500", "address": "路东养猪场东北侧", "pname": "广西壮族自治区", "cityname": "南宁市", "adname": "兴宁区", "keyword_source": "仓储" }, "geometry": { "type": "Point", "coordinates": [ 108.362165293670444, 22.925060530161339 ] } },
{ "type": "Feature", "properties": { "poi_id": "B0LKUR0H1U", "name": "广通宏业物流", "lng": 108.211084, "lat": 22.844639, "lng_wgs84": 108.20713152954671, "lat_wgs84": 22.847448887860924, "type": "生活服务;物流速递;物流速递", "typecode": "070500", "address": "高华路28号A楼7-8号罗园街与罗文大道辅路交叉口西340米", "pname": "广西壮族自治区", "cityname": "南宁市", "adname": "西乡塘区", "keyword_source": "仓储" }, "geometry": { "type": "Point", "coordinates": [ 108.207131529546714, 22.847448887860924 ] } },
{ "type": "Feature", "properties": { "poi_id": "B0LKB7UVPI", "name": "南宁民诚仓储物流有限公司", "lng": 108.212075, "lat": 22.830925, "lng_wgs84": 108.20812486744364, "lat_wgs84": 22.833741295963552, "type": "生活服务;物流速递;物流速递", "typecode": "070500", "address": "罗文大道辅路与大学西路辅路交叉口西南260米", "pname": "广西壮族自治区", "cityname": "南宁市", "adname": "西乡塘区", "keyword_source": "仓储" }, "geometry": { "type": "Point", "coordinates": [ 108.208124867443644, 22.833741295963552 ] } },
{ "type": "Feature", "properties": { "poi_id": "B0L1G5AMGB", "name": "中庭装饰集团仓储配送中心", "lng": 108.392604, "lat": 22.86442, "lng_wgs84": 108.38850585926154, "lat_wgs84": 22.867064886392505, "type": "生活服务;物流速递;物流速递", "typecode": "070500", "address": "昆仑大道108号3栋3号", "pname": "广西壮族自治区", "cityname": "南宁市", "adname": "兴宁区", "keyword_source": "仓储" }, "geometry": { "type": "Point", "coordinates": [ 108.388505859261542, 22.867064886392505 ] } },
{ "type": "Feature", "properties": { "poi_id": "B0L0P927O9", "name": "卓雅江南综合仓储物流中心", "lng": 108.278775, "lat": 22.794375, "lng_wgs84": 108.27485101706924, "lat_wgs84": 22.797214515812321, "type": "生活服务;物流速递;物流速递", "typecode": "070500", "address": "旱塘路19号(西北门)", "pname": "广西壮族自治区", "cityname": "南宁市", "adname": "江南区", "keyword_source": "仓储" }, "geometry": { "type": "Point", "coordinates": [ 108.274851017069238, 22.797214515812321 ] } },
{ "type": "Feature", "properties": { "poi_id": "B0KA6SBA2D", "name": "金博物流园F7号仓库", "lng": 108.26359, "lat": 22.792414, "lng_wgs84": 108.25967635303658, "lat_wgs84": 22.795266125326407, "type": "生活服务;物流速递;物流仓储场地", "typecode": "070501", "address": "五一西路105号", "pname": "广西壮族自治区", "cityname": "南宁市", "adname": "江南区", "keyword_source": "仓储" }, "geometry": { "type": "Point", "coordinates": [ 108.259676353036582, 22.795266125326407 ] } },
{ "type": "Feature", "properties": { "poi_id": "B0K6CSYR41", "name": "鸿鼎汇仓储配送中心", "lng": 108.267321, "lat": 22.787048, "lng_wgs84": 108.26340594095362, "lat_wgs84": 22.789899749578087, "type": "生活服务;物流速递;物流速递", "typecode": "070500", "address": "亭洪路107号康迈仓储中心2号楼2层", "pname": "广西壮族自治区", "cityname": "南宁市", "adname": "江南区", "keyword_source": "仓储" }, "geometry": { "type": "Point", "coordinates": [ 108.263405940953618, 22.789899749578087 ] } },
{ "type": "Feature", "properties": { "poi_id": "B0JKK5AL5B", "name": "鸿润仓储物流中心", "lng": 108.288576, "lat": 22.795659, "lng_wgs84": 108.28464092878136, "lat_wgs84": 22.798486389050009, "type": "生活服务;物流速递;物流速递", "typecode": "070500", "address": "五一路南四里鸿润仓储物流中心20栋10号", "pname": "广西壮族自治区", "cityname": "南宁市", "adname": "江南区", "keyword_source": "仓储" }, "geometry": { "type": "Point", "coordinates": [ 108.284640928781357, 22.798486389050009 ] } },
{ "type": "Feature", "properties": { "poi_id": "B0JK47TECC", "name": "吉盛仓储物流园", "lng": 108.232345, "lat": 22.849112, "lng_wgs84": 108.22842000720588, "lat_wgs84": 22.851941554874099, "type": "生活服务;物流速递;物流速递", "typecode": "070500", "address": "四联村井头坡马路岭场地内二栋1号", "pname": "广西壮族自治区", "cityname": "南宁市", "adname": "西乡塘区", "keyword_source": "仓储" }, "geometry": { "type": "Point", "coordinates": [ 108.228420007205884, 22.851941554874099 ] } },
{ "type": "Feature", "properties": { "poi_id": "B0JGXS580E", "name": "涛盛物流仓储基地", "lng": 108.311726, "lat": 22.886001, "lng_wgs84": 108.3077496799404, "lat_wgs84": 22.888757676381783, "type": "生活服务;物流速递;物流仓储场地", "typecode": "070501", "address": "连庄路190号", "pname": "广西壮族自治区", "cityname": "南宁市", "adname": "西乡塘区", "keyword_source": "仓储" }, "geometry": { "type": "Point", "coordinates": [ 108.3077496799404, 22.888757676381783 ] } },
{ "type": "Feature", "properties": { "poi_id": "B0J3ZSOZTE", "name": "金大平仓储物流", "lng": 108.274956, "lat": 22.739769, "lng_wgs84": 108.27103821032782, "lat_wgs84": 22.742629621447779, "type": "生活服务;物流速递;物流速递", "typecode": "070500", "address": "南宁轨道交通集团那洪车辆基地西侧220米", "pname": "广西壮族自治区", "cityname": "南宁市", "adname": "江南区", "keyword_source": "仓储" }, "geometry": { "type": "Point", "coordinates": [ 108.271038210327816, 22.742629621447779 ] } },
{ "type": "Feature", "properties": { "poi_id": "B0MU9C0FH1", "name": "三津物流园B栋", "lng": 108.211525, "lat": 22.817725, "lng_wgs84": 108.2075746448958, "lat_wgs84": 22.820545370645014, "type": "商务住宅;产业园区;产业园区", "typecode": "120100", "address": "江南大道168号三津物流园", "pname": "广西壮族自治区", "cityname": "南宁市", "adname": "江南区", "keyword_source": "物流园" }, "geometry": { "type": "Point", "coordinates": [ 108.2075746448958, 22.820545370645014 ] } },
{ "type": "Feature", "properties": { "poi_id": "B0MDUL0TA2", "name": "三津物流园D栋", "lng": 108.213225, "lat": 22.816325, "lng_wgs84": 108.20927747422256, "lat_wgs84": 22.819148070373931, "type": "商务住宅;产业园区;产业园区", "typecode": "120100", "address": "江南大道168号三津物流园", "pname": "广西壮族自治区", "cityname": "南宁市", "adname": "江南区", "keyword_source": "物流园" }, "geometry": { "type": "Point", "coordinates": [ 108.20927747422256, 22.819148070373931 ] } },
{ "type": "Feature", "properties": { "poi_id": "B0M6JUEKJD", "name": "三津物流园C栋", "lng": 108.213725, "lat": 22.816375, "lng_wgs84": 108.20977826552352, "lat_wgs84": 22.819198683630304, "type": "商务住宅;产业园区;产业园区", "typecode": "120100", "address": "江南大道168号三津物流园", "pname": "广西壮族自治区", "cityname": "南宁市", "adname": "江南区", "keyword_source": "物流园" }, "geometry": { "type": "Point", "coordinates": [ 108.209778265523525, 22.819198683630304 ] } },
{ "type": "Feature", "properties": { "poi_id": "B0MD1CTCEM", "name": "南北物流园B区", "lng": 108.220825, "lat": 22.812875, "lng_wgs84": 108.21688883510993, "lat_wgs84": 22.815708094815747, "type": "商务住宅;产业园区;产业园区", "typecode": "120100", "address": "三津大道辅路与上津路交叉口东南220米", "pname": "广西壮族自治区", "cityname": "南宁市", "adname": "江南区", "keyword_source": "物流园" }, "geometry": { "type": "Point", "coordinates": [ 108.216888835109927, 22.815708094815747 ] } },
{ "type": "Feature", "properties": { "poi_id": "B0L3253O80", "name": "南北物流园A栋", "lng": 108.221325, "lat": 22.812225, "lng_wgs84": 108.2173895353918, "lat_wgs84": 22.815058841825955, "type": "商务住宅;产业园区;产业园区", "typecode": "120100", "address": "三津大道辅路与上津路交叉口东南320米", "pname": "广西壮族自治区", "cityname": "南宁市", "adname": "江南区", "keyword_source": "物流园" }, "geometry": { "type": "Point", "coordinates": [ 108.217389535391803, 22.815058841825955 ] } },
{ "type": "Feature", "properties": { "poi_id": "B0LBMDXVR5", "name": "正邦物流", "lng": 108.222391, "lat": 22.813262, "lng_wgs84": 108.21845687441876, "lat_wgs84": 22.816096547713229, "type": "生活服务;物流速递;物流速递", "typecode": "070500", "address": "三津大道88号南北物流园D栋8-9号", "pname": "广西壮族自治区", "cityname": "南宁市", "adname": "江南区", "keyword_source": "物流园" }, "geometry": { "type": "Point", "coordinates": [ 108.218456874418763, 22.816096547713229 ] } },
{ "type": "Feature", "properties": { "poi_id": "B0K655JLHI", "name": "普洛斯南宁航港物流园", "lng": 108.20281, "lat": 22.621802, "lng_wgs84": 108.19885425931597, "lat_wgs84": 22.624662671501529, "type": "商务住宅;产业园区;产业园区", "typecode": "120100", "address": "机场大道5号", "pname": "广西壮族自治区", "cityname": "南宁市", "adname": "江南区", "keyword_source": "物流园" }, "geometry": { "type": "Point", "coordinates": [ 108.198854259315965, 22.624662671501529 ] } },
{ "type": "Feature", "properties": { "poi_id": "B0LBRDJ1CK", "name": "南宁瀚溥空港物流园", "lng": 108.208551, "lat": 22.627544, "lng_wgs84": 108.20460536843258, "lat_wgs84": 22.630412135059281, "type": "商务住宅;产业园区;产业园区", "typecode": "120100", "address": [ ], "pname": "广西壮族自治区", "cityname": "南宁市", "adname": "江南区", "keyword_source": "物流园" }, "geometry": { "type": "Point", "coordinates": [ 108.204605368432581, 22.630412135059281 ] } },
{ "type": "Feature", "properties": { "poi_id": "B0MD4XKN04", "name": "泉港物流园B区", "lng": 108.240025, "lat": 22.793825, "lng_wgs84": 108.23610866182038, "lat_wgs84": 22.796678427659806, "type": "商务住宅;产业园区;产业园区", "typecode": "120100", "address": "下津路与同乐大道辅路交叉口东340米", "pname": "广西壮族自治区", "cityname": "南宁市", "adname": "江南区", "keyword_source": "物流园" }, "geometry": { "type": "Point", "coordinates": [ 108.236108661820381, 22.796678427659806 ] } },
{ "type": "Feature", "properties": { "poi_id": "B0IR1UTJ0Y", "name": "广西容盛物流园", "lng": 108.24631, "lat": 22.779121, "lng_wgs84": 108.24239737897568, "lat_wgs84": 22.781980928071409, "type": "生活服务;物流速递;物流仓储场地", "typecode": "070501", "address": "江南街道五一西路58号", "pname": "广西壮族自治区", "cityname": "南宁市", "adname": "江南区", "keyword_source": "物流园" }, "geometry": { "type": "Point", "coordinates": [ 108.242397378975681, 22.781980928071409 ] } },
{ "type": "Feature", "properties": { "poi_id": "B0MBK4PEXG", "name": "广西容盛物流园D栋", "lng": 108.246325, "lat": 22.779125, "lng_wgs84": 108.24241238387968, "lat_wgs84": 22.781984928742649, "type": "商务住宅;产业园区;产业园区", "typecode": "120100", "address": "江南街道五一西路58号广西容盛物流园", "pname": "广西壮族自治区", "cityname": "南宁市", "adname": "江南区", "keyword_source": "物流园" }, "geometry": { "type": "Point", "coordinates": [ 108.242412383879682, 22.781984928742649 ] } },
{ "type": "Feature", "properties": { "poi_id": "B0KBT71JUI", "name": "利贞物流园", "lng": 108.260764, "lat": 22.863508, "lng_wgs84": 108.25684761239724, "lat_wgs84": 22.866335487751549, "type": "生活服务;物流速递;物流仓储场地", "typecode": "070501", "address": "科园西十路18-16号", "pname": "广西壮族自治区", "cityname": "南宁市", "adname": "西乡塘区", "keyword_source": "物流园" }, "geometry": { "type": "Point", "coordinates": [ 108.256847612397237, 22.866335487751549 ] } },
{ "type": "Feature", "properties": { "poi_id": "B0JUO1A87G", "name": "南宁顺博物流", "lng": 108.255197, "lat": 22.805416, "lng_wgs84": 108.2512844086303, "lat_wgs84": 22.808266685111377, "type": "生活服务;物流速递;物流速递", "typecode": "070500", "address": "五一西路北二里", "pname": "广西壮族自治区", "cityname": "南宁市", "adname": "江南区", "keyword_source": "物流园" }, "geometry": { "type": "Point", "coordinates": [ 108.251284408630298, 22.808266685111377 ] } },
{ "type": "Feature", "properties": { "poi_id": "B0M6KRDB84", "name": "五一西物流园", "lng": 108.255925, "lat": 22.803125, "lng_wgs84": 108.25201249208872, "lat_wgs84": 22.805976324956205, "type": "商务住宅;产业园区;产业园区", "typecode": "120100", "address": "定津路杜屋一巷与五一西路北二里交叉口东南320米", "pname": "广西壮族自治区", "cityname": "南宁市", "adname": "江南区", "keyword_source": "物流园" }, "geometry": { "type": "Point", "coordinates": [ 108.252012492088724, 22.805976324956205 ] } },
{ "type": "Feature", "properties": { "poi_id": "B0LKSOK2R4", "name": "五一西金博物流园", "lng": 108.256525, "lat": 22.790825, "lng_wgs84": 108.25261307717884, "lat_wgs84": 22.793680398812921, "type": "商务住宅;产业园区;产业园区", "typecode": "120100", "address": "五一西路与亭洪路辅路交叉口北260米", "pname": "广西壮族自治区", "cityname": "南宁市", "adname": "江南区", "keyword_source": "物流园" }, "geometry": { "type": "Point", "coordinates": [ 108.252613077178836, 22.793680398812921 ] } },
{ "type": "Feature", "properties": { "poi_id": "B0L2UREK2G", "name": "京东物流(南宁江南集配站)", "lng": 108.261902, "lat": 22.791174, "lng_wgs84": 108.25798899522952, "lat_wgs84": 22.794027367791045, "type": "生活服务;物流速递;物流速递", "typecode": "070500", "address": "五一西路105号金博物流园A16栋京东物流", "pname": "广西壮族自治区", "cityname": "南宁市", "adname": "江南区", "keyword_source": "物流园" }, "geometry": { "type": "Point", "coordinates": [ 108.257988995229525, 22.794027367791045 ] } },
{ "type": "Feature", "properties": { "poi_id": "B0MRXDKTOQ", "name": "金博物流园C栋", "lng": 108.263075, "lat": 22.792375, "lng_wgs84": 108.25916154387342, "lat_wgs84": 22.795227400493189, "type": "商务住宅;产业园区;产业园区", "typecode": "120100", "address": "五一西金博物流园", "pname": "广西壮族自治区", "cityname": "南宁市", "adname": "江南区", "keyword_source": "物流园" }, "geometry": { "type": "Point", "coordinates": [ 108.259161543873418, 22.795227400493189 ] } },
{ "type": "Feature", "properties": { "poi_id": "B0MUM7WKRJ", "name": "赛壹春物流园", "lng": 108.265975, "lat": 22.788725, "lng_wgs84": 108.26206052784534, "lat_wgs84": 22.791577033058243, "type": "商务住宅;产业园区;产业园区|生活服务;生活服务场所;生活服务场所", "typecode": "120100|070000", "address": "亭洪路北侧", "pname": "广西壮族自治区", "cityname": "南宁市", "adname": "江南区", "keyword_source": "物流园" }, "geometry": { "type": "Point", "coordinates": [ 108.262060527845335, 22.791577033058243 ] } },
{ "type": "Feature", "properties": { "poi_id": "B0MA2ZQLW6", "name": "和信物流园", "lng": 108.276817, "lat": 22.789818, "lng_wgs84": 108.27289505849907, "lat_wgs84": 22.792661042233984, "type": "商务住宅;产业园区;产业园区", "typecode": "120100", "address": "亭洪路延长线", "pname": "广西壮族自治区", "cityname": "南宁市", "adname": "江南区", "keyword_source": "物流园" }, "geometry": { "type": "Point", "coordinates": [ 108.272895058499074, 22.792661042233984 ] } },
{ "type": "Feature", "properties": { "poi_id": "B0KB1LCNXQ", "name": "德创物流(南宁总部)", "lng": 108.296766, "lat": 22.898931, "lng_wgs84": 108.29281412647512, "lat_wgs84": 22.901707686777197, "type": "生活服务;物流速递;物流速递", "typecode": "070500", "address": "容顺物流园A栋21-25号", "pname": "广西壮族自治区", "cityname": "南宁市", "adname": "西乡塘区", "keyword_source": "物流园" }, "geometry": { "type": "Point", "coordinates": [ 108.292814126475122, 22.901707686777197 ] } },
{ "type": "Feature", "properties": { "poi_id": "B0MUUCXB1E", "name": "容喆物流", "lng": 108.296965, "lat": 22.899831, "lng_wgs84": 108.29301277817012, "lat_wgs84": 22.902607015208101, "type": "生活服务;物流速递;物流速递", "typecode": "070500", "address": "容顺物流园直行到底", "pname": "广西壮族自治区", "cityname": "南宁市", "adname": "西乡塘区", "keyword_source": "物流园" }, "geometry": { "type": "Point", "coordinates": [ 108.293012778170123, 22.902607015208101 ] } },
{ "type": "Feature", "properties": { "poi_id": "B0M6JCF6Y5", "name": "永成物流园E栋", "lng": 108.298061, "lat": 22.895356, "lng_wgs84": 108.29410732944052, "lat_wgs84": 22.898132119107547, "type": "商务住宅;产业园区;产业园区", "typecode": "120100", "address": "安宁街道安吉大道25号永成物流(安吉大道店)", "pname": "广西壮族自治区", "cityname": "南宁市", "adname": "西乡塘区", "keyword_source": "物流园" }, "geometry": { "type": "Point", "coordinates": [ 108.294107329440521, 22.898132119107547 ] } },
{ "type": "Feature", "properties": { "poi_id": "B0LAT5ZFP4", "name": "广西晟腾物流", "lng": 108.300125, "lat": 22.908525, "lng_wgs84": 108.29616740489119, "lat_wgs84": 22.911292485889177, "type": "生活服务;物流速递;物流速递", "typecode": "070500", "address": "浩宏物流园B栋7-10号", "pname": "广西壮族自治区", "cityname": "南宁市", "adname": "西乡塘区", "keyword_source": "物流园" }, "geometry": { "type": "Point", "coordinates": [ 108.296167404891193, 22.911292485889177 ] } },
{ "type": "Feature", "properties": { "poi_id": "B0M25HC771", "name": "永成物流园A栋", "lng": 108.298338, "lat": 22.895177, "lng_wgs84": 108.29438390937815, "lat_wgs84": 22.897952755963622, "type": "商务住宅;产业园区;产业园区", "typecode": "120100", "address": "安宁街道安吉大道25号永成物流(安吉大道店)", "pname": "广西壮族自治区", "cityname": "南宁市", "adname": "西乡塘区", "keyword_source": "物流园" }, "geometry": { "type": "Point", "coordinates": [ 108.294383909378155, 22.897952755963622 ] } },
{ "type": "Feature", "properties": { "poi_id": "B0MA5ZNX55", "name": "广西时速物流有限公司", "lng": 108.300755, "lat": 22.909207, "lng_wgs84": 108.29679635949536, "lat_wgs84": 22.911973187044318, "type": "生活服务;物流速递;物流速递", "typecode": "070500", "address": "安吉大道闽佳物流园A1栋24-33号", "pname": "广西壮族自治区", "cityname": "南宁市", "adname": "西乡塘区", "keyword_source": "物流园" }, "geometry": { "type": "Point", "coordinates": [ 108.29679635949536, 22.911973187044318 ] } },
{ "type": "Feature", "properties": { "poi_id": "B0JUSHQ18T", "name": "广西鼎浩物流有限公司", "lng": 108.298925, "lat": 22.890725, "lng_wgs84": 108.29497022353981, "lat_wgs84": 22.893501619527608, "type": "生活服务;物流速递;物流速递", "typecode": "070500", "address": "安吉大道88号(西津地铁站D口步行170米)", "pname": "广西壮族自治区", "cityname": "南宁市", "adname": "西乡塘区", "keyword_source": "物流园" }, "geometry": { "type": "Point", "coordinates": [ 108.294970223539806, 22.893501619527608 ] } },
{ "type": "Feature", "properties": { "poi_id": "B0L1S1SBYD", "name": "闽佳物流园A5栋", "lng": 108.301975, "lat": 22.909875, "lng_wgs84": 108.29801434324705, "lat_wgs84": 22.912638916033305, "type": "商务住宅;产业园区;产业园区", "typecode": "120100", "address": "广西闽佳安吉物流园", "pname": "广西壮族自治区", "cityname": "南宁市", "adname": "西乡塘区", "keyword_source": "物流园" }, "geometry": { "type": "Point", "coordinates": [ 108.298014343247047, 22.912638916033305 ] } },
{ "type": "Feature", "properties": { "poi_id": "B0MAOOJNLK", "name": "融辉南宁物流园", "lng": 108.279775, "lat": 22.750275, "lng_wgs84": 108.27585230139977, "lat_wgs84": 22.753127683551082, "type": "生活服务;物流速递;物流速递", "typecode": "070500", "address": "金阳路46号普洛斯物流园B-2号库", "pname": "广西壮族自治区", "cityname": "南宁市", "adname": "江南区", "keyword_source": "物流园" }, "geometry": { "type": "Point", "coordinates": [ 108.275852301399766, 22.753127683551082 ] } },
{ "type": "Feature", "properties": { "poi_id": "B0M2AGYW4P", "name": "云通物流园3号楼", "lng": 108.280825, "lat": 22.752575, "lng_wgs84": 108.27690112150718, "lat_wgs84": 22.755425838181857, "type": "商务住宅;产业园区;产业园区", "typecode": "120100", "address": "金阳路与国凯大道交叉口西60米", "pname": "广西壮族自治区", "cityname": "南宁市", "adname": "江南区", "keyword_source": "物流园" }, "geometry": { "type": "Point", "coordinates": [ 108.27690112150718, 22.755425838181857 ] } },
{ "type": "Feature", "properties": { "poi_id": "B0MG9DP3E3", "name": "中庞物流园10栋2号仓", "lng": 108.287125, "lat": 22.792625, "lng_wgs84": 108.28319191358815, "lat_wgs84": 22.795455330752532, "type": "生活服务;物流速递;物流速递", "typecode": "070500", "address": "五一路南五里与五一路南四里交叉口西140米", "pname": "广西壮族自治区", "cityname": "南宁市", "adname": "江南区", "keyword_source": "物流园" }, "geometry": { "type": "Point", "coordinates": [ 108.283191913588155, 22.795455330752532 ] } },
{ "type": "Feature", "properties": { "poi_id": "B0L6KG4N0N", "name": "广西中庞南方物流科技有限公司", "lng": 108.287164, "lat": 22.792636, "lng_wgs84": 108.28323086472064, "lat_wgs84": 22.795466276515416, "type": "生活服务;物流速递;物流仓储场地", "typecode": "070501", "address": "江南街道五一路南四里16号", "pname": "广西壮族自治区", "cityname": "南宁市", "adname": "江南区", "keyword_source": "物流园" }, "geometry": { "type": "Point", "coordinates": [ 108.283230864720636, 22.795466276515416 ] } },
{ "type": "Feature", "properties": { "poi_id": "B0LRO7WRE9", "name": "吉庆方顺物流(贵州专线物流 云贵川专线)", "lng": 108.305039, "lat": 22.910118, "lng_wgs84": 108.30107321256141, "lat_wgs84": 22.912876675357463, "type": "生活服务;物流速递;物流速递", "typecode": "070500", "address": "闽佳物流园内B区4栋10-12号铺面", "pname": "广西壮族自治区", "cityname": "南宁市", "adname": "西乡塘区", "keyword_source": "物流园" }, "geometry": { "type": "Point", "coordinates": [ 108.301073212561406, 22.912876675357463 ] } },
{ "type": "Feature", "properties": { "poi_id": "B0L1G5AT03", "name": "广西宇鑫物流专注落地分流", "lng": 108.305232, "lat": 22.910374, "lng_wgs84": 108.30126587049052, "lat_wgs84": 22.913132241039676, "type": "生活服务;物流速递;物流速递", "typecode": "070500", "address": "安吉闽佳物流园B3栋29-32号铺面", "pname": "广西壮族自治区", "cityname": "南宁市", "adname": "西乡塘区", "keyword_source": "物流园" }, "geometry": { "type": "Point", "coordinates": [ 108.301265870490525, 22.913132241039676 ] } },
{ "type": "Feature", "properties": { "poi_id": "B0LR0OP2LA", "name": "津物流园", "lng": 108.302217, "lat": 22.888053, "lng_wgs84": 108.2982570753732, "lat_wgs84": 22.890825353408609, "type": "商务住宅;产业园区;产业园区", "typecode": "120100", "address": "西津路与安吉大道辅路交叉口东380米", "pname": "广西壮族自治区", "cityname": "南宁市", "adname": "西乡塘区", "keyword_source": "物流园" }, "geometry": { "type": "Point", "coordinates": [ 108.298257075373201, 22.890825353408609 ] } },
{ "type": "Feature", "properties": { "poi_id": "B0MAZMBJ31", "name": "翁氏八达物流(名宝点)", "lng": 108.290072, "lat": 22.795232, "lng_wgs84": 108.28613499775896, "lat_wgs84": 22.798057508249045, "type": "生活服务;物流速递;物流速递", "typecode": "070500", "address": "名宝物流园4栋8号", "pname": "广西壮族自治区", "cityname": "南宁市", "adname": "江南区", "keyword_source": "物流园" }, "geometry": { "type": "Point", "coordinates": [ 108.286134997758964, 22.798057508249045 ] } },
{ "type": "Feature", "properties": { "poi_id": "B0LK3PZE8U", "name": "西津电商物流园A区", "lng": 108.302915, "lat": 22.886102, "lng_wgs84": 108.29895402428832, "lat_wgs84": 22.888873974236255, "type": "商务住宅;产业园区;产业园区", "typecode": "120100", "address": [ ], "pname": "广西壮族自治区", "cityname": "南宁市", "adname": "西乡塘区", "keyword_source": "物流园" }, "geometry": { "type": "Point", "coordinates": [ 108.298954024288321, 22.888873974236255 ] } },
{ "type": "Feature", "properties": { "poi_id": "B0MR2HP7XZ", "name": "名宝物流园13栋", "lng": 108.290168, "lat": 22.794456, "lng_wgs84": 108.28623091003088, "lat_wgs84": 22.797281641114569, "type": "商务住宅;产业园区;产业园区", "typecode": "120100", "address": "五一路南四里8号名宝物流园", "pname": "广西壮族自治区", "cityname": "南宁市", "adname": "江南区", "keyword_source": "物流园" }, "geometry": { "type": "Point", "coordinates": [ 108.286230910030881, 22.797281641114569 ] } },
{ "type": "Feature", "properties": { "poi_id": "B0MAJ72YCO", "name": "翁氏八达物流西津分点", "lng": 108.303447, "lat": 22.88871, "lng_wgs84": 108.29948500436517, "lat_wgs84": 22.891480041649658, "type": "生活服务;物流速递;物流速递", "typecode": "070500", "address": "鑫津物流园A区17栋5号", "pname": "广西壮族自治区", "cityname": "南宁市", "adname": "西乡塘区", "keyword_source": "物流园" }, "geometry": { "type": "Point", "coordinates": [ 108.299485004365167, 22.891480041649658 ] } },
{ "type": "Feature", "properties": { "poi_id": "B0MD4OJM0W", "name": "南港文顺物流", "lng": 108.304472, "lat": 22.887178, "lng_wgs84": 108.3005083619269, "lat_wgs84": 22.889946926186127, "type": "生活服务;物流速递;物流速递", "typecode": "070500", "address": "鑫津电商物流园A区11栋35号南港文顺物流", "pname": "广西壮族自治区", "cityname": "南宁市", "adname": "西乡塘区", "keyword_source": "物流园" }, "geometry": { "type": "Point", "coordinates": [ 108.300508361926902, 22.889946926186127 ] } },
{ "type": "Feature", "properties": { "poi_id": "B0L1HZWHUH", "name": "田东仔物流总部", "lng": 108.296925, "lat": 22.805275, "lng_wgs84": 108.29297771665868, "lat_wgs84": 22.808087021550623, "type": "生活服务;物流速递;物流速递", "typecode": "070500", "address": "新阳街道雅里中坡19号永和物流园", "pname": "广西壮族自治区", "cityname": "南宁市", "adname": "西乡塘区", "keyword_source": "物流园" }, "geometry": { "type": "Point", "coordinates": [ 108.292977716658683, 22.808087021550623 ] } },
{ "type": "Feature", "properties": { "poi_id": "B0KBRYMUBD", "name": "南宁市华东物流有限公司", "lng": 108.315756, "lat": 22.911725, "lng_wgs84": 108.31177091314144, "lat_wgs84": 22.91446389145133, "type": "生活服务;物流速递;物流速递", "typecode": "070500", "address": "中创路强方物流园F1栋", "pname": "广西壮族自治区", "cityname": "南宁市", "adname": "西乡塘区", "keyword_source": "物流园" }, "geometry": { "type": "Point", "coordinates": [ 108.311770913141444, 22.91446389145133 ] } },
{ "type": "Feature", "properties": { "poi_id": "B0J2TA6HIY", "name": "先飞达物流", "lng": 108.316585, "lat": 22.91, "lng_wgs84": 108.31259844913539, "lat_wgs84": 22.912738061533197, "type": "生活服务;物流速递;物流速递", "typecode": "070500", "address": "中创路强方物流园F1栋", "pname": "广西壮族自治区", "cityname": "南宁市", "adname": "西乡塘区", "keyword_source": "物流园" }, "geometry": { "type": "Point", "coordinates": [ 108.312598449135393, 22.912738061533197 ] } },
{ "type": "Feature", "properties": { "poi_id": "B0MA69MJSE", "name": "强方物流园", "lng": 108.317875, "lat": 22.909675, "lng_wgs84": 108.31388603390538, "lat_wgs84": 22.91241079114134, "type": "商务住宅;产业园区;产业园区|生活服务;生活服务场所;生活服务场所", "typecode": "120100|070000", "address": "中创路辅路与创客路交叉口北180米", "pname": "广西壮族自治区", "cityname": "南宁市", "adname": "西乡塘区", "keyword_source": "物流园" }, "geometry": { "type": "Point", "coordinates": [ 108.313886033905376, 22.91241079114134 ] } },
{ "type": "Feature", "properties": { "poi_id": "B0MGU67XHW", "name": "广西翁氏八达嘉汇物流有限公司F5栋", "lng": 108.318025, "lat": 22.910225, "lng_wgs84": 108.31403572142592, "lat_wgs84": 22.912960285588159, "type": "生活服务;物流速递;物流速递", "typecode": "070500", "address": "强方物流园", "pname": "广西壮族自治区", "cityname": "南宁市", "adname": "西乡塘区", "keyword_source": "物流园" }, "geometry": { "type": "Point", "coordinates": [ 108.314035721425924, 22.912960285588159 ] } },
{ "type": "Feature", "properties": { "poi_id": "B0MR1CDP01", "name": "华西路29号物流园11栋", "lng": 108.30591, "lat": 22.817512, "lng_wgs84": 108.30194751279539, "lat_wgs84": 22.82030498742261, "type": "商务住宅;产业园区;产业园区", "typecode": "120100", "address": "新阳北一路与华西路交叉口南120米", "pname": "广西壮族自治区", "cityname": "南宁市", "adname": "西乡塘区", "keyword_source": "物流园" }, "geometry": { "type": "Point", "coordinates": [ 108.301947512795394, 22.82030498742261 ] } },
{ "type": "Feature", "properties": { "poi_id": "B0MRLX6NVG", "name": "中关物流园B区", "lng": 108.320216, "lat": 22.901629, "lng_wgs84": 108.31622299870928, "lat_wgs84": 22.904363677739184, "type": "商务住宅;产业园区;产业园区", "typecode": "120100", "address": "创园路与芦村岭路辅路交叉口北60米", "pname": "广西壮族自治区", "cityname": "南宁市", "adname": "西乡塘区", "keyword_source": "物流园" }, "geometry": { "type": "Point", "coordinates": [ 108.316222998709279, 22.904363677739184 ] } },
{ "type": "Feature", "properties": { "poi_id": "B0MAV76ISP", "name": "广西志臻物流有限公司分拨中心", "lng": 108.320244, "lat": 22.901541, "lng_wgs84": 108.31625094974063, "lat_wgs84": 22.904275660696378, "type": "生活服务;物流速递;物流速递", "typecode": "070500", "address": "中关村物流园B区2栋", "pname": "广西壮族自治区", "cityname": "南宁市", "adname": "西乡塘区", "keyword_source": "物流园" }, "geometry": { "type": "Point", "coordinates": [ 108.316250949740635, 22.904275660696378 ] } },
{ "type": "Feature", "properties": { "poi_id": "B0MGTM7ANE", "name": "鑫沙物流", "lng": 108.320869, "lat": 22.90261, "lng_wgs84": 108.31687469738884, "lat_wgs84": 22.905343046900999, "type": "生活服务;物流速递;物流速递", "typecode": "070500", "address": "中关物流园B1栋7-11号", "pname": "广西壮族自治区", "cityname": "南宁市", "adname": "西乡塘区", "keyword_source": "物流园" }, "geometry": { "type": "Point", "coordinates": [ 108.31687469738884, 22.905343046900999 ] } },
{ "type": "Feature", "properties": { "poi_id": "B0M255CDHL", "name": "中关物流园A区3号楼", "lng": 108.321525, "lat": 22.901925, "lng_wgs84": 108.31752947386821, "lat_wgs84": 22.904657085003155, "type": "商务住宅;产业园区;产业园区", "typecode": "120100", "address": "创园路中关物流园A区", "pname": "广西壮族自治区", "cityname": "南宁市", "adname": "西乡塘区", "keyword_source": "物流园" }, "geometry": { "type": "Point", "coordinates": [ 108.317529473868206, 22.904657085003155 ] } },
{ "type": "Feature", "properties": { "poi_id": "B0LG174ODC", "name": "南宁市中一行物流共享分拨", "lng": 108.322554, "lat": 22.902511, "lng_wgs84": 108.31855646255789, "lat_wgs84": 22.905240896937631, "type": "生活服务;物流速递;物流速递", "typecode": "070500", "address": "创园路中关物流园A区6栋23-25", "pname": "广西壮族自治区", "cityname": "南宁市", "adname": "西乡塘区", "keyword_source": "物流园" }, "geometry": { "type": "Point", "coordinates": [ 108.318556462557893, 22.905240896937631 ] } },
{ "type": "Feature", "properties": { "poi_id": "B0LR0OP3U3", "name": "长胜物流园", "lng": 108.322025, "lat": 22.888975, "lng_wgs84": 108.31802918583791, "lat_wgs84": 22.891711363771996, "type": "商务住宅;产业园区;产业园区", "typecode": "120100", "address": "园艺路与永林路交叉口西南340米", "pname": "广西壮族自治区", "cityname": "南宁市", "adname": "西乡塘区", "keyword_source": "物流园" }, "geometry": { "type": "Point", "coordinates": [ 108.318029185837915, 22.891711363771996 ] } },
{ "type": "Feature", "properties": { "poi_id": "B0M13RQ7B5", "name": "长胜物流园3栋", "lng": 108.322346, "lat": 22.888776, "lng_wgs84": 108.3183495780272, "lat_wgs84": 22.891511834983891, "type": "商务住宅;产业园区;产业园区", "typecode": "120100", "address": "园艺路与永林路交叉口西南340米", "pname": "广西壮族自治区", "cityname": "南宁市", "adname": "西乡塘区", "keyword_source": "物流园" }, "geometry": { "type": "Point", "coordinates": [ 108.318349578027195, 22.891511834983891 ] } },
{ "type": "Feature", "properties": { "poi_id": "B0JBZAG9I5", "name": "聚鹏物流", "lng": 108.320875, "lat": 22.867075, "lng_wgs84": 108.31688253299276, "lat_wgs84": 22.869822197491956, "type": "生活服务;物流速递;物流速递", "typecode": "070500", "address": "北湖北路园艺路三运公司物流园聚鹏物流", "pname": "广西壮族自治区", "cityname": "南宁市", "adname": "西乡塘区", "keyword_source": "物流园" }, "geometry": { "type": "Point", "coordinates": [ 108.316882532992764, 22.869822197491956 ] } },
{ "type": "Feature", "properties": { "poi_id": "B0MDLXMLXF", "name": "林峰物流园3号楼", "lng": 108.330025, "lat": 22.868025, "lng_wgs84": 108.32601475027612, "lat_wgs84": 22.870754405783693, "type": "商务住宅;产业园区;产业园区", "typecode": "120100", "address": [ ], "pname": "广西壮族自治区", "cityname": "南宁市", "adname": "西乡塘区", "keyword_source": "物流园" }, "geometry": { "type": "Point", "coordinates": [ 108.326014750276116, 22.870754405783693 ] } },
{ "type": "Feature", "properties": { "poi_id": "B0MG2NZKP5", "name": "融链物流园", "lng": 108.332725, "lat": 22.882375, "lng_wgs84": 108.32870874770428, "lat_wgs84": 22.885093608629514, "type": "商务住宅;产业园区;产业园区", "typecode": "120100", "address": [ ], "pname": "广西壮族自治区", "cityname": "南宁市", "adname": "西乡塘区", "keyword_source": "物流园" }, "geometry": { "type": "Point", "coordinates": [ 108.328708747704283, 22.885093608629514 ] } },
{ "type": "Feature", "properties": { "poi_id": "B0M25HCJSN", "name": "老直物流园1栋", "lng": 108.348504, "lat": 22.908926, "lng_wgs84": 108.34445658901446, "lat_wgs84": 22.911604864066021, "type": "商务住宅;产业园区;产业园区", "typecode": "120100", "address": [ ], "pname": "广西壮族自治区", "cityname": "南宁市", "adname": "西乡塘区", "keyword_source": "物流园" }, "geometry": { "type": "Point", "coordinates": [ 108.344456589014456, 22.911604864066021 ] } },
{ "type": "Feature", "properties": { "poi_id": "B0M2DH7PYZ", "name": "新科源物流园2区1栋", "lng": 108.394583, "lat": 22.866004, "lng_wgs84": 108.39048405335892, "lat_wgs84": 22.868647538118591, "type": "商务住宅;产业园区;产业园区", "typecode": "120100", "address": "昆仑大道128号新科源物流(金桥配送中心)", "pname": "广西壮族自治区", "cityname": "南宁市", "adname": "兴宁区", "keyword_source": "物流园" }, "geometry": { "type": "Point", "coordinates": [ 108.390484053358918, 22.868647538118591 ] } },
{ "type": "Feature", "properties": { "poi_id": "B0M2AR0UDF", "name": "新科源物流园2区9栋", "lng": 108.394659, "lat": 22.865895, "lng_wgs84": 108.39056003480292, "lat_wgs84": 22.868538555676281, "type": "商务住宅;产业园区;产业园区", "typecode": "120100", "address": "昆仑大道128号新科源物流(金桥配送中心)", "pname": "广西壮族自治区", "cityname": "南宁市", "adname": "兴宁区", "keyword_source": "物流园" }, "geometry": { "type": "Point", "coordinates": [ 108.390560034802917, 22.868538555676281 ] } },
{ "type": "Feature", "properties": { "poi_id": "B0M2NBRZ2D", "name": "易商南宁五象电商物流园1号楼", "lng": 108.373503, "lat": 22.697241, "lng_wgs84": 108.36942886243604, "lat_wgs84": 22.699955424879619, "type": "商务住宅;产业园区;产业园区", "typecode": "120100", "address": "华兴路与华安路交叉口南180米", "pname": "广西壮族自治区", "cityname": "南宁市", "adname": "良庆区", "keyword_source": "物流园" }, "geometry": { "type": "Point", "coordinates": [ 108.369428862436038, 22.699955424879619 ] } },
{ "type": "Feature", "properties": { "poi_id": "B0JRNZAICR", "name": "易商南宁五象电商物流园", "lng": 108.375543, "lat": 22.697165, "lng_wgs84": 108.37146658175404, "lat_wgs84": 22.699877213834288, "type": "生活服务;物流速递;物流仓储场地", "typecode": "070501", "address": "华兴路与华安路交叉口西440米", "pname": "广西壮族自治区", "cityname": "南宁市", "adname": "良庆区", "keyword_source": "物流园" }, "geometry": { "type": "Point", "coordinates": [ 108.371466581754035, 22.699877213834288 ] } },
{ "type": "Feature", "properties": { "poi_id": "B0MUYRRP1Z", "name": "苏宁物流园", "lng": 108.401525, "lat": 22.877425, "lng_wgs84": 108.39742429724332, "lat_wgs84": 22.880062805194392, "type": "生活服务;物流速递;物流速递", "typecode": "070500", "address": "三塘镇金仑路10号", "pname": "广西壮族自治区", "cityname": "南宁市", "adname": "兴宁区", "keyword_source": "物流园" }, "geometry": { "type": "Point", "coordinates": [ 108.397424297243319, 22.880062805194392 ] } },
{ "type": "Feature", "properties": { "poi_id": "B0MUPOGLUE", "name": "信泰物流园C3仓", "lng": 108.378575, "lat": 22.703875, "lng_wgs84": 108.37449510763872, "lat_wgs84": 22.70658245945268, "type": "生活服务;物流速递;物流速递|商务住宅;产业园区;产业园区", "typecode": "070500|120100", "address": "华海路与利华路交叉口西北160米", "pname": "广西壮族自治区", "cityname": "南宁市", "adname": "良庆区", "keyword_source": "物流园" }, "geometry": { "type": "Point", "coordinates": [ 108.374495107638722, 22.70658245945268 ] } },
{ "type": "Feature", "properties": { "poi_id": "B0JKZHR8LE", "name": "德邦快递(南宁良庆区中新国际物流园经营分部)", "lng": 108.37803, "lat": 22.699526, "lng_wgs84": 108.37395087208029, "lat_wgs84": 22.702235093031561, "type": "生活服务;物流速递;物流速递", "typecode": "070500", "address": "华安路19号", "pname": "广西壮族自治区", "cityname": "南宁市", "adname": "良庆区", "keyword_source": "物流园" }, "geometry": { "type": "Point", "coordinates": [ 108.373950872080286, 22.702235093031561 ] } },
{ "type": "Feature", "properties": { "poi_id": "B0JRT521DM", "name": "中新唯壹智园", "lng": 108.378906, "lat": 22.700706, "lng_wgs84": 108.37482595302258, "lat_wgs84": 22.703413955469809, "type": "商务住宅;产业园区;产业园区|生活服务;电讯营业厅;中国电信营业厅", "typecode": "120100|070601", "address": "华安路19号", "pname": "广西壮族自治区", "cityname": "南宁市", "adname": "良庆区", "keyword_source": "物流园" }, "geometry": { "type": "Point", "coordinates": [ 108.374825953022579, 22.703413955469809 ] } },
{ "type": "Feature", "properties": { "poi_id": "B0JB37GK61", "name": "传胜供应链南宁物流园", "lng": 108.379645, "lat": 22.685526, "lng_wgs84": 108.37556504688258, "lat_wgs84": 22.688236999030931, "type": "生活服务;物流速递;物流速递", "typecode": "070500", "address": "定旧路2号", "pname": "广西壮族自治区", "cityname": "南宁市", "adname": "良庆区", "keyword_source": "物流园" }, "geometry": { "type": "Point", "coordinates": [ 108.375565046882585, 22.688236999030931 ] } },
{ "type": "Feature", "properties": { "poi_id": "B0JKZHSQS5", "name": "菜鸟驿站(南宁青环物流园11号店)", "lng": 108.426113, "lat": 22.785405, "lng_wgs84": 108.42203113161339, "lat_wgs84": 22.788089348742691, "type": "生活服务;物流速递;物流速递", "typecode": "070500", "address": "青环路80号青环物流园", "pname": "广西壮族自治区", "cityname": "南宁市", "adname": "青秀区", "keyword_source": "物流园" }, "geometry": { "type": "Point", "coordinates": [ 108.422031131613394, 22.788089348742691 ] } },
{ "type": "Feature", "properties": { "poi_id": "B0J6ASZ5UO", "name": "南天物流仙葫营业点(仙葫大道中店)", "lng": 108.463709, "lat": 22.807982, "lng_wgs84": 108.45969895208484, "lat_wgs84": 22.810727423260271, "type": "生活服务;物流速递;物流速递", "typecode": "070500", "address": "仙葫大道中21-19号", "pname": "广西壮族自治区", "cityname": "南宁市", "adname": "青秀区", "keyword_source": "物流园" }, "geometry": { "type": "Point", "coordinates": [ 108.459698952084835, 22.810727423260271 ] } },
{ "type": "Feature", "properties": { "poi_id": "B0LR01NNYF", "name": "强方物流园A2栋", "lng": 108.491475, "lat": 22.920475, "lng_wgs84": 108.48754048726148, "lat_wgs84": 22.923254338658936, "type": "商务住宅;产业园区;产业园区", "typecode": "120100", "address": [ ], "pname": "广西壮族自治区", "cityname": "南宁市", "adname": "兴宁区", "keyword_source": "物流园" }, "geometry": { "type": "Point", "coordinates": [ 108.487540487261484, 22.923254338658936 ] } },
{ "type": "Feature", "properties": { "poi_id": "B0IR216VAW", "name": "强方国际香料物流园", "lng": 108.492693, "lat": 22.917159, "lng_wgs84": 108.4887624758824, "lat_wgs84": 22.91994335186584, "type": "生活服务;物流速递;物流速递", "typecode": "070500", "address": "昆仑大道辅路与029县道交叉口东北280米", "pname": "广西壮族自治区", "cityname": "南宁市", "adname": "兴宁区", "keyword_source": "物流园" }, "geometry": { "type": "Point", "coordinates": [ 108.488762475882396, 22.91994335186584 ] } },
{ "type": "Feature", "properties": { "poi_id": "B0LB9LY6ZV", "name": "万家公路港物流园", "lng": 108.851875, "lat": 23.239575, "lng_wgs84": 108.84798038832372, "lat_wgs84": 23.242387105044809, "type": "生活服务;物流速递;物流仓储场地", "typecode": "070501", "address": "东环路东侧", "pname": "广西壮族自治区", "cityname": "南宁市", "adname": "宾阳县", "keyword_source": "物流园" }, "geometry": { "type": "Point", "coordinates": [ 108.84798038832372, 23.242387105044809 ] } },
{ "type": "Feature", "properties": { "poi_id": "B0IKRCR0ZG", "name": "广西壮族自治区南宁市江南区吴圩镇物流园", "lng": 108.210641, "lat": 22.627309, "lng_wgs84": 108.2066989401674, "lat_wgs84": 22.630180035526315, "type": "商务住宅;产业园区;产业园区", "typecode": "120100", "address": "园区5号路", "pname": "广西壮族自治区", "cityname": "南宁市", "adname": "江南区", "keyword_source": "物流园" }, "geometry": { "type": "Point", "coordinates": [ 108.206698940167399, 22.630180035526315 ] } },
{ "type": "Feature", "properties": { "poi_id": "B0IK55VECO", "name": "文顺达物流", "lng": 108.23815, "lat": 22.794391, "lng_wgs84": 108.23423243239526, "lat_wgs84": 22.797243476978569, "type": "生活服务;物流速递;物流速递", "typecode": "070500", "address": "同乐大道53号", "pname": "广西壮族自治区", "cityname": "南宁市", "adname": "江南区", "keyword_source": "物流园" }, "geometry": { "type": "Point", "coordinates": [ 108.23423243239526, 22.797243476978569 ] } },
{ "type": "Feature", "properties": { "poi_id": "B0IA55DJR1", "name": "康泽物流园", "lng": 108.296832, "lat": 22.90402, "lng_wgs84": 108.29287976349281, "lat_wgs84": 22.906794518584899, "type": "生活服务;物流速递;物流仓储场地", "typecode": "070501", "address": "南武大道43号", "pname": "广西壮族自治区", "cityname": "南宁市", "adname": "西乡塘区", "keyword_source": "物流园" }, "geometry": { "type": "Point", "coordinates": [ 108.292879763492806, 22.906794518584899 ] } },
{ "type": "Feature", "properties": { "poi_id": "B0HKX5PNCJ", "name": "广西东星物流", "lng": 108.251937, "lat": 22.780672, "lng_wgs84": 108.24802555471888, "lat_wgs84": 22.78353156248086, "type": "生活服务;物流速递;物流速递", "typecode": "070500", "address": "沙井大道90号", "pname": "广西壮族自治区", "cityname": "南宁市", "adname": "江南区", "keyword_source": "物流园" }, "geometry": { "type": "Point", "coordinates": [ 108.248025554718879, 22.78353156248086 ] } },
{ "type": "Feature", "properties": { "poi_id": "B0HAKLJ6WA", "name": "广西翁氏八达嘉汇物流有限公司", "lng": 108.318604, "lat": 22.910233, "lng_wgs84": 108.31461362320424, "lat_wgs84": 22.91296719848334, "type": "生活服务;物流速递;物流速递", "typecode": "070500", "address": "广西壮族自治区南宁市西乡塘区广西翁氏八达嘉汇物流有限公司强方物流园-F5栋1-11号厂房", "pname": "广西壮族自治区", "cityname": "南宁市", "adname": "西乡塘区", "keyword_source": "物流园" }, "geometry": { "type": "Point", "coordinates": [ 108.314613623204238, 22.91296719848334 ] } },
{ "type": "Feature", "properties": { "poi_id": "B0HA5ZMV9G", "name": "南天物流(锦绣街店)", "lng": 108.820446, "lat": 23.216567, "lng_wgs84": 108.81650600845182, "lat_wgs84": 23.219329077801891, "type": "生活服务;物流速递;物流速递", "typecode": "070500", "address": "锦绣街81号", "pname": "广西壮族自治区", "cityname": "南宁市", "adname": "宾阳县", "keyword_source": "物流园" }, "geometry": { "type": "Point", "coordinates": [ 108.816506008451825, 23.219329077801891 ] } },
{ "type": "Feature", "properties": { "poi_id": "B0H6CCYF3X", "name": "鸿翔一心堂药业集团广西公司物流中心", "lng": 108.297438, "lat": 22.765014, "lng_wgs84": 108.29349200698805, "lat_wgs84": 22.767838651320162, "type": "生活服务;物流速递;物流速递", "typecode": "070500", "address": "经济技术开发区长凯路25号B栋", "pname": "广西壮族自治区", "cityname": "南宁市", "adname": "江南区", "keyword_source": "物流园" }, "geometry": { "type": "Point", "coordinates": [ 108.293492006988046, 22.767838651320162 ] } },
{ "type": "Feature", "properties": { "poi_id": "B0H69SI5YS", "name": "华三玉洞物流园", "lng": 108.339998, "lat": 22.721884, "lng_wgs84": 108.33597610249107, "lat_wgs84": 22.724644081060777, "type": "商务住宅;产业园区;产业园区", "typecode": "120100", "address": "银海大道997号", "pname": "广西壮族自治区", "cityname": "南宁市", "adname": "良庆区", "keyword_source": "物流园" }, "geometry": { "type": "Point", "coordinates": [ 108.335976102491074, 22.724644081060777 ] } },
{ "type": "Feature", "properties": { "poi_id": "B0H0V72VCL", "name": "安能物流(南宁分拨中心)", "lng": 108.383922, "lat": 22.683494, "lng_wgs84": 108.37983850652569, "lat_wgs84": 22.686201900011621, "type": "生活服务;物流速递;物流速递", "typecode": "070500", "address": "银海大道辅路与325国道交叉口东北320米", "pname": "广西壮族自治区", "cityname": "南宁市", "adname": "良庆区", "keyword_source": "物流园" }, "geometry": { "type": "Point", "coordinates": [ 108.379838506525687, 22.686201900011621 ] } },
{ "type": "Feature", "properties": { "poi_id": "B0GUAS9MXP", "name": "龙海坤飞物流", "lng": 108.297597, "lat": 22.89747, "lng_wgs84": 108.29364393508445, "lat_wgs84": 22.900245990668463, "type": "生活服务;物流速递;物流仓储场地", "typecode": "070501", "address": "希戈艺术学校南门西50米", "pname": "广西壮族自治区", "cityname": "南宁市", "adname": "西乡塘区", "keyword_source": "物流园" }, "geometry": { "type": "Point", "coordinates": [ 108.293643935084447, 22.900245990668463 ] } },
{ "type": "Feature", "properties": { "poi_id": "B0GRKZ4ICA", "name": "国花888物流", "lng": 108.238425, "lat": 22.800075, "lng_wgs84": 108.23450732639982, "lat_wgs84": 22.802925644991355, "type": "生活服务;物流速递;物流速递", "typecode": "070500", "address": "沙井大道56号乾龙物流园(东1-12)西", "pname": "广西壮族自治区", "cityname": "南宁市", "adname": "江南区", "keyword_source": "物流园" }, "geometry": { "type": "Point", "coordinates": [ 108.234507326399822, 22.802925644991355 ] } },
{ "type": "Feature", "properties": { "poi_id": "B0GRJRNYHB", "name": "都市快车物流(南宁分公司)", "lng": 108.241206, "lat": 22.815479, "lng_wgs84": 108.23728923491228, "lat_wgs84": 22.818325281494804, "type": "生活服务;物流速递;物流速递", "typecode": "070500", "address": "上津路5号江南综合交易中心", "pname": "广西壮族自治区", "cityname": "南宁市", "adname": "江南区", "keyword_source": "物流园" }, "geometry": { "type": "Point", "coordinates": [ 108.237289234912282, 22.818325281494804 ] } },
{ "type": "Feature", "properties": { "poi_id": "B0GK3ZSPWV", "name": "广西泓润仓储物流有限公司", "lng": 108.288582, "lat": 22.795665, "lng_wgs84": 108.28464692077551, "lat_wgs84": 22.79849237898949, "type": "生活服务;物流速递;物流仓储场地|公司企业;公司;公司", "typecode": "070501|170200", "address": "五一路南四里3号泓润公司A5栋163", "pname": "广西壮族自治区", "cityname": "南宁市", "adname": "江南区", "keyword_source": "物流园" }, "geometry": { "type": "Point", "coordinates": [ 108.284646920775515, 22.79849237898949 ] } },
{ "type": "Feature", "properties": { "poi_id": "B0GDCU8B3C", "name": "宁启物流园", "lng": 108.216197, "lat": 22.776235, "lng_wgs84": 108.21225613476128, "lat_wgs84": 22.779075439142616, "type": "生活服务;物流速递;物流仓储场地", "typecode": "070501", "address": "智兴路乐贤村12队76号", "pname": "广西壮族自治区", "cityname": "南宁市", "adname": "江南区", "keyword_source": "物流园" }, "geometry": { "type": "Point", "coordinates": [ 108.212256134761276, 22.779075439142616 ] } },
{ "type": "Feature", "properties": { "poi_id": "B0G1K73OB0", "name": "一正达·林秋速运(南宁站)", "lng": 108.223084, "lat": 22.813507, "lng_wgs84": 108.21915074515096, "lat_wgs84": 22.81634213911239, "type": "生活服务;物流速递;物流速递", "typecode": "070500", "address": "三津大道88号南北停车场B栋19号", "pname": "广西壮族自治区", "cityname": "南宁市", "adname": "江南区", "keyword_source": "物流园" }, "geometry": { "type": "Point", "coordinates": [ 108.219150745150955, 22.81634213911239 ] } },
{ "type": "Feature", "properties": { "poi_id": "B0FFMFZSKV", "name": "前锋物流(南北物流园店)", "lng": 108.222635, "lat": 22.814538, "lng_wgs84": 108.21870112188896, "lat_wgs84": 22.817372334298216, "type": "生活服务;物流速递;物流速递", "typecode": "070500", "address": "三津大道88号南北物流园A栋1-4号", "pname": "广西壮族自治区", "cityname": "南宁市", "adname": "江南区", "keyword_source": "物流园" }, "geometry": { "type": "Point", "coordinates": [ 108.218701121888955, 22.817372334298216 ] } },
{ "type": "Feature", "properties": { "poi_id": "B0FFM92V8O", "name": "南宁众望物流", "lng": 108.30284, "lat": 22.910079, "lng_wgs84": 108.29887790777283, "lat_wgs84": 22.912841398657733, "type": "生活服务;物流速递;物流速递", "typecode": "070500", "address": "安吉大道闽佳物流园A9栋21-23号", "pname": "广西壮族自治区", "cityname": "南宁市", "adname": "西乡塘区", "keyword_source": "物流园" }, "geometry": { "type": "Point", "coordinates": [ 108.298877907772834, 22.912841398657733 ] } },
{ "type": "Feature", "properties": { "poi_id": "B0FFL5L999", "name": "中新南宁国际物流园", "lng": 108.375311, "lat": 22.705609, "lng_wgs84": 108.37123439227786, "lat_wgs84": 22.708319310939469, "type": "商务住宅;产业园区;产业园区", "typecode": "120100", "address": "金海路16号", "pname": "广西壮族自治区", "cityname": "南宁市", "adname": "良庆区", "keyword_source": "物流园" }, "geometry": { "type": "Point", "coordinates": [ 108.371234392277856, 22.708319310939469 ] } },
{ "type": "Feature", "properties": { "poi_id": "B0FFKV8UZL", "name": "四海仓储物流园", "lng": 108.215443, "lat": 22.85673, "lng_wgs84": 108.2114968565178, "lat_wgs84": 22.85954081652925, "type": "生活服务;物流速递;物流仓储场地", "typecode": "070501", "address": "文贤路西150米", "pname": "广西壮族自治区", "cityname": "南宁市", "adname": "西乡塘区", "keyword_source": "物流园" }, "geometry": { "type": "Point", "coordinates": [ 108.211496856517797, 22.85954081652925 ] } },
{ "type": "Feature", "properties": { "poi_id": "B0FFKKY9DY", "name": "三志驰腾物流(总部)", "lng": 108.303636, "lat": 22.910965, "lng_wgs84": 108.29967253652872, "lat_wgs84": 22.913725703824589, "type": "生活服务;物流速递;物流速递", "typecode": "070500", "address": "闽佳安吉物流园B2-1-15号", "pname": "广西壮族自治区", "cityname": "南宁市", "adname": "西乡塘区", "keyword_source": "物流园" }, "geometry": { "type": "Point", "coordinates": [ 108.299672536528718, 22.913725703824589 ] } },
{ "type": "Feature", "properties": { "poi_id": "B0FFKCS8OQ", "name": "秀翼物流(南宁分公司)", "lng": 108.239668, "lat": 22.800724, "lng_wgs84": 108.23575109111384, "lat_wgs84": 22.803574924842341, "type": "生活服务;物流速递;物流速递", "typecode": "070500", "address": "定秋路华南城乾龙物流园", "pname": "广西壮族自治区", "cityname": "南宁市", "adname": "江南区", "keyword_source": "物流园" }, "geometry": { "type": "Point", "coordinates": [ 108.235751091113841, 22.803574924842341 ] } },
{ "type": "Feature", "properties": { "poi_id": "B0FFK7QUKU", "name": "新科源物流", "lng": 108.394109, "lat": 22.869805, "lng_wgs84": 108.39001001004441, "lat_wgs84": 22.87244721542806, "type": "生活服务;物流速递;物流速递", "typecode": "070500", "address": "昆仑大道128号", "pname": "广西壮族自治区", "cityname": "南宁市", "adname": "兴宁区", "keyword_source": "物流园" }, "geometry": { "type": "Point", "coordinates": [ 108.390010010044406, 22.87244721542806 ] } },
{ "type": "Feature", "properties": { "poi_id": "B0FFJSSX35", "name": "南宁市高新区万纬物流园", "lng": 108.259022, "lat": 22.876473, "lng_wgs84": 108.25510534101728, "lat_wgs84": 22.879296080035555, "type": "生活服务;物流速递;物流仓储场地", "typecode": "070501", "address": "振华路与科兴路交叉口东北240米", "pname": "广西壮族自治区", "cityname": "南宁市", "adname": "西乡塘区", "keyword_source": "物流园" }, "geometry": { "type": "Point", "coordinates": [ 108.255105341017284, 22.879296080035555 ] } },
{ "type": "Feature", "properties": { "poi_id": "B0FFJS740B", "name": "永和物流园", "lng": 108.296557, "lat": 22.80543, "lng_wgs84": 108.29261026518718, "lat_wgs84": 22.808242533799909, "type": "生活服务;物流速递;物流仓储场地", "typecode": "070501", "address": "雅里中坡19号", "pname": "广西壮族自治区", "cityname": "南宁市", "adname": "西乡塘区", "keyword_source": "物流园" }, "geometry": { "type": "Point", "coordinates": [ 108.292610265187179, 22.808242533799909 ] } },
{ "type": "Feature", "properties": { "poi_id": "B0FFJRVVSE", "name": "伶俐公路物流港", "lng": 108.775775, "lat": 22.829375, "lng_wgs84": 108.7718038130034, "lat_wgs84": 22.832226038434143, "type": "生活服务;物流速递;物流仓储场地", "typecode": "070501", "address": "伶津路与伶俐互通交叉口东南80米", "pname": "广西壮族自治区", "cityname": "南宁市", "adname": "青秀区", "keyword_source": "物流园" }, "geometry": { "type": "Point", "coordinates": [ 108.771803813003402, 22.832226038434143 ] } },
{ "type": "Feature", "properties": { "poi_id": "B0FFIIGGMB", "name": "南北物流园", "lng": 108.220191, "lat": 22.812132, "lng_wgs84": 108.2162540150071, "lat_wgs84": 22.814964692332342, "type": "生活服务;物流速递;物流仓储场地", "typecode": "070501", "address": "三津大道88号南北停车场", "pname": "广西壮族自治区", "cityname": "南宁市", "adname": "江南区", "keyword_source": "物流园" }, "geometry": { "type": "Point", "coordinates": [ 108.216254015007095, 22.814964692332342 ] } },
{ "type": "Feature", "properties": { "poi_id": "B0FFIBUL5J", "name": "广西大汇仓储物流基地", "lng": 108.45867, "lat": 22.922171, "lng_wgs84": 108.45464112651104, "lat_wgs84": 22.924860090861813, "type": "生活服务;物流速递;物流仓储场地", "typecode": "070501", "address": "昆仑大道同仁路6号", "pname": "广西壮族自治区", "cityname": "南宁市", "adname": "兴宁区", "keyword_source": "物流园" }, "geometry": { "type": "Point", "coordinates": [ 108.454641126511035, 22.924860090861813 ] } },
{ "type": "Feature", "properties": { "poi_id": "B0FFI7KHI5", "name": "通达物流园", "lng": 108.331445, "lat": 22.876884, "lng_wgs84": 108.32743152368916, "lat_wgs84": 22.87960722042672, "type": "生活服务;物流速递;物流仓储场地", "typecode": "070501", "address": "安武大道11号", "pname": "广西壮族自治区", "cityname": "南宁市", "adname": "西乡塘区", "keyword_source": "物流园" }, "geometry": { "type": "Point", "coordinates": [ 108.327431523689157, 22.87960722042672 ] } },
{ "type": "Feature", "properties": { "poi_id": "B0FFHYGVA8", "name": "逊达洪通电子商务物流园区南宁运营中心", "lng": 108.29101, "lat": 22.751486, "lng_wgs84": 108.2870739862, "lat_wgs84": 22.754324358861723, "type": "生活服务;物流速递;物流仓储场地|商务住宅;产业园区;产业园区", "typecode": "070501|120100", "address": "防城港路与国凯大道交叉口南180米", "pname": "广西壮族自治区", "cityname": "南宁市", "adname": "江南区", "keyword_source": "物流园" }, "geometry": { "type": "Point", "coordinates": [ 108.287073986199999, 22.754324358861723 ] } },
{ "type": "Feature", "properties": { "poi_id": "B0FFHYGDCH", "name": "普洛斯南宁普桂物流园", "lng": 108.28122, "lat": 22.750025, "lng_wgs84": 108.27729584269268, "lat_wgs84": 22.752876173636785, "type": "生活服务;物流速递;物流仓储场地|商务住宅;产业园区;产业园区", "typecode": "070501|120100", "address": "金阳路与高岭路交叉口北160米", "pname": "广西壮族自治区", "cityname": "南宁市", "adname": "江南区", "keyword_source": "物流园" }, "geometry": { "type": "Point", "coordinates": [ 108.277295842692681, 22.752876173636785 ] } },
{ "type": "Feature", "properties": { "poi_id": "B0FFHQDXHK", "name": "广西南天物流集团有限公司", "lng": 108.498094, "lat": 22.899718, "lng_wgs84": 108.49418137225672, "lat_wgs84": 22.902525733312377, "type": "生活服务;物流速递;物流速递", "typecode": "070500", "address": "三塘镇四塘南柳路198号广西交通职业技术学院小路进去", "pname": "广西壮族自治区", "cityname": "南宁市", "adname": "兴宁区", "keyword_source": "物流园" }, "geometry": { "type": "Point", "coordinates": [ 108.494181372256719, 22.902525733312377 ] } },
{ "type": "Feature", "properties": { "poi_id": "B0FFHGRBGG", "name": "西津电商物流市场", "lng": 108.302722, "lat": 22.881843, "lng_wgs84": 108.29876156414224, "lat_wgs84": 22.884616992031432, "type": "商务住宅;产业园区;产业园区", "typecode": "120100", "address": "安宁街道安吉大道88号", "pname": "广西壮族自治区", "cityname": "南宁市", "adname": "西乡塘区", "keyword_source": "物流园" }, "geometry": { "type": "Point", "coordinates": [ 108.298761564142239, 22.884616992031432 ] } },
{ "type": "Feature", "properties": { "poi_id": "B0FFHELRO9", "name": "玉洞物流港(银海大道辅路)", "lng": 108.382101, "lat": 22.683536, "lng_wgs84": 108.37801897031321, "lat_wgs84": 22.686245331073607, "type": "生活服务;物流速递;物流仓储场地|公司企业;公司;公司|商务住宅;产业园区;产业园区", "typecode": "070501|170200|120100", "address": "银海大道1237号", "pname": "广西壮族自治区", "cityname": "南宁市", "adname": "良庆区", "keyword_source": "物流园" }, "geometry": { "type": "Point", "coordinates": [ 108.378018970313207, 22.686245331073607 ] } },
{ "type": "Feature", "properties": { "poi_id": "B0FFHC48BD", "name": "南宁市烟草公司卷烟物流中心", "lng": 108.255506, "lat": 22.858445, "lng_wgs84": 108.25159067914554, "lat_wgs84": 22.861276102251995, "type": "生活服务;物流速递;物流仓储场地", "typecode": "070501", "address": "科兴路", "pname": "广西壮族自治区", "cityname": "南宁市", "adname": "西乡塘区", "keyword_source": "物流园" }, "geometry": { "type": "Point", "coordinates": [ 108.251590679145536, 22.861276102251995 ] } },
{ "type": "Feature", "properties": { "poi_id": "B0FFH9BRTK", "name": "广西桂储物流有限公司", "lng": 108.182207, "lat": 23.182952, "lng_wgs84": 108.17817894989348, "lat_wgs84": 23.185576348238911, "type": "生活服务;物流速递;物流仓储场地", "typecode": "070501", "address": "东盟经济技术开发区宁武路16号", "pname": "广西壮族自治区", "cityname": "南宁市", "adname": "武鸣区", "keyword_source": "物流园" }, "geometry": { "type": "Point", "coordinates": [ 108.178178949893478, 23.185576348238911 ] } },
{ "type": "Feature", "properties": { "poi_id": "B0FFH934VR", "name": "容顺(南宁总部)", "lng": 108.296741, "lat": 22.897508, "lng_wgs84": 108.29278923784818, "lat_wgs84": 22.900285301182105, "type": "生活服务;物流速递;物流速递", "typecode": "070500", "address": "G75兰海高速与安吉立交交叉口东460米", "pname": "广西壮族自治区", "cityname": "南宁市", "adname": "西乡塘区", "keyword_source": "物流园" }, "geometry": { "type": "Point", "coordinates": [ 108.292789237848183, 22.900285301182105 ] } },
{ "type": "Feature", "properties": { "poi_id": "B0FFGAEDY1", "name": "亚迅物流园", "lng": 108.295875, "lat": 22.891975, "lng_wgs84": 108.2919248245903, "lat_wgs84": 22.894755856652189, "type": "生活服务;物流速递;物流速递", "typecode": "070500", "address": "安吉大道89号(西津地铁站A口步行150米)", "pname": "广西壮族自治区", "cityname": "南宁市", "adname": "西乡塘区", "keyword_source": "物流园" }, "geometry": { "type": "Point", "coordinates": [ 108.291924824590296, 22.894755856652189 ] } },
{ "type": "Feature", "properties": { "poi_id": "B0FFG4J89Y", "name": "南宁市快易通物流(五一路南四里)", "lng": 108.288589, "lat": 22.793805, "lng_wgs84": 108.28465400735936, "lat_wgs84": 22.79663300460431, "type": "生活服务;物流速递;物流速递", "typecode": "070500", "address": "五一中路3号南四里泓润仓储物流中心A2栋29-30号", "pname": "广西壮族自治区", "cityname": "南宁市", "adname": "江南区", "keyword_source": "物流园" }, "geometry": { "type": "Point", "coordinates": [ 108.284654007359364, 22.79663300460431 ] } },
{ "type": "Feature", "properties": { "poi_id": "B0FFG4G3TE", "name": "中国铁路南宁局集团有限公司南宁铁路物流中心", "lng": 108.312044, "lat": 22.824448, "lng_wgs84": 108.30807028948774, "lat_wgs84": 22.827227645099789, "type": "生活服务;物流速递;物流仓储场地", "typecode": "070501", "address": "中华路100-1号", "pname": "广西壮族自治区", "cityname": "南宁市", "adname": "西乡塘区", "keyword_source": "物流园" }, "geometry": { "type": "Point", "coordinates": [ 108.308070289487745, 22.827227645099789 ] } },
{ "type": "Feature", "properties": { "poi_id": "B0FFFXHYPL", "name": "普洛斯南宁物流园", "lng": 108.279152, "lat": 22.750079, "lng_wgs84": 108.27522992338557, "lat_wgs84": 22.752932406345977, "type": "生活服务;物流速递;物流速递", "typecode": "070500", "address": "合浦路附近", "pname": "广西壮族自治区", "cityname": "南宁市", "adname": "江南区", "keyword_source": "物流园" }, "geometry": { "type": "Point", "coordinates": [ 108.275229923385567, 22.752932406345977 ] } },
{ "type": "Feature", "properties": { "poi_id": "B0FFFTU5EY", "name": "南城物流中心", "lng": 108.258099, "lat": 22.761844, "lng_wgs84": 108.2541883716936, "lat_wgs84": 22.764708403067655, "type": "生活服务;物流速递;物流速递", "typecode": "070500", "address": "那厉路22号(那历村地铁站A口步行80米)", "pname": "广西壮族自治区", "cityname": "南宁市", "adname": "江南区", "keyword_source": "物流园" }, "geometry": { "type": "Point", "coordinates": [ 108.254188371693601, 22.764708403067655 ] } },
{ "type": "Feature", "properties": { "poi_id": "B0FFFO3Q3Z", "name": "广西翔海物流有限责任公司", "lng": 108.240393, "lat": 22.776546, "lng_wgs84": 108.23647776477644, "lat_wgs84": 22.779405325269234, "type": "生活服务;物流速递;物流速递", "typecode": "070500", "address": "沙井镇智和村金鸡路7号", "pname": "广西壮族自治区", "cityname": "南宁市", "adname": "江南区", "keyword_source": "物流园" }, "geometry": { "type": "Point", "coordinates": [ 108.236477764776438, 22.779405325269234 ] } },
{ "type": "Feature", "properties": { "poi_id": "B0FFFH11E9", "name": "名宝物流园", "lng": 108.289884, "lat": 22.794095, "lng_wgs84": 108.28594730530617, "lat_wgs84": 22.796921154336641, "type": "生活服务;物流速递;物流仓储场地|购物服务;购物相关场所;购物相关场所", "typecode": "070501|060000", "address": "五一路南四里8号", "pname": "广西壮族自治区", "cityname": "南宁市", "adname": "江南区", "keyword_source": "物流园" }, "geometry": { "type": "Point", "coordinates": [ 108.285947305306166, 22.796921154336641 ] } },
{ "type": "Feature", "properties": { "poi_id": "B0FFFE66U6", "name": "广西金博物流有限公司", "lng": 108.256972, "lat": 22.791306, "lng_wgs84": 108.25306000968855, "lat_wgs84": 22.794161118298785, "type": "生活服务;物流速递;物流速递", "typecode": "070500", "address": "五一西路105号", "pname": "广西壮族自治区", "cityname": "南宁市", "adname": "江南区", "keyword_source": "物流园" }, "geometry": { "type": "Point", "coordinates": [ 108.253060009688554, 22.794161118298785 ] } },
{ "type": "Feature", "properties": { "poi_id": "B0FFF8Z2XF", "name": "华南城乾龙物流园", "lng": 108.240329, "lat": 22.800287, "lng_wgs84": 108.23641251201768, "lat_wgs84": 22.80313832071975, "type": "生活服务;物流速递;物流仓储场地", "typecode": "070501", "address": "新乐路与定秋路辅路交叉口西北120米", "pname": "广西壮族自治区", "cityname": "南宁市", "adname": "江南区", "keyword_source": "物流园" }, "geometry": { "type": "Point", "coordinates": [ 108.236412512017679, 22.80313832071975 ] } },
{ "type": "Feature", "properties": { "poi_id": "B03030VHOK", "name": "广西闽佳安吉物流园", "lng": 108.302984, "lat": 22.910287, "lng_wgs84": 108.2990216582302, "lat_wgs84": 22.913049073404657, "type": "商务住宅;产业园区;产业园区", "typecode": "120100", "address": "安吉大道附近", "pname": "广西壮族自治区", "cityname": "南宁市", "adname": "西乡塘区", "keyword_source": "物流园" }, "geometry": { "type": "Point", "coordinates": [ 108.299021658230203, 22.913049073404657 ] } },
{ "type": "Feature", "properties": { "poi_id": "B03030TH77", "name": "新科源物流(金桥配送中心)", "lng": 108.394577, "lat": 22.866212, "lng_wgs84": 108.3904780443078, "lat_wgs84": 22.868855459127456, "type": "生活服务;物流速递;物流速递", "typecode": "070500", "address": "昆仑大道128号", "pname": "广西壮族自治区", "cityname": "南宁市", "adname": "兴宁区", "keyword_source": "物流园" }, "geometry": { "type": "Point", "coordinates": [ 108.390478044307798, 22.868855459127456 ] } },
{ "type": "Feature", "properties": { "poi_id": "B03030TDLN", "name": "广西高峰香料物流中心", "lng": 108.413021, "lat": 22.874654, "lng_wgs84": 108.4089234294172, "lat_wgs84": 22.877295484623275, "type": "生活服务;物流速递;物流速递", "typecode": "070500", "address": "昆仑大道199号", "pname": "广西壮族自治区", "cityname": "南宁市", "adname": "兴宁区", "keyword_source": "物流园" }, "geometry": { "type": "Point", "coordinates": [ 108.4089234294172, 22.877295484623275 ] } },
{ "type": "Feature", "properties": { "poi_id": "B030305WQO", "name": "浩宏物流园", "lng": 108.300536, "lat": 22.90812, "lng_wgs84": 108.29657776790675, "lat_wgs84": 22.910886987009079, "type": "生活服务;物流速递;物流速递", "typecode": "070500", "address": "安吉街道南武大道", "pname": "广西壮族自治区", "cityname": "南宁市", "adname": "西乡塘区", "keyword_source": "物流园" }, "geometry": { "type": "Point", "coordinates": [ 108.296577767906754, 22.910886987009079 ] } },
{ "type": "Feature", "properties": { "poi_id": "B030305TUJ", "name": "南宁保税物流中心", "lng": 108.350583, "lat": 22.711105, "lng_wgs84": 108.34654223395756, "lat_wgs84": 22.713849050949754, "type": "生活服务;物流速递;物流速递", "typecode": "070500", "address": "银海大道1219号", "pname": "广西壮族自治区", "cityname": "南宁市", "adname": "良庆区", "keyword_source": "物流园" }, "geometry": { "type": "Point", "coordinates": [ 108.346542233957564, 22.713849050949754 ] } },
{ "type": "Feature", "properties": { "poi_id": "B0FFHO39JR", "name": "南宁综合保税区", "lng": 108.35045, "lat": 22.711327, "lng_wgs84": 108.34640945625146, "lat_wgs84": 22.714071219893199, "type": "商务住宅;产业园区;产业园区", "typecode": "120100", "address": "银海大道与黄岭路交叉口北100米", "pname": "广西壮族自治区", "cityname": "南宁市", "adname": "良庆区", "keyword_source": "保税区" }, "geometry": { "type": "Point", "coordinates": [ 108.346409456251465, 22.714071219893199 ] } },
{ "type": "Feature", "properties": { "poi_id": "B0MRFPSC9F", "name": "南宁综合保税区A4栋", "lng": 108.35065, "lat": 22.71115, "lng_wgs84": 108.34660911392598, "lat_wgs84": 22.713893924429943, "type": "商务住宅;产业园区;产业园区", "typecode": "120100", "address": "综合保税区", "pname": "广西壮族自治区", "cityname": "南宁市", "adname": "良庆区", "keyword_source": "保税区" }, "geometry": { "type": "Point", "coordinates": [ 108.346609113925979, 22.713893924429943 ] } },
{ "type": "Feature", "properties": { "poi_id": "B0IDXCXMDD", "name": "万纬南宁良庆保税园区", "lng": 108.366072, "lat": 22.714384, "lng_wgs84": 108.36200644862528, "lat_wgs84": 22.71710322126108, "type": "商务住宅;产业园区;产业园区", "typecode": "120100", "address": "银海大道南宁综合保税区", "pname": "广西壮族自治区", "cityname": "南宁市", "adname": "良庆区", "keyword_source": "保税区" }, "geometry": { "type": "Point", "coordinates": [ 108.36200644862528, 22.71710322126108 ] } },
{ "type": "Feature", "properties": { "poi_id": "B0MUDNGRYG", "name": "南宁0306MK04综合保税区7栋", "lng": 108.38355, "lat": 22.70685, "lng_wgs84": 108.37946557163517, "lat_wgs84": 22.709552394414377, "type": "商务住宅;产业园区;产业园区", "typecode": "120100", "address": "金海路20号高新金海大厦", "pname": "广西壮族自治区", "cityname": "南宁市", "adname": "良庆区", "keyword_source": "保税区" }, "geometry": { "type": "Point", "coordinates": [ 108.379465571635166, 22.709552394414377 ] } }
]
}
