poi_id,name,lng,lat,lng_wgs84,lat_wgs84,type,typecode,address,pname,cityname,adname,keyword_source
B0FFHCX643,三墩港口,108.697138,21.609866,108.69329994989984,21.612513296702783,交通设施服务;港口码头;港口码头,150300,三墩公路西北侧,广西壮族自治区,钦州市,钦南区,港口
B0FFLK4X3J,三墩码头,108.683863,21.599142,108.6800552938677,21.60180941986508,交通设施服务;港口码头;港口码头,150300,大榄坪边防派出所巡逻防控点西侧280米,广西壮族自治区,钦州市,钦南区,港口
B030900EHD,钦州港口岸,108.590379,21.726917,108.586712810953,21.72974342383236,交通设施服务;港口码头;货运港口码头,150304,勒沟西大街,广西壮族自治区,钦州市,钦南区,港口
B0FFHO73O5,远大港务,108.59859,21.719363,108.59492355308961,21.72218757550502,公司企业;公司;公司,170200,果鹰大街西100米,广西壮族自治区,钦州市,钦南区,港口
B0J2YSK1HG,广旅·海豚湾码头,108.753017,21.601505,108.74910543141532,21.60410106541667,交通设施服务;港口码头;港口码头,150300,三娘湾风景区海豚湾码头,广西壮族自治区,钦州市,钦南区,港口
B0FFHUHXPZ,北部湾港钦州港区外贸码头,108.644467,21.673546,108.64074565938387,21.676311011097845,交通设施服务;港口码头;港口码头,150300,[],广西壮族自治区,钦州市,钦南区,港口
B0HKG5CF6A,钦州市海防码头,108.752041,21.601344,108.74812975828866,21.603939927758844,交通设施服务;港口码头;港口码头,150300,三娘湾,广西壮族自治区,钦州市,钦南区,港口
B030900M0H,中国石化广西钦州本部海港加油站,108.637171,22.025101,108.63344662530349,22.028034976551705,汽车服务;加油站;中国石化,010101,G325国道与新城八路交叉口东北方向90米,广西壮族自治区,钦州市,钦北区,港口
BV11127784,钦州港枢纽站(公交站),108.603978,21.736403,108.60030855403032,21.73923371182591,交通设施服务;公交车站;公交车站相关,150700,中船专线;港区1路;港区2路;港区3路延长线;港城1路;港城1路(17:50、18:30);港城1路(6:50、7:10);港城3路,广西壮族自治区,钦州市,钦南区,港口
B0FFHZU3I8,钦南码头,108.552216,21.746441,108.54850867165683,21.74923071814122,交通设施服务;港口码头;港口码头,150300,北村附近,广西壮族自治区,钦州市,钦南区,港口
B0FFG8Y81S,吉运码头,108.600448,21.720749,108.59678089136564,21.72357399479762,交通设施服务;港口码头;港口码头,150300,果鹰大街,广西壮族自治区,钦州市,钦南区,港口
B0FFK8GMPQ,西汉出海古码头,108.777203,21.616893,108.77329446877809,21.619507359770942,交通设施服务;港口码头;港口码头,150300,犀牛脚镇三娘湾内,广西壮族自治区,钦州市,钦南区,港口
B0FFF2C302,正新码头,108.594572,21.721798,108.5909061521008,21.724623339780816,交通设施服务;港口码头;港口码头,150300,建港路,广西壮族自治区,钦州市,钦南区,港口
B0K0F9OFNA,果子山码头,108.597341,21.71785,108.59367493250735,21.720673976010158,交通设施服务;港口码头;港口码头,150300,远大港务西南侧210米,广西壮族自治区,钦州市,钦南区,港口
B0FFKQ11J4,钦州港海事码头,108.580515,21.734574,108.57684478654726,21.73739810465996,交通设施服务;交通服务相关;交通服务相关,150000,复能环保科技有限公司西侧170米,广西壮族自治区,钦州市,钦南区,港口
B0GRVHT2A0,沙角大村下海路码头,108.867388,21.639333,108.86359158938042,21.642101752408955,交通设施服务;交通服务相关;交通服务相关,150000,190乡道,广西壮族自治区,钦州市,钦南区,港口
B0FFHUHXQ0,钦州港保税港区外贸码头3号泊位,108.644485,21.673537,108.64076362335763,21.67630197869965,交通设施服务;港口码头;港口码头,150300,[],广西壮族自治区,钦州市,钦南区,港口
B0GRX577VD,贝恩国际海港码头(挖花甲),108.733377,21.633024,108.72947748999913,21.635635459672486,交通设施服务;交通服务相关;交通服务相关,150000,犀牛脚渔港码头,广西壮族自治区,钦州市,钦南区,港口
B0KR2K6H76,华兴码头,108.595868,21.723403,108.59220192956124,21.726229137253622,交通设施服务;港口码头;港口码头,150300,龙江南路16号,广西壮族自治区,钦州市,钦南区,港口
B0MBUAMAZ7,龙门水寨上船码头,108.534784,21.746059,108.53103734040347,21.748809106616694,风景名胜;风景名胜;风景名胜,110200,龙门大桥,广西壮族自治区,钦州市,钦南区,港口
B0MUMZV31J,乌雷白码头,108.734763,21.626158,108.73086238009712,21.628766324446424,交通设施服务;港口码头;港口码头,150300,乌雷村港湾民宿西南侧320米,广西壮族自治区,钦州市,钦南区,港口
B0FFLCZP9B,广西天益昌隆港务有限公司散杂货码头,108.59329,21.719064,108.58962434655274,21.721888017513333,交通设施服务;港口码头;港口码头,150300,隆安海螺水泥厂东侧190米,广西壮族自治区,钦州市,钦南区,港口
B030900M8I,巨龙港务有限公司边贸口岸,108.597229,21.728324,108.59356245194542,21.731152213953933,交通设施服务;港口码头;港口码头,150300,勒沟东大街与钦州港大道交叉口西380米,广西壮族自治区,钦州市,钦南区,港口
B0LUHXKOGY,临海集团码头,108.601401,21.728549,108.5977331464171,21.731377031051142,交通设施服务;交通服务相关;交通服务相关,150000,钦州港大道3636-3637号,广西壮族自治区,钦州市,钦南区,港口
BV11356049,海港市场(公交站),108.601532,21.749184,108.59786309776345,21.752020568716812,交通设施服务;公交车站;公交车站相关,150700,港区3路延长线;港城1路;港城1路(17:50、18:30);港城4路延长线,广西壮族自治区,钦州市,钦南区,港口
B0L23U5KSY,金三码头,108.84473,21.674259,108.84090532596184,21.677004522108046,交通设施服务;交通服务相关;交通服务相关,150000,滨海公路,广西壮族自治区,钦州市,钦南区,港口
B0FFKJR2IC,钦州大蚝示范区大蚝装卸码头,108.598693,21.732575,108.59502588811594,21.735404945228836,交通设施服务;交通服务相关;交通服务相关,150000,逸仙路与晨光路交叉口西南260米,广西壮族自治区,钦州市,钦南区,港口
B0FFHJGA7U,坡心码头,108.857257,21.768872,108.85344384749298,21.771676741874604,交通设施服务;港口码头;港口码头,150300,[],广西壮族自治区,钦州市,钦南区,港口
B0HK0LHNRF,越也码头,108.626203,21.97741,108.62249917671144,21.980335689802928,交通设施服务;港口码头;港口码头,150300,永福西大街56号钦州百盛购物中心F1,广西壮族自治区,钦州市,钦北区,港口
B0KKTSVQUJ,龙城充汽车充电站(钦州港口重卡充电站),108.677351,21.671852,108.67355503378877,21.67455634131074,汽车服务;充电站;充电站,011100,八大街1号,广西壮族自治区,钦州市,钦南区,港口
B0L3OLZ81Y,海港市场(逸仙路店)-停车场,108.60122,21.749884,108.59755119162968,21.752720912047508,交通设施服务;停车场;公共停车场,150904,海港市场,广西壮族自治区,钦州市,钦南区,港口
B0FFI6Z9Y9,钦州市海洋局执法码头,108.644367,21.735248,108.64064286545381,21.738037357356895,政府机构及社会团体;政府及社会团体相关;政府及社会团体相关,130000,滨海公路辅路与孔雀大道交叉口西420米,广西壮族自治区,钦州市,钦南区,港口
B0L3H7A51A,国投钦州港口有限公司停车场,108.625322,21.703157,108.62163277671712,21.70595953101974,交通设施服务;停车场;公共停车场,150904,钦州港经济技术开发区果鹰大道3号国投钦州港口有限公司,广西壮族自治区,钦州市,钦南区,港口
BZ7BO6001L,钦州港收费站(G75兰海高速出口),108.663167,21.889954,108.65939387259621,21.89277964597687,道路附属设施;收费站;收费站,180200,钦南区,广西壮族自治区,钦州市,钦南区,港口
B0KRHARQ1H,巨惠码头超市,109.116772,22.115162,109.11244423426804,22.117799769255722,购物服务;购物相关场所;购物相关场所,060000,306县道与326省道交叉口西南240米,广西壮族自治区,钦州市,灵山县,港口
BZ7BO6001K,钦州港收费站(G75兰海高速入口),108.663027,21.889523,108.65925422060734,21.892348704534324,道路附属设施;收费站;收费站,180200,钦南区,广西壮族自治区,钦州市,钦南区,港口
BV11370301,中山码头(公交站),108.603025,21.72658,108.59935651278028,21.729406917233483,交通设施服务;公交车站;公交车站相关,150700,港区1路,广西壮族自治区,钦州市,钦南区,港口
B0LK61LQU4,北部湾港钦州码头有限公司西侧停车场,108.647325,21.684125,108.6435972623311,21.68688926868817,交通设施服务;停车场;公共停车场,150904,南海路与纬三路交叉口南340米,广西壮族自治区,钦州市,钦南区,港口
BZ79O7000D,钦州港东收费站(S35鹿钦高速出口),108.762902,21.715561,108.75898361646338,21.718200742483727,道路附属设施;收费站;收费站,180200,钦南区,广西壮族自治区,钦州市,钦南区,港口
BZ79O7000E,钦州港东收费站(S35鹿钦高速入口),108.76299,21.715484,108.75907162740545,21.718123753976176,道路附属设施;收费站;收费站,180200,钦南区,广西壮族自治区,钦州市,钦南区,港口
B0MUXRA8D4,北爱双创园3栋,108.622675,21.898525,108.61897998211651,21.901416803733525,商务住宅;产业园区;产业园区,120100,北爱·双创业园,广西壮族自治区,钦州市,钦南区,工业园
B0MUURWZ6P,钦州港大榄坪自贸新城,108.666075,21.724675,108.66230316550705,21.727421299518586,商务住宅;产业园区;产业园区,120100,东安街与三号路交叉口北280米,广西壮族自治区,钦州市,钦南区,工业园
B0MUMRWXEO,工武工业园,109.178141,22.134009,109.17387945051694,22.136749521249776,商务住宅;产业园区;产业园区,120100,326省道与305县道交叉口东北220米,广西壮族自治区,钦州市,灵山县,工业园
B0MRMNRZ1O,钦州市科技人才创新创业孵化基地,108.679785,21.959025,108.67596910820292,21.961852016009452,商务住宅;产业园区;产业园区,120100,[],广西壮族自治区,钦州市,钦南区,工业园
B0MRLX6NL3,钦州综合保税区,108.674325,21.675675,108.67053602333182,21.678386512418268,商务住宅;产业园区;产业园区,120100,[],广西壮族自治区,钦州市,钦南区,工业园
B0MGVLFR23,燕窝加工贸易基地2栋,108.683625,21.771425,108.6798093743633,21.7741576740738,商务住宅;产业园区;产业园区,120100,中马北二街中马燕窝加工贸易基地,广西壮族自治区,钦州市,钦南区,工业园
B0MGSXNNJB,华山龙眼产业示范区,109.256025,22.170625,109.25180735125716,22.173461169042234,商务住宅;产业园区;产业园区,120100,326省道东南侧,广西壮族自治区,钦州市,灵山县,工业园
B0MGOZUYZY,十里工业园,109.255725,22.382425,109.25149623417904,22.38531877289939,商务住宅;产业园区;产业园区,120100,江南路与十里二路交叉口东240米,广西壮族自治区,钦州市,灵山县,工业园
B0MG4OYX8F,DJ网红孵化基地,109.278228,22.40453,109.27397143049933,22.407412449673398,商务住宅;产业园区;产业园区,120100,滨江南路与文峰路交叉口西北260米,广西壮族自治区,钦州市,灵山县,工业园
B0MDUL16DV,钦州港中马产业,108.675925,21.783175,108.67212694426864,21.785927294670355,商务住宅;产业园区;产业园区,120100,金谷大街与丹二路交叉口西南200米,广西壮族自治区,钦州市,钦南区,工业园
B0MDTCCCG8,皇马工业4区,108.622125,22.100925,108.6184208335,22.103911261685436,商务住宅;产业园区;产业园区,120100,[],广西壮族自治区,钦州市,钦北区,工业园
B0MDNOG4O6,钦州港金鼓新区,108.655592,21.744983,108.6518433470683,21.747757137655075,商务住宅;产业园区;产业园区,120100,拥军路与和谐大街交叉口南200米,广西壮族自治区,钦州市,钦南区,工业园
B0MDMOZHYR,钦州跨境贸易电子商务产业园A座,108.655975,21.689525,108.65222819144158,21.69227622328299,商务住宅;产业园区;产业园区|商务住宅;楼宇;商务写字楼,120100|120201,八大街与友谊大道交叉口东460米,广西壮族自治区,钦州市,钦南区,工业园
B0MDAK14CZ,钦州市智能制造产业园,108.684332,21.914992,108.6805076230385,21.917789499647807,公司企业;公司企业;公司企业,170000,钦州市洁林塑料科技有限公司西北侧100米,广西壮族自治区,钦州市,钦南区,工业园
B0MD07S1L0,光合孵化房,108.566425,22.155575,108.56272078266339,22.158573999100607,商务住宅;产业园区;产业园区,120100,325国道东北侧,广西壮族自治区,钦州市,钦北区,工业园
B0MBZ5CRS5,康熙岭镇接二连三产业融合示范园,108.562818,21.953057,108.55911868020048,21.955960371191622,商务住宅;产业园区;产业园区,120100,金海湾西大街1222号,广西壮族自治区,钦州市,钦南区,工业园
B0MBD6ES7Y,哪锦村电子商务B区,108.992775,22.427125,108.98871846596244,22.430048437845574,商务住宅;产业园区;产业园区,120100,[],广西壮族自治区,钦州市,灵山县,工业园
B0MBAOANIH,佐蒙生态产业园,109.254675,22.383425,109.2504469447646,22.386319135647906,商务住宅;产业园区;产业园区,120100,灵城镇,广西壮族自治区,钦州市,灵山县,工业园
B0MBAK8SSU,中国(广西)自由贸易试验区钦州港片区钦州港自贸新城E期,108.651725,21.744225,108.64798493856723,21.747005693962755,商务住宅;产业园区;产业园区,120100,孔雀湾大道与孔雀大道交叉口东北40米,广西壮族自治区,钦州市,钦南区,工业园
B0MB1DVPQL,灵山国际汽车总部基地产业城,109.243565,22.374687,109.23934279200087,22.377579506762103,商务住宅;产业园区;产业园区,120100,江南路辅路与十里四路交叉口西南440米,广西壮族自治区,钦州市,灵山县,工业园
B0MANCQWEB,钦州市尖山物流园A座,108.604775,21.932125,108.60109564637052,21.93504464482159,商务住宅;产业园区;产业园区|商务住宅;楼宇;楼宇相关,120100|120200,北部湾大道与文峰南路交界处钦州市尖山物流园,广西壮族自治区,钦州市,钦南区,工业园
B0MACXY4CV,中马智慧园,108.679539,21.766716,108.67573319734787,21.769454286213623,商务住宅;产业园区;产业园区,120100,中马大街与锦绣大道交叉口东240米,广西壮族自治区,钦州市,钦南区,工业园
B0MA6LKZJW,中马红树林小区产业园,108.664975,21.760725,108.66120398522109,21.763488412211114,商务住宅;产业园区;产业园区,120100,中马南三街与友谊大道交叉口西北180米,广西壮族自治区,钦州市,钦南区,工业园
B0M6XHP0BH,钦州港中马产业园,108.681325,21.767575,108.67751494891024,21.770310298785517,商务住宅;产业园区;产业园区,120100,中马大街与S43宾钦高速交叉口北380米,广西壮族自治区,钦州市,钦南区,工业园
B0M6XDOYEQ,金鼓江作业区,108.630875,21.717975,108.62717652499616,21.72077686954735,商务住宅;产业园区;产业园区,120100,[],广西壮族自治区,钦州市,钦南区,工业园
B0M6XCSKQA,大寺镇工业园,108.440225,22.136225,108.43619744954252,22.138901121828223,商务住宅;产业园区;产业园区,120100,[],广西壮族自治区,钦州市,钦北区,工业园
B0M6VCK0J0,钦州市珠乡大健康产业园,109.528925,22.247325,109.52468744424459,22.25027054007994,商务住宅;产业园区;产业园区,120100,[],广西壮族自治区,钦州市,浦北县,工业园
B0M6NRFAP9,十里工业园区,109.235875,22.378875,109.23165340789895,22.381765231856992,商务住宅;产业园区;产业园区,120100,[],广西壮族自治区,钦州市,灵山县,工业园
B0M6NREZQ0,东风建材物流园,109.567975,22.268675,109.56381427739785,22.271707641680813,商务住宅;产业园区;产业园区,120100,359国道与浦东大道交叉口西100米,广西壮族自治区,钦州市,浦北县,工业园
B0M6N7EZ2L,十里工业园威龙工业区,109.250875,22.388575,109.24664906502949,22.391470305410706,商务住宅;产业园区;产业园区,120100,兴园路与十里二路交叉口北460米,广西壮族自治区,钦州市,灵山县,工业园
B0M67AWEKV,高新区二期电子医药产业园,108.678475,21.900375,108.67466511281943,21.90317650065637,商务住宅;产业园区;产业园区,120100,双创大道与桥坪街交叉口西北340米,广西壮族自治区,钦州市,钦南区,工业园
B0M65DI0W3,福旺工业区,109.554075,22.401475,109.549885938898,22.40451255098524,商务住宅;产业园区;产业园区,120100,207省道与G7212柳北高速出口交叉口西北380米,广西壮族自治区,钦州市,浦北县,工业园
B0M63C9P4X,皇马工业园三区,108.636375,22.088925,108.63264894467818,22.091888847195,商务住宅;产业园区;产业园区,120100,福安街与长安路交叉口东60米,广西壮族自治区,钦州市,钦北区,工业园
B0M61ZGTCQ,广西钦州保税港区,108.657325,21.688875,108.65357517545785,21.691623522146912,商务住宅;产业园区;产业园区,120100,[],广西壮族自治区,钦州市,钦南区,工业园
B0M2YB3TNX,陆阳新城农创园,108.951696,22.295137,108.947787702842,22.29814691397094,商务住宅;产业园区;产业园区,120100,210省道与金华街交叉口西北40米,广西壮族自治区,钦州市,灵山县,工业园
B0M1Y5B26S,钦州港经济技术开发区,108.601875,21.737975,108.59820649247027,21.740806829241432,商务住宅;产业园区;产业园区,120100,海景二街与兴港路交叉口东20米,广西壮族自治区,钦州市,钦南区,工业园
B0M1PL5BEW,中马产业孔雀湾,108.664275,21.763025,108.66050551357364,21.765790718461922,商务住宅;产业园区;产业园区,120100,丹桂路与中马南三街交叉口东北280米,广西壮族自治区,钦州市,钦南区,工业园
B0M1PL53QA,钦州港自贸区,108.651625,21.744225,108.64788515639349,21.747005868767946,商务住宅;产业园区;产业园区,120100,孔雀湾大道辅路与乐业大街交叉口北40米,广西壮族自治区,钦州市,钦南区,工业园
B0M1L5LEIY,广西中马生物医药产业园10栋,108.67705,21.76085,108.67325037438829,21.763590478926144,商务住宅;产业园区;产业园区,120100,中马生物医药产业园,广西壮族自治区,钦州市,钦南区,工业园
B0M13SOSRA,威龙高新科技工业园1栋,109.25445,22.38625,109.2502219509211,22.38914458749581,商务住宅;产业园区;产业园区,120100,兴园路北侧威龙高新科技工业园,广西壮族自治区,钦州市,灵山县,工业园
B0LUY6QT1O,灵骏工业园,109.248475,22.380325,109.24425072357262,22.383219087652773,商务住宅;产业园区;产业园区,120100,十里四路与江南路辅路交叉口东北380米,广西壮族自治区,钦州市,灵山县,工业园
B0LUP53O8L,广西浦北供销社产业园,109.505723,21.977938,109.50143429539038,21.980706321108645,商务住宅;产业园区;产业园区,120100,安石镇解放路(安石财政所对面),广西壮族自治区,钦州市,浦北县,工业园
B0LU4AL46J,智能苗木产业园,109.16503,22.11234,109.16075031322372,22.115046787288943,公司企业;公司;公司,170200,088乡道,广西壮族自治区,钦州市,灵山县,工业园
B0LU2PPRBM,平陆运河企石枢纽工人产业园,108.950526,22.327925,108.94661933402016,22.33094511369657,商务住宅;产业园区;产业园区,120100,304县道东侧,广西壮族自治区,钦州市,灵山县,工业园
B0LRO1XAGD,钦州市钦南区区域性水稻产业中心,108.640599,21.849051,108.63687677693339,21.851896576233006,商务住宅;产业园区;产业园区,120100,龙泉路24号,广西壮族自治区,钦州市,钦南区,工业园
B0LRKMH9W9,宇欣科技园,108.666775,21.959975,108.66298994456439,21.96282722113457,商务住宅;产业园区;产业园区,120100,望州北路与马头庄街交叉口北120米,广西壮族自治区,钦州市,钦南区,工业园
B0LKZOGTU3,钦州港大榄坪作业区,108.649475,21.700875,108.64574190425594,21.70364206118784,公司企业;公司企业;公司企业,170000,新通道联运中心西南侧60米,广西壮族自治区,钦州市,钦南区,工业园
B0LKNSQEJS,钦南临港创新发展中心,108.719724,21.825875,108.71583289071349,21.82857638219323,商务住宅;产业园区;产业园区,120100,大番坡镇金窝工业园临港大道西侧,广西壮族自治区,钦州市,钦南区,工业园
B0LKNSPKVL,星牧集团直播孵化基地,109.277725,22.393225,109.27346983835136,22.396106520601247,商务住宅;产业园区;产业园区|公司企业;公司;公司,120100|170200,江南路与鲤湾路交叉口东南440米,广西壮族自治区,钦州市,灵山县,工业园
B0LKA59P8P,农创园3期,108.950025,22.294225,108.94612145378515,22.297238175480473,商务住宅;产业园区;产业园区,120100,金华街与304县道交叉口西200米,广西壮族自治区,钦州市,灵山县,工业园
B0LK5RUHSE,浦北县电子商务产业园,109.541675,22.248625,109.53746872474528,22.25160296588834,商务住宅;产业园区;产业园区,120100,科园路与益顺街交叉口北220米,广西壮族自治区,钦州市,浦北县,工业园
B0LK079127,广西航讯市域产教联合体基地,108.668312,21.956151,108.66452349760597,21.958998475543005,商务住宅;产业园区;产业园区,120100,望州北路98号旭日园,广西壮族自治区,钦州市,钦南区,工业园
B0LGU5H5AQ,新动力综合物流园(内含仓储·大型停车场),108.661815,21.707893,108.65805394492592,21.71064060396577,商务住宅;产业园区;产业园区,120100,八大街1号,广西壮族自治区,钦州市,钦南区,工业园
B0LGT7WU7T,华彩园区,108.621108,21.978211,108.6174111526929,21.98114231998922,商务住宅;产业园区;产业园区,120100,北营路与光明路交叉口东180米,广西壮族自治区,钦州市,钦北区,工业园
B0LGOS5476,北部湾(钦州)国际粮食加工产业园,108.672538,21.673554,108.6687533707817,21.676268134938187,商务住宅;产业园区;产业园区,120100,九大街与三号路交汇处东面,广西壮族自治区,钦州市,钦南区,工业园
B0LGFSP6N0,众森科技产业园,108.687107,21.906555,108.6832766190061,21.909343387655603,商务住宅;产业园区;产业园区,120100,大田街6号,广西壮族自治区,钦州市,钦南区,工业园
B0LG34607A,中国(广西)自由贸易试验区钦州港片区,108.669541,21.769427,108.66575878207613,21.7721854790425,商务住宅;产业园区;产业园区,120100,中马产业园区友谊大道88号,广西壮族自治区,钦州市,钦南区,工业园
B0LDZ9UAT8,钦保产业园二仓,108.673775,21.668575,108.66998767717598,21.6712849420296,商务住宅;产业园区;产业园区|公司企业;公司;公司,120100|170200,[],广西壮族自治区,钦州市,钦南区,工业园
B0LDY6JAJD,南孵化基地,109.534425,22.254975,109.53020111860727,22.25793721467328,商务住宅;产业园区;产业园区,120100,[],广西壮族自治区,钦州市,浦北县,工业园
B0LDRDCRXR,广西自贸区,108.638125,21.742375,108.6344126561252,21.74517693754352,商务住宅;产业园区;产业园区,120100,[],广西壮族自治区,钦州市,钦南区,工业园
B0LDOAVRJH,广西钦南区人力资源服务产业园,108.719643,21.824987,108.71575206116933,21.82768806442381,商务住宅;产业园区;产业园区,120100,大番坡镇金窝金窝工业园金窝大街标准厂房钦南临港创新发展中心4楼,广西壮族自治区,钦州市,钦南区,工业园
B0LDMR4L2W,广西浦北县新浦现代渔业科技产业园,109.488952,21.888694,109.4846187335473,21.891369425859907,商务住宅;产业园区;产业园区,120100,解放东路1号,广西壮族自治区,钦州市,浦北县,工业园
B0LDLZNPOB,龙武荔香文创园,109.20829,22.383401,109.20405347205995,22.38626465282932,商务住宅;产业园区;产业园区,120100,312县道,广西壮族自治区,钦州市,灵山县,工业园
B0LDLNLGXI,六峰文创园,109.288739,22.41649,109.28446325496648,22.41936132428738,商务住宅;产业园区;产业园区,120100,六峰路与环秀路交叉口西80米,广西壮族自治区,钦州市,灵山县,工业园
B0LD9NXVW0,十里土业园集中区,109.247375,22.381125,109.24315116016578,22.38401912938033,商务住宅;产业园区;产业园区,120100,十里四路与江南路辅路交叉口北420米,广西壮族自治区,钦州市,灵山县,工业园
B0LD46HMIY,灵山县农创园18栋,108.951725,22.293175,108.94781672040953,22.296184349586557,商务住宅;产业园区;产业园区,120100,304县道与规划路交叉口西北60米,广西壮族自治区,钦州市,灵山县,工业园
B0LD39O8WV,乐民工业园区,109.564303,22.592635,109.5601200680686,22.5956893374147,商务住宅;产业园区;产业园区,120100,324国道北侧,广西壮族自治区,钦州市,浦北县,工业园
B0LBLLQSWF,机电小镇,108.889475,22.284225,108.88565691879579,22.2872834047854,商务住宅;产业园区;产业园区|商务住宅;住宅区;住宅小区,120100|120302,[],广西壮族自治区,钦州市,灵山县,工业园
B0LBLCJT7W,钦南区盛鹏产业园,108.586475,21.962475,108.58279654903353,21.965407333344825,商务住宅;产业园区;产业园区,120100,西环北路辅路与民族路交叉口西南180米,广西壮族自治区,钦州市,钦南区,工业园
B0LAMD32V7,石化产业园末站,108.597667,21.753712,108.59399913200924,21.756550783455154,商务住宅;产业园区;产业园区,120100,龙泾大道与益民街交叉口南200米,广西壮族自治区,钦州市,钦南区,工业园
B0LAGUQMCZ,众联电商创业园,109.53507,22.253422,109.53084780134053,22.256385382362588,商务住宅;产业园区;产业园区,120100,[],广西壮族自治区,钦州市,浦北县,工业园
B0LADC66XG,宝星科技产业园,108.701825,21.935875,108.69796094337052,21.93865225892425,商务住宅;产业园区;产业园区,120100,[],广西壮族自治区,钦州市,钦南区,工业园
B0L69985NG,瑞基·电商城,109.233269,22.164276,109.22905864624055,22.1671053245514,商务住宅;产业园区;产业园区,120100,209国道与长安路交叉口北40米,广西壮族自治区,钦州市,灵山县,工业园
B0L3HOD4LY,川桂国际产能合作产业园1期,108.664775,21.757575,108.66100460878071,21.76033744627491,商务住宅;产业园区;产业园区,120100,中马南四街与友谊大道交叉口西北140米,广西壮族自治区,钦州市,钦南区,工业园
B0L3H583UO,康熙岭镇乡村振兴产业园,108.564387,21.956104,108.56068977782371,21.959011201987984,商务住宅;产业园区;产业园区,120100,南环路辅路与西环路交叉口北280米,广西壮族自治区,钦州市,钦南区,工业园
B0L3AZPWOH,川桂国际产能合作产业园A5栋,108.664775,21.757575,108.66100460878071,21.76033744627491,商务住宅;产业园区;产业园区,120100,中马南四街与友谊大道交叉口西北140米,广西壮族自治区,钦州市,钦南区,工业园
B0L3ASTAI0,华山农场公司龙眼示范园区,109.258675,22.173725,109.25445503354432,22.176561581128777,公司企业;公司企业;公司企业|商务住宅;产业园区;产业园区,170000|120100,[],广西壮族自治区,钦州市,灵山县,工业园
B0L3AOY5KH,张黄家居产业园,109.458177,21.969166,109.4537595395048,21.971796514325522,商务住宅;产业园区;产业园区,120100,[],广西壮族自治区,钦州市,浦北县,工业园
B0L39RSY1B,钦州综合保税区棉纺产业园,108.670437,21.676479,108.66665721376884,21.67919823007332,商务住宅;产业园区;产业园区,120100,[],广西壮族自治区,钦州市,钦南区,工业园
B0L32H3CDM,广西岁越陈香农业发展有限公司,109.47755,22.182236,109.47316869352885,22.185009286598127,公司企业;公司;公司,170200,龙门镇陈皮产业园创业孵化园二期第1栋标准厂房,广西壮族自治区,钦州市,浦北县,工业园
B0L29XSYA0,河东工业园区黎合江工业园,108.701975,21.944775,108.69811019131356,21.94755627487427,商务住宅;产业园区;产业园区,120100,234县道东南30米,广西壮族自治区,钦州市,钦南区,工业园
B0L1YPDY3B,十里工业园区大潮江片区A地块,109.241225,22.377475,109.23700314493169,22.380367286409427,商务住宅;产业园区;产业园区,120100,[],广西壮族自治区,钦州市,灵山县,工业园
B0L1UY2CCR,钦州港自贸新城B区,108.66426,21.734703,108.66049193550046,21.737456833260293,商务住宅;产业园区;产业园区,120100,大榄坪大街与友谊大道交叉口东北500米,广西壮族自治区,钦州市,钦南区,工业园
B0L1OROJNQ,广西康明冉记豆腐,108.674077,21.909119,108.67027712308142,21.911933023494203,餐饮服务;中餐厅;中餐厅,050100,进港公路西南、南环路北面临港物流园集中区西部粮油项目质检办公楼101室,广西壮族自治区,钦州市,钦南区,工业园
B0L1C9667Z,北部湾林木产业园,108.440326,22.137433,108.43629856658764,22.140109779919253,商务住宅;产业园区;产业园区,120100,[],广西壮族自治区,钦州市,钦北区,工业园
B0L0YU6T60,水东五里桥美食创业园,108.652925,21.954725,108.6491720049857,21.957600277880676,商务住宅;产业园区;产业园区,120100,富民路与坭兴街交叉口南140米,广西壮族自治区,钦州市,钦南区,工业园
B0L0O9JNVB,皇马工业园4区,108.636383,22.082625,108.6326572397406,22.08558608501715,商务住宅;产业园区;产业园区,120100,长安路与纱帽大道交叉口南20米,广西壮族自治区,钦州市,钦北区,工业园
B0L0CCZL7N,自由贸易试验区,108.657225,21.734575,108.65347317288052,21.737341852534396,商务住宅;产业园区;产业园区,120100,大榄坪大街辅路与191乡道交叉口东南260米,广西壮族自治区,钦州市,钦南区,工业园
B0KK219GVH,钦州智汇谷科技园,108.629291,21.935232,108.62558451636787,21.938133982042,商务住宅;产业园区;产业园区,120100,安州大道与支一路交叉口西南80米,广西壮族自治区,钦州市,钦南区,工业园
B0KARA9J7F,钦州明达物料回收加工有限公司 铁粉 煤灰,108.628185,22.092921,108.62447253352833,22.095897264895243,公司企业;公司;公司,170200,皇马四区纱帽大道,广西壮族自治区,钦州市,钦北区,工业园
B0KACHSZN6,金窝工业园,108.718337,21.821657,108.71444828942364,21.8243579970086,商务住宅;产业园区;产业园区,120100,242国道,广西壮族自治区,钦州市,钦南区,工业园
B0K1RCUZER,众石物流园,108.677352,21.671851,108.67355603146994,21.67455533904515,生活服务;物流速递;物流仓储场地,070501,钦州保税港区双胞胎生物科技有限公司东侧230米,广西壮族自治区,钦州市,钦南区,工业园
B0JBSSNCR8,中交二航局,108.947475,22.458025,108.94357004799704,22.461068805726043,商务住宅;产业园区;产业园区,120100,304县道,广西壮族自治区,钦州市,灵山县,工业园
B0KD6SFZHM,中交四航局平陆运河青年枢纽工人产业园(建设中),108.670174,22.009449,108.6663784417276,22.012318143812752,商务住宅;产业园区;产业园区,120100,[],广西壮族自治区,钦州市,钦南区,工业园
B0KBPZSEG5,马来西亚创新企业产业园(建设中),108.696912,21.794826,108.69306529112657,21.797545394730477,商务住宅;产业园区;产业园区,120100,马莱大道与S43六钦高速入口交叉口东北440米,广西壮族自治区,钦州市,钦南区,工业园
B0K6OSW69E,和邦盛世家居工业产业园(建设中),109.222155,22.341886,109.21793131174049,22.344759197528866,商务住宅;产业园区;产业园区,120100,312省道与051乡道交叉口西360米,广西壮族自治区,钦州市,灵山县,工业园
B0JB31GL9E,大众创业基地,109.281743,22.403284,109.27748069088766,22.406162500075165,商务住宅;产业园区;产业园区,120100,江南路与地税局侧路交叉口北140米,广西壮族自治区,钦州市,灵山县,工业园
B0J6SU3LFY,富源科技园,108.680702,21.904448,108.67688665085608,21.90724724056987,商务住宅;产业园区;产业园区,120100,高新科技产业园南环路北面,广西壮族自治区,钦州市,钦南区,工业园
B0J2YAK00T,广西中马生物医药产业园,108.678081,21.76059,108.6742789451129,21.763328413013497,商务住宅;产业园区;产业园区,120100,中马南一街与锦绣大道交叉口东南160米,广西壮族自治区,钦州市,钦南区,工业园
B0J10RCLZ4,台湾中小企业园区,108.690283,21.786488,108.68645133106723,21.789215146330125,商务住宅;产业园区;产业园区,120100,中马钦州产业园区锦绣大道东面云顶大街北面,广西壮族自治区,钦州市,钦南区,工业园
B0J0SAF1LD,陈皮产业园(创业孵化标准厂房二期),109.478352,22.183344,109.47397281940788,22.18611995478271,公司企业;公司企业;公司企业,170000,朝阳街,广西壮族自治区,钦州市,浦北县,工业园
B0IUZD492U,骏升科技产业园,108.666839,21.957916,108.66305389510993,21.96076711811197,商务住宅;产业园区;产业园区,120100,望州北路与马头庄街交叉口南100米,广西壮族自治区,钦州市,钦南区,工业园
B0IKYCCY9G,广西钦州中马产业园微生物产业园,108.689482,21.784775,108.68565222862928,21.78750282041075,商务住宅;产业园区;产业园区,120100,金窝服务区与S43宾钦高速交叉口北280米,广西壮族自治区,钦州市,钦南区,工业园
B0IKFSZJ11,钦州跨境贸易电子商务产业园,108.65595,21.689537,108.65220324705008,21.69228827308361,商务住宅;产业园区;产业园区,120100,[],广西壮族自治区,钦州市,钦南区,工业园
B0IB2RZ5TU,川桂国际产能合作产业园,108.664059,21.758084,108.66029026123924,21.760848013959002,商务住宅;产业园区;产业园区,120100,中马南四街与友谊大道交叉口西北约220米,广西壮族自治区,钦州市,钦南区,工业园
B0I17SQ1JR,中国(广西)自由贸易试验区钦州港片区大健康产业孵化器,108.679261,21.764207,108.67545597724452,21.766944731636357,商务住宅;产业园区;产业园区,120100,中马大街2号,广西壮族自治区,钦州市,钦南区,工业园
B0I0571G3L,浦北陈皮产业园(建设中),109.480942,22.188179,109.47656970184626,22.19096409673211,商务住宅;产业园区;产业园区,120100,[],广西壮族自治区,钦州市,浦北县,工业园
B0HGXCZ0Q6,浦北智大产业园,109.536542,22.248111,109.53232369208058,22.25107645620122,商务住宅;产业园区;产业园区,120100,浦北县工业园横四路,广西壮族自治区,钦州市,浦北县,工业园
B0HGU7EW0U,中马金谷燕生产基地,108.683932,21.772919,108.68011558509468,21.775651752902544,公司企业;公司;公司,170200,中马大街1号,广西壮族自治区,钦州市,钦南区,工业园
B0HDDA8XFM,融世通上钦大健康综合产业基地,108.250446,22.128468,108.24656730384173,22.13129516656404,商务住宅;产业园区;产业园区,120100,贵台镇洞利(旧二级公路收费站),广西壮族自治区,钦州市,钦北区,工业园
B0GRJSNMPK,中国龟谷(钦州)产业园,108.718319,22.002531,108.71442125116761,22.005317412003293,公司企业;公司企业;公司企业,170000,久隆镇平新村委钦灵公路西侧,广西壮族自治区,钦州市,钦南区,工业园
B0GKYAHLM6,西牛皮防水(钦州)科技园,108.731841,21.835767,108.72793305814984,21.8384621374656,商务住宅;产业园区;产业园区,120100,金窝工业园,广西壮族自治区,钦州市,钦南区,工业园
B0G3JA3I2A,灵山县三科创业孵化基地,109.265744,22.411303,109.26150419408128,22.41419640439525,商务住宅;产业园区;产业园区,120100,灵城镇三科创业孵化基地A区二楼B4-112室,广西壮族自治区,钦州市,灵山县,工业园
B0G1JA7JHT,广西竣景科技孵化园,108.634906,22.036701,108.63118513890585,22.039643522416565,商务住宅;产业园区;产业园区,120100,皇马工业园一区,广西壮族自治区,钦州市,钦北区,工业园
B0FFMH0B7Y,电子信息产业基地,108.674521,21.765004,108.67072717269654,21.767751071179486,商务住宅;产业园区;产业园区,120100,锦绣大道与中马大街交叉口西240米,广西壮族自治区,钦州市,钦南区,工业园
B0FFMG1E10,那丽产业园,108.768132,21.887288,108.76420592657404,21.890006995500173,商务住宅;产业园区;产业园区,120100,林港大道与325国道交叉口东20米,广西壮族自治区,钦州市,钦南区,工业园
B0FFMAJ6AJ,寨圩健展产业园,109.646112,22.57615,109.64189516160987,22.579186753700625,商务住宅;产业园区;产业园区,120100,324国道与G7212柳北高速入口交叉口北440米,广西壮族自治区,钦州市,浦北县,工业园
B0FFLPHGYI,广西满帮物流公路港,108.670408,21.895112,108.66661753899672,21.8979263591083,商务住宅;产业园区;产业园区,120100,沙埠镇钦州航盛二手车交易有限公司对面,广西壮族自治区,钦州市,钦南区,工业园
B0FFLDDOCH,浦北县创业孵化基地,109.549287,22.269666,109.54509586886269,22.272666926070663,商务住宅;产业园区;产业园区,120100,小江镇工贸小区隔壁,广西壮族自治区,钦州市,浦北县,工业园
B0FFLCOZM9,钦州汇骏产业园,108.440294,22.136214,108.43626657223437,22.13889023283139,商务住宅;产业园区;产业园区,120100,那前小学西南侧240米,广西壮族自治区,钦州市,钦北区,工业园
B0FFLAWFNJ,广西浦北县农民工创业园,109.533792,22.234725,109.52956762706528,22.23767934054138,商务住宅;产业园区;产业园区,120100,[],广西壮族自治区,钦州市,浦北县,工业园
B0FFL9NV2N,广西自由贸易试验区钦州港片区,108.649742,21.689201,108.64600890100388,21.691963100582104,商务住宅;产业园区;产业园区,120100,八大街,广西壮族自治区,钦州市,钦南区,工业园
B0FFL1IF9J,钦北经济技术开发区,108.634037,22.036534,108.63031767171555,22.039477635430725,商务住宅;产业园区;产业园区,120100,325国道东侧,广西壮族自治区,钦州市,钦北区,工业园
B0FFKWMC80,中盟新能源产业园(建设中),108.691309,21.792205,108.68747473900089,21.79493285772889,商务住宅;产业园区;产业园区,120100,S43六钦高速入口与马莱大道交叉口西280米,广西壮族自治区,钦州市,钦南区,工业园
B0FFKV45G7,钦州华为数字小镇,108.669504,21.956416,108.66571265772819,21.95926133073395,商务住宅;产业园区;产业园区,120100,沙埠镇钦州高新技术产业开发区绿州北路,广西壮族自治区,钦州市,钦南区,工业园
B0FFKEAWGF,陆屋农创园(建设中),108.951517,22.291998,108.94760937216438,22.295007486449748,商务住宅;产业园区;产业园区,120100,教育路127号,广西壮族自治区,钦州市,灵山县,工业园
B0FFKCYZPG,广西灵山电子信息产业园,109.264979,22.386785,109.26074137722387,22.389675730978553,商务住宅;产业园区;产业园区,120100,十里路与江南路辅路交叉口东南240米,广西壮族自治区,钦州市,灵山县,工业园
B0FFK8BA59,陆屋临港产业园,108.890168,22.295386,108.88634936414675,22.298447674713344,商务住宅;产业园区;产业园区,120100,242国道与新光大道交叉口东南40米,广西壮族自治区,钦州市,灵山县,工业园
B0FFK4BSZO,中马燕窝加工贸易基地,108.68347,21.772239,108.6796546957742,21.774972314524632,商务住宅;商务住宅相关;商务住宅相关,120000,中马北二街,广西壮族自治区,钦州市,钦南区,工业园
B0FFJYJX2I,曙光园,108.668282,21.954489,108.66449365080346,21.95733573991068,商务住宅;产业园区;产业园区,120100,望州北路,广西壮族自治区,钦州市,钦南区,工业园
B0FFJCSLZ1,钦州智慧产业园,108.678076,21.766911,108.67427364574714,21.769652135038694,商务住宅;产业园区;产业园区,120100,中马钦州产业园区中马北一街,广西壮族自治区,钦州市,钦南区,工业园
B0FFJ6BDBR,钦州市保税港区海关棉纺厂业园,108.665281,21.677648,108.66151333162838,21.680377469538694,商务住宅;商务住宅相关;商务住宅相关,120000,钦州保税港区恒湘集装箱仓储物流园东南侧100米,广西壮族自治区,钦州市,钦南区,工业园
B0FFJ05LG7,钦州高新技术开发区2期,108.68292,21.902653,108.67909953113079,21.905447238129806,商务住宅;产业园区;产业园区,120100,双创大道与桥坪街交叉口东北500米,广西壮族自治区,钦州市,钦南区,工业园
B0FFIM9OVV,中马国际科技园,108.671262,21.76611,108.66747586148824,21.76886376505141,商务住宅;商务住宅相关;商务住宅相关,120000,中马南一街与友谊大道交叉口东北240米,广西壮族自治区,钦州市,钦南区,工业园
B0FFIIIWNB,钦州汽车工业产业园,108.652118,21.702017,108.64837913696823,21.704779924885095,商务住宅;产业园区;产业园区,120100,汽车工业产业园,广西壮族自治区,钦州市,钦南区,工业园
B0FFI2IDKJ,中国-马来西亚钦州产业园区,108.678282,21.767306,108.67447913880959,21.770046915277266,商务住宅;产业园区;产业园区,120100,沿海公路北侧,广西壮族自治区,钦州市,钦南区,工业园
B0FFH8BFM4,卓能产业园,108.645796,22.043672,108.6420538614073,22.04660117538907,商务住宅;产业园区;产业园区,120100,卓能大道,广西壮族自治区,钦州市,钦北区,工业园
B0FFGACIMJ,台湾农民创业园,108.783696,22.079576,108.77976880308391,22.082399458640808,商务住宅;产业园区;产业园区,120100,钦陆公路,广西壮族自治区,钦州市,钦南区,工业园
B0FFG862J0,坭兴陶文化创业产业园,108.683012,21.925871,108.67919016435152,21.928676141254584,商务住宅;产业园区;产业园区,120100,347省道附近,广西壮族自治区,钦州市,钦南区,工业园
B0FFG2RT4V,武利工业园,109.174624,22.137612,109.17035708314643,22.140347344081377,商务住宅;产业园区;产业园区,120100,326省道附近,广西壮族自治区,钦州市,灵山县,工业园
B0FFG1YC8H,泉水工业园,109.466273,21.891391,109.46187843141752,21.89400427709097,商务住宅;产业园区;产业园区,120100,解放东路1号,广西壮族自治区,钦州市,浦北县,工业园
B0FFG1XYUE,皇马工业园4区,108.628484,22.08793,108.62477131466204,22.090903743802766,商务住宅;产业园区;产业园区,120100,平辽街与纱帽大道交叉口西南280米,广西壮族自治区,钦州市,钦北区,工业园
B0FFG0AI2W,灵山县新圩农民文化科技园,109.291602,22.381058,109.28732255625282,22.383920864138876,公司企业;公司;公司,170200,303县道与新华街交叉口北200米,广西壮族自治区,钦州市,灵山县,工业园
B0FFFWP7LC,明月园,108.668162,21.945699,108.66437436929215,21.94854177273952,商务住宅;产业园区;产业园区,120100,望州北大道90号明月园广西钦州高新技术产业开发区管委会附近,广西壮族自治区,钦州市,钦南区,工业园
B0FFFRX83L,钦州港经济技术开发区,108.606656,21.727396,108.602985397716,21.73022214848859,商务住宅;产业园区;产业园区,120100,3号路回建房1栋107小陈电喷油泵油嘴,广西壮族自治区,钦州市,钦南区,工业园
B0FFF2V1S6,威龙高新科技工业园,109.254458,22.386251,109.25022994528214,22.3891455862295,商务住宅;产业园区;产业园区,120100,兴园路北侧,广西壮族自治区,钦州市,灵山县,工业园
B03090MJNO,广西钦州高新技术产业开发区,108.661349,21.96143,108.65757658303718,21.964293135966013,商务住宅;产业园区;产业园区,120100,子材东大街与蓬莱北大道交叉口东160米,广西壮族自治区,钦州市,钦南区,工业园
B030900PGZ,文昌工业小区,108.62014,21.941542,108.61644615819493,21.94445674438033,商务住宅;住宅区;住宅小区,120302,五马路,广西壮族自治区,钦州市,钦南区,工业园
B030900MLJ,黎合江工业园,108.696526,21.935311,108.69267313591354,21.938096601387553,商务住宅;产业园区;产业园区,120100,河东工业园区,广西壮族自治区,钦州市,钦南区,工业园
B030900M2K,皇马工业区,108.641081,22.04026,108.63734848426824,22.04319512342462,商务住宅;产业园区;产业园区,120100,[],广西壮族自治区,钦州市,钦北区,工业园
B030900LU3,灵山十里工业集中区,109.257182,22.385093,109.25295195718154,22.38798679807458,商务住宅;产业园区;产业园区,120100,十里工业园路与江南路交叉口西北40米,广西壮族自治区,钦州市,灵山县,工业园
B0K3YSBVAH,大寺镇韭菜苔产业基地,108.483173,22.139325,108.47925279004538,22.142104713483263,公司企业;农林牧渔基地;其它农林牧渔基地,170400,299县道,广西壮族自治区,钦州市,钦北区,产业园
B0LD713XZ2,广西钦州临港石化产业园开发投资有限公司,108.602091,21.738165,108.59842238875396,21.74099686872907,公司企业;公司;公司,170200,钦州港经济开发区海景2街钦州港招商大厦,广西壮族自治区,钦州市,钦南区,产业园
B0KU2AYDCN,马来西亚闵和粮油产业基地项目经理部,108.648301,21.702156,108.64457033528899,21.704925558153565,公司企业;公司;公司,170200,八大街1号,广西壮族自治区,钦州市,钦南区,产业园
B0JG979HK2,中铁二十一局集团钦州跨境贸易电子商务产业园(二期)项目经理部,108.653125,21.689025,108.649384559712,21.691781134114894,公司企业;公司;公司,170200,八大街1号,广西壮族自治区,钦州市,钦南区,产业园
B0MDPALBYN,钦州高新区医药电子产业园标准厂房,108.683025,21.905775,108.67920413067668,21.908570529328127,公司企业;公司企业;公司企业,170000,347省道4800号,广西壮族自治区,钦州市,钦南区,产业园
B0HRGM7TIH,广西中马钦州产业园区开发有限公司,108.669543,21.769599,108.66576076889099,21.772357549575243,公司企业;公司;公司,170200,友谊大道88号中马广场5号写字楼19-20层,广西壮族自治区,钦州市,钦南区,产业园
B0JASRDCDP,钦州港中马产业园港兴建材装饰公司,108.665442,21.734331,108.66167118134558,21.73708244693974,公司企业;公司;广告装饰,170201,行政商务中心南部大榄坪三号楼与第三大街交汇处西北角第6号楼及三区商铺1层116号房,广西壮族自治区,钦州市,钦南区,产业园
B0MBGZ34X1,中交城市投资广西中马钦州产业园区有限公司,108.677226,21.799177,108.67342406972713,21.801933912205765,公司企业;公司;公司,170200,钦南区大番坡六村街与滨江西大道交汇处中交蓝色海湾商业体二楼A区,广西壮族自治区,钦州市,钦南区,产业园
B0MBT4AJJR,广西中马钦州产业园区朝晋孚贸易发展有限公司,108.678475,21.766625,108.6746717157816,21.769365256663708,公司企业;公司;公司,170200,中马大街与锦绣大道交叉口东北140米,广西壮族自治区,钦州市,钦南区,产业园
B0KB4ZT0WH,广西中马投控产业服务集团有限公司,108.681825,21.767075,108.67801379965152,21.769809147278366,金融保险服务;金融保险服务机构;金融保险机构,160000,犀牛脚镇中马钦州产业园区中马北一街1号智慧园6号楼208室,广西壮族自治区,钦州市,钦南区,产业园
B0FFHCEMD7,广西中马钦州产业园区投资控股集团有限公司,108.681813,21.76611,108.67800187538185,21.768843754117135,公司企业;公司;公司,170200,中马北一街1号智慧园6号楼,广西壮族自治区,钦州市,钦南区,产业园
B0FFK87KK1,广西中马钦州产业园区孔雀湾混凝土有限公司,108.693427,21.791139,108.68958807450898,21.793862685014748,公司企业;公司;公司,170200,[],广西壮族自治区,钦州市,钦南区,产业园
B0KDLORQID,金窝工业园新型材料产业综合配套设施项目部,108.719225,21.825325,108.71533469824016,21.82802667826833,公司企业;公司;公司,170200,S43六钦高速,广西壮族自治区,钦州市,钦南区,产业园
B0J2HZ7488,广西交投那丽产业园项目部,108.774353,21.894949,108.77042896741885,21.89767646275072,公司企业;公司;公司,170200,325国道,广西壮族自治区,钦州市,钦南区,产业园
B0KG1D7CKD,广西弘望产业园有限公司,108.782328,21.898486,108.77840887072492,21.901223229083136,公司企业;公司;公司,170200,那丽产业园,广西壮族自治区,钦州市,钦南区,产业园
B0LD4SGP8S,广西银海生态水产产业园项目工程指挥部,108.808864,21.637429,108.8049876735954,21.640094943398566,公司企业;公司企业;公司企业,170000,滨海公路,广西壮族自治区,钦州市,钦南区,产业园
B0KKV74QJM,伯劳镇凤凰谷养殖产业基地,109.06288,22.193934,109.05860117753826,22.19662287192119,公司企业;农林牧渔基地;其它农林牧渔基地,170400,[],广西壮族自治区,钦州市,灵山县,产业园
B0IR9COTBZ,广西光达新材料产业园项目,109.168833,22.135501,109.16455764322991,22.138224521854323,公司企业;公司;公司,170200,326省道,广西壮族自治区,钦州市,灵山县,产业园
B0L6XU0E5Q,灵山六和电子信息产业园安置区,109.259925,22.380675,109.25569283217982,22.383567236557333,商务住宅;住宅区;住宅小区,120302,[],广西壮族自治区,钦州市,灵山县,产业园
B0L6DL93I9,桂柑香健康产业有限公司,109.478175,22.183825,109.47379530940283,22.186600631454343,公司企业;公司;公司,170200,陈皮产业园(创业孵化标准厂房二期)北侧50米,广西壮族自治区,钦州市,浦北县,产业园
B0MBNXUXXH,浦北智大产业园物业管理处,109.536675,22.247125,109.5324570677118,22.250090483964378,公司企业;公司;公司,170200,益顺街与科园路交叉口西480米,广西壮族自治区,钦州市,浦北县,产业园
B0L35RFNNV,广西产研北部湾生物产业技术共享中试基地,109.546443,22.253596,109.54224688984668,22.25658620404212,公司企业;公司企业;公司企业,170000,359国道与越州大道交叉口西南140米,广西壮族自治区,钦州市,浦北县,产业园
B0K3ZL7TQJ,广西可兴仓储有限公司,108.561486,21.945221,108.55778506655801,21.94811853173412,公司企业;公司;公司,170200,宏进市场A1区1栋1号广西可兴仓储有限公司,广西壮族自治区,钦州市,钦南区,仓储
B0KBL72RM4,钦州陆彪家具仓储批发,108.562639,21.948936,108.55893961740775,21.951837126298145,购物服务;家居建材市场;家具城,060602,金海湾西大街1222号中国东盟(钦州)农产品大市场B2区7栋14栋,广西壮族自治区,钦州市,钦南区,仓储
B0LDRA47IX,志诚彩钢瓦批发仓库,108.621532,22.250777,108.61782124792684,22.253819519454243,购物服务;家居建材市场;建材五金市场,060603,小董镇那村委第十五组三叉长岭公路边,广西壮族自治区,钦州市,钦北区,仓储
B0MG2KZPVJ,黄仔酒水省钱仓库,108.604925,21.969675,108.60124373581726,21.972612514978863,公司企业;公司;公司,170200,子材西大街与龙井街交叉口西南480米,广西壮族自治区,钦州市,钦南区,仓储
B0L32Z2QJR,钦州天可一次性餐具批发仓库,108.608488,21.97609,108.60480407493098,21.97902920295839,购物服务;购物相关场所;购物相关场所,060000,西环北路辅路,广西壮族自治区,钦州市,钦北区,仓储
B0MGXKWQB3,美团仓库,108.608975,21.976175,108.60529070467314,21.9791140165735,公司企业;公司;公司,170200,北部湾大道与西环北路辅路交叉口西200米,广西壮族自治区,钦州市,钦北区,仓储
B0LKRB4OO7,飞鹤奶粉仓库,108.608675,21.951825,108.60499211573405,21.954752563060556,公司企业;公司;公司,170200,北部湾北大道与西门街交叉口西200米,广西壮族自治区,钦州市,钦南区,仓储
B0M65DIHB3,京东家电号仓库,108.612275,21.972075,108.60858814352316,21.97501027941309,购物服务;购物相关场所;购物相关场所|公司企业;公司;公司,060000|170200,北部湾大道辅路与子材西大街交叉口东北120米,广西壮族自治区,钦州市,钦北区,仓储
B0M61HHC3V,娃哈哈仓库,108.613225,21.971325,108.60953729619214,21.97425932703909,公司企业;公司;公司,170200,子材西大街与珠宝路交叉口西北140米,广西壮族自治区,钦州市,钦北区,仓储
B0MUCR2RI3,广西五矿仓储,108.588425,21.733525,108.58475815214241,21.73635339724495,公司企业;公司;公司,170200,C1路与D3路交叉口东440米,广西壮族自治区,钦州市,钦南区,仓储
B0L3ASTZXF,新一极仓库,108.621725,21.972025,108.6180276579576,21.974952794844278,公司企业;公司;公司,170200,板岭二巷与板岭一巷交叉口东北200米,广西壮族自治区,钦州市,钦北区,仓储
B0L0MS95I2,XFoko仓储店,108.62542,21.968467,108.62171775492399,21.97138930504298,购物服务;购物相关场所;购物相关场所,060000,钦州湾大道39号,广西壮族自治区,钦州市,钦南区,仓储
B0LUNLA2OU,青桔电单车仓库,108.628097,21.970891,108.62439064083951,21.973811419973394,摩托车服务;摩托车服务相关;摩托车服务相关,040000,金穗街与红星路交叉口南140米,广西壮族自治区,钦州市,钦北区,仓储
B0MUTAKMVZ,精典仓库,108.628018,21.969692,108.6243118209914,21.972611942836497,公司企业;公司;公司,170200,子材街道,广西壮族自治区,钦州市,钦北区,仓储
B0LAA7O58E,灵山芝麻饼钦州营运仓库,108.628276,21.964154,108.624569693363,21.967071002955862,公司企业;公司;公司,170200,向阳街与蒌园南二巷交叉口西60米,广西壮族自治区,钦州市,钦南区,仓储
B0MUX483VN,弘华商贸公司仓库,108.632675,21.989925,108.62896029499667,21.99284872313555,公司企业;公司;商业贸易,170207,北环西路与钦州湾大道交叉口东北280米,广西壮族自治区,钦州市,钦北区,仓储
B0LAN1VUQ3,唐唐喜庆仓库,108.633075,21.986375,108.62935978741459,21.989296515961595,生活服务;生活服务场所;生活服务场所|公司企业;公司;公司,070000|170200,丽桥街与北辰路交叉口北180米,广西壮族自治区,钦州市,钦北区,仓储
B0LBOD2QK2,胶多多仓储销售平台钦州配送中心,108.631531,21.967141,108.62781932817106,21.970055406742635,购物服务;购物相关场所;购物相关场所,060000,[],广西壮族自治区,钦州市,钦南区,仓储
B0LKHLQXGM,百威啤酒仓库,108.636675,21.994275,108.63295304300092,21.99719527855848,公司企业;公司;公司,170200,长田路与钦州湾大道辅路交叉口东300米,广西壮族自治区,钦州市,钦北区,仓储
B0MUXRAACD,珠江啤酒仓库,108.637025,21.994925,108.63330237196874,21.99784508311759,公司企业;公司;公司,170200,长田路与政通路交叉口南260米,广西壮族自治区,钦州市,钦北区,仓储
B0K3MCLR30,兴业五交化仓储配送中心,108.636199,21.987881,108.63247821953125,21.99079893766488,购物服务;家居建材市场;建材五金市场|生活服务;生活服务场所;生活服务场所,060603|070000,金桥一巷与新光路交叉口西北140米,广西壮族自治区,钦州市,钦北区,仓储
B0LKN7QLID,统一仓库,108.635125,21.977875,108.63140663217106,21.98078970473047,公司企业;公司;公司,170200,环宇街与新光路交叉口西北80米,广西壮族自治区,钦州市,钦北区,仓储
B0MGNDQ0W9,钦州移动综合物资仓库,108.637913,21.983852,108.63418927651085,21.986765565384644,公司企业;公司;公司,170200,丽桥街23号,广西壮族自治区,钦州市,钦北区,仓储
B0MA7L34K7,美的空调仓库,108.634575,21.927775,108.63086005167273,21.930666575328882,公司企业;公司;公司,170200,滨湖路与中央景观大道交叉口东南360米,广西壮族自治区,钦州市,钦南区,仓储
B0MURRF8PM,中渡口仓库,108.638925,21.943475,108.63520135893606,21.946367853628786,公司企业;公司;公司,170200,商城西北街与商城三路交叉口北340米,广西壮族自治区,钦州市,钦南区,仓储
B0MG7UHU49,鸿安板材仓储批发,108.638999,21.943291,108.63527522834073,21.946183655639157,购物服务;家居建材市场;建材五金市场,060603,扬州街16号,广西壮族自治区,钦州市,钦南区,仓储
B0LUD97LA0,宜居卫浴-东姿卫浴仓库,108.639875,21.943625,108.63614954790971,21.946516501479785,公司企业;公司;公司,170200,商城西北街与商城大道交叉口北360米,广西壮族自治区,钦州市,钦南区,仓储
B0L1BYYKBX,横岭仓库,108.640596,21.943577,108.6368691648269,21.94646738326263,公司企业;公司;公司,170200,商城西北街与商城大道交叉口北360米,广西壮族自治区,钦州市,钦南区,仓储
B0LKUCYLUH,钦南区明扬板材批发仓库,108.640625,21.943275,108.63689812358798,21.946165194698917,公司企业;公司;公司,170200,麦德莱安置小区东北侧100米,广西壮族自治区,钦州市,钦南区,仓储
B0M6BMG0QQ,果发发仓储式零售批发,108.649996,21.978516,108.64624821400895,21.981407708180093,购物服务;专卖店;专营店,061200,扬帆北大道48号中地滨江壹号二区,广西壮族自治区,钦州市,钦北区,仓储
B0MB4CZN3J,欧美陶瓷仓库,108.646825,21.930175,108.64308630143763,21.933049029284387,公司企业;公司;公司,170200,扬帆南大道与平山大街交叉口东北360米,广西壮族自治区,钦州市,钦南区,仓储
B0LKRK4KFE,家兴苑仓储市场,108.661375,21.990725,108.657601077567,21.993601988813822,购物服务;综合市场;综合市场,060700,家兴苑四区东面道路与325国道交叉口南460米,广西壮族自治区,钦州市,钦北区,仓储
B0LGRHBP2Q,钦盛源食品配送有限公司仓库,108.654854,21.936961,108.65109759634171,21.939824359680152,公司企业;公司;公司,170200,汽车南站东出口(兴桂南路),广西壮族自治区,钦州市,钦南区,仓储
B0LUB5IFZK,钦州东岩仓库,108.653425,21.923675,108.64967242646468,21.926534563036082,购物服务;家居建材市场;建材五金市场,060603,沙埠镇沙寮村委灰垌,广西壮族自治区,钦州市,钦南区,仓储
B0MAD1K3OM,冠森建材批发仓库,108.656725,21.943475,108.65296406776181,21.94633809125156,购物服务;家居建材市场;建材五金市场|公司企业;公司;公司,060603|170200,东南街与蓬莱南大道交叉口西320米,广西壮族自治区,钦州市,钦南区,仓储
B0LG1L2EJI,广西祥磊机电设备贸易有限公司(仓储中心),108.655128,21.923989,108.65137162082578,21.92684567037604,公司企业;公司;公司,170200,闵钦建材1仓往北方向50米,广西壮族自治区,钦州市,钦南区,仓储
B0MD3OHD8D,海钦堆场-炳耀仓库,108.641875,21.690625,108.63815799899982,21.693400550885464,公司企业;公司企业;公司企业,170000,广西宏瑞物流有限公司西侧270米,广西壮族自治区,钦州市,钦南区,仓储
B0L62AEG6V,中国建筑第四工程局有限公司钦州港仓储项目部,108.644314,21.703893,108.6405914961811,21.706669824159384,公司企业;公司;公司,170200,钦州港保税区金鸡大街(七大街)龙盛物流北侧50米,广西壮族自治区,钦州市,钦南区,仓储
B0LD9546DB,钦州港新陶庄大型瓷砖批发仓库,108.659627,21.731959,108.6558698197721,21.734720363851704,公司企业;公司;公司,170200,中马南四街9号,广西壮族自治区,钦州市,钦南区,仓储
B0K2NSTKLP,宇鸿建材仓储批发(黎合江总店),108.691076,21.940934,108.68723487849637,21.943731680612203,购物服务;家居建材市场;建材五金市场,060603,钦灵公路北侧与黎合江加油站东侧,广西壮族自治区,钦州市,钦南区,仓储
B0LACRJKAT,荣泰仓库,108.663375,21.708275,108.6596102966609,21.711019830409963,公司企业;公司;公司,170200,废旧回收西侧50米,广西壮族自治区,钦州市,钦南区,仓储
B0MDS6C42T,中铁三局仓库,108.698475,21.932425,108.6946181076156,21.935205990018655,公司企业;公司;公司,170200,迅虹投资有限公司东侧,广西壮族自治区,钦州市,钦南区,仓储
B0KDP78SYK,广西钦州港综合保税区诚峰仓储项目,108.664925,21.668225,108.66115862713062,21.670951660696854,公司企业;公司;公司,170200,八大街1号,广西壮族自治区,钦州市,钦南区,仓储
B0K11ZEWP3,广西穗兴牧业有限公司仓储,108.703325,21.944125,108.69945747946204,21.946903868935504,公司企业;公司;公司,170200,南珠东大街559号,广西壮族自治区,钦州市,钦南区,仓储
B0MAFZSA8J,东莞甲辰仓储物流有限公司钦州仓,108.670722,21.665042,108.6669420975085,21.667756479142827,生活服务;物流速递;物流速递,070500,八大街,广西壮族自治区,钦州市,钦南区,仓储
B0JUJGFI34,张大农资仓库,108.727917,22.057587,108.72400262533343,22.060389380583246,购物服务;购物相关场所;购物相关场所,060000,292县道与东路街交叉口北20米,广西壮族自治区,钦州市,钦南区,仓储
B0MGBLUCB2,北部湾甲辰(广西)仓储物流有限公司,108.697871,21.796262,108.69402216696506,21.79898044130717,生活服务;物流速递;物流速递,070500,S43六钦高速,广西壮族自治区,钦州市,钦南区,仓储
B0LUMS8NL3,广西金桂副原料仓库,108.695283,21.724691,108.69144329020907,21.727383234497978,公司企业;公司;公司,170200,[],广西壮族自治区,钦州市,钦南区,仓储
B0LA7SOAP6,世艺家具仓储店,108.95157,22.296724,108.9476619803073,22.299734584479545,购物服务;家居建材市场;家具城,060602,[],广西壮族自治区,钦州市,灵山县,仓储
B0L0FNVBO8,陆屋中桥铭锋农机店仓库,108.950785,22.26897,108.94688061571759,22.27197477009264,汽车服务;汽车服务相关;汽车服务相关,010000,三街与凤凰路交叉口西南500米,广西壮族自治区,钦州市,灵山县,仓储
B0M6JCFH35,三街瓷砖仓库,108.952325,22.269625,108.9484162063798,22.272626697417103,公司企业;公司;公司,170200,三街与凤凰路交叉口西南340米,广西壮族自治区,钦州市,灵山县,仓储
B0JRRSSEWT,翠红仓库,108.901837,21.863892,108.89803677556932,21.866778274053136,公司企业;公司;公司,170200,振华四路与东站路交叉口西160米,广西壮族自治区,钦州市,钦南区,仓储
B0MU763ZH5,泰达仓储百货,108.904679,21.868573,108.90087681306987,21.87146130054098,购物服务;超级市场;超市,060400,那丽镇新兴街27号,广西壮族自治区,钦州市,钦南区,仓储
B0KGZZ00MX,广西壮族自治区钦州市钦南区那彭镇七哥铁品加工仓储,108.942255,21.978974,108.9383877952523,21.981878727226526,公司企业;公司;公司,170200,东泰幼儿园向水井田方向100米再右转100米即到,广西壮族自治区,钦州市,钦南区,仓储
B0MUCM0E0F,顺锋家私仓库,109.122225,22.324625,109.11788785510714,22.32733652925612,公司企业;公司;公司,170200,宝马街与灵马一街交叉口东380米,广西壮族自治区,钦州市,灵山县,仓储
B0MUSCCL53,新兴批发商行第二仓库,109.194675,22.330825,109.19042585695269,22.33365793067464,购物服务;专卖店;专营店,061200,312省道与310省道交叉口西140米,广西壮族自治区,钦州市,灵山县,仓储
B0JR9MD187,国盛陶瓷批发仓,109.249133,22.379211,109.24490847332127,22.38210494348721,购物服务;家居建材市场;建材五金市场,060603,宇峰保健食品有限公司西南侧400米,广西壮族自治区,钦州市,灵山县,仓储
B0KG0MKMO6,灵山县杰泰装饰材料批发仓库,109.25823,22.441565,109.25399604845991,22.44446461148775,购物服务;家居建材市场;建材五金市场,060603,三海街道那银村委罗练村一队42号,广西壮族自治区,钦州市,灵山县,仓储
B0LRLNLL9A,1号仓库,109.259691,22.385902,109.25545876411002,22.388795096249968,购物服务;服装鞋帽皮具店;服装鞋帽皮具店,061100,江南路与十里工业园路交叉口东北260米,广西壮族自治区,钦州市,灵山县,仓储
B0KUP581VL,广西灵源电力集团有限公司仓库,109.261276,22.383837,109.25704238930189,22.386729157171352,公司企业;公司;公司,170200,灵山县职业技术学校路口直入200米,广西壮族自治区,钦州市,灵山县,仓储
B0KUCOUJ39,智灿仓储一站式批发中心,109.274076,22.380553,109.26982704366415,22.38343617193992,购物服务;购物相关场所;购物相关场所,060000,天隆·荔城明珠东南侧170米,广西壮族自治区,钦州市,灵山县,仓储
B0MDNOFOZS,钦州灵山圣得堡仓储有限公司厂区,109.281975,22.398375,109.27771255881571,22.40125262267231,公司企业;公司;公司,170200,荔香大道与新洲路交叉口西280米,广西壮族自治区,钦州市,灵山县,仓储
B0LGMM88JC,昇哥旧货行仓库,109.288239,22.40283,109.28396495278415,22.405700441559226,公司企业;公司企业;公司企业,170000,三海街道三多社区由路一队9号,广西壮族自治区,钦州市,灵山县,仓储
B0KU6RWQCR,桂果鲜城市水果仓储中心,109.292075,22.420575,109.28779246415473,22.42344212573567,购物服务;综合市场;果品市场,060704,钟秀路14号,广西壮族自治区,钦州市,灵山县,仓储
B0LKVS4GU4,仿石漆仓储中心,109.291163,22.406546,109.28688305115544,22.40941289734249,公司企业;公司;公司,170200,灵城镇新光路157号,广西壮族自治区,钦州市,灵山县,仓储
B0MUPOGQDH,二姐日杂仓库,109.301425,22.422125,109.29712246946183,22.424977907962596,公司企业;公司;公司,170200,解放路与东风路交叉口南60米,广西壮族自治区,钦州市,灵山县,仓储
B0LU4DWU8P,百宏百货仓库,109.307946,22.418383,109.3036287017598,22.421224465041405,购物服务;购物相关场所;购物相关场所,060000,司马路144号,广西壮族自治区,钦州市,灵山县,仓储
B0MDTCCBJM,十里多爱仓库,109.309125,22.422975,109.30480466776629,22.42581484275472,公司企业;公司;公司,170200,仙龙路与梓崇路交叉口东40米,广西壮族自治区,钦州市,灵山县,仓储
B0L3AZQCLL,景悦家具仓储批发,109.334875,22.430025,109.33049068394082,22.432817254018023,购物服务;家居建材市场;家具城,060602,中国石化广西钦州灵山灵玉第二加油站东北侧130米,广西壮族自治区,钦州市,灵山县,仓储
B0MUYDPZNO,好又多农资仓储中心,109.296521,22.08134,109.29224756424955,22.084101634212683,公司企业;公司;公司,170200,解放一路32号,广西壮族自治区,钦州市,浦北县,仓储
B0KDPOBL77,鸿发陶瓷批发仓,109.518511,22.237512,109.51424544935834,22.24042548535842,购物服务;家居建材市场;建材五金市场,060603,下垌小学东北侧130米,广西壮族自治区,钦州市,浦北县,仓储
B0MUHCP6E8,京东家电仓库,109.534025,22.252125,109.52980027435474,22.25508534085895,购物服务;购物相关场所;购物相关场所|公司企业;公司;公司,060000|170200,八桂天香东南侧170米,广西壮族自治区,钦州市,浦北县,仓储
B0MAPCWYA0,立白仓库,109.533075,22.231675,109.52884898762419,22.234626521273874,公司企业;公司;公司,170200,359国道与207省道交叉口东北460米,广西壮族自治区,钦州市,浦北县,仓储
B0M63U9J64,多多买菜仓库,109.538225,22.247175,109.53401078629763,22.25014430591713,公司企业;公司;公司,170200,益顺街与科园路交叉口西320米,广西壮族自治区,钦州市,浦北县,仓储
B0LDTC7BBN,盛贸商行仓库,109.54658,22.267281,109.54238344411091,22.2702755095378,公司企业;公司;公司,170200,小江镇田山新村就业安置地143-144号,广西壮族自治区,钦州市,浦北县,仓储
B0K2YUPQIO,盛贸商行仓库,109.547167,22.266293,109.5429717238079,22.269288492923984,购物服务;便民商店/便利店;便民商店/便利店,060200,金浦市场烧烤城18号铺位,广西壮族自治区,钦州市,浦北县,仓储
B0LR1RUVH7,王老吉仓库,109.545425,22.246875,109.5412270888581,22.24986093490729,公司企业;公司;公司,170200,359国道与越新路交叉口东南100米,广西壮族自治区,钦州市,浦北县,仓储
B0MAR74T8P,双汇仓库,109.545425,22.246875,109.5412270888581,22.24986093490729,公司企业;公司;公司,170200,359国道与越新路交叉口东南100米,广西壮族自治区,钦州市,浦北县,仓储
B0M63U99LU,鲁花仓库,109.551325,22.273075,109.54713768675224,22.27608103266038,公司企业;公司;公司,170200,民兴路与103乡道交叉口西北100米,广西壮族自治区,钦州市,浦北县,仓储
B0MBFS3EAD,铁棍山药仓库,109.552615,22.268802,109.54843036572926,22.27180937643502,公司企业;公司;公司,170200,民兴路与新坪路交叉口南100米,广西壮族自治区,钦州市,浦北县,仓储
B0M6P7MH9N,横岭开发区富南陶瓷仓库,109.779425,22.554575,109.7750639526343,22.557487660290818,公司企业;公司;公司,170200,横岭加油站(六万山林业派出所东)西侧270米,广西壮族自治区,钦州市,浦北县,仓储
B0JR5KMCB6,立邦仓储批发中心,108.659343,21.943669,108.65557608840858,21.94652738514182,购物服务;购物相关场所;购物相关场所,060000,蓬莱南大道与东南街交叉口西南80米,广西壮族自治区,钦州市,钦南区,仓储
B0JKYZVHH1,钦州市祥昊番石榴种植基地仓库分拣中心,108.79949,22.198542,108.79557310123994,22.201435185474164,公司企业;公司;公司,170200,[],广西壮族自治区,钦州市,钦北区,仓储
B0JKYHE3Y5,金牌基础仓库,108.646986,21.741948,108.64325615864507,21.74473584109966,公司企业;公司;公司,170200,雄俊驾校,广西壮族自治区,钦州市,钦南区,仓储
B0JKTU984Z,7号仓库(浦北店),109.539153,22.263904,109.53494008068574,22.26688053792741,购物服务;服装鞋帽皮具店;服装鞋帽皮具店,061100,奥园广场A地块118-119铺7号仓库,广西壮族自治区,钦州市,浦北县,仓储
B0JGNMVE9J,倍爱奶粉总仓库,109.300149,22.40363,109.295850309639,22.406482963416426,购物服务;专卖店;专营店,061200,新光路南一巷69号,广西壮族自治区,钦州市,灵山县,仓储
B0JDO5G5X7,蓄电池仓储中心,108.631818,21.965294,108.62810594099344,21.968207157865162,购物服务;购物相关场所;购物相关场所,060000,向阳中五巷22号,广西壮族自治区,钦州市,钦南区,仓储
B0JBTX9IWY,仓储超市,109.55194,22.269994,109.54775402792373,22.273000389014296,购物服务;超级市场;超市,060400,民兴路与新坪路交叉口西北40米,广西壮族自治区,钦州市,浦北县,仓储
B0JBRRTEC3,金万丰仓库(钦南区建材加工市场),108.652573,21.923627,108.64882230705335,21.92648804680025,公司企业;公司;公司,170200,佳美装饰硬包软包厂西侧100米,广西壮族自治区,钦州市,钦南区,仓储
B0JBP99ECV,广丰五金仓储,108.627669,21.970328,108.62396332454334,21.973248653609527,购物服务;家居建材市场;建材五金市场,060603,八角巷与钦州湾大道交叉口东160米,广西壮族自治区,钦州市,钦北区,仓储
B0JAOYNJWJ,欧美居陶瓷批发仓,109.253667,22.382187,109.24943970361416,22.385081119049275,购物服务;家居建材市场;建材五金市场,060603,江南路209国道桂灵汽修厂内,广西壮族自治区,钦州市,灵山县,仓储
B0JACARBSC,三鸿瓷砖大型仓储批发中心,108.907966,22.288374,108.90414032922838,22.29143598741025,购物服务;家居建材市场;建材五金市场,060603,灵山新光厚源酒店北侧,广西壮族自治区,钦州市,灵山县,仓储
B0J6SOBV9C,让利生活仓储店(寨圩店),109.631379,22.567116,109.62718807268519,22.570175427068094,购物服务;购物相关场所;购物相关场所,060000,沿江路37号,广西壮族自治区,钦州市,浦北县,仓储
B0J3O5PWU9,柏林家具仓储批发,108.640644,21.943713,108.63691706543857,21.946603374859556,购物服务;家居建材市场;家具城,060602,五里桥南路,广西壮族自治区,钦州市,钦南区,仓储
B0J1MZTIAW,广西中马万润仓储物流服务中心,108.667687,21.754225,108.66390991611127,21.756980502445668,生活服务;生活服务场所;生活服务场所,070000,友谊大道,广西壮族自治区,钦州市,钦南区,仓储
B0J1DZ0BDY,浦北安利达贸易有限公司仓储基地,109.443737,22.01501,109.43928961525594,22.01763210997511,公司企业;公司企业;公司企业,170000,张黄镇阳春村委鸭麻窝,广西壮族自治区,钦州市,浦北县,仓储
B0J1AR53TO,欧际卫浴灯饰厨电五金仓储批发,108.666243,21.990438,108.66245769485673,21.993305689710215,购物服务;家居建材市场;家居建材市场,060600,南北建材批发市场C17-C19,广西壮族自治区,钦州市,钦南区,仓储
B0J16R2GUN,胶多多仓储销售平台,109.540879,22.267117,109.53666991582456,22.2700985690139,购物服务;购物相关场所;购物相关场所,060000,学府一号一期2栋05号胶多多,广西壮族自治区,钦州市,浦北县,仓储
B0J0HDQ1LY,坚宝金环宇电缆钦北防销售仓储服务中心,108.600876,21.941856,108.5971980385282,21.944781143349367,购物服务;家居建材市场;建材五金市场,060603,金海湾西大街辅路与乘风大道交叉口东南240米,广西壮族自治区,钦州市,钦南区,仓储
B0J077EPVT,华登门业仓库,109.312672,22.424232,109.30834310681976,22.427065599143383,公司企业;公司;公司,170200,江南路与仙龙路交叉口东北400米,广西壮族自治区,钦州市,灵山县,仓储
B0IU4CFS5N,广佳福陶瓷批发仓库,108.654888,21.922942,108.6511322091972,21.92579860154826,公司企业;公司;公司,170200,桃园路2号,广西壮族自治区,钦州市,钦南区,仓储
B0IRTXJ4KI,巨龙储运仓库,108.604613,21.728065,108.60094360887553,21.73089210944415,生活服务;物流速递;物流速递,070500,勒沟东大街与果鹰大街交叉口东120米,广西壮族自治区,钦州市,钦南区,仓储
B0IRPXBSOR,刘六瓷砖批发仓库,108.950546,22.256656,108.94664291425505,22.259657686066607,购物服务;家居建材市场;建材五金市场,060603,钦灵公路与306县道交叉口东北80米,广西壮族自治区,钦州市,灵山县,仓储
B0ID77Q956,云集雪远副食仓库,108.640853,21.947577,108.63712547181753,21.950468900079386,购物服务;专卖店;专营店,061200,五里桥南路与南珠东大街交叉口南280米,广西壮族自治区,钦州市,钦南区,仓储
B0IBYR8EAD,中盛夹板仓储,108.629231,21.988049,108.62552203268956,21.99097619838794,公司企业;公司;公司,170200,钦州市粮油市场,广西壮族自治区,钦州市,钦北区,仓储
B0IBYLBMNN,恒生电器仓储批发,108.581852,21.960487,108.57817163551132,21.963415561684478,购物服务;家电电子卖场;家电电子卖场,060300,西环北路与312省道交叉口东360米,广西壮族自治区,钦州市,钦南区,仓储
B0I6VD4P9K,万佳陶瓷仓库,109.462648,22.186816,109.45822866502964,22.18955149896796,公司企业;公司;公司,170200,326省道西南侧,广西壮族自治区,钦州市,浦北县,仓储
B0I3FLVMNR,上好居陶瓷批发仓,109.540951,22.249909,109.53674300499216,22.252885663096244,购物服务;家居建材市场;建材五金市场,060603,小江镇工业区荔丰街,广西壮族自治区,钦州市,浦北县,仓储
B0I0N58FHQ,众鑫建材仓储中心,109.257396,22.384472,109.25316581697825,22.38736564699638,购物服务;家居建材市场;建材五金市场,060603,三海街道江南路十里段731.733号,广西壮族自治区,钦州市,灵山县,仓储
B0I0GY3UR3,欣食品配送仓储,108.601211,21.732522,108.59754303206728,21.73535168748342,公司企业;公司;公司,170200,逸仙路与钦州港大道交叉口西140米,广西壮族自治区,钦州市,钦南区,仓储
B0HU9S5AQ0,华新装饰仓库,109.309999,22.433123,109.30567603719646,22.43596219546884,公司企业;公司;公司,170200,高岭村路口直入100米,广西壮族自治区,钦州市,灵山县,仓储
B0HU26PJGD,加顺仓库,108.609695,21.737587,108.60602170312777,21.74041599095775,公司企业;公司;公司,170200,"钦州港进港大道东面,桂鑫公司用地北面",广西壮族自治区,钦州市,钦南区,仓储
B0HD27E14N,钦海陶瓷批发仓,108.61032,21.977497,108.60663457368786,21.980435967526677,购物服务;家居建材市场;建材五金市场,060603,西环北路众鑫装饰材料市场钦海陶瓷批发仓,广西壮族自治区,钦州市,钦北区,仓储
B0HA6OE8L3,灵山欧力给大型连锁仓库,109.246111,22.378287,109.2418878037282,22.38118055009107,公司企业;公司;公司,170200,G209(江南路),广西壮族自治区,钦州市,灵山县,仓储
B0H2XUFHYC,金升陶瓷大型批发仓库,109.311635,22.394253,109.30731024248773,22.397085062463567,公司企业;公司企业;公司企业,170000,新圩镇沙路村委细石塘荔香大道小学上来500米右转官屯方向,广西壮族自治区,钦州市,灵山县,仓储
B0H0UUKR9F,广西钦州保税港区创大仓储有限责任公司,108.667551,21.66941,108.66377838950301,21.67213211620503,公司企业;公司;公司,170200,中国(广西)自由贸易试验区钦州港片区保税港区东海路东面、港区九大街南面、港区十大街北面,广西壮族自治区,钦州市,钦南区,仓储
B0G3UMZ9SV,钦州百得建材有限公司钦州仓储中心,108.637305,21.987066,108.63358224293242,21.98998196967784,公司企业;公司;公司,170200,北环西路与新华路交叉口西200米,广西壮族自治区,钦州市,钦北区,仓储
B0G3LDHDBO,广东乐尚林门业钦州仓,108.662423,21.983516,108.65864699684333,21.986387621280958,购物服务;家居建材市场;建材五金市场|公司企业;公司;公司,060603|170200,广东乐尚林门业广西壮族自治区钦州市北环东路辅路与蓬莱北大道交叉口东南160米,广西壮族自治区,钦州市,钦北区,仓储
B0G3JL8OBX,五桥仓储市场,108.660125,21.986225,108.65635419122317,21.98910218739448,购物服务;综合市场;综合市场,060700,北环东路与蓬莱北大道交叉口东北60米,广西壮族自治区,钦州市,钦北区,仓储
B0G0ZAYJB7,鸿毅昌仓储,108.640621,21.945596,108.63689401772433,21.94848730933701,公司企业;公司;公司,170200,五里桥南路,广西壮族自治区,钦州市,钦南区,仓储
B0G0FXBKA5,广西钦州保税港区恒湘集装箱仓储物流园,108.66282,21.676969,108.65905811941622,21.679702853677533,商务住宅;产业园区;产业园区,120100,钦州市保税港区海关棉纺厂业园西北侧100米,广西壮族自治区,钦州市,钦南区,仓储
B0FFM3XSZL,广福陶瓷批发仓,108.610712,21.975589,108.60702634043889,21.978526850996868,购物服务;家居建材市场;建材五金市场,060603,北部湾大道1号辅路与西环北路辅路交叉口,广西壮族自治区,钦州市,钦北区,仓储
B0FFM1DUY9,浦北大世界仓库,109.557841,22.253492,109.55366643373716,22.256504576690382,公司企业;公司企业;公司企业,170000,小江镇南区富通电子厂隔离,广西壮族自治区,钦州市,浦北县,仓储
B0FFLF7HR6,家好门业广东南方门厂仓库,108.582388,21.961748,108.57870786178783,21.964677539544308,公司企业;公司;公司,170200,西环路南路173号,广西壮族自治区,钦州市,钦南区,仓储
B0FFLAF4I0,友顺陶瓷批发仓,109.54014,22.242678,109.53593052388544,22.245650521120737,购物服务;家居建材市场;建材五金市场,060603,科园小区东北侧130米,广西壮族自治区,钦州市,浦北县,仓储
B0FFL50XNB,腾旭陶瓷批发仓,109.540018,22.243059,109.53580822042638,22.24603134960109,购物服务;家居建材市场;建材五金市场,060603,小江镇科园路浦北县工业园科园路,广西壮族自治区,钦州市,浦北县,仓储
B0FFL3PLLO,金眼睛建材仓库,108.63631,22.021936,108.63258735043898,22.024869741413895,公司企业;公司;公司,170200,碧桂园大街格林豪泰酒店正后方,广西壮族自治区,钦州市,钦北区,仓储
B0FFL32NTJ,钦州市伟发塑料彩条布仓库,108.616821,21.941792,108.61313103681886,21.94470967227568,购物服务;家居建材市场;建材五金市场,060603,伟发塑料制品总经销,广西壮族自治区,钦州市,钦南区,仓储
B0FFKCK55J,鑫闽锋陶瓷批发仓灵山分仓,109.255649,22.387901,109.25141999649452,22.390795584740435,购物服务;家居建材市场;建材五金市场,060603,十里工业区,广西壮族自治区,钦州市,灵山县,仓储
B0FFK84BZP,龙昌陶瓷仓储批发,108.635145,22.105086,108.63142035815899,22.108058529021587,购物服务;家居建材市场;建材五金市场,060603,人民路与长安路交叉口东北180米,广西壮族自治区,钦州市,钦北区,仓储
B0FFIERPGS,大型瓷砖批发仓库,108.636809,21.941218,108.63308939475428,21.94411286485575,购物服务;家居建材市场;建材五金市场,060603,北部湾东大街吉安路金宝贝幼儿园旁,广西壮族自治区,钦州市,钦南区,仓储
B0FFIA818Y,赵屋村仓库,108.635757,21.953362,108.63203870385966,21.95626415553369,公司企业;公司企业;公司企业,170000,城东农校对面,广西壮族自治区,钦州市,钦南区,仓储
B0FFI8GG6Z,钦州仓库总批,108.742705,21.908034,108.7387833619777,21.910757851884664,购物服务;家居建材市场;建材五金市场,060603,325国道与S43六钦高速入口交叉口东340米,广西壮族自治区,钦州市,钦南区,仓储
B0FFHLI78Q,金鱼领银海仓库,109.307825,22.423975,109.30350768134707,22.42681722635389,公司企业;公司;公司,170200,灵城镇梓崇小学后面,广西壮族自治区,钦州市,灵山县,仓储
B0FFGZ9BX3,珠江啤酒仓库,108.619175,21.975975,108.61548065862634,21.978907012285596,公司企业;公司企业;公司企业,170000,长田街道旺角建材市场,广西壮族自治区,钦州市,钦北区,仓储
B0FFGZ95SB,三久陶瓷仓库,109.258164,22.386623,109.25393306325883,22.389516726407752,公司企业;公司企业;公司企业,170000,十里工业园,广西壮族自治区,钦州市,灵山县,仓储
B0FFGZ95DD,五里桥仓库,108.639966,21.946365,108.63624023975366,21.949257672517245,公司企业;公司企业;公司企业,170000,沙埠镇五里桥南路,广西壮族自治区,钦州市,钦南区,仓储
B0FFG0G930,广明码头仓储有限公司,108.61097,21.700689,108.6072974338372,21.703502476086502,公司企业;公司;公司,170200,钦州港经济开发区鹰岭作业区,广西壮族自治区,钦州市,钦南区,仓储
B0FFFZNNZL,广西融桂物流集团有限公司钦州仓储分公司,108.589328,21.733917,108.58566131415738,21.7367459183362,公司企业;公司;公司,170200,钦州港勒沟作业区,广西壮族自治区,钦州市,钦南区,仓储
B03090MIJ4,瑞峰工艺2号仓库,109.258525,22.386075,109.25429378475917,22.388968531101938,公司企业;公司;公司,170200,灵城镇江南路(三海派出所后),广西壮族自治区,钦州市,灵山县,仓储
B0FFIKLOFE,滨滨物流园,108.604455,21.936407,108.60077561839748,21.939328784929902,商务住宅;产业园区;产业园区,120100,北部湾北大道与北部湾大道交叉口西南100米,广西壮族自治区,钦州市,钦南区,物流园
B0G3Z1V666,京邦物流(钦州分拨中心),108.609901,21.974777,108.60621604704652,21.9777148949877,生活服务;物流速递;物流速递,070500,西环北路辅路与北部湾北大道交叉口西南160米,广西壮族自治区,钦州市,钦北区,物流园
B0FFGRQHF8,钦州市尖山物流园,108.604862,21.931571,108.60118262352059,21.9344903537838,商务住宅;产业园区;产业园区,120100,北部湾大道与文峰南路交界处,广西壮族自治区,钦州市,钦南区,物流园
B0LGKDPLRF,钦州国花物流(文峰南路店),108.604865,21.931574,108.60118562165313,21.93449335430348,生活服务;物流速递;物流速递,070500,尖山物流园,广西壮族自治区,钦州市,钦南区,物流园
B0FFFRHCPU,坭桥物流市场,108.638611,21.988186,108.63488576091429,21.99110058916236,生活服务;物流速递;物流速递,070500,北环西路与金华路交汇处北行50米(钦州市疾控中心西对面),广西壮族自治区,钦州市,钦北区,物流园
B0FFKX1Y28,伟杰集团物流园,108.671639,21.898351,108.66784545378505,21.901164549178304,商务住宅;产业园区;产业园区,120100,蒌竹坪(钦州市钦南区沙埠镇蒌竹坪),广西壮族自治区,钦州市,钦南区,物流园
B0K3ZMEMHP,顺丰速运(进港道店),108.676525,21.908125,108.67271935334409,21.910933888684188,生活服务;物流速递;物流速递,070500,沙埠镇桥坪村进港大道桥坪村段临港扶贫物流园内,广西壮族自治区,钦州市,钦南区,物流园
B0HAPDU11Z,钦州市钦南区临港物流集中区,108.677256,21.907592,108.67344864472308,21.910399246567206,生活服务;物流速递;物流速递,070500,规划路与347省道交叉口西北40米,广西壮族自治区,钦州市,钦南区,物流园
B0LRFH6ZBB,三桂物流园,108.651278,21.698229,108.64754115079934,21.700991918725887,商务住宅;产业园区;产业园区,120100,友谊大道东30米,广西壮族自治区,钦州市,钦南区,物流园
B0MAFRTQZ4,安东物流,108.655664,21.718679,108.65191646888306,21.72144221423597,生活服务;物流速递;物流速递,070500,威龙物流园北侧,广西壮族自治区,钦州市,钦南区,物流园
B0H0OCY9AL,威龙物流园,108.655664,21.718679,108.65191646888306,21.72144221423597,公司企业;公司企业;公司企业|生活服务;生活服务场所;生活服务场所,170000|070000,钦州港保税港友谊大道,广西壮族自治区,钦州市,钦南区,物流园
B0FFG338U9,钦州黎合江现代物流基地,108.687972,21.943866,108.68413777966009,21.946670631348685,生活服务;物流速递;物流速递,070500,325国道与钦灵公路交叉口西北480米,广西壮族自治区,钦州市,钦南区,物流园
B0H37LD9U6,广西星火国际物流园,108.668855,21.670964,108.66507923135558,21.67368420527303,生活服务;物流速递;物流仓储场地,070501,钦州保税港区创大仓储有限责任公司东北侧210米,广西壮族自治区,钦州市,钦南区,物流园
B0GKB7IHIM,万福隆物流园,108.675591,21.690859,108.67179827368393,21.69357382809911,生活服务;物流速递;物流速递,070500,保税港区八大街东侧,广西壮族自治区,钦州市,钦南区,物流园
B0L6Y5K5RS,港东储运物流园,108.676895,21.672494,108.67310008239781,21.67519944358763,生活服务;物流速递;物流仓储场地,070501,内贸路众石物流园南侧,广西壮族自治区,钦州市,钦南区,物流园
B0KUU6QMNV,广西八方物流园,108.681136,21.675628,108.67733091763084,21.678326596791997,生活服务;物流速递;物流速递,070500,陆海大道,广西壮族自治区,钦州市,钦南区,物流园
B0KBBCO3IP,广源国际物流园,108.6833,21.689104,108.6794891879674,21.69180363126022,商务住宅;产业园区;产业园区,120100,八大街1号,广西壮族自治区,钦州市,钦南区,物流园
B0LABD0E2S,广西钦州保税港区炬申国际物流有限公司(大宗商品物流园),108.684125,21.687525,108.68031234348643,21.690222500268533,生活服务;物流速递;物流速递,070500,钦州港保税港大街6号,广西壮族自治区,钦州市,钦南区,物流园
B0MG9DOMX3,浦北金浦广浔物流园,109.552525,22.225625,109.54834250751338,22.22861896388418,商务住宅;产业园区;产业园区,120100,浦东大道与浦北江城互通交叉口东100米,广西壮族自治区,钦州市,浦北县,物流园
B03090MA3H,钦州保税港区海关,108.651799,21.689319,108.64806145114997,21.69207758026078,商务住宅;产业园区;产业园区|政府机构及社会团体;政府机关;政府机关相关,120100|130100,保税港区八大街1号,广西壮族自治区,钦州市,钦南区,保税区
B0FFG8LUXM,钦州保税港区国际商品直销中心(步行街店),108.648643,21.68648,108.64491237385725,21.689242940403464,购物服务;购物相关场所;购物相关场所,060000,保税港区二号路,广西壮族自治区,钦州市,钦南区,保税区
BV10550273,钦州保税港区(公交站),108.652824,21.690231,108.64908416330586,21.692988126782502,交通设施服务;公交车站;公交车站相关,150700,港城3路;港城6路,广西壮族自治区,钦州市,钦南区,保税区
B0I0JU3M71,广西钦州保税港区奇智纺织,108.668325,21.675775,108.6645502497172,21.678497993912284,公司企业;公司企业;公司企业,170000,综合保税区3号路棉纺产业园,广西壮族自治区,钦州市,钦南区,保税区
B0J0CUARHK,钦州综合保税区文城超市,108.655957,21.689781,108.65221021942975,21.69253235360264,购物服务;便民商店/便利店;便民商店/便利店,060200,东面跨境电商产业园A1栋6-7.15-18号商铺,广西壮族自治区,钦州市,钦南区,保税区
B03090MAQ3,广西钦州保税港区管理委员会,108.652094,21.68932,108.64835580732856,21.69207806372141,政府机构及社会团体;政府机关;区县级政府及事业单位,130104,保税港区八大街1号,广西壮族自治区,钦州市,钦南区,保税区
B0M6N5EJ1X,广西钦州保税港区撷利国际贸易有限公司,108.649325,21.960525,108.64557953615501,21.96340930371776,公司企业;公司;公司,170200,子材东大街与扬帆北大道交叉口东南200米,广西壮族自治区,钦州市,钦南区,保税区
B0KDKH5S7L,广西自贸区钦保机动车检测有限公司,108.646986,21.688706,108.64325874733512,21.691472573096014,政府机构及社会团体;交通车辆管理;验车场,130603,保税港区国际汽车城旁,广西壮族自治区,钦州市,钦南区,保税区
B0LBRSCIYR,保税港,108.655175,21.722275,108.65142838895937,21.72504054498567,商务住宅;产业园区;产业园区,120100,友谊大道与滨海公路交叉口西南280米,广西壮族自治区,钦州市,钦南区,保税区
B0FFH9CSVN,宝迪红钦州保税区店,108.648666,21.68671,108.6449353139477,21.689472988699194,购物服务;商场;免税品店,060103,国际商品直销中心1号楼,广西壮族自治区,钦州市,钦南区,保税区
B0FFGH3LZ1,广西钦州保税港区怡海船务有限公司,108.604798,21.742368,108.60112781479026,21.74520095485326,公司企业;公司;公司,170200,晨光路d1-11号附近,广西壮族自治区,钦州市,钦南区,保税区
B0I31U2WVS,保税港检验检疫处理区,108.648124,21.689741,108.64439431215305,21.69250606018455,政府机构及社会团体;政府机关;政府机关相关,130100,八大街1号,广西壮族自治区,钦州市,钦南区,保税区
B0JGGSNBMR,广西自贸区钦州港片区开发投资集团有限责任公司,108.648397,21.684914,108.6446669704922,21.687676763696118,公司企业;公司;商业贸易,170207,保税港区友谊大道1号自贸中心,广西壮族自治区,钦州市,钦南区,保税区
B0LRJNG6XC,综合保税区东卡口大楼,108.674183,21.675228,108.67039438240624,21.677939617117914,商务住宅;楼宇;商务写字楼,120201,[],广西壮族自治区,钦州市,钦南区,保税区
B0K0LHROK3,广西钦州保税港区珉合集装箱服务有限公司,108.682543,21.672524,108.67873477169833,21.67521881636786,公司企业;公司;公司,170200,陆海大道1号,广西壮族自治区,钦州市,钦南区,保税区
B0KKRAQRS3,中国(广西)自由贸易试验区钦州港片区5万平方米标准厂房,108.672086,21.677565,108.66830224757962,21.680281487656057,商务住宅;商务住宅相关;商务住宅相关,120000,钦州保税港区八大街北面三号路东面,广西壮族自治区,钦州市,钦南区,保税区
B03090MA3I,中共广西钦州保税港区工作委员会,108.652185,21.689819,108.64844658414754,21.69257709452045,政府机构及社会团体;政府机关;政府机关相关,130100,东海路与八大街交汇处西南150米阿拉法大厦附近,广西壮族自治区,钦州市,钦南区,保税区
B0FFMCSCZ2,广西恒旭工程质量检测有限公司钦州港自贸区分公司,108.659175,21.721858,108.65541934991307,21.72461608492011,公司企业;公司;公司,170200,钦州保税港区钦州港开发区中学西南,广西壮族自治区,钦州市,钦南区,保税区
B0FFFZ399Q,保税港区企业职工配套生活区,108.657487,21.688774,108.65373681296825,21.691522187820617,商务住宅;住宅区;住宅区,120300,八大街南150米,广西壮族自治区,钦州市,钦南区,保税区
B0LB9RY6SJ,钦州保税港区虚拟社区,108.643975,21.691975,108.64025375890468,21.694747747595024,商务住宅;商务住宅相关;商务住宅相关,120000,[],广西壮族自治区,钦州市,钦南区,保税区
B0M67AWAKW,钦州保税港区消防救援大队,108.668333,21.759771,108.66455411675263,21.76252763246059,政府机构及社会团体;公检法机构;消防机关,130504,犀牛脚镇广西省钦州市中马园区,广西壮族自治区,钦州市,钦南区,保税区
B0JDRMJ509,广西钦州保税港区双胞胎生物科技有限公司,108.675257,21.671095,108.67146603539892,21.673803042770345,公司企业;公司;公司,170200,中国(广西)自由贸易试验区钦州港片区钦州综合保税区十大街与三号路交汇处东面地块,广西壮族自治区,钦州市,钦南区,保税区
B0FFLHGA4G,广西钦州保税港区侨益物流有限公司,108.673068,21.669599,108.66928230591722,21.672310666178426,生活服务;物流速递;物流速递,070500,港区三号路与港区十大街交汇处东侧BSA-34-01-1,广西壮族自治区,钦州市,钦南区,保税区
B0FFF30MGV,广西国创道路材料公司,108.583266,21.734233,108.57959730831799,21.737058927734918,公司企业;公司;公司,170200,保税港区钦州港勒沟作业区,广西壮族自治区,钦州市,钦南区,保税区
B03090MAQ2,广西中石油国际事业有限公司,108.659598,21.689354,108.65584296620162,21.692098528320074,公司企业;公司;冶金化工,170205,保税港区企业职工配套生活区东侧220米,广西壮族自治区,钦州市,钦南区,保税区
B0M625VPB8,广西钦州保税港区领航国际贸易有限公司,108.648914,21.684437,108.6451828982544,21.687198705993787,公司企业;公司;公司,170200,南海路与纬三路交叉口东南380米,广西壮族自治区,钦州市,钦南区,保税区
B0G1RA0WI6,广西钦州保税港区桂吉冷链物流有限公司,108.663159,21.669662,108.65939668628572,21.67239251508375,生活服务;物流速递;物流速递,070500,保税港区(自贸区)九大街与二号路交汇处,广西壮族自治区,钦州市,钦南区,保税区
B0M11H1ZM9,保税港区行政办公大楼,108.648725,21.686075,108.64499421974637,21.688837647548137,商务住宅;楼宇;商务写字楼,120201,纬三路与南海路交叉口东260米,广西壮族自治区,钦州市,钦南区,保税区
B0MGKAJTPE,钦州保税港区京东服务站,108.661599,21.721705,108.65783777086223,21.72445852323419,生活服务;物流速递;物流速递,070500,三号路与东安街交叉口西320米,广西壮族自治区,钦州市,钦南区,保税区
B0FFL67G5H,恒湘资源,108.653624,21.687276,108.64988254352774,21.690030582997217,公司企业;公司;公司,170200,钦州保税港区东海路东面,广西壮族自治区,钦州市,钦南区,保税区
B0FFHRUSI7,钦州保税港区8号泊位,108.65488,21.668194,108.65113668235801,21.67093922013824,商务住宅;商务住宅相关;商务住宅相关,120000,[],广西壮族自治区,钦州市,钦南区,保税区
B0HBXDQ8OG,钦州保税港区海事处,108.654781,21.73074,108.6510348561365,21.733509698106687,政府机构及社会团体;政府及社会团体相关;政府及社会团体相关,130000,滨海公路辅路,广西壮族自治区,钦州市,钦南区,保税区
B0FFKLWPEX,广西钦州保税港区海帆供应链有限公司,108.653239,21.690432,108.64949823999268,21.693188469607627,公司企业;公司;公司,170200,八大街与友谊大道交叉口东180米,广西壮族自治区,钦州市,钦南区,保税区
B0HRKCB1S7,合通物流停车场,108.648425,21.690425,108.64469464350817,21.693189812940123,交通设施服务;停车场;停车场相关,150900,保税港区海关西北,广西壮族自治区,钦州市,钦南区,保税区
B0JRVSMNS9,广西钦州保税港区荣泰物流有限公司,108.601318,21.741207,108.59764957033362,21.744040263205612,生活服务;物流速递;物流速递,070500,海景四街14号,广西壮族自治区,钦州市,钦南区,保税区
B0K1LZCVKP,钦州保税港区出入境边防检查站,108.65651,21.733274,108.65275985325289,21.736041618046954,政府机构及社会团体;政府及社会团体相关;政府及社会团体相关,130000,融和大街101号,广西壮族自治区,钦州市,钦南区,保税区
B0FFLOZWSO,广西钦州保税港区威得利进出口贸易有限公司,108.647722,21.685635,108.6439933572736,21.688399174751062,公司企业;公司;公司,170200,南海路与纬三路交叉口东南200米,广西壮族自治区,钦州市,钦南区,保税区
B0FFLCMXFK,钦州市公安消防支队保税港区大队,108.651504,21.689958,108.64776706226665,21.692717339830622,政府机构及社会团体;公检法机构;消防机关,130504,钦州保税港区海关北门旁,广西壮族自治区,钦州市,钦南区,保税区
B0HACHV6GD,广西钦州保税港区金汇汽车供应链管理有限公司,108.666678,21.671996,108.66290732205708,21.674720725844878,公司企业;公司;公司,170200,保税港区九大街与三号路交叉口金汇物流园,广西壮族自治区,钦州市,钦南区,保税区
B0M1N1W0R1,广西钦州保税港区侨益物流有限公司停车场,108.673625,21.668625,108.66983803092053,21.67133524644618,交通设施服务;停车场;公共停车场,150904,钦保产业园二仓西侧,广西壮族自治区,钦州市,钦南区,保税区
B0FFK7K92A,保税港区进出口产品文化推广中心,109.556457,22.256351,109.55227993937314,22.259361972029904,政府机构及社会团体;政府机关;政府机关相关,130100,福兴路与越州大道交叉口南80米,广西壮族自治区,钦州市,浦北县,保税区
B0MRH5DNQM,广西钦州保税港区恒湘集装箱仓储物流园地上停车场,108.663675,21.677475,108.65991110090242,21.680207435518263,交通设施服务;停车场;公共停车场,150904,钦州市保税港区海关棉纺厂业园西侧160米,广西壮族自治区,钦州市,钦南区,保税区
B0L0C105T7,广西钦州保税港区双胞胎生物科技有限公司地上停车场,108.674175,21.672075,108.67038655589879,21.67478546560641,交通设施服务;停车场;公共停车场,150904,钦州保税港区双胞胎生物科技有限公司,广西壮族自治区,钦州市,钦南区,保税区
B0J6MCG2J3,钦州市钦南区临港工业园区管理委员会,108.677308,21.907877,108.67350050726444,21.9106842837121,政府机构及社会团体;政府机关;政府机关相关,130100,347省道临港物流集中区,广西壮族自治区,钦州市,钦南区,临港企业
B0MUFAGBA5,钦南区临港工业园区职工之家,108.719699,21.825992,108.71580792375377,21.828693462978897,商务住宅;商务住宅相关;商务住宅相关,120000,临港工业园区职工之家综合楼(智能一体化多功能室),广西壮族自治区,钦州市,钦南区,临港企业
B0L0ZUEX38,广西自贸区川桂临港新能源有限公司30万吨/年生物质液体燃料项目,108.61901,21.757518,108.61532646023737,21.76034894982351,公司企业;公司;公司,170200,钦州港经济技术开发区南港沟村,广西壮族自治区,钦州市,钦南区,临港企业
B0I0BZDSI4,三一挖掘机北部湾服务中心,108.676503,21.90746,108.67269743848199,21.910268613604337,汽车服务;汽车服务相关;汽车服务相关,010000,临港物流集中园,广西壮族自治区,钦州市,钦南区,临港企业
B0K395FQJU,广西自贸区川桂临港新能源有限公司,108.665498,21.758584,108.6617258617855,21.761345509075653,公司企业;公司;公司,170200,中马南四街6号川桂合作产业园区A3-1座3楼,广西壮族自治区,钦州市,钦南区,临港企业
B0JRGU1DMH,广西茂晟纸业有限公司,108.884925,22.293673,108.8811058779749,22.29673108395799,公司企业;公司;公司,170200,陆屋镇临港产业园机电产业园区,广西壮族自治区,钦州市,灵山县,临港企业
B0MUTPK86E,钦南区临港工业园区职工之家-职工影院,108.719639,21.826241,108.71574800472276,21.82894264241098,体育休闲服务;影剧院;电影院,080601,临港工业园区职工之家-职工影院(S43南高速东侧),广西壮族自治区,钦州市,钦南区,临港企业
B0JK0ZOY9J,广西宇航塑料制品有限公司,108.890657,22.283894,108.88683893504209,22.286952908038003,公司企业;公司;公司,170200,陆屋镇临港产业园机电小镇28号厂房,广西壮族自治区,钦州市,灵山县,临港企业
B0GR2ZC39U,广西金通达汽车配件有限公司,108.893558,22.291233,108.88973930041678,22.29429505417033,公司企业;公司;公司,170200,陆屋镇临港机电产业园18号楼,广西壮族自治区,钦州市,灵山县,临港企业
B0JUMS800D,亿方集团,108.90315,22.290211,108.89932771360141,22.293274251527432,公司企业;公司;公司,170200,国营新光农场新光农场临港工业园,广西壮族自治区,钦州市,灵山县,临港企业
B0M6ACZ373,灵山县锦成木业有限公司,108.889438,22.285859,108.88561983556802,22.288917821031774,公司企业;公司;公司,170200,临港产业园23号厂房,广西壮族自治区,钦州市,灵山县,临港企业
B0G3SAX0LV,广西腾松输送机械设备制造有限公司,108.88999,22.291106,108.88617157980914,22.294166484076747,公司企业;公司;公司,170200,陆屋临港工业区2号厂房,广西壮族自治区,钦州市,灵山县,临港企业
B0FFLIPPX7,广西灵山桂润重工有限公司,108.891398,22.290563,108.8875795674753,22.2936240119023,公司企业;公司企业;公司企业,170000,国营新光农场新光农场临港产业园区8号厂房,广西壮族自治区,钦州市,灵山县,临港企业
B0MGHCTQDV,广西鼎坤新能源有限公司,108.891792,22.291372,108.88797349983037,22.294433394922184,公司企业;公司;公司,170200,陆屋镇临港产业园6号标准厂房,广西壮族自治区,钦州市,灵山县,临港企业
B0J0B9H3ZC,亭子码头,108.32324,22.792493,108.31924685305853,22.795263033727938,交通设施服务;交通服务相关;交通服务相关,150000,白沙大道2号4号商务中心二楼,广西壮族自治区,南宁市,江南区,港口
B0FFG9IK3B,南宁港牛湾作业区,108.542732,22.788487,108.53895302547207,22.79146060909937,交通设施服务;港口码头;港口码头,150300,034县道,广西壮族自治区,南宁市,邕宁区,港口
B0FFJSIZRX,民生旅游码头,108.312531,22.812089,108.308557040607,22.81487220030668,交通设施服务;港口码头;港口码头,150300,民生广场内(西侧),广西壮族自治区,南宁市,西乡塘区,港口
B0I1FCRGO6,南宁港,108.547139,22.789203,108.54336980594412,22.79218615784846,交通设施服务;港口码头;港口码头,150300,南宁港牛湾作业区6-7号仓库,广西壮族自治区,南宁市,邕宁区,港口
B0FFG71B14,南宁港,108.88913,22.863769,108.88528241970783,22.866775609038278,交通设施服务;港口码头;港口码头,150300,景江大道与景港路交汇处南100米,广西壮族自治区,南宁市,横州市,港口
B03030UMX8,三津港,108.20775,22.78565,108.20379486327107,22.788476326317795,交通设施服务;港口码头;港口码头,150300,沙井街道堤园路三津港,广西壮族自治区,南宁市,江南区,港口
B0KR26IVJ0,伶俐镇渡口,108.76632,22.84665,108.76234428046382,22.84948733088421,交通设施服务;港口码头;港口码头,150300,江南2号路辅路与242国道交叉口东北240米,广西壮族自治区,南宁市,青秀区,港口
B0303056JA,横县港,109.259016,22.676158,109.25476866359172,22.679038001513938,交通设施服务;港口码头;港口码头,150300,海堂花园旁,广西壮族自治区,南宁市,横州市,港口
B03030557A,南宁港(北大码头),108.308939,22.811747,108.30497152454079,22.814536758740285,交通设施服务;港口码头;港口码头,150300,北大南路1号,广西壮族自治区,南宁市,西乡塘区,港口
B0LDDUCW9V,南宁港六景港区高山作业区,109.151598,22.618743,109.14727220424022,22.621504656721633,交通设施服务;港口码头;港口码头,150300,[],广西壮族自治区,南宁市,横州市,港口
B03030VARI,陈东港,108.26021,22.827917,108.25629557667848,22.830758133515356,交通设施服务;港口码头;货运港口码头,150304,江北大道南100米,广西壮族自治区,南宁市,西乡塘区,港口
B0FFJ0OUXB,雁江渡口,107.644005,23.268435,107.64008465270228,23.271254496701367,交通设施服务;交通服务相关;交通服务相关,150000,排塘月饼加工厂西北侧290米,广西壮族自治区,南宁市,隆安县,港口
B0FFM0WLIZ,右江渡口(三江渡口),108.102878,22.83638,108.09872839579803,22.8390363445524,交通设施服务;交通服务相关;交通服务相关,150000,三江坡,广西壮族自治区,南宁市,西乡塘区,港口
B0G367NTGI,中楞渡口,108.029516,22.800022,108.02545353142739,22.802790993956034,交通设施服务;港口码头;港口码头,150300,005县道西北30米,广西壮族自治区,南宁市,江南区,港口
B0FFFO6UKI,南湖游船码头,108.35028,22.804563,108.34623489192815,22.80727868984949,风景名胜;风景名胜相关;旅游景点,110000,津头街道津头街道双拥路1号南湖公园,广西壮族自治区,南宁市,青秀区,港口
B0MULDSJI1,那连渡口,108.449113,22.705634,108.44507339863797,22.708377938850386,交通设施服务;交通服务相关;交通服务相关,150000,茶泉大道201号,广西壮族自治区,南宁市,邕宁区,港口
B0G3D72GC9,洋关码头,108.324573,22.798224,108.32057697842647,22.800989538457376,交通设施服务;港口码头;港口码头,150300,植物路与凌铁村一里交叉口北340米,广西壮族自治区,南宁市,青秀区,港口
B0GUOO877C,三江坡左江渡口,108.095873,22.826637,108.09172144303425,22.82929655128901,交通设施服务;港口码头;港口码头,150300,江西镇同江村,广西壮族自治区,南宁市,江南区,港口
B03030VH9O,伶俐糖厂专属车渡码头,108.767038,22.846882,108.76306242836911,22.849719684741267,交通设施服务;港口码头;车渡口,150302,临江路与振伶路交叉口东南400米,广西壮族自治区,南宁市,青秀区,港口
B0HA2ANKKD,长塘镇轮渡口(南岸),108.649916,22.828901,108.64612592552965,22.831875557272298,交通设施服务;港口码头;车渡口,150302,长源路与长安路交叉口西180米,广西壮族自治区,南宁市,青秀区,港口
B0L3TS8694,海泰良庆码头,108.40987,22.756472,108.40577722141748,22.759154172468502,交通设施服务;港口码头;港口码头,150300,良堤路与良庆大道辅路交叉口西北40米,广西壮族自治区,南宁市,良庆区,港口
B0LABHZOPP,东屏码头,108.45777,24.008341,108.45368074988401,24.01097810569022,交通设施服务;港口码头;港口码头,150300,[],广西壮族自治区,南宁市,马山县,港口
B0FFLDZSM2,百掌码头,108.020656,23.765245,108.01656626781362,23.76785204722996,交通设施服务;港口码头;港口码头,150300,[],广西壮族自治区,南宁市,马山县,港口
B0L2ZC3TZ0,南宁一号码头,108.531952,22.783333,108.52814644465191,22.786281865752812,交通设施服务;交通服务相关;交通服务相关,150000,蒲庙镇张村村岜平坡50号,广西壮族自治区,南宁市,邕宁区,港口
B030306TUB,飞龙渡口,108.977472,22.629193,108.97346207602301,22.63215263500462,交通设施服务;港口码头;港口码头,150300,飞龙派出所北,广西壮族自治区,南宁市,横州市,港口
B03030UNAN,老口渡口,108.13228,22.78157,108.12816649802473,22.784268611143357,交通设施服务;交通服务相关;交通服务相关,150000,石埠街道,广西壮族自治区,南宁市,西乡塘区,港口
B0MU65UWGL,六果码头,108.058784,23.79948,108.05460620294728,23.80200710036624,交通设施服务;交通服务相关;交通服务相关,150000,008乡道六果屯码头,广西壮族自治区,南宁市,马山县,港口
B0HA7ZY6BV,长塘镇轮渡口(北岸),108.64866,22.831168,108.64487251112497,22.834143870349326,交通设施服务;港口码头;车渡口,150302,长源路与长安路交叉口西北420米,广西壮族自治区,南宁市,青秀区,港口
B0303056LT,蒙垌六旺码头,109.226033,22.657722,109.22179411889195,22.660597079091126,交通设施服务;港口码头;港口码头,150300,六旺,广西壮族自治区,南宁市,横州市,港口
B0FFHXMMM9,银泉码头,108.53196,22.78339,108.52815446302452,22.786338867636154,交通设施服务;港口码头;港口码头,150300,蒲庙镇034县道银泉码头,广西壮族自治区,南宁市,邕宁区,港口
B0FFKC7KVD,同礼渡口,108.932413,23.342983,108.92849773265644,23.345792931668214,交通设施服务;交通服务相关;交通服务相关,150000,[],广西壮族自治区,南宁市,宾阳县,港口
B030305VMD,广西壮族自治区蒲庙航道站,108.493609,22.756065,108.489689657723,22.758911377179714,交通设施服务;港口码头;港口码头,150300,莫村路1号,广西壮族自治区,南宁市,青秀区,港口
B0IGP5JAJQ,横州市横州镇青龙码头,109.273529,22.673318,109.26926495480328,22.676189743449417,交通设施服务;港口码头;港口码头,150300,横州镇中山南路,广西壮族自治区,南宁市,横州市,港口
BZ7LOA000N,茉莉花大道,109.24938,22.691875,109.24513845173915,22.694752887855284,地名地址信息;交通地名;道路名,190301,横州市,广西壮族自治区,南宁市,横州市,港口
B0KGFS3AXP,那桐鸿海码头,107.911913,23.025542,107.90809452035997,23.028490199816304,交通设施服务;港口码头;港口码头,150300,瑞丰工贸有限公司西侧180米,广西壮族自治区,南宁市,隆安县,港口
B0FFGZVG5P,绿碧渡口,108.441458,22.659497,108.43740563498339,22.66223742803023,交通设施服务;港口码头;港口码头,150300,[],广西壮族自治区,南宁市,邕宁区,港口
B0HBOZL8ZZ,江南渡口,109.265149,22.677189,109.26089546114642,22.68006593166318,交通设施服务;港口码头;港口码头,150300,槎江路114号东南方向132米,广西壮族自治区,南宁市,横州市,港口
B0FFFE6A4N,名树园码头,108.35752,22.809785,108.35346235645818,22.812486929129605,交通设施服务;港口码头;港口码头,150300,双拥路辅路与锦春路交叉口西北320米,广西壮族自治区,南宁市,青秀区,港口
B0LGXDBG76,6号码头(富德海鲜批发市场总店),108.266212,22.816019,108.26229601646924,22.818861412195954,购物服务;购物相关场所;购物相关场所,060000,乐村路6号南宁海鲜批发交易市场内A2栋11-12号,广西壮族自治区,南宁市,江南区,港口
B0LK0A863O,湾渡渡口,108.929416,22.797382,108.92553508059743,22.800399514918134,交通设施服务;交通服务相关;交通服务相关,150000,新城街4号,广西壮族自治区,南宁市,横州市,港口
B0FFHZB49D,金马码头,108.062846,22.837482,108.05871380685436,22.84016522894743,交通设施服务;港口码头;港口码头,150300,临江街扬美古镇(西南角),广西壮族自治区,南宁市,江南区,港口
B0GUAA9ZNT,辉海港口,107.88996,23.045133,107.8861334282172,23.048072061762113,交通设施服务;港口码头;港口码头,150300,那桐镇358国道旁,广西壮族自治区,南宁市,隆安县,港口
B0L1YCEFP3,加麦渡口,108.479199,24.017141,108.47516853785146,24.019837560297198,交通设施服务;交通服务相关;交通服务相关,150000,S30贺西高速,广西壮族自治区,南宁市,马山县,港口
B0JGHHT5SF,莫渡渡口,109.294262,22.67153,109.2899613054692,22.674377422713295,交通设施服务;港口码头;港口码头,150300,[],广西壮族自治区,南宁市,横州市,港口
B0FFKMG963,南岸渡口,109.425994,22.794567,109.42148166895042,22.797240632727316,交通设施服务;交通服务相关;交通服务相关,150000,[],广西壮族自治区,南宁市,横州市,港口
B0KUBLXAGQ,南宁市五象湖公园游船码头,108.381038,22.743369,108.37695374973354,22.746063267612136,风景名胜;风景名胜;风景名胜,110200,五象湖公园(东北角),广西壮族自治区,南宁市,良庆区,港口
B0FFL6Q0JQ,西菜市码头,108.286864,22.841684,108.28292871371,22.84449710753964,交通设施服务;港口码头;港口码头,150300,荟贤西路与君武路交叉口西南100米,广西壮族自治区,南宁市,西乡塘区,港口
B0KK477QTB,下水李渡口,109.325421,22.712125,109.32104472556486,22.71490790704306,交通设施服务;港口码头;港口码头,150300,下水李东南638米,广西壮族自治区,南宁市,横州市,港口
B0LK6UL2MD,游甘埠码头,108.922191,22.824447,108.91832108004564,22.82746267144907,风景名胜;风景名胜;风景名胜,110200,景春路7号,广西壮族自治区,南宁市,横州市,港口
B0L0AMBG4Y,东降码头,108.264601,22.429277,108.2607054165015,22.432180024704348,交通设施服务;交通服务相关;交通服务相关,150000,新康路36号,广西壮族自治区,南宁市,良庆区,港口
B0FFKVZ023,新码头(五一文化街店),108.300482,22.796119,108.2965296370758,22.798928561914668,餐饮服务;餐饮相关场所;餐饮相关,050000,五一路文化街东1F29.30铺,广西壮族自治区,南宁市,江南区,港口
B0LK3C092R,溪口码头,109.314859,22.912589,109.31049785059956,22.91532158421472,交通设施服务;交通服务相关;交通服务相关,150000,云邓公路,广西壮族自治区,南宁市,横州市,港口
B0MBD6F4A2,湾仔码头(会展中心店),108.380625,22.811575,108.37653753382007,22.814247344313404,餐饮服务;快餐厅;快餐厅,050300,民族大道106号南宁国际会展中心,广西壮族自治区,南宁市,青秀区,港口
B0L0PU1AVC,那盆村码头,108.282184,22.408478,108.27827620640453,22.411363766293718,交通设施服务;交通服务相关;交通服务相关,150000,那盆村附近,广西壮族自治区,南宁市,良庆区,港口
B0LUF91NFP,贤记乡味码头,108.366925,22.725925,108.3628576691398,22.728639914647854,餐饮服务;中餐厅;中餐厅,050100,玉象路与良玉大道辅路交叉口西北240米,广西壮族自治区,南宁市,良庆区,港口
B0FFG2XN2G,八甫渡口,108.389944,24.018003,108.38578485654287,24.020580191237645,交通设施服务;港口码头;港口码头,150300,[],广西壮族自治区,南宁市,马山县,港口
B0L0PZ04HW,大桥码头,108.283117,22.481748,108.27920447912604,22.48463761803398,交通设施服务;交通服务相关;交通服务相关,150000,[],广西壮族自治区,南宁市,良庆区,港口
B0FFKQDWC6,世钦码头,109.133285,22.723914,109.12893334730967,22.72662405063947,交通设施服务;交通服务相关;交通服务相关,150000,榃留村其梽生态农场,广西壮族自治区,南宁市,横州市,港口
B0FFLG2LDG,正宁码头,108.036345,22.826891,108.03226414285547,22.829632742771576,交通设施服务;港口码头;港口码头,150300,下楞村委会东北侧140米,广西壮族自治区,南宁市,西乡塘区,港口
B0L3HU8B5B,奇趣湾游船码头,108.370359,22.749248,108.36628593740085,22.75195173215566,风景名胜;风景名胜;风景名胜,110200,秋月路20号,广西壮族自治区,南宁市,良庆区,港口
B0G0K4R9F3,大东码头,109.071629,22.881311,109.0672947122138,22.88395768738233,交通设施服务;港口码头;港口码头,150300,470县道与城中路交叉口西北40米,广西壮族自治区,南宁市,横州市,港口
B0FFHVJM3M,金龙寨码头,107.627137,22.951882,107.62325762708981,22.954848476437594,风景名胜;风景名胜;风景名胜,110200,龙虎山自然保护区龙虎山风景区内,广西壮族自治区,南宁市,隆安县,港口
B0FFK86O18,梯云码头,108.062362,22.83914,108.0582303922199,22.841823371632106,交通设施服务;港口码头;港口码头,150300,江西镇扬美古镇扬美客运站附近扬美古镇内(西侧),广西壮族自治区,南宁市,江南区,港口
B0MG9HPUH7,鲜柠码头,108.364325,22.805225,108.36025716769171,22.807918390802485,餐饮服务;冷饮店;冷饮店,050700,金洲路琅西21栋4号,广西壮族自治区,南宁市,青秀区,港口
B0HRV5V3VV,横州市南宁交通公司港口公交车场,109.290078,22.692843,109.2857845923098,22.695691400557937,交通设施服务;交通服务相关;交通服务相关,150000,茉莉花大道54-8号附近,广西壮族自治区,南宁市,横州市,港口
B0MUYNP5JZ,嘟嘟码头,108.399089,22.803938,108.39499233045585,22.806603453756583,购物服务;个人用品/化妆品店;其它个人用品店,061400,桂雅路10号天昌·东盟中央城B区,广西壮族自治区,南宁市,青秀区,港口
B0H3TZH8Y8,古商埠码头,108.063699,22.834814,108.05956578726098,22.837496902786917,交通设施服务;港口码头;港口码头,150300,扬美古镇风景区内,广西壮族自治区,南宁市,江南区,港口
B0FFHVJU50,龙虎山风景区-码头,107.631114,22.956153,107.6272293074953,22.959112858874867,交通设施服务;港口码头;港口码头,150300,龙虎山自然保护区龙虎山风景区内,广西壮族自治区,南宁市,隆安县,港口
B0L3H7ARG9,南迎码头,108.983152,23.105521,108.97909598879532,23.10829442442357,风景名胜;风景名胜相关;旅游景点,110000,四八七县道蔡氏书香古宅群景区(东南角),广西壮族自治区,南宁市,宾阳县,港口
B0KK3DX9FQ,邻里码头,108.367109,22.730237,108.36304119271065,22.732950454879433,交通设施服务;交通服务相关;交通服务相关,150000,龙光玖龙湖一期6-110铺,广西壮族自治区,南宁市,良庆区,港口
B0JUDC5ELK,港口大道,109.287301,22.693061,109.28301292663039,22.69591306068183,地名地址信息;交通地名;道路名,190301,横州市,广西壮族自治区,南宁市,横州市,港口
B0HA6G5CP3,博白开心码头,108.301164,22.780686,108.29721133359719,22.78349964243497,交通设施服务;港口码头;港口码头,150300,菠萝岭西正街1路十号,广西壮族自治区,南宁市,江南区,港口
B0FFI96P72,金码头,107.989454,22.806583,107.9855058777881,22.809467547255114,餐饮服务;餐饮相关场所;餐饮相关,050000,金光大道3附近,广西壮族自治区,南宁市,西乡塘区,港口
B0GU3XNL27,农家码头,108.279801,22.833256,108.27587401930897,22.836080600974295,交通设施服务;港口码头;港口码头,150300,大学东路文华园,广西壮族自治区,南宁市,西乡塘区,港口
B0FFL830NN,酷车码头,108.306962,22.757831,108.3030007744981,22.7606421767591,交通设施服务;港口码头;港口码头,150300,那洪大道研祥智谷,广西壮族自治区,南宁市,江南区,港口
BZ7KO2003W,南宁空港收费站(G7211南友高速出口),108.204687,22.639899,108.20073383068227,22.642759358424595,道路附属设施;收费站;收费站,180200,江南区,广西壮族自治区,南宁市,江南区,港口
BZ7MO5002Y,南宁港收费站(G7201南宁绕城高速入口),108.570643,22.785058,108.56691265146115,22.788082456280197,道路附属设施;收费站;收费站,180200,邕宁区,广西壮族自治区,南宁市,邕宁区,港口
BZ7MO5002Z,南宁港收费站(G7201南宁绕城高速出口),108.570682,22.785311,108.56695168184628,22.788335419078305,道路附属设施;收费站;收费站,180200,邕宁区,广西壮族自治区,南宁市,邕宁区,港口
BZ7KO2003V,南宁空港收费站(G7211南友高速入口东北向),108.205168,22.64001,108.20121570669862,22.642871052461082,道路附属设施;收费站;收费站,180200,江南区,广西壮族自治区,南宁市,江南区,港口
B0JG0CD52N,亭子码头停车点,108.322317,22.792854,108.31832561366586,22.795625663115597,交通设施服务;停车场;公共停车场,150904,江南大道与尧头岭正街交叉口东北240米,广西壮族自治区,南宁市,江南区,码头
B0FFF2NLDQ,大码头,109.268659,22.679519,109.2644011637806,22.68239315546429,交通设施服务;港口码头;人渡口,150303,洪德路7号,广西壮族自治区,南宁市,横州市,码头
BV09482271,民生码头(轮渡站),108.31282,22.812112,108.30884551083003,22.814894667080438,交通设施服务;轮渡站;轮渡站,151200,民生码头-孔庙码头,广西壮族自治区,南宁市,西乡塘区,码头
B0FFLO2LR9,三津渡口,108.194339,22.817868,108.19035635773167,22.820662129174757,交通设施服务;港口码头;港口码头,150300,江北大道怡璟湾正对面邕江边,广西壮族自治区,南宁市,江南区,码头
BV09482272,孔庙码头(轮渡站),108.391739,22.776049,108.38764588492091,22.778726021271666,交通设施服务;轮渡站;轮渡站,151200,民生码头-孔庙码头,广西壮族自治区,南宁市,青秀区,码头
BV10268102,上尧码头(公交站),108.277791,22.817865,108.27386673766608,22.820697303107256,交通设施服务;公交车站;公交车站相关,150700,805路;805路(经美丽南方北门),广西壮族自治区,南宁市,西乡塘区,码头
B0FFJNZ1PW,三江坡渡口,108.10161,22.83362,108.09745992587631,22.83627714012735,交通设施服务;交通服务相关;交通服务相关,150000,江西镇同江村三江口沙石水泥店东北侧120米,广西壮族自治区,南宁市,西乡塘区,码头
B0FFGMXKS0,北平渡口,109.292582,22.688496,109.28828382586043,22.69134193641957,交通设施服务;港口码头;人渡口,150303,步头,广西壮族自治区,南宁市,横州市,码头
B0KKODZPPU,大江村南河渡口,108.941931,23.340943,108.93799436080594,23.343738534788624,风景名胜;风景名胜;风景名胜,110200,同礼村委会大江河南河段,广西壮族自治区,南宁市,宾阳县,码头
B0LKVH4ODS,码头,109.133752,22.701417,109.12940198734474,22.704133676789702,风景名胜;风景名胜相关;旅游景点,110000,324国道,广西壮族自治区,南宁市,横州市,码头
BV11503365,民生旅游码头(公交站),108.310243,22.812483,108.30627316223634,22.815270180799,交通设施服务;公交车站;公交车站相关,150700,205路;2路;34路;35路;46路;76路,广西壮族自治区,南宁市,西乡塘区,码头
B0FFGA3ZID,南宁公共自行车荣和凤岭娱人码头站,108.40125,22.818249,108.39715242416115,22.820909195482823,交通设施服务;交通服务相关;交通服务相关,150000,白云路与秀云巷交叉口东北320米,广西壮族自治区,南宁市,青秀区,码头
B0JA9CJ4C4,南宁交投能源上尧码头汽车充电站,108.280931,22.813851,108.27700386963402,22.81668140439545,汽车服务;充电站;充电站,011100,江北大道上尧码头下游300米公厕旁,广西壮族自治区,南宁市,西乡塘区,码头
B0HBYZGGUC,腾讯云启产业基地(南宁),108.366229,22.817587,108.36215782463202,22.820273392068678,商务住宅;产业园区;产业园区,120100,南宁市人民政府,广西壮族自治区,南宁市,青秀区,工业园
B0MRVOFDFF,仙葫经济开发区,108.363286,22.825777,108.35921860336693,22.82846452410046,商务住宅;产业园区;产业园区,120100,景天巷与金花路交叉口东60米,广西壮族自治区,南宁市,青秀区,工业园
B0MUZ78EDP,联东U谷·南宁经开科技港,108.2507,22.768584,108.24678901078367,22.771447559755227,商务住宅;产业园区;产业园区,120100,金凯路106号,广西壮族自治区,南宁市,江南区,工业园
B0MUXRAQV0,南宁中关村电子信息产业园2栋,108.314675,22.900025,108.31069253477456,22.90277065719736,商务住宅;产业园区;产业园区,120100,中关村电子信息产业园,广西壮族自治区,南宁市,西乡塘区,工业园
B0MUVLXIRC,中关物流园B区5栋,108.320433,22.90193,108.31643956792358,22.9046641462731,商务住宅;产业园区;产业园区,120100,创园路与芦村岭路辅路交叉口北100米,广西壮族自治区,南宁市,西乡塘区,工业园
B0MUURXDEV,南宁国际公路港,108.265725,22.744525,108.26181290586648,22.74739122240121,商务住宅;产业园区;产业园区,120100,高岭立交与G7201南宁绕城高速交叉口北500米,广西壮族自治区,南宁市,江南区,工业园
B0MUTKJZAU,中药材加工产业园,108.353925,22.713775,108.34987832612646,22.716512724222156,商务住宅;产业园区;产业园区,120100,东风路与华良路交叉口南280米,广西壮族自治区,南宁市,良庆区,工业园
B0MUTHLG02,南A东盟谷,108.396925,22.735725,108.39283228369868,22.738412690390096,商务住宅;产业园区;产业园区,120100,冬花路与那黄大道交叉口东南60米,广西壮族自治区,南宁市,良庆区,工业园
B0MUS9ESM2,泉港江南企业总部11栋,108.233075,22.793825,108.2291534973262,22.796674970522318,商务住宅;产业园区;产业园区,120100,下津路与贵和路交叉口东北100米,广西壮族自治区,南宁市,江南区,工业园
B0MURUDII3,瑞声科技产业园,108.304375,22.752825,108.30041846065271,22.75564215656135,商务住宅;产业园区;产业园区,120100,国凯二支路与国凯大道交叉口东南60米,广西壮族自治区,南宁市,江南区,工业园
B0MUMRWVIY,东盟经济园,108.176925,23.197675,108.17288415960086,23.20028414653142,商务住宅;产业园区;产业园区,120100,侨兴路与建设路交叉口东220米,广西壮族自治区,南宁市,武鸣区,工业园
B0MULRW4E6,中恒医药智造谷18栋,108.288475,22.746875,108.28454256240376,22.749718214485455,商务住宅;产业园区;产业园区,120100,高岭路100号中恒医药智造谷,广西壮族自治区,南宁市,江南区,工业园
B0MUHRPO2U,南宁明阳工业园,108.23774,22.565918,108.23383379909095,22.568822065122923,商务住宅;产业园区;产业园区,120100,兴龙路与明阳五路交叉口西北140米,广西壮族自治区,南宁市,江南区,工业园
B0MUDPHH1F,广西南宁五象科技创业孵化基地,108.378325,22.765034,108.37424214557467,22.76772410155776,公司企业;公司企业;公司企业,170000,金龙路2号南宁万科大厦F2层,广西壮族自治区,南宁市,良庆区,工业园
B0MUAL3QBY,南宁城投智能制造产业园-伶俐标准厂房一期项目,108.752529,22.821929,108.74855537575513,22.824770693313972,商务住宅;产业园区;产业园区,120100,江南九号路辅路与昌隆路交叉口东160米,广西壮族自治区,南宁市,青秀区,工业园
B0MU4HA67Y,同星科技制造基地(南宁),108.28666,22.749752,108.28272968581406,22.752596719149626,商务住宅;产业园区;产业园区,120100,高岭路98号,广西壮族自治区,南宁市,江南区,工业园
B0MRZ14MC6,华西路29号物流园1号楼,108.305667,22.817583,108.3017049258991,22.820376379474734,商务住宅;产业园区;产业园区,120100,新阳北一路与华西路交叉口南100米,广西壮族自治区,南宁市,西乡塘区,工业园
B0MRYUQLHR,锦绣乐鸣鹦鹉高标准孵化中心,108.217345,22.594817,108.21341511152588,22.597701267898927,商务住宅;产业园区;产业园区,120100,吴圩镇平安路96号七坡林场花卉产业园D-11-1,广西壮族自治区,南宁市,江南区,工业园
B0MRXRLC2F,青秀创新中心25栋,108.416475,22.832525,108.4123817679412,22.835184511570095,商务住宅;产业园区;产业园区,120100,青秀创新中心(凤岭佳园片区),广西壮族自治区,南宁市,青秀区,工业园
B0MRRD0UQF,南宁高新技术产业开发区,108.319425,22.880825,108.31543458996634,22.883569521948413,商务住宅;产业园区;产业园区,120100,安园东路与连畴路交叉口东北380米,广西壮族自治区,南宁市,西乡塘区,工业园
B0MRMZSSUC,南宁·东盟开放产业资源中心,108.398768,22.79884,108.39467163973373,22.801507266931345,商务住宅;产业园区;产业园区,120100,凤岭南路3号,广西壮族自治区,南宁市,青秀区,工业园
B0MRKZ33DY,广西现代物流产业孵化中心C栋,108.470925,22.777325,108.4669362047635,22.78009948387848,商务住宅;产业园区;产业园区,120100,广西现代物流集团有限公司,广西壮族自治区,南宁市,邕宁区,工业园
B0MRK958P3,深桂AI数贸孵化器,108.423675,22.810375,108.41958915901996,22.813048283273805,商务住宅;产业园区;产业园区,120100,仙葫大道辅路与林里桥路交叉口西320米,广西壮族自治区,南宁市,青秀区,工业园
B0MRGRMGZN,强方物流园A6栋,108.316875,22.908975,108.312887957145,22.911712941956754,商务住宅;产业园区;产业园区,120100,中创路辅路与创客路交叉口西北100米,广西壮族自治区,南宁市,西乡塘区,工业园
B0MRDOBFG4,泉港工业园,108.232279,22.794842,108.22835673014153,22.797691115685666,商务住宅;产业园区;产业园区,120100,贵和路与石牌路交叉口南120米,广西壮族自治区,南宁市,江南区,工业园
B0MRD1AS15,南宁高新技术产业开发区,108.273125,22.837225,108.26920365472272,22.84005458774803,商务住宅;产业园区;产业园区,120100,科园大道与大学东路辅路交叉口北60米,广西壮族自治区,南宁市,西乡塘区,工业园
B0MRAL0I4R,中国-东盟信息港南宁核心基地五象新区地理信息小镇3-D号楼,108.398875,22.735475,108.39478195904138,22.738162397061284,商务住宅;产业园区;产业园区,120100,五象新区地理信息小镇,广西壮族自治区,南宁市,良庆区,工业园
B0MRA918PS,中国东盟地理信息小镇1期,108.398775,22.735525,108.39468196956209,22.738212397371104,商务住宅;产业园区;产业园区,120100,冬花路与稔水路交叉口西60米,广西壮族自治区,南宁市,良庆区,工业园
B0MR3Z0WAH,南宁软件园2期,108.273675,22.864975,108.26975181041774,22.86779355329638,商务住宅;产业园区;产业园区,120100,科园东十路与滨河路交叉口西北200米,广西壮族自治区,南宁市,西乡塘区,工业园
B0MR1CEFWP,和凯科技园标准厂房1栋,108.902752,22.863692,108.89890074583609,22.866702099019168,商务住宅;产业园区;产业园区,120100,景春路与景顺路交叉口东南240米,广西壮族自治区,南宁市,横州市,工业园
B0MR0NFQND,华西路29号物流园7栋,108.304975,22.817325,108.30101411980188,22.82011965544669,商务住宅;产业园区;产业园区,120100,北大南路与华西路交叉口东南80米,广西壮族自治区,南宁市,西乡塘区,工业园
B0MGZXK2R3,广西黄芯木薯产业园,108.202125,22.754725,108.19816114026847,22.757552897136573,商务住宅;产业园区;产业园区,120100,[],广西壮族自治区,南宁市,江南区,工业园
B0MGSLN1AK,宾阳县青青羊产业园,109.207421,23.223421,109.20313770096955,23.226065410892527,商务住宅;产业园区;产业园区,120100,黎塘镇大塘林场东北900米,广西壮族自治区,南宁市,宾阳县,工业园
B0MGROLZLU,苏博工业园区农民工创业园创业基地,108.046325,23.725875,108.04217395930154,23.72840586140542,商务住宅;产业园区;产业园区,120100,宏乔路北侧,广西壮族自治区,南宁市,马山县,工业园
B0MGOZVB93,容顺物流园1栋,108.296775,22.898925,108.29282311315791,22.901701675347592,商务住宅;产业园区;产业园区|生活服务;生活服务场所;生活服务场所,120100|070000,G75兰海高速与安吉立交交叉口东480米,广西壮族自治区,南宁市,西乡塘区,工业园
B0MGJYB9UI,南宁市五象新区总部基地,108.386246,22.751839,108.38215724225445,22.754526725771196,商务住宅;产业园区;产业园区,120100,歌韵路与歌韵路东一里交叉口西南120米,广西壮族自治区,南宁市,良庆区,工业园
B0MGALFMMT,老油仓园区,108.296975,22.821275,108.29302681662556,22.824081257248423,商务住宅;产业园区;产业园区,120100,龙腾路与龙腾里食街交叉口南380米,广西壮族自治区,南宁市,西乡塘区,工业园
B0MG9HP4VG,东盟企业总部基地五期C栋C1栋,108.266625,22.860625,108.26270652559906,22.86345054595471,商务住宅;产业园区;产业园区,120100,南宁-东盟企业总部基地五期,广西壮族自治区,南宁市,西乡塘区,工业园
B0MG9DOEZH,强方物流园F2栋,108.315725,22.910075,108.31174005681524,22.912814624956905,商务住宅;产业园区;产业园区,120100,中创路辅路与宁二路交叉口东北220米,广西壮族自治区,南宁市,西乡塘区,工业园
B0MG0UHH4K,中恒医药智造谷12栋,108.286525,22.747975,108.28259494171793,22.75082042817111,商务住宅;产业园区;产业园区,120100,高岭路100号中恒医药智造谷,广西壮族自治区,南宁市,江南区,工业园
B0MDY1VRU7,广西工业器材城A区,108.300753,22.878531,108.29679594910154,22.881309543378546,商务住宅;产业园区;产业园区,120100,吉园街与连兴路交叉口南160米,广西壮族自治区,南宁市,西乡塘区,工业园
B0MDV7OHSQ,玉柴芯蓝产业园,108.306625,22.898275,108.30265710283577,22.901035771308432,商务住宅;产业园区;产业园区,120100,永林路136号,广西壮族自治区,南宁市,西乡塘区,工业园
B0MDSRHJXX,广西禄德江南智慧汽车产业园,108.221236,22.797778,108.21730115890963,22.8006167958992,商务住宅;产业园区;产业园区,120100,三津大道69号,广西壮族自治区,南宁市,江南区,工业园
B0MDSOJ8G9,高铁基地,109.096575,23.216925,109.0921904760376,23.219419635671954,商务住宅;产业园区;产业园区,120100,[],广西壮族自治区,南宁市,宾阳县,工业园
B0MDPCMJAV,南宁总部基地五象空间,108.378436,22.764558,108.3743530615182,22.767248145504837,商务住宅;产业园区;产业园区,120100,云英路(总部基地地铁站K口步行460米),广西壮族自治区,南宁市,良庆区,工业园
B0MDO1WX3D,弘毅江南智谷,108.244775,22.796475,108.24086091849583,22.79932885342294,商务住宅;产业园区;产业园区,120100,仁和路与石牌路交叉口东北80米,广西壮族自治区,南宁市,江南区,工业园
B0MDBOI399,南宁国际机场空港物流园A区,108.204525,22.621675,108.20057246489603,22.624538290362946,商务住宅;产业园区;产业园区,120100,空港北三路与空港北五巷交叉口西南20米,广西壮族自治区,南宁市,江南区,工业园
B0MD97PNOV,广西高新总部基地,108.281125,22.863325,108.27719512573705,22.86613676007358,商务住宅;产业园区;产业园区,120100,创新路辅路与丰达路辅路交叉口西北200米,广西壮族自治区,南宁市,西乡塘区,工业园
B0MD777GYD,中国盘瑶智库院,108.285744,22.872793,108.28180847039859,22.875595583365236,商务住宅;产业园区;产业园区,120100,南宁高新区生物医药产业园(3栋1楼-10),广西壮族自治区,南宁市,西乡塘区,工业园
B0MD649A81,中国东盟地理信息与卫星应用产业园,108.397325,22.735475,108.39323221359223,22.738162674400606,公司企业;公司;公司,170200,冬花路与那黄大道交叉口东南100米,广西壮族自治区,南宁市,良庆区,工业园
B0MBSZE1AG,三科创业孵化基地,108.276654,22.878722,108.27272763754975,22.88153240641751,商务住宅;产业园区;产业园区,120100,振兴路90号三科科技园南门,广西壮族自治区,南宁市,西乡塘区,工业园
B0MBR5R9LQ,苏博工业园区新厂区,108.045675,23.727025,108.04152524999904,23.729557575079628,商务住宅;产业园区;产业园区,120100,[],广西壮族自治区,南宁市,马山县,工业园
B0MBOLY4ID,芯创时代产业园,108.246243,22.793129,108.24232963933676,22.795984235002766,商务住宅;产业园区;产业园区,120100,下津路18号,广西壮族自治区,南宁市,江南区,工业园
B0MBN6RQGL,伊岭工业园,108.296025,23.061975,108.292065791459,23.064684014849384,商务住宅;产业园区;产业园区,120100,顶斤路与南武大道辅路交叉口东100米,广西壮族自治区,南宁市,武鸣区,工业园
B0MBK4PRHZ,创二园区,108.403325,22.709375,108.39923320708229,22.712069389937785,商务住宅;产业园区;产业园区,120100,那约路与金良路交叉口东300米,广西壮族自治区,南宁市,良庆区,工业园
B0MBK4P1VT,伊岭工业集中区,108.297675,23.057025,108.29371354405211,23.059733559716864,商务住宅;产业园区;产业园区,120100,纬二十路与宏图路交叉口西南100米,广西壮族自治区,南宁市,武鸣区,工业园
B0MBG93LCZ,苏宁物流园2期,108.401275,22.878825,108.39717422681669,22.881462260415876,商务住宅;产业园区;产业园区,120100,甘泉路与金仑路交叉口东160米,广西壮族自治区,南宁市,兴宁区,工业园
B0MBF574H2,广西现代特色农业示范区,108.357425,22.831675,108.3533663634352,22.8343691807162,商务住宅;产业园区;产业园区,120100,广园路与长湖路交叉口西80米,广西壮族自治区,南宁市,青秀区,工业园
B0MBBCWABG,普洛斯南宁物流园B4栋,108.280425,22.749875,108.2765016689268,22.75272709952298,商务住宅;产业园区;产业园区,120100,金阳路与高岭路交叉口西北160米,广西壮族自治区,南宁市,江南区,工业园
B0MBAK8GF0,南宁综合保税区7号楼,108.354525,22.714525,108.3504772745232,22.71726153784574,商务住宅;产业园区;产业园区,120100,杜鹃路8号南宁综合保税通信产业园2号厂房广西蓝水星智能科技有限公司综保区厂,广西壮族自治区,南宁市,良庆区,工业园
B0MB75OUIN,平陆工业园,108.294875,23.070175,108.29091706926393,23.07288230279907,商务住宅;产业园区;产业园区,120100,经三路与新能路交叉口东340米,广西壮族自治区,南宁市,武鸣区,工业园
B0MAZCDUWY,约行科技园A栋,108.256525,22.859975,108.25260953390128,22.86280527245583,商务住宅;产业园区;产业园区,120100,科园西十路17号约行科技园,广西壮族自治区,南宁市,西乡塘区,工业园
B0MAZAD31I,南宁东盟企业总部基地5期A1栋,108.266175,22.860525,108.26225675136656,22.863350863663765,商务住宅;产业园区;产业园区,120100,南宁-东盟企业总部基地五期,广西壮族自治区,南宁市,西乡塘区,工业园
B0MASCGZ8L,荣港城产业园1期7栋,108.302925,22.766975,108.29897015590976,22.769790180082403,商务住宅;产业园区;产业园区,120100,开源路9号荣港城产业园一期,广西壮族自治区,南宁市,江南区,工业园
B0MARZ3F1L,广西辉恒茶业有限公司,109.342003,22.743834,109.33758382120484,22.746576640652854,公司企业;公司;公司,170200,马岭镇良和村委第九队西牛塘东北面1、2号厂房,广西壮族自治区,南宁市,横州市,工业园
B0MANUQ09Y,高端新材产业园,108.501275,22.741375,108.49738052783718,22.744248914378684,商务住宅;产业园区;产业园区,120100,公曹路与龙门路交叉口东220米,广西壮族自治区,南宁市,邕宁区,工业园
B0MAK5OA16,大皇后工业园区,108.229875,23.175475,108.22593077248217,23.178169005826945,商务住宅;产业园区;产业园区,120100,茂岭路北段与长岗大道交叉口西南240米,广西壮族自治区,南宁市,武鸣区,工业园
B0MAFRTAXE,中关物流园A区,108.321814,22.901328,108.31781794928307,22.90405978035091,商务住宅;产业园区;产业园区,120100,创园路,广西壮族自治区,南宁市,西乡塘区,工业园
B0MABCTEDH,闽佳物流园A区,108.301025,22.909475,108.29706590994044,22.912240637825004,商务住宅;产业园区;产业园区,120100,[],广西壮族自治区,南宁市,西乡塘区,工业园
B0M6Y7S4LV,崇诚五塘工业园,108.533775,22.933175,108.5299666347968,22.936071383432726,商务住宅;产业园区;产业园区,120100,五塘路与规划路交叉口东北40米,广西壮族自治区,南宁市,兴宁区,工业园
B0M6VCK0UT,昆仑产业园,108.568025,22.953375,108.56428312221647,22.956331026975434,商务住宅;产业园区;产业园区,120100,8号路与2号路交叉口西北100米,广西壮族自治区,南宁市,兴宁区,工业园
B0M6RZZ3HL,南A中心产业孵化园,108.397983,22.734526,108.39389014215669,22.737213818026603,商务住宅;产业园区;产业园区,120100,那黄大道与夏林路交叉口东180米,广西壮族自治区,南宁市,良庆区,工业园
B0M6RH0AXN,横州市健康特色农产品加工产业园,109.288594,22.826334,109.2842961463996,22.829142984135338,商务住宅;产业园区;产业园区,120100,306乡道西侧,广西壮族自治区,南宁市,横州市,工业园
B0M6PRMX79,中关村工业园,108.319925,22.903275,108.3159324692371,22.90600955692847,商务住宅;产业园区;产业园区,120100,四维路与创园路交叉口西160米,广西壮族自治区,南宁市,西乡塘区,工业园
B0M6O7M6QX,科铭产业园,108.264299,22.8582,108.26038170318358,22.861027844316187,公司企业;公司企业;公司企业,170000,高新三路与科园西九路交叉口东北100米,广西壮族自治区,南宁市,西乡塘区,工业园
B0M6FAX5MM,广西工建集团大健康产业园,108.285767,22.798491,108.28183526431582,22.80132105605102,商务住宅;产业园区;产业园区,120100,五一路118号,广西壮族自治区,南宁市,江南区,工业园
B0M6DY41M8,五象科技企业孵化基地,108.314716,22.759784,108.3107407204189,22.7625806742496,商务住宅;产业园区;产业园区,120100,银海大道75-77号,广西壮族自治区,南宁市,良庆区,工业园
B0M69ODLX3,广西长叶生态农业科技园,108.442178,22.85179,108.43811689444493,22.854473282032274,商务住宅;产业园区;产业园区,120100,屯里北路96号,广西壮族自治区,南宁市,青秀区,工业园
B0M69HBAYH,南宁国际铁路港农产品加工区,108.247575,22.753275,108.24366409807094,22.756143269080145,商务住宅;产业园区;产业园区,120100,同兴路与海城路交叉口东320米,广西壮族自治区,南宁市,江南区,工业园
B0M69DAXRW,正创新零售南宁智慧物流园W2号楼,108.367325,22.702375,108.36325835655397,22.705095691750962,商务住宅;产业园区;产业园区,120100,六连路与利华路交叉口西北120米,广西壮族自治区,南宁市,良庆区,工业园
B0M69DAN4N,中国(广西)自由贸易试验区南宁片区,108.387125,22.756625,108.38303541257082,22.759310685778843,商务住宅;产业园区;产业园区,120100,歌韵路与歌海路辅路交叉口北160米,广西壮族自治区,南宁市,良庆区,工业园
B0M63C9TQ5,现代工业园,108.246425,22.767125,108.24251303135993,22.769988823640766,商务住宅;产业园区;产业园区,120100,金凯路与洪运路交叉口东160米,广西壮族自治区,南宁市,江南区,工业园
B0M61DHSU0,沙井工业区,108.241225,22.798075,108.23730913677089,22.800927389173125,商务住宅;产业园区;产业园区,120100,富乐西路与新乐路交叉口南160米,广西壮族自治区,南宁市,江南区,工业园
B0M61DHFB8,中国(广西)自由贸易试验区南宁片区,108.378275,22.765825,108.3741921533175,22.768514899061902,商务住宅;产业园区;产业园区,120100,飞云路西一里与金龙路交叉口西40米,广西壮族自治区,南宁市,良庆区,工业园
B0M2NH1BQP,南宁轨道科技创新产业园3栋,108.429056,22.819244,108.42497592900185,22.821919940972215,商务住宅;产业园区;产业园区,120100,高坡岭路10号南宁轨道科技创新产业园,广西壮族自治区,南宁市,青秀区,工业园
B0M2GR1ID5,明阳工业区,108.230475,22.599325,108.22656099921852,22.602220987983483,商务住宅;产业园区;产业园区,120100,新扶公路与南钦路交叉口东南80米,广西壮族自治区,南宁市,江南区,工业园
B0M2659JAJ,贝德·联讯云谷,108.29492,22.748985,108.29097860034484,22.751818451574437,商务住宅;产业园区;产业园区,120100,友谊路48-17号贝德·联讯云谷招商中心,广西壮族自治区,南宁市,江南区,工业园
B0M247HQM2,荣港城产业园,108.303075,22.767925,108.29911985826612,22.77073962707682,商务住宅;产业园区;产业园区,120100,金凯路与开源路交叉口东南60米,广西壮族自治区,南宁市,江南区,工业园
B0M1KCRAXY,闽佳物流园B区,108.301345,22.910754,108.29738532524321,22.913518591250124,商务住宅;产业园区;产业园区,120100,南武大道辅路东南30米,广西壮族自治区,南宁市,西乡塘区,工业园
B0M1JLRZHN,工业园区管委会4号楼,108.242538,22.793266,108.23862307258199,22.796120427864082,商务住宅;产业园区;产业园区,120100,下津路8号南宁江南工业园区管理委员会,广西壮族自治区,南宁市,江南区,工业园
B0M1GL9E8C,中国-东盟AI+智创产业园,108.237662,22.788191,108.23374441383369,22.791045357621904,商务住宅;产业园区;产业园区,120100,同乐大道51号A1栋,广西壮族自治区,南宁市,江南区,工业园
B0M1GH80J4,南宁东盟企业总部港E3号栋,108.25885,22.87405,108.25493349754967,22.876874094075262,商务住宅;产业园区;产业园区,120100,振华路与科兴路交叉口东南160米,广西壮族自治区,南宁市,西乡塘区,工业园
B0M1BDX3ZI,中国-东盟AIGC青创中心(禾集工社),108.288028,22.815364,108.2840926144451,22.81818522632377,商务住宅;产业园区;产业园区,120100,新阳街道中尧路48号28号2楼29号2楼,广西壮族自治区,南宁市,西乡塘区,工业园
B0M19HSDSK,南宁产投汽车菁秀产业园零件配套园,108.742175,22.821925,108.73820693985265,22.824767812954516,商务住宅;产业园区;产业园区,120100,昌隆路与广居路交叉口东260米,广西壮族自治区,南宁市,青秀区,工业园
B0M16UNQP1,1993水泥厂文创园,108.427379,22.753232,108.42330031119356,22.755928042500454,商务住宅;产业园区;产业园区,120100,五象大道691号,广西壮族自治区,南宁市,良庆区,工业园
B0M137PUO7,上林县象山工业园区,108.708796,23.42845,108.70484138426751,23.431112777341344,商务住宅;产业园区;产业园区,120100,309省道与金象路交叉口西北40米,广西壮族自治区,南宁市,上林县,工业园
B0LUZ7YQ1V,高峰杨梅种植产业园,108.352991,22.947987,108.34893365627276,22.950641969107664,公司企业;公司;公司,170200,邕武路168号,广西壮族自治区,南宁市,西乡塘区,工业园
B0LUYCTU5U,神冠工业园区,108.308681,22.751759,108.30471707647959,22.75456903327214,商务住宅;产业园区;产业园区,120100,国凯大道13号,广西壮族自治区,南宁市,江南区,工业园
B0LUVDCJTQ,南宁市邕宁区蒲庙镇八鲤工业区,108.498575,22.732575,108.49467248140596,22.735443323495907,商务住宅;产业园区;产业园区,120100,梁村大道辅路与龙门路交叉口西南80米,广西壮族自治区,南宁市,邕宁区,工业园
B0LUU7N8AC,广西乐博家具制造科技园,108.607925,22.959825,108.60419274119445,22.962795885845765,公司企业;公司;公司,170200,远丰家具制造科技园附近,广西壮族自治区,南宁市,兴宁区,工业园
B0LUNL7CPI,大罗五金创业园,108.779151,23.239709,108.7751603082551,23.242399560237676,商务住宅;产业园区;产业园区,120100,[],广西壮族自治区,南宁市,宾阳县,工业园
B0LUFL21IL,南宁隆安港宝塔作业区,107.724425,23.166075,107.72037362311063,23.168796287176722,公司企业;公司;公司|商务住宅;产业园区;产业园区,170200|120100,户外劳动者司机驿站(隆安宝塔港)东侧,广西壮族自治区,南宁市,隆安县,工业园
B0LUF91NSN,承龙创业孵化基地,108.326485,22.776583,108.3224863915357,22.779352152461193,公司企业;公司;公司,170200,亭江路59号,广西壮族自治区,南宁市,江南区,工业园
B0LUDS98I4,广西首信汽车服务有限公司,108.371876,22.681309,108.36780461954656,22.68402914972034,汽车服务;汽车服务相关;汽车服务相关,010000,锦图8号标准厂房,广西壮族自治区,南宁市,良庆区,工业园
B0LU2RUPGC,古寨加善云上瑶乡鹰嘴桃产业园,108.376006,23.77191,108.37187165854182,23.77440594052767,商务住宅;产业园区;产业园区,120100,002乡道,广西壮族自治区,南宁市,马山县,工业园
B0LRZZ1G79,中国—东盟国家人工智能应用合作中心(南A中心),108.398027,22.757764,108.39393291329499,22.760444855155313,商务住宅;产业园区;产业园区,120100,五象大道673号,广西壮族自治区,南宁市,良庆区,工业园
B0LRYLVVWR,南宁国际科技产业城人工智能科创中心,108.45077,22.825419,108.4467277252767,22.82812856213616,商务住宅;产业园区;产业园区,120100,[],广西壮族自治区,南宁市,青秀区,工业园
B0LRVGJ77Y,广西林业科技成果转化基地,108.37201,22.911262,108.36792638457473,22.913904832938236,商务住宅;产业园区;产业园区,120100,应急管理部南方航空护林总站百色站南侧160米,广西壮族自治区,南宁市,兴宁区,工业园
B0LRMXXUER,海城路15号南宁综合保税区(国铁片区),108.246763,22.750712,108.24285198143929,22.753580968702423,商务住宅;产业园区;产业园区,120100,槎路291号,广西壮族自治区,南宁市,江南区,工业园
B0LRMDX7MW,中国东盟稻作园核心示范区,108.68536,22.823372,108.68148736949057,22.826282607247403,商务住宅;产业园区;产业园区,120100,长兴路66号,广西壮族自治区,南宁市,青秀区,工业园
B0LRKAGGW2,江南区迎鹏产业园,108.305625,22.763025,108.30166581166914,22.765836862405134,商务住宅;产业园区;产业园区,120100,迎凯路与朋展路交叉口西南60米,广西壮族自治区,南宁市,江南区,工业园
B0LRD65OYT,新科园,108.218075,22.765325,108.21413745238048,22.768171115115422,商务住宅;产业园区;产业园区,120100,南站大道辅路与沙井互通式立交跨线桥交叉口北300米,广西壮族自治区,南宁市,江南区,工业园
B0LR9SPMAO,南宁新材料产业园南区(建设中),108.974958,22.781251,108.97094914175177,22.78417862934586,商务住宅;产业园区;产业园区,120100,良圻街165号,广西壮族自治区,南宁市,横州市,工业园
B0LR5DBDR2,横县电子商务产业园孵化中心,109.269293,22.709333,109.2650327351533,22.71219931384437,商务住宅;产业园区;产业园区,120100,横州大道与翔云街交叉口北360米,广西壮族自治区,南宁市,横州市,工业园
B0LR3CDOVS,自由贸易试验区,108.374973,22.767365,108.37089352689867,22.77005778344618,商务住宅;产业园区;产业园区,120100,五象大道辅路与龙村路交叉口西120米,广西壮族自治区,南宁市,良庆区,工业园
B0LR37E7TZ,南宁教育园区西片区,108.209492,23.149163,108.20552106394186,23.151845211700323,商务住宅;产业园区;产业园区,120100,发展大道与514省道交叉口西南60米,广西壮族自治区,南宁市,武鸣区,工业园
B0LR1XV74P,弘信工业园,108.280799,22.877239,108.27686874736702,22.88004567695349,商务住宅;产业园区;产业园区,120100,丰达路与弘信路交叉口南160米,广西壮族自治区,南宁市,西乡塘区,工业园
B0LR1LUH3O,武鸣区武华大道(印尼工业园),108.204887,23.178514,108.20090634590258,23.181178510286234,商务住宅;产业园区;产业园区,120100,上平路与聚源路交叉口东260米,广西壮族自治区,南宁市,武鸣区,工业园
B0LR0XQU8B,昌泰东盟园B区,108.399325,22.807125,108.3952281355811,22.80978930796484,商务住宅;住宅区;住宅小区|商务住宅;产业园区;产业园区,120302|120100,合作路与桂雅路交叉口西北100米,广西壮族自治区,南宁市,青秀区,工业园
B0LR0XPV8X,中盟产业园B06栋,108.526625,22.727325,108.52280774174227,22.73027688424442,商务住宅;产业园区;产业园区,120100,蒲庙镇广信路5号中盟产业园,广西壮族自治区,南宁市,邕宁区,工业园
B0LR0OQL6C,广西-东盟国际医疗健康电子信息科技综合产业园,108.234575,22.796625,108.23065463316051,22.799474909153076,商务住宅;产业园区;产业园区,120100,石牌路与同乐大道辅路交叉口西北180米,广西壮族自治区,南宁市,江南区,工业园
B0LR0OPKQG,台翔智能科技综合产业园3栋,108.243625,22.794925,108.23971050451668,22.797779139289123,商务住宅;产业园区;产业园区,120100,仁和路9号台翔智能科技综合产业园,广西壮族自治区,南宁市,江南区,工业园
B0LR0OPEXR,万丰科技工业园,108.272325,22.876725,108.26840221491359,22.879540101277993,商务住宅;产业园区;产业园区,120100,科园大道86号,广西壮族自治区,南宁市,西乡塘区,工业园
B0LR0OP6HT,中盟产业园B05栋,108.525975,22.727325,108.5221559181616,22.73027510650169,商务住宅;产业园区;产业园区,120100,蒲庙镇广信路5号中盟产业园,广西壮族自治区,南宁市,邕宁区,工业园
B0LR0OOSSX,广研E谷大健康产业园1栋,108.284975,22.872575,108.28104039096377,22.87537862558939,商务住宅;产业园区;产业园区,120100,罗赖路与创业路交叉口东60米,广西壮族自治区,南宁市,西乡塘区,工业园
B0LR0OO7LV,中盟产业园A06栋,108.526622,22.727733,108.5228047126842,22.730684761195757,商务住宅;产业园区;产业园区,120100,蒲庙镇广信路5号中盟产业园,广西壮族自治区,南宁市,邕宁区,工业园
B0LR01OW8L,南北物流园D栋,108.221875,22.812975,108.21794022027125,22.815809134360574,商务住宅;产业园区;产业园区,120100,三津大道辅路与上津路交叉口东南320米,广西壮族自治区,南宁市,江南区,工业园
B0LR01OW5S,和德科创中心F7栋,108.248525,22.867675,108.24460849445012,22.870503113514534,商务住宅;产业园区;产业园区,120100,新际路10号和德科创中心,广西壮族自治区,南宁市,西乡塘区,工业园
B0LR01OODY,北湖广隆汽车产业园A区,108.323175,22.877575,108.31917756137683,22.880313718461235,商务住宅;产业园区;产业园区,120100,安武大道辅路与邕大路交叉口西北100米,广西壮族自治区,南宁市,西乡塘区,工业园
B0LR01OLGE,和德科创中心F5栋,108.249437,22.868483,108.24552066192574,22.871310826625653,商务住宅;商务住宅相关;商务住宅相关,120000,新际路10号和德科创中心,广西壮族自治区,南宁市,西乡塘区,工业园
B0LR01OJ4G,研祥智谷D5栋,108.306875,22.755925,108.30291402369446,22.758736917175565,商务住宅;产业园区;产业园区,120100,朋展路与德育街交叉口西300米,广西壮族自治区,南宁市,江南区,工业园
B0LR01OIFF,金凯工业园15栋,108.303075,22.749125,108.29912082608104,22.751945467177766,商务住宅;产业园区;产业园区,120100,国凯大道金凯工业园,广西壮族自治区,南宁市,江南区,工业园
B0LR01O3G5,金凯工业园8栋,108.302178,22.751052,108.29822520691481,22.753873373889903,商务住宅;产业园区;产业园区,120100,国凯大道金凯工业园,广西壮族自治区,南宁市,江南区,工业园
B0LR01NPJT,嘉丰文创园3栋,108.321125,22.856525,108.31713260155652,22.859275805888995,商务住宅;产业园区;产业园区,120100,北湖北路与秀厢大道辅路交叉口东100米,广西壮族自治区,南宁市,西乡塘区,工业园
B0LR01NNN1,嘉丰文创园4栋,108.321119,22.856468,108.31712661602586,22.859218839107502,商务住宅;产业园区;产业园区,120100,北湖北路与秀厢大道辅路交叉口东100米,广西壮族自治区,南宁市,西乡塘区,工业园
B0LR01NGO8,中盟产业园C03栋,108.524525,22.726825,108.52070183947691,22.729771249803,商务住宅;产业园区;产业园区,120100,蒲庙镇广信路5号中盟产业园,广西壮族自治区,南宁市,邕宁区,工业园
B0LR01NGBP,广西桂友总部基地B2栋,108.25645,22.76025,108.25253964728056,22.763115368775644,商务住宅;产业园区;产业园区,120100,洪历路3号广西桂友集团总部基地,广西壮族自治区,南宁市,江南区,工业园
B0LKT9XFG8,超易购总部基地,108.38315,22.768924,108.37906263086991,22.771608639923794,商务住宅;产业园区;产业园区|公司企业;公司;公司,120100|170200,龙佑街与宋厢路辅路交叉口东220米,广西壮族自治区,南宁市,良庆区,工业园
B0LKSUIX8S,启丞科技孵化器,108.354325,22.846375,108.3502707200692,22.849068680335495,商务住宅;产业园区;产业园区,120100,沙江路辅路与燕州路交叉口北100米,广西壮族自治区,南宁市,兴宁区,工业园
B0LKRS6G4R,六景工业园区,108.925875,22.839375,108.92199830259221,22.842381502317746,商务住宅;产业园区;产业园区,120100,纬十一路与景春路交结处,广西壮族自治区,南宁市,横州市,工业园
B0LKRK57LA,桂网电力产业园,108.284625,22.873725,108.2806907392673,22.876528603438985,商务住宅;产业园区;产业园区,120100,创业路与罗赖路交叉口北100米,广西壮族自治区,南宁市,西乡塘区,工业园
B0LKRK4SKC,那阳工业集中区,109.348675,22.719925,109.34424137118712,22.722662539743148,商务住宅;产业园区;产业园区,120100,[],广西壮族自治区,南宁市,横州市,工业园
B0LKR76ZCS,那香米立方文化产业园,108.787264,23.408114,108.78327086354686,23.410773559500857,商务住宅;产业园区;产业园区,120100,上林大米水稻育秧基地米立方文化产业园,广西壮族自治区,南宁市,上林县,工业园
B0LKPUZOFC,朱槿路10号新加坡园区,108.405275,22.808325,108.4011782368692,22.810988910119683,商务住宅;产业园区;产业园区,120100,青林路与铜鼓岭路交叉口西240米,广西壮族自治区,南宁市,青秀区,工业园
B0LKNLR4VA,八冬坡集体经济产业园,108.210175,22.803625,108.2062231181332,22.806448552241424,商务住宅;产业园区;产业园区,120100,定津路与堤园路交叉口东南500米,广西壮族自治区,南宁市,江南区,工业园
B0LK9RAHZQ,容顺物流园A栋,108.296875,22.898925,108.29292296160523,22.901701521227462,商务住宅;产业园区;产业园区,120100,G75兰海高速与安吉立交交叉口东500米,广西壮族自治区,南宁市,西乡塘区,工业园
B0LK4MWT81,南宁六景化工园区,108.970703,22.778215,108.9667092873366,22.781155249760214,商务住宅;产业园区;产业园区,120100,324国道南宁六景化工园区6号路出入口,广西壮族自治区,南宁市,横州市,工业园
B0LK2URVBF,辰逸产业园,108.245175,22.763325,108.24126277291373,22.766189836807108,商务住宅;产业园区;产业园区,120100,洪运路与洪历路辅路交叉口东南160米,广西壮族自治区,南宁市,江南区,工业园
B0LGV1ZLOM,元凯工业园区,108.911548,22.857901,108.90768997869566,22.860911277536147,商务住宅;产业园区;产业园区,120100,景泰路与景春路交叉口东140米,广西壮族自治区,南宁市,横州市,工业园
B0LGTBX0FG,中通支付新零售智慧产业园项目,108.399973,22.692992,108.39588207498186,22.695690639483423,商务住宅;产业园区;产业园区,120100,振邦路与那浪路交叉口东南260米,广西壮族自治区,南宁市,良庆区,工业园
B0LGSH8DJK,上林县社会组织孵化基地,108.602514,23.430067,108.59876103999997,23.4328848314231,商务住宅;产业园区;产业园区,120100,智城路152-154号,广西壮族自治区,南宁市,上林县,工业园
B0LGS58E2T,启禾创业基地,108.377196,22.766547,108.37311420097451,22.769237730822788,商务住宅;产业园区;产业园区,120100,五象大道403号富雅国际金融中心G1栋15楼,广西壮族自治区,南宁市,良庆区,工业园
B0LGNMRHOA,华永丰科技城,108.305771,22.766479,108.3018113836494,22.769289519441788,商务住宅;产业园区;产业园区,120100,朋展路6号,广西壮族自治区,南宁市,江南区,工业园
B0LGHLU6DY,沙井工业园区,108.234525,22.775625,108.23060566721857,22.7784819018321,商务住宅;产业园区;产业园区,120100,金鸡路与三津大道辅路交叉口东260米,广西壮族自治区,南宁市,江南区,工业园
B0LGHAJUX3,万纬南宁良庆园,108.369778,22.703368,108.36570807610534,22.706085292695807,商务住宅;产业园区;产业园区,120100,古庆路与利华路交叉口西北180米,广西壮族自治区,南宁市,良庆区,工业园
B0LGGMXNX5,定罗开发区D区,108.295192,23.1267,108.29123066099552,23.129383637781604,商务住宅;产业园区;产业园区,120100,壮罗路与定罗路辅路交叉口东260米,广西壮族自治区,南宁市,武鸣区,工业园
B0LGFZ8S5O,龙角村产业园,107.794284,23.525502,107.79025022538242,23.528170944462897,商务住宅;产业园区;产业园区,120100,046乡道,广西壮族自治区,南宁市,马山县,工业园
B0LGCLUVIS,金迪工业园,107.887725,23.060875,107.8838956834068,23.06380617683454,商务住宅;产业园区;产业园区,120100,富宁路4号,广西壮族自治区,南宁市,隆安县,工业园
B0LGA5GH9E,五象云谷AI智算产业园,108.392896,22.71201,108.3888057635012,22.71470554289598,商务住宅;产业园区;产业园区,120100,海晖路与金良路交叉口东北240米,广西壮族自治区,南宁市,良庆区,工业园
B0LG7ZVN11,宾阳未来零碳产业园,108.799707,23.201272,108.79573844313803,23.204003011061523,商务住宅;产业园区;产业园区,120100,中和路428号,广西壮族自治区,南宁市,宾阳县,工业园
B0LG7AX199,飞讯联合创新中心,108.382897,22.759502,108.37881032952261,22.7621898157043,商务住宅;产业园区;产业园区,120100,凯旋路9号海尔青啤联合广场C座29楼,广西壮族自治区,南宁市,良庆区,工业园
B0LDX5I9HK,南宁立德机器人有限公司,108.848325,23.251675,108.84442503913851,23.254477197046594,公司企业;公司;公司,170200,宾州镇黎塘工业园区宾州电子信息产业园一期标准厂房3号楼第1层,广西壮族自治区,南宁市,宾阳县,工业园
B0LDTX8G3A,广西兵梦教育科技产业园,108.386275,22.670425,108.38219049238607,22.67313420505453,商务住宅;产业园区;产业园区,120100,源盛东路与D七路交叉口东南240米,广西壮族自治区,南宁市,良庆区,工业园
B0LDSR36JO,捷佳润智慧农业产业园,108.320809,22.893716,108.3168152749383,22.896452759621038,商务住宅;产业园区;产业园区,120100,永林路90号,广西壮族自治区,南宁市,西乡塘区,工业园
B0LDMH7K35,中国-东盟人工智能创新合作中心(孵化基地),108.397299,22.735404,108.3932062225151,22.738091700461336,商务住宅;产业园区;产业园区,120100,融创九棠府南侧约70米,广西壮族自治区,南宁市,良庆区,工业园
B0LDFXYHST,创业园,108.185604,23.206289,108.18158232012182,23.20891121971375,商务住宅;产业园区;产业园区,120100,北环路与长江路交叉口东南60米,广西壮族自治区,南宁市,武鸣区,工业园
B0LDBAYWU1,农民工创业园标准厂房5栋,107.739375,23.160825,107.73531516062918,23.16353812582109,商务住宅;产业园区;产业园区,120100,510县道与宝安北路交叉口南80米,广西壮族自治区,南宁市,隆安县,工业园
B0LDAUI1HE,创美东南亚食品综合产业园,108.396883,22.878168,108.39278278866507,22.880806120555015,商务住宅;产业园区;产业园区,120100,甘泉路与昆岭路交叉口东北260米,广西壮族自治区,南宁市,兴宁区,工业园
B0LD4OS3QP,南宁老友粉产业园,108.193075,23.192775,108.18907020159753,23.19541527490361,商务住宅;产业园区;产业园区,120100,安平路与思源路交叉口东南240米,广西壮族自治区,南宁市,武鸣区,工业园
B0LBRSHT1Z,万纬物流园F栋,108.257375,22.876425,108.25345860085514,22.87924862266877,商务住宅;产业园区;产业园区,120100,南宁市高新区万纬物流园,广西壮族自治区,南宁市,西乡塘区,工业园
B0LBRDI8OI,中国东盟智慧城市示范产业园,108.396825,22.710725,108.39273361846844,22.71341963907212,商务住宅;产业园区;产业园区,120100,金良路与伏那路交叉口东320米,广西壮族自治区,南宁市,良庆区,工业园
B0LBRD2X14,光军智能科技产业园,108.467923,22.862258,108.46392144001464,22.864994050283197,商务住宅;产业园区;产业园区,120100,[],广西壮族自治区,南宁市,兴宁区,工业园
B0LBLUOBBY,广西上林三角梅产业园区,108.683775,23.321725,108.67988026223316,23.324449117991772,商务住宅;产业园区;产业园区,120100,巷贤镇,广西壮族自治区,南宁市,上林县,工业园
B0LBLUNGHJ,居得适新材料科技产业基地,108.181975,22.797875,108.17796652709676,22.80065405909866,商务住宅;产业园区;产业园区,120100,009乡道东北侧,广西壮族自治区,南宁市,西乡塘区,工业园
B0LBLUI3F6,北部湾总部基地,108.280225,22.758025,108.2763014539453,22.760874819946917,商务住宅;产业园区;产业园区,120100,沛阳路与金阳路交叉口西北140米,广西壮族自治区,南宁市,江南区,工业园
B0LBH5Z4VZ,中瑞国润(南宁)生命健康产业园,108.266283,22.875613,108.26236392433293,22.878432910283035,商务住宅;产业园区;产业园区,120100,高新二路与振华路交叉口西北140米,广西壮族自治区,南宁市,西乡塘区,工业园
B0LBH5Q0HU,广西(中国-东盟)粮食物流产业园,108.394601,22.687149,108.39051145790475,22.689850202989554,商务住宅;产业园区;产业园区,120100,平花谷路与沙河路辅路交叉口西南200米,广西壮族自治区,南宁市,良庆区,工业园
B0LBFDYN1B,联东U谷南宁五象智造园,108.398926,22.702433,108.39483468753612,22.70512939919155,商务住宅;产业园区;产业园区,120100,利华路与那约路交叉口西140米,广西壮族自治区,南宁市,良庆区,工业园
B0LBFDTZPV,水性科技产业园200区,108.199304,23.174335,108.19531289538654,23.176992413561287,商务住宅;产业园区;产业园区,120100,聚源路与宁武路交叉口西南180米,广西壮族自治区,南宁市,武鸣区,工业园
B0LB1R3JKX,长胜物流园9栋,108.322025,22.888975,108.31802918583793,22.891711363771993,生活服务;生活服务场所;生活服务场所|商务住宅;产业园区;产业园区,070000|120100,长胜物流园,广西壮族自治区,南宁市,西乡塘区,工业园
B0LAYUXFAS,创新创业中心,108.220025,22.842125,108.21608624678164,22.844946566402076,商务住宅;产业园区;产业园区,120100,西庄路与思圣路交叉口西120米,广西壮族自治区,南宁市,西乡塘区,工业园
B0LAOCQDXB,广西现代林业科技示范园,108.354923,22.960797,108.35086170552509,22.963443374013476,商务住宅;产业园区;产业园区,120100,邕武路168号,广西壮族自治区,南宁市,兴宁区,工业园
B0LAJSROH0,忆美园茉莉花茶研发生产基地,109.28805,22.828303,109.28375308075569,22.8311119851076,商务住宅;产业园区;产业园区,120100,[],广西壮族自治区,南宁市,横州市,工业园
B0L6YUIDXH,南宁仙葫经济开发区,108.448885,22.809539,108.444839483164,22.812250412246367,商务住宅;产业园区;产业园区,120100,仙葫大道辅路与蓉茉大道交叉口西80米,广西壮族自治区,南宁市,青秀区,工业园
B0L6NYTT5V,万纬南宁良庆园2期,108.368961,22.703191,108.36489213991986,22.705909365486356,商务住宅;产业园区;产业园区,120100,六连路与金海路交叉口东南200米,广西壮族自治区,南宁市,良庆区,工业园
B0L69929PT,斯坦福科技园,108.297375,22.746525,108.29343005366886,22.74935544646223,商务住宅;产业园区;产业园区,120100,友谊路与国凯二支路交叉口东北100米,广西壮族自治区,南宁市,江南区,工业园
B0L6751LFQ,广西壮族自治区残疾人康复研究中心建业园区,108.33393,22.723739,108.32991965960868,22.726509959586352,商务住宅;产业园区;产业园区,120100,玉洞街道银海大道建业路22号,广西壮族自治区,南宁市,良庆区,工业园
B0L3X92E2Q,黎塘工业集中区,109.137378,23.186405,109.1330043734805,23.188940815894075,商务住宅;产业园区;产业园区,120100,凤凰路与金园路交叉口西100米,广西壮族自治区,南宁市,宾阳县,工业园
B0L3VRISSF,金大道产业园,108.2101,23.178183,108.20612858629286,23.18085504403573,商务住宅;产业园区;产业园区,120100,武华大道与百威英博大道交叉口东120米,广西壮族自治区,南宁市,武鸣区,工业园
B0L3J4CPB6,中恒医药智造谷13栋,108.286454,22.746825,108.28252408711265,22.74967086430462,商务住宅;产业园区;产业园区,120100,高岭路100号中恒医药智造谷,广西壮族自治区,南宁市,江南区,工业园
B0L3H7AZM7,创新科技产业园,108.282629,22.846756,108.27869837364784,22.849572389478258,商务住宅;产业园区;产业园区,120100,鲁班路与鲁班一支路交叉口西南120米,广西壮族自治区,南宁市,西乡塘区,工业园
B0L3H79C0G,南宁市千亿电子信息产业园,108.23368,22.790967,108.22975917044211,22.793818311649748,商务住宅;产业园区;产业园区,120100,下津路与贵和路交叉口东南260米,广西壮族自治区,南宁市,江南区,工业园
B0L3H78JXH,中国-东盟高端绿色装备智造产业园,108.541675,22.808975,108.53789253010781,22.81193910423548,商务住宅;产业园区;产业园区,120100,天合路5号,广西壮族自治区,南宁市,青秀区,工业园
B0L3CLKEO5,广西工业器材城A11栋,108.301925,22.878425,108.29796605201793,22.88120166691641,商务住宅;产业园区;产业园区,120100,安园东路18号广西工业器材城,广西壮族自治区,南宁市,西乡塘区,工业园
B0L3CBIKGJ,法保网南宁运营中心,108.354406,22.846233,108.35035159091322,22.84892660115635,公司企业;公司;公司,170200,大民广场6层6039号(东沟岭地铁站A口步行170米),广西壮族自治区,南宁市,兴宁区,工业园
B0L3AZQRJO,潘村创业园13栋,108.811475,23.227975,108.80752098535342,23.230716766474785,商务住宅;产业园区;产业园区,120100,临浦路与尚信里交叉口西北460米,广西壮族自治区,南宁市,宾阳县,工业园
B0L3ASUIAB,南向电子信息产业园5栋,108.387375,22.715325,108.38328742218114,22.718022482964752,商务住宅;产业园区;产业园区,120100,华威路16号南向电子信息产业园,广西壮族自治区,南宁市,良庆区,工业园
B0L3ASU7MG,漆通产业园1栋,108.252075,22.861425,108.24815943201848,22.86425547283075,商务住宅;产业园区;产业园区,120100,高新大道漆通产业园,广西壮族自治区,南宁市,西乡塘区,工业园
B0L3AST7Y2,五象云谷智算中心D1栋,108.392975,22.712525,108.38888470541384,22.715220374535875,商务住宅;产业园区;产业园区,120100,海晖路与金良路交叉口东北300米,广西壮族自治区,南宁市,良庆区,工业园
B0L3ASRI0T,中盟产业园C04栋,108.525549,22.727025,108.52172873272762,22.729974020949303,商务住宅;产业园区;产业园区,120100,蒲庙镇广信路5号中盟产业园,广西壮族自治区,南宁市,邕宁区,工业园
B0M6RH0X1B,隆安县电子商务产业园,107.683756,23.175146,107.67976439623261,23.177924044065655,商务住宅;产业园区;产业园区,120100,兴隆路与蝶城路交叉口西南120米,广西壮族自治区,南宁市,隆安县,产业园
B0LK0Y7QR8,粤桂协作产业园,107.911804,23.069102,107.9079833390933,23.072031793710316,公司企业;公司企业;公司企业,170000,隆安县农产品加工示范园(三期)东侧130米,广西壮族自治区,南宁市,隆安县,产业园
B0JB1AFG09,隆安县火龙果产业示范区,107.948095,23.08109,107.94423575493857,23.083969707843266,公司企业;农林牧渔基地;其它农林牧渔基地,170400,358国道与020乡道交叉口东北220米,广西壮族自治区,南宁市,隆安县,产业园
B0J2HCLVO4,南宁市双定循环经济产业园,108.079944,23.03035,108.07578474914438,23.03293353355207,商务住宅;产业园区;产业园区,120100,双定镇义平村咘元坡65号,广西壮族自治区,南宁市,西乡塘区,产业园
B0MDF9A0GF,南宁科天水性科技产业园400区,108.184405,23.181424,108.180381959838,23.184052959881438,商务住宅;产业园区;产业园区,120100,思源路与宁武路交叉口南200米,广西壮族自治区,南宁市,武鸣区,产业园
B0MB4CZ3Y0,大都租赁产业园,108.180575,22.805575,108.17656296943149,22.808348785760028,商务住宅;产业园区;产业园区,120100,005县道与009乡道交叉口东北500米,广西壮族自治区,南宁市,西乡塘区,产业园
B0JRNC7OE7,南宁空港科技产业园B区,108.215494,22.633337,108.21155938737459,22.636213169249515,商务住宅;产业园区;产业园区,120100,吴圩镇7号路以西1号路以南,广西壮族自治区,南宁市,江南区,产业园
B0K19ZCI0K,台翔智能科技综合产业园,108.2437,22.795025,108.23978553324905,22.797879122596893,商务住宅;产业园区;产业园区,120100,仁和路9号,广西壮族自治区,南宁市,江南区,产业园
B0JGCUIT39,创科园,108.253645,22.862144,108.24972949938926,22.864974012176578,商务住宅;产业园区;产业园区,120100,科创路15号,广西壮族自治区,南宁市,西乡塘区,产业园
B0KAFZICH2,广西桂台现代农机产业服务园,108.285476,23.072382,108.28153047164223,23.07510130881225,商务住宅;产业园区;产业园区,120100,南武大道b-50号,广西壮族自治区,南宁市,武鸣区,产业园
B0M67HY6HY,五彩壮乡文化产业园,108.29678,23.115976,108.29281684327108,23.118661525568758,商务住宅;产业园区;产业园区,120100,定罗路辅路东北30米,广西壮族自治区,南宁市,武鸣区,产业园
B0LUZCT2G5,飞鹏U谷中芯智慧产业园,108.290615,23.07109,108.28666301844844,23.073803068797265,公司企业;公司;公司,170200,南武大道b-50号,广西壮族自治区,南宁市,武鸣区,产业园
B0LR0OQ75P,广研E谷大健康产业园5栋,108.284975,22.871875,108.28104042700984,22.87467890028925,商务住宅;产业园区;产业园区,120100,创业路与罗赖路交叉口东南100米,广西壮族自治区,南宁市,西乡塘区,产业园
B0M1D7USEM,南宁科创产业园厂房A座,108.294244,22.749028,108.29030358170891,22.751862445032103,商务住宅;产业园区;产业园区,120100,友谊路48-17号南宁科创产业园,广西壮族自治区,南宁市,江南区,产业园
B0KUYSUL8M,春吉产业孵化园,108.29443,22.741956,108.29048967543858,22.744792281302157,商务住宅;产业园区;产业园区,120100,友谊路58号,广西壮族自治区,南宁市,江南区,产业园
B0MUBK4KIK,食药械妆产业园3区,108.316544,22.896877,108.31255820791908,22.89962047696483,公司企业;公司企业;公司企业,170000,连畴路与连园路交叉口东南120米,广西壮族自治区,南宁市,西乡塘区,产业园
B0KGPHXPYQ,金慧达产业园,108.319795,22.913168,108.31580220292665,22.915898757778525,商务住宅;产业园区;产业园区,120100,望天岭路北面,广西壮族自治区,南宁市,西乡塘区,产业园
B0JKYC884Y,智能信息产业园(C组团)(建设中),108.317524,22.896264,108.31353639425366,22.89900590038601,商务住宅;产业园区;产业园区,120100,连畴路81号,广西壮族自治区,南宁市,西乡塘区,产业园
B0LKDRNXAK,北湖广隆汽车产业园B区,108.322222,22.877363,108.3182264103311,22.8801036109483,商务住宅;产业园区;产业园区,120100,安武大道辅路与邕大路交叉口西180米,广西壮族自治区,南宁市,西乡塘区,产业园
B0MGJ7DKCV,康迪健康产业园,108.308275,22.763725,108.3043111754471,22.766532039059705,商务住宅;产业园区;产业园区,120100,迎凯路与朋云路交叉口西北100米,广西壮族自治区,南宁市,江南区,产业园
B0MR2LQPQY,祥沃产业园,108.328425,22.721775,108.32442545947448,22.724556988373674,商务住宅;产业园区;产业园区,120100,建业路与建业二街交叉口东北40米,广西壮族自治区,南宁市,良庆区,产业园
B0LK7S3VPG,广西增创标准厂房产业园,108.364604,22.922352,108.36052961028645,22.924999804505184,商务住宅;产业园区;产业园区,120100,[],广西壮族自治区,南宁市,兴宁区,产业园
B0J6ASUMVN,启丞数字产业园,108.354391,22.846367,108.35033660917736,22.849060575125005,商务住宅;产业园区;产业园区,120100,建安路21号(东沟岭地铁站A口旁),广西壮族自治区,南宁市,兴宁区,产业园
B0M6XMO71N,彰泰智谷电竞产业园,108.384025,22.882625,108.37993095822796,22.885267744904485,商务住宅;产业园区;产业园区,120100,甘坊路与那况路辅路交叉口西220米,广西壮族自治区,南宁市,兴宁区,产业园
B0J3A7HSB0,电竞(广西)产业园,108.384806,22.88462,108.38071126662676,22.887261373962197,商务住宅;产业园区;产业园区,120100,规划路与那况路交叉口西北320米,广西壮族自治区,南宁市,兴宁区,产业园
B0L3AAPVW0,住建产业园,108.36754,22.724517,108.36347190836096,22.72723149516005,商务住宅;产业园区;产业园区,120100,玉象路38号,广西壮族自治区,南宁市,良庆区,产业园
B0M2BH783J,未来城电商产业园,108.393097,22.880776,108.38899779968314,22.883414266327268,商务住宅;产业园区;产业园区,120100,昆岭路辅路与天德路交叉口东北40米,广西壮族自治区,南宁市,兴宁区,产业园
B0JAL76FAO,万纬南宁良庆园1期,108.373152,22.703905,108.3690779213055,22.70661813183213,商务住宅;产业园区;产业园区,120100,华兴路16号,广西壮族自治区,南宁市,良庆区,产业园
B0KK5D69T5,昆仑全屋定制产业园,108.412058,22.889255,108.40795916900349,22.891890238360038,商务住宅;产业园区;产业园区,120100,三塘镇那况村村委后面九曲湾路229号,广西壮族自治区,南宁市,兴宁区,产业园
B0J2U5YD4G,爱业新产业园,108.424989,22.872327,108.42090129366555,22.874978407264056,商务住宅;产业园区;产业园区,120100,松柏路23号,广西壮族自治区,南宁市,兴宁区,产业园
B0K2MDMTBP,五象投资创新型信息产业基地3期,108.402113,22.70736,108.39802125617013,22.71005489070214,商务住宅;产业园区;产业园区,120100,金良路9号,广西壮族自治区,南宁市,良庆区,产业园
B0MDHHS0DZ,中铁四局集团南宁东部新城智慧产业园及配套基础设施工程项目(张六),108.422066,22.839515,108.41797702120202,22.84217619304744,公司企业;公司;公司,170200,站南一支路与通达东路交叉口东北200米中建八局院内,广西壮族自治区,南宁市,青秀区,产业园
B0LACDKFXI,中铁二十局轨道科创产业园项目部,108.428109,22.818134,108.42402779272307,22.820809223011047,公司企业;公司;公司,170200,高坡岭路3号(百花岭地铁站C口步行90米),广西壮族自治区,南宁市,青秀区,产业园
B0KKMCL0D5,南宁轨道科技创新产业园二期,108.428414,22.818859,108.42433313485054,22.821534317947314,商务住宅;产业园区;产业园区,120100,贝田路与高坡岭路交叉口东南80米,广西壮族自治区,南宁市,青秀区,产业园
B0JUTA8UE9,南宁产投创新产业园三期,108.495474,22.727471,108.49156198472564,22.73033142489593,商务住宅;产业园区;产业园区,120100,那美大道5号,广西壮族自治区,南宁市,邕宁区,产业园
B0MAV64LS3,京东智能产业园南宁兴宁1期2号库,108.532575,22.928725,108.52876371158764,22.931620151106834,公司企业;公司;公司,170200,规划路与五塘路交叉口南460米,广西壮族自治区,南宁市,兴宁区,产业园
B0LK1ZCVZZ,中盟产业园A02栋,108.523835,22.727466,108.5200098371054,22.730410152689576,商务住宅;产业园区;产业园区,120100,蒲庙镇广信路5号中盟产业园,广西壮族自治区,南宁市,邕宁区,产业园
B0L17S90F4,华三电商产业园,108.535761,22.809529,108.5319640279381,22.81247861359786,商务住宅;产业园区;产业园区,120100,天合路3号,广西壮族自治区,南宁市,青秀区,产业园
B0LR0OPKBJ,中盟产业园A05栋,108.525975,22.727625,108.52215590296296,22.73057502205895,商务住宅;产业园区;产业园区,120100,蒲庙镇广信路5号中盟产业园,广西壮族自治区,南宁市,邕宁区,产业园
B0JBA564H9,广西北投交通科技产业园(五塘基地),108.56428,22.952211,108.56053323289417,22.955162251582365,商务住宅;产业园区;产业园区,120100,五塘工业集中区,广西壮族自治区,南宁市,兴宁区,产业园
B0JU27F31H,京东,108.570753,22.952016,108.56701437443401,22.954976059036625,商务住宅;产业园区;产业园区,120100,五塘镇工业集中区兴区路7号,广西壮族自治区,南宁市,兴宁区,产业园
B0M6PDLDW8,(上林东)广西亿成花王生物科技有限公司花卉产业示范园,108.677185,23.419151,108.67330086344789,23.421868994120473,商务住宅;产业园区;产业园区,120100,白上线,广西壮族自治区,南宁市,上林县,产业园
B0M2PSLYSJ,乡村振兴产业园,108.70955,23.42995,108.70559387789234,23.43261154559493,商务住宅;产业园区;产业园区,120100,金象路与309省道交叉口北200米,广西壮族自治区,南宁市,上林县,产业园
B0LUTZ5ESI,上林县粤桂协作花卉乡村振兴现代农业产业园,108.720267,23.286003,108.71630001761334,23.288680601120927,商务住宅;产业园区;产业园区,120100,[],广西壮族自治区,南宁市,上林县,产业园
B0MUC71P36,陆村产业园,108.765425,23.232725,108.76142879814567,23.235406731879557,商务住宅;产业园区;产业园区,120100,[],广西壮族自治区,南宁市,宾阳县,产业园
B0LD19K7AA,南宁合众新能源汽车产业基地,108.742019,22.826152,108.73805083601042,22.828993324130256,公司企业;公司企业;公司企业,170000,江南8号路与江南37号路交叉口西300米,广西壮族自治区,南宁市,青秀区,产业园
B0MG2N0KRV,美宜佳产业园,108.928975,22.842725,108.92509256695843,22.845726700477247,商务住宅;产业园区;产业园区,120100,经五路与纬十路交叉口东南340米,广西壮族自治区,南宁市,横州市,产业园
B0JRH1J0GK,创志酒业(马岭厂),109.284775,22.831725,109.28048398565176,22.834536897537753,公司企业;公司;公司,170200,马岭镇健康产业园,广西壮族自治区,南宁市,横州市,产业园
B0LKRK4KW7,忆美园健康特色农产品加工产业园区,109.288125,22.828025,109.28382795280471,22.830833988012397,商务住宅;产业园区;产业园区,120100,[],广西壮族自治区,南宁市,横州市,产业园
B0J2RSNMDG,南宁轨道科技创新产业园(建设中),108.428349,22.818821,108.42426805544892,22.821496255515786,商务住宅;产业园区;产业园区,120100,高坡岭路10号(百花岭地铁站D口旁),广西壮族自治区,南宁市,青秀区,产业园
B0IUHCP7U6,广西(南宁)人力资源服务产业园,108.392875,22.708875,108.38878493631326,22.711571379111213,公司企业;公司;公司|商务住宅;产业园区;产业园区,170200|120100,海晖路9号,广西壮族自治区,南宁市,良庆区,产业园
B0IUC72W49,食药械妆产业园二区(原南宁中关村电子信息产业园三期)(建设中),108.310672,22.90341,108.30669668363402,22.906161553300823,商务住宅;产业园区;产业园区,120100,芦村岭路116号,广西壮族自治区,南宁市,西乡塘区,产业园
B0IRJ7MHXP,万高新能源产业园,108.278488,22.879018,108.27455994264709,22.881826447529267,商务住宅;产业园区;产业园区,120100,振兴路88号,广西壮族自治区,南宁市,西乡塘区,产业园
B0IRFD8MEN,华甸电气科技产业园(建设中),108.522879,22.738298,108.51905054090001,22.741236375318334,商务住宅;产业园区;产业园区,120100,八鲤路363号,广西壮族自治区,南宁市,邕宁区,产业园
B0IKRZIPCZ,南宁东创智能制造产业园(建设中),108.317866,22.90681,108.31387719985774,22.90954697912935,商务住宅;产业园区;产业园区,120100,望天岭路108号,广西壮族自治区,南宁市,西乡塘区,产业园
B0IKMCMCMH,约行科技园,108.256357,22.859381,108.25244157836086,22.862211543800225,商务住宅;产业园区;产业园区,120100,科园西十路17号,广西壮族自治区,南宁市,西乡塘区,产业园
B0IGXDMQCS,产投江南产业园(建设中),108.222316,22.796313,108.21838264763696,22.79915338961733,商务住宅;产业园区;产业园区,120100,石牌路58号,广西壮族自治区,南宁市,江南区,产业园
B0IGFHV3IZ,广西南港粮食产业园,108.245562,22.757116,108.2416502374218,22.759982840184424,商务住宅;产业园区;产业园区,120100,同兴路与国凯大道交叉口西南480米,广西壮族自治区,南宁市,江南区,产业园
B0IDT75GU4,南宁交投创新产业园(建设中),108.920418,22.842344,108.91654981249842,22.84535459454888,商务住宅;产业园区;产业园区,120100,景春路17号,广西壮族自治区,南宁市,横州市,产业园
B0IDSUHS3F,五象投资大数据产业园二期,108.392498,22.708655,108.38840810015644,22.71135159055025,商务住宅;产业园区;产业园区,120100,海晖路9号,广西壮族自治区,南宁市,良庆区,产业园
B0IANZIL61,南宁零公里空港产业园,108.183058,22.619469,108.17906116821366,22.62229621867271,商务住宅;产业园区;产业园区,120100,001县道与G7211南友高速入口交叉口东南120米,广西壮族自治区,南宁市,江南区,产业园
B0I6BCXFYL,美宜佳广西产业园,108.925488,22.839647,108.92161195053495,22.84265381343644,商务住宅;产业园区;产业园区,120100,景春路与纬十一路交叉口西北220米,广西壮族自治区,南宁市,横州市,产业园
B0I3Z5THI2,南宁国人科技产业园,108.514385,22.73234,108.51053166468883,22.73525569964252,商务住宅;产业园区;产业园区,120100,仁信路,广西壮族自治区,南宁市,邕宁区,产业园
B0I33RWXWY,汇通产业园,108.358005,22.711052,108.35395173609066,22.713783897153164,商务住宅;产业园区;产业园区,120100,杜鹃路10号,广西壮族自治区,南宁市,良庆区,产业园
B0I2U5Y4IX,南宁华丰产业园,108.200096,23.187866,108.19610574667928,23.19051970211295,商务住宅;产业园区;产业园区,120100,宝源北路6号,广西壮族自治区,南宁市,武鸣区,产业园
B0I0K73ONU,南宁中关村电子信息产业园(二期),108.314045,22.903042,108.3100635452641,22.905787588519054,商务住宅;产业园区;产业园区,120100,四维路与鸡帽岭路交叉口东南180米,广西壮族自治区,南宁市,西乡塘区,产业园
B0HUASZ0D7,华三明阳产业园,108.22745,22.575524,108.22353405919857,22.578420525769825,商务住宅;产业园区;产业园区,120100,明阳三路142号,广西壮族自治区,南宁市,江南区,产业园
B0HU6Z1SFA,顺丰丰泰产业园·南宁,108.208203,22.631319,108.20425657045755,22.634185996329425,商务住宅;产业园区;产业园区,120100,吴圩镇扬帆路8号,广西壮族自治区,南宁市,江南区,产业园
B0HKJZWR2P,产投经开海城产业园(建设中),108.256762,22.746584,108.252852317573,22.749453469768042,商务住宅;产业园区;产业园区,120100,[],广西壮族自治区,南宁市,江南区,产业园
B0HKJ538ZK,华芯振邦产业园,108.397706,22.691135,108.39361546864902,22.693834426928564,商务住宅;产业园区;产业园区,120100,公岸路6号,广西壮族自治区,南宁市,良庆区,产业园
B0HGD77M1C,南宁产投创新产业园二期,108.506982,22.723746,108.50310630732785,22.726642143158365,商务住宅;产业园区;产业园区,120100,良信路与腾鲤路交叉口东南380米,广西壮族自治区,南宁市,邕宁区,产业园
B0HG2C1NBC,五象投资创新型信息产业基地二期,108.40205,22.710174,108.39795810735968,22.712868152873128,商务住宅;商务住宅相关;商务住宅相关,120000,金良路8号,广西壮族自治区,南宁市,良庆区,产业园
B0HDPRMBXB,阳工工业园,108.250828,22.766777,108.24691712291367,22.7696411311272,商务住宅;产业园区;产业园区,120100,金凯路111号,广西壮族自治区,南宁市,江南区,产业园
B0HBK7SJWH,南宁中关村信息谷科技园,108.314656,22.897362,108.31067370829535,22.900108770470233,商务住宅;产业园区;产业园区,120100,连畴路与连园路交叉口西160米,广西壮族自治区,南宁市,西乡塘区,产业园
B0H3D1WE2Y,南宁嘉丰文化创意产业园,108.320969,22.856745,108.31697688929627,22.8594960162517,商务住宅;产业园区;产业园区,120100,北湖北路38号1栋,广西壮族自治区,南宁市,西乡塘区,产业园
B0H3ARDNZV,石西九队工业园,108.165377,22.835582,108.161328595878,22.83831630091688,商务住宅;产业园区;产业园区,120100,福昆线(金沙湖风景区),广西壮族自治区,南宁市,西乡塘区,产业园
B0H35S3LPJ,东南产业园,108.103098,22.876025,108.09894641404024,22.878666199364744,商务住宅;产业园区;产业园区,120100,016乡道与金陵大道交叉口西北240米,广西壮族自治区,南宁市,西乡塘区,产业园
B0H2F7LXGN,嘉瑞科技产业园,108.891345,22.862788,108.88749745115092,22.86579608222311,商务住宅;产业园区;产业园区,120100,南宁六景工业园区经三路与纬三路交叉处,广西壮族自治区,南宁市,横州市,产业园
B0H2B5LDJT,京东智能产业园南宁兴宁1期,108.534102,22.929614,108.53029466695283,22.932512702585466,生活服务;物流速递;物流速递,070500,昆仑大道688号,广西壮族自治区,南宁市,兴宁区,产业园
B0H0GUDOHX,漆通产业园,108.252145,22.861503,108.24822943486535,22.864333436530746,商务住宅;产业园区;产业园区,120100,高新大道,广西壮族自治区,南宁市,西乡塘区,产业园
B0GRD5IIT5,南宁科创产业园,108.294687,22.749445,108.2907459171198,22.752278660718343,商务住宅;产业园区;产业园区,120100,友谊路48-17号,广西壮族自治区,南宁市,江南区,产业园
B0GRD5IHP5,鼎硕产业园,108.259731,22.85555,108.25581526956029,22.85838096305124,商务住宅;产业园区;产业园区,120100,南宁高新区高新四路3号,广西壮族自治区,南宁市,西乡塘区,产业园
B0GK25JAZA,荣港城产业园二期,108.305549,22.767037,108.30158973494834,22.76984772292716,商务住宅;产业园区;产业园区,120100,金凯街道金凯路11号,广西壮族自治区,南宁市,江南区,产业园
B0G3YATYBA,广西路桥·科技城,108.401491,22.880451,108.39739013767573,22.88308760817995,商务住宅;产业园区;产业园区,120100,甘泉路27号,广西壮族自治区,南宁市,兴宁区,产业园
B0G39SOHYZ,广西化工研究院科技园,108.356036,22.852757,108.35197852955889,22.855445480177302,商务住宅;产业园区;产业园区,120100,兴东路61号(小鸡村地铁站C口步行430米),广西壮族自治区,南宁市,兴宁区,产业园
B0G1GLNS8T,迈越科技产业园,108.397452,22.708453,108.39336060765999,22.71114809896285,商务住宅;产业园区;产业园区,120100,金良路15号,广西壮族自治区,南宁市,良庆区,产业园
B0G0PCF17C,中国-东盟数字经济产业园,108.544949,22.80625,108.54117415817379,22.809222510764812,商务住宅;产业园区;产业园区,120100,仙葫五合天合路南侧,广西壮族自治区,南宁市,青秀区,产业园
B0G0OSUD48,南宁产投汽车青秀产业园,108.742201,22.826116,108.73823270215227,22.828957281518882,商务住宅;产业园区;产业园区,120100,伶俐镇伶俐工业园集中区,广西壮族自治区,南宁市,青秀区,产业园
B0G07C2ZDK,绿港·双创城,108.307752,22.767313,108.30378890840637,22.770119819081934,商务住宅;产业园区;产业园区,120100,金凯路7号,广西壮族自治区,南宁市,江南区,产业园
B0FFMB2O8S,南宁中关村电子信息产业园,108.315677,22.900566,108.31169264044577,22.903309589875715,商务住宅;产业园区;产业园区,120100,芦村岭路辅路与经三路交叉口东南140米,广西壮族自治区,南宁市,西乡塘区,产业园
B0FFM9PSSS,广西绿营智能设备工业孵化园,108.462338,22.862464,108.45832153521897,22.86518585958868,商务住宅;产业园区;产业园区,120100,[],广西壮族自治区,南宁市,兴宁区,产业园
B0FFM8RAWO,南宁和泰产业园,108.359923,22.708171,108.3558668535759,22.710900704160156,商务住宅;产业园区;产业园区,120100,杜鹃路16号,广西壮族自治区,南宁市,良庆区,产业园
B0FFM8IIH3,广西建工产业投资南宁装配式建筑产业基地,108.746824,22.827438,108.74285262553659,22.830277801191773,商务住宅;产业园区;产业园区,120100,伶俐工业园江南8号路广西建工集团,广西壮族自治区,南宁市,青秀区,产业园
B0FFM7K09W,南向电子信息产业园,108.387658,22.714671,108.38357028006783,22.717368484011562,商务住宅;产业园区;产业园区,120100,华威路16号,广西壮族自治区,南宁市,良庆区,产业园
B0FFM34UBB,南宁修正健康产业基地,108.278688,22.752191,108.27476626211394,22.755044250553293,商务住宅;产业园区;产业园区,120100,沛友路与国凯大道交叉口东南260米,广西壮族自治区,南宁市,江南区,产业园
B0FFLNVP75,潘村工业园,108.809527,23.229406,108.80557011253008,23.232143834393526,商务住宅;产业园区;产业园区,120100,宾州镇潘村,广西壮族自治区,南宁市,宾阳县,产业园
B0FFLJ2TG4,凯斯博产业园,108.199543,23.182855,108.1955519216791,23.185509648115605,商务住宅;产业园区;产业园区,120100,华侨投资区武华大道15号,广西壮族自治区,南宁市,武鸣区,产业园
B0FFLFPU8B,岑科产业园研发中心,108.844418,23.255602,108.84051238463881,23.258396087051747,科教文化服务;科研机构;科研机构,141300,宝塔路与中山路交叉口东南180米,广西壮族自治区,南宁市,宾阳县,产业园
B0FFLFCPXI,富通电子产业园,108.276218,22.880139,108.27229194605805,22.88294926686685,商务住宅;产业园区;产业园区,120100,高科路与新康东路交叉口西南180米,广西壮族自治区,南宁市,西乡塘区,产业园
B0FFLEJMWF,广西天行汽车产业园,108.326774,22.877487,108.32276958753015,22.880218896466218,商务住宅;产业园区;产业园区,120100,安武大道33号,广西壮族自治区,南宁市,西乡塘区,产业园
B0FFL559ET,南宁产投创新产业园,108.51771,22.733664,108.51386660449161,22.736588999730724,商务住宅;商务住宅相关;商务住宅相关,120000,梁村大道辅路与广信路交叉口西400米,广西壮族自治区,南宁市,邕宁区,产业园
B0FFL2YKWG,上林县农民工创业园,108.681107,23.428535,108.67721299165576,23.43124440006459,商务住宅;产业园区;产业园区,120100,澄泰乡联盛汽修,广西壮族自治区,南宁市,上林县,产业园
B0FFL2PU4P,宾州产业园(建设中),108.842472,23.249535,108.83856390249466,23.252327480538572,商务住宅;产业园区;产业园区,120100,开源路与东环路交叉口东北40米,广西壮族自治区,南宁市,宾阳县,产业园
B0FFL1ES6O,昌桂东盟科技园,108.197204,23.18795,108.19320798106882,23.190598982751712,商务住宅;产业园区;产业园区,120100,安平路与广安路交叉口南280米,广西壮族自治区,南宁市,武鸣区,产业园
B0FFKU42NY,万纬南宁新中智慧园,108.375197,22.703969,108.37112060291288,22.706679856142703,商务住宅;产业园区;产业园区,120100,海德路,广西壮族自治区,南宁市,良庆区,产业园
B0FFKQFFW9,都龙科技园,108.321725,22.894999,108.3177294496848,22.8977335102756,商务住宅;产业园区;产业园区,120100,园北路2号,广西壮族自治区,南宁市,西乡塘区,产业园
B0FFKK90H2,三科科技园,108.276674,22.878615,108.27274762539217,22.881425429264077,商务住宅;产业园区;产业园区,120100,振兴路90号,广西壮族自治区,南宁市,西乡塘区,产业园
B0FFKJDZ3I,春天产业园,108.341211,22.709116,108.33718746972738,22.711877276883012,商务住宅;产业园区;产业园区,120100,亮岭二街13号,广西壮族自治区,南宁市,良庆区,产业园
B0FFKG99ID,建工产业园,108.743572,22.832746,108.73960237612238,22.83558446688825,商务住宅;商务住宅相关;商务住宅相关,120000,伶俐镇民兴路10号广西建工产业园(伶俐收费站附近),广西壮族自治区,南宁市,青秀区,产业园
B0FFKCI05U,宗见禧产业园,108.323461,22.894434,108.31946213180328,22.897165444195288,商务住宅;产业园区;产业园区,120100,连园路99号,广西壮族自治区,南宁市,西乡塘区,产业园
B0FFK8GZ90,上林县扶贫产业园,108.710615,23.429843,108.70665689460562,23.432503098026945,商务住宅;产业园区;产业园区,120100,金象路与309省道交叉口东北240米,广西壮族自治区,南宁市,上林县,产业园
B0FFK7SYWM,南宁生态产业园A1栋,108.264673,22.879089,108.26075447591222,22.881908482054587,商务住宅;产业园区;产业园区,120100,高新三路与振兴路交叉口东北120米,广西壮族自治区,南宁市,西乡塘区,产业园
B0FFK7KC05,南宁十一电子信息产业园,108.256708,22.877308,108.25279162772303,22.88013145715924,商务住宅;产业园区;产业园区,120100,振兴路与新际路交叉口,广西壮族自治区,南宁市,西乡塘区,产业园
B0FFJEL37G,南宁生态产业园,108.265265,22.880753,108.26134613403656,22.883571486070302,商务住宅;产业园区;产业园区,120100,新康西路与高新三路交叉口东南160米,广西壮族自治区,南宁市,西乡塘区,产业园
B0FFIV33KJ,岑科产业园,108.844922,23.25561,108.84101710069633,23.258404984666353,商务住宅;产业园区;产业园区,120100,宝塔路与中山路交叉口东220米,广西壮族自治区,南宁市,宾阳县,产业园
B0FFIR3L4Y,绿港集团创意产业园,108.295972,22.759782,108.29202849073302,22.76261055017198,商务住宅;产业园区;产业园区,120100,那洪大道12号,广西壮族自治区,南宁市,江南区,产业园
B0FFIGYHTE,广西森宝清洁能源汽车产业园,108.290801,23.071831,108.28684872892964,23.074543499312107,商务住宅;产业园区;产业园区,120100,南武大道B-50号,广西壮族自治区,南宁市,武鸣区,产业园
B0FFIBZG6W,南宁科天水性科技产业园,108.191898,23.17728,108.18789152488873,23.179923898824274,商务住宅;商务住宅相关;商务住宅相关,120000,宁武路与宝源路交叉口西340米,广西壮族自治区,南宁市,武鸣区,产业园
B0FFIAY5NA,现代光电科技工业园,108.256174,22.762231,108.25226356746775,22.765095816683395,商务住宅;产业园区;产业园区,120100,洪历路2-6号(那历村地铁站A口步行200米),广西壮族自治区,南宁市,江南区,产业园
B0FFI9UP7A,美地创意园,108.338942,22.836372,108.33491615373454,22.839096608869546,商务住宅;产业园区;产业园区,120100,长兴路北150米,广西壮族自治区,南宁市,兴宁区,产业园
B0FFI8MUEK,和鑫科技园,108.841783,23.25278,108.83787372874406,23.25557020947896,商务住宅;产业园区;产业园区,120100,东环路与中山路交叉口东180米,广西壮族自治区,南宁市,宾阳县,产业园
B0FFI2ERJ1,兴宁创业园,108.426599,22.870981,108.42251318899558,22.87363463641624,商务住宅;产业园区;产业园区,120100,三塘镇松柏路31号3号楼6层,广西壮族自治区,南宁市,兴宁区,产业园
B0FFI010HS,荣华五象智富,108.394135,22.705084,108.39004467116986,22.707780895628808,商务住宅;产业园区;产业园区,120100,良庆镇平乐大道金海路19号,广西壮族自治区,南宁市,良庆区,产业园
B0FFHM94TE,南宁经济技术开发区银凯工业园,108.25517,22.758874,108.25125979030773,22.761740089278355,商务住宅;产业园区;产业园区,120100,囯凯大道,广西壮族自治区,南宁市,江南区,产业园
B0FFHL84NV,南宁润一科技工业园,108.31722,22.88688,108.31323345519228,22.889626237837277,商务住宅;产业园区;产业园区,120100,连福路与连畴路交叉口东南160米,广西壮族自治区,南宁市,西乡塘区,产业园
B0FFHK2YRQ,平安不动产广西平安现代工业产业园,108.202416,22.63221,108.19845898112047,22.63506830002861,商务住宅;产业园区;产业园区,120100,明阳大道001县道,广西壮族自治区,南宁市,江南区,产业园
B0FFHEGJ2F,富士康科技集团南宁科技园,108.240153,22.789977,108.23623693549439,22.79283177940015,商务住宅;产业园区;产业园区,120100,沙井街道智和路,广西壮族自治区,南宁市,江南区,产业园
B0FFH8XXQW,南宁-东盟企业总部基地3期,108.276438,22.872162,108.27251216473215,22.87497520122519,商务住宅;产业园区;产业园区,120100,[],广西壮族自治区,南宁市,西乡塘区,产业园
B0FFH8LKPH,港景科技园,108.892923,22.85531,108.88907568827207,22.858321623082876,商务住宅;产业园区;产业园区,120100,景江大道与景顺路交叉口南460米,广西壮族自治区,南宁市,横州市,产业园
B0FFH22ROE,见隆工业园,108.255116,22.768756,108.25120528671191,22.7716189837019,商务住宅;产业园区;产业园区,120100,沙井南站大道路口银凯工业区金凯路96号,广西壮族自治区,南宁市,江南区,产业园
B0FFH1W3L9,豪爵商业园,108.241617,22.797941,108.23770135699188,22.800793559558645,商务住宅;产业园区;产业园区,120100,沙井街道定秋路,广西壮族自治区,南宁市,江南区,产业园
B0FFH1OEE5,广西现代联华文化产业园,108.420514,22.868229,108.4164220757116,22.870877889556347,商务住宅;产业园区;产业园区,120100,东环路与三塘南路交叉口北240米,广西壮族自治区,南宁市,兴宁区,产业园
B0FFH1HC2K,盛洲科技园,108.278054,22.880626,108.27412626832154,22.883434255988128,商务住宅;产业园区;产业园区,120100,高新技术开发区管委会高科路28号,广西壮族自治区,南宁市,西乡塘区,产业园
B0MDS6CPIQ,金华批发仓库,107.678125,23.181475,107.67414398654347,23.184261273442196,公司企业;公司;公司,170200,蝶城路737号城北商业广场,广西壮族自治区,南宁市,隆安县,仓储
B0M6YCSIPH,华锋厨电窗帘仓储批发,107.680776,23.177896,107.67678999686669,23.180678589634578,购物服务;家居建材市场;家居建材市场,060600,新华街与景山街交叉口20米,广西壮族自治区,南宁市,隆安县,仓储
B0MGJ5C3CR,6号仓库农药肥料折扣仓(唐村屯),108.173796,23.135626,108.1697512370677,23.13825260613434,购物服务;购物相关场所;购物相关场所,060000,宁武镇唐村屯村口,广西壮族自治区,南宁市,武鸣区,仓储
B0MUP7FFKM,中铁四局南宁仓储中心,108.205036,22.812038,108.20107463177462,22.81485130239008,公司企业;公司;公司,170200,江南大道169号,广西壮族自治区,南宁市,江南区,仓储
B0MANCQH6I,那广一队厂区仓库,108.246675,22.997225,108.24275129848888,22.999999299450916,公司企业;公司;公司,170200,南宁悍马门窗西南侧150米,广西壮族自治区,南宁市,武鸣区,仓储
B0MD1ZSKUK,一哥农资仓储中心,108.271193,23.098989,108.26725953549321,23.1017119173044,公司企业;公司;公司,170200,南武大道2-66号,广西壮族自治区,南宁市,武鸣区,仓储
B0MGACF9KO,南宁红牛仓库,108.227455,22.772689,108.22352900360411,22.775541921601842,公司企业;公司;公司,170200,金鸡路19号,广西壮族自治区,南宁市,江南区,仓储
B0MAZACVK6,仁义路188号仓库,108.244275,22.823225,108.24035934081422,22.82606931539709,公司企业;公司;公司,170200,江南大道与仁义东街交叉口西南360米,广西壮族自治区,南宁市,江南区,仓储
B0MAHLLTJ5,豪爵商业园仓库,108.241725,22.797775,108.2378094231576,22.800627649862236,公司企业;公司企业;公司企业,170000,富乐西路与定秋路辅路交叉口南200米,广西壮族自治区,南宁市,江南区,仓储
B0MBG93KHH,超优农选农资仓库,108.255425,22.865175,108.25150933728084,22.868003516693317,公司企业;公司;公司,170200,科兴路与高新大道辅路交叉口西北200米,广西壮族自治区,南宁市,西乡塘区,仓储
B0MGCLFEPR,科兴仓库,108.257575,22.872875,108.25365875785133,22.875699961990403,公司企业;公司;公司,170200,科兴路与振华路交叉口南200米,广西壮族自治区,南宁市,西乡塘区,仓储
B0MBA68L1M,科捷物流仓库,108.258998,22.874975,108.2550814224859,22.877798678919937,生活服务;物流速递;物流速递,070500,振华路与科兴路交叉口东160米,广西壮族自治区,南宁市,西乡塘区,仓储
B0MU1U2906,江南仓储中心,108.254025,22.818425,108.25011175041583,22.821271288364816,公司企业;公司;公司,170200,淘金体育创业园西侧150米,广西壮族自治区,南宁市,江南区,仓储
B0MBB7WPTY,联荣公司打包带仓库,108.262131,22.859458,108.25821442368766,22.862286453182772,公司企业;公司;公司,170200,高新三路广源物流园15号仓,广西壮族自治区,南宁市,西乡塘区,仓储
B0MGH1TZ6C,广源物流园21号仓库,108.262725,22.859775,108.25880821130971,22.86260304858875,生活服务;物流速递;物流速递,070500,高新三路与科园西九路交叉口西北280米,广西壮族自治区,南宁市,西乡塘区,仓储
B0MDUU0FGG,广西东星物流园16号仓库,108.251925,22.780675,108.24801355330109,22.783534562462354,生活服务;物流速递;物流速递,070500,沙井大道与沙井大道出口交叉口西80米,广西壮族自治区,南宁市,江南区,仓储
B0MA3R09CQ,锴福仓库,108.255885,22.807724,108.25197225904913,22.81057372634478,公司企业;公司;公司,170200,江南街道五一西路北二里6-16号,广西壮族自治区,南宁市,江南区,仓储
B0MDDHMH57,荣钰仓库16号仓,108.261957,22.846118,108.25804116284084,22.84895162350617,公司企业;公司;公司,170200,大岭路89号16号仓库,广西壮族自治区,南宁市,西乡塘区,仓储
B0MUGRO3SC,翠湖仓储中心,108.256825,22.807079,108.25291221728271,22.809928719165622,公司企业;公司;公司|生活服务;生活服务场所;生活服务场所,170200|070000,宣德路与翠湖路交叉口西北160米,广西壮族自治区,南宁市,江南区,仓储
B0MGTR70NZ,瀚堂公司仓库,108.256875,22.806725,108.252962230401,22.809574829963353,公司企业;公司;公司,170200,宣德路与翠湖路交叉口西北120米,广西壮族自治区,南宁市,江南区,仓储
B0MUUXZAUD,南宁市蔬菜公司储运分公司5-6号仓库,108.257375,22.792925,108.25346288105793,22.79577945643088,公司企业;公司;公司,170200,帕村路与锦成路交叉口东360米,广西壮族自治区,南宁市,江南区,仓储
B0MD3OGZHW,931仓库,108.258275,22.789975,108.25436290547204,22.79283018220574,公司企业;公司;公司,170200,宣德路与亭洪路交叉口北180米,广西壮族自治区,南宁市,江南区,仓储
B0MDJOLNGS,多多买菜仓库,108.268425,22.860125,108.2645055884154,22.86294954994402,公司企业;公司;公司,170200,高新二路与科园西九路交叉口东北300米,广西壮族自治区,南宁市,西乡塘区,仓储
B0MG95PX9B,千友供应链灯饰开关一站式批发仓储中心,108.271161,22.86929,108.26723941084953,22.87210896338499,公司企业;公司;公司,170200,科园大道81号振兴公馆105号,广西壮族自治区,南宁市,西乡塘区,仓储
B0MA26O2MM,美丽城13号仓库,108.262175,22.793525,108.25826178914757,22.79637744388456,公司企业;公司;公司,170200,乾发物流有限公司西北侧60米,广西壮族自治区,南宁市,江南区,仓储
B0MDT7CRAM,酒饼仓库,108.273725,22.868825,108.26980157388988,22.871642009580484,公司企业;公司;公司,170200,高新大道辅路与滨河路交叉口西北180米,广西壮族自治区,南宁市,西乡塘区,仓储
B0MBPY1B21,广西南宁康迈仓储中心,108.267475,22.787475,108.26355983753541,22.790326505357072,公司企业;公司;公司,170200,壮锦大道辅路与滨园街交叉口西500米,广西壮族自治区,南宁市,江南区,仓储
B0MURK7KT6,广西南宁康迈仓储中心107号楼,108.267975,22.788625,108.26405950739951,22.791475785119463,公司企业;公司;公司,170200,康迈仓储中心(周家坡地铁站B口步行480米),广西壮族自治区,南宁市,江南区,仓储
B0MUP5E9P9,好宜生医疗仓库,108.273125,22.795775,108.26920578072661,22.798619408410268,公司企业;公司;公司,170200,旱塘路与锦富路交叉口南180米,广西壮族自治区,南宁市,江南区,仓储
B0MBHRIW9T,大塘村西坡7队仓库,108.286575,22.888175,108.28263767383393,22.890970430447624,公司企业;公司;公司,170200,小当家网络科技有限公司西北侧,广西壮族自治区,南宁市,西乡塘区,仓储
B0MGLSMNN2,志高厨电南宁分公司仓储直播工作室,108.290883,22.897066,108.28693966630749,22.899852088024574,购物服务;家居建材市场;厨卫市场,060604,永宁村里坡12队36号,广西壮族自治区,南宁市,西乡塘区,仓储
B0MU9UZHPG,蒙牛仓库,108.27922,22.795402,108.27529553443956,22.79824069781615,公司企业;公司;公司,170200,旱塘南支路与旱塘路交叉口东南240米,广西壮族自治区,南宁市,江南区,仓储
B0M6XUQ4DO,南宁文化传承试验基地5号仓库,108.283025,22.794325,108.27909663220602,22.797159816956594,公司企业;公司;公司,170200,五一路与新屋二里交叉口南480米,广西壮族自治区,南宁市,江南区,仓储
B0MG7XJ48U,丹丹鲜果仓储中心,108.280925,22.772025,108.27700002166111,22.774869619729614,公司企业;公司;公司|购物服务;综合市场;果品市场,170200|060704,龙光拉菲庄园北1门旁,广西壮族自治区,南宁市,江南区,仓储
B0MB37FXSS,畅路安仓库,108.294344,22.85476,108.29039799639479,22.857557773952546,公司企业;公司;公司,170200,塘区秀灵北路3号2-3号铺面,广西壮族自治区,南宁市,西乡塘区,仓储
B0MBAK8OKR,欣麦仓库,108.290725,22.793525,108.2867872121077,22.796350187073187,公司企业;公司;公司,170200,五一路南四里与五一路南五里交叉口东北260米,广西壮族自治区,南宁市,江南区,仓储
B0MDPRMZ3F,广西强团机电设备有限公司仓库,108.305527,22.882984,108.30156178482127,22.88575280039591,公司企业;公司;公司,170200,安吉大道130号,广西壮族自治区,南宁市,西乡塘区,仓储
B0MUSG9LMS,鑫盛手袋仓库,108.299255,22.820918,108.29530330846526,22.823720807292617,公司企业;公司;公司,170200,北大北路5号西一里超雪百货右转82号仓,广西壮族自治区,南宁市,西乡塘区,仓储
B0MGJ7CRYG,中外运南集仓库B区-5号仓,108.292275,22.770125,108.28833629192458,22.772955739667506,公司企业;公司;公司,170200,友谊路西一里与新屯路交叉口东180米,广西壮族自治区,南宁市,江南区,仓储
B0MUHCP7NO,三华仓库,108.301136,22.817643,108.29718147436354,22.82044395018919,公司企业;公司;公司,170200,北大南路29号三华批发市场,广西壮族自治区,南宁市,西乡塘区,仓储
B0MDKACQFM,涛盛物流仓储基地2栋,108.310875,22.885875,108.30690022696615,22.888633258396784,生活服务;物流速递;物流速递,070500,连庄路190号涛盛物流仓储基地,广西壮族自治区,南宁市,西乡塘区,仓储
B0MBSXF2LM,明秀西路55号物资仓库,108.306875,22.835675,108.30290990834797,22.838459692909197,公司企业;公司;公司,170200,秀灵路与沈阳路交叉口东40米,广西壮族自治区,南宁市,西乡塘区,仓储
B0MANSOURZ,广西百塑联建材仓储中心,108.316325,22.891425,108.31233990207035,22.8941710804888,公司企业;公司;公司,170200,连畴路36号,广西壮族自治区,南宁市,西乡塘区,仓储
B0MD3SFIHW,台塑集团南亚塑胶广西仓储运营中心,108.317179,22.889892,108.31319237604917,22.892637108259926,公司企业;公司;公司,170200,连畴路36号政通建材市场6号货场,广西壮族自治区,南宁市,西乡塘区,仓储
B0MDVRNYK4,家具仓库,108.307075,22.815775,108.30311058895637,22.818566593987995,公司企业;公司;公司,170200,新阳路与遇安东二里交叉口北20米,广西壮族自治区,南宁市,西乡塘区,仓储
B0MA3MY8W1,柚品文化仓库,108.303725,22.786225,108.29976783210569,22.7890325557014,公司企业;公司;公司,170200,味大师旁停车场里边,广西壮族自治区,南宁市,江南区,仓储
B0MBD6F56C,高岭菜市场仓库区,108.297844,22.740243,108.2938986572761,22.743074579138504,公司企业;公司;公司,170200,友谊路与铁山港路交叉口东南180米,广西壮族自治区,南宁市,江南区,仓储
B0MABCSK2O,白云边仓库,108.317225,22.865325,108.31323956465042,22.86807972920187,公司企业;公司;公司,170200,连庄路与安和街交叉口东180米,广西壮族自治区,南宁市,西乡塘区,仓储
B0MGS9MXHL,和桂集团8号仓库,108.301875,22.753875,108.29792255766587,22.756696012451762,公司企业;公司;公司,170200,国凯大道与国凯一支路交叉口东220米,广西壮族自治区,南宁市,江南区,仓储
B0MB57KHVI,汇亮公司仓库,108.312897,22.823545,108.3089217783646,22.82632342531758,公司企业;公司;公司,170200,中华路与华强路交叉口东40米,广西壮族自治区,南宁市,兴宁区,仓储
B0MDBSHM4C,南宁益鸿仓储管理有限公司,108.313139,22.78954,108.30916509302547,22.792329898087637,公司企业;公司;公司,170200,江南万达广场A2栋十五层1501号办公室,广西壮族自治区,南宁市,江南区,仓储
B0MUKHXSDN,优选家具仓储店,108.329921,22.877749,108.32591044628536,22.88047478475229,购物服务;家居建材市场;家具城,060602,安武大道25号秀峰休闲广场1栋三楼1-8号,广西壮族自治区,南宁市,西乡塘区,仓储
B0MGJYBBJW,二塘坡仓库,108.332245,22.871519,108.32823024691831,22.874242808213616,公司企业;公司;公司,170200,育德学校西南侧250米,广西壮族自治区,南宁市,西乡塘区,仓储
B0MGFR4TSL,中纤里铁路仓库西区5号楼,108.334825,22.887275,108.33080441790396,22.88998767164023,公司企业;公司;公司,170200,福朗哥高端定制门板东南侧50米,广西壮族自治区,南宁市,西乡塘区,仓储
B0MDYDV32I,南宁迅祥仓库,108.333409,22.876065,108.32939174812302,22.878784807942516,公司企业;公司;公司,170200,邕武路二塘坡标牌仓库,广西壮族自治区,南宁市,西乡塘区,仓储
B0MUX58S6O,领坚胶业-广西仓储中心,108.331176,22.857974,108.3271640325559,22.860705105346952,公司企业;公司;公司,170200,池昇建材市场A区3栋13-14号仓库,广西壮族自治区,南宁市,兴宁区,仓储
B0MA5OQ59F,秀林仓库F区8-11号仓库,108.333425,22.869425,108.32940806331437,22.87214738526427,公司企业;公司;公司,170200,二塘坡东里西北侧240米,广西壮族自治区,南宁市,西乡塘区,仓储
B0MDNAEWFR,广西土工膜土工布仓库,108.341135,22.866914,108.3371033928042,22.86962291339724,公司企业;公司;公司,170200,秀厢大道99号,广西壮族自治区,南宁市,兴宁区,仓储
B0M6XMOL0J,尖岭队16号仓库,108.348459,22.902118,108.34441202677269,22.904799718535095,公司企业;公司;公司,170200,邕武加油站西北侧280米,广西壮族自治区,南宁市,西乡塘区,仓储
B0MB4CZLHM,广西雄昇防水工程仓储中心,108.348044,22.885127,108.34399866369209,22.887816287435978,公司企业;公司;公司,170200,花木蓝建材市场12栋10-11号,广西壮族自治区,南宁市,兴宁区,仓储
B0MD0ZR0KY,一龙仓库,108.340425,22.810825,108.33639766409647,22.81355612309802,公司企业;公司;公司,170200,星湖路北一里与星湖路北一里二巷交叉口西南20米,广西壮族自治区,南宁市,青秀区,仓储
B0MAYA0W9W,欧普照明广西商用仓库,108.358486,22.939739,108.35441998200294,22.94238858482534,公司企业;公司;公司,170200,邕武路30号欧普照明广西商用仓库,广西壮族自治区,南宁市,兴宁区,仓储
B0MG6CHYRL,南宁德尔木地板厂家直营仓库,108.348233,22.86381,108.34418843976518,22.866507345892266,购物服务;家居建材市场;建材五金市场,060603,广西壮族秀厢大道辅路与鸡鸣路交叉口东140米,广西壮族自治区,南宁市,兴宁区,仓储
B0MAZSCSPK,中天仓库,108.341325,22.810425,108.33729598247459,22.813154603811785,生活服务;生活服务场所;生活服务场所,070000,新竹街道星湖路北一里5号5号楼1楼,广西壮族自治区,南宁市,青秀区,仓储
B0MACCWUGH,南宁仓储店(开平东鹏卫浴),108.356685,22.917263,108.35262307597847,22.919924757843663,购物服务;家居建材市场;厨卫市场,060604,邕武路28号京鸿基市场A5栋16号,广西壮族自治区,南宁市,兴宁区,仓储
B0MBD6F4PO,南宁市高峰新材料仓储基地,108.358975,22.931325,108.3549086474218,22.933977345616842,公司企业;公司;公司,170200,广西唯尔雕塑有限公司东北侧60米,广西壮族自治区,南宁市,兴宁区,仓储
B0MGSHMF1R,巴閉Awesome studio仓库,108.348525,22.848725,108.34448070475025,22.85142762294036,公司企业;公司;公司,170200,东州路8号,广西壮族自治区,南宁市,兴宁区,仓储
B0MDDXQPQ7,百威啤酒仓库,108.331675,22.723675,108.32766903935358,22.7264502632263,公司企业;公司;公司,170200,建业路与兴业二街交叉口西80米,广西壮族自治区,南宁市,良庆区,仓储
B0MDUL0Y5P,菜大全柳沙仓储店,108.345425,22.774225,108.34139022742848,22.7769594370957,购物服务;综合市场;蔬菜市场,060705,柳沙路16号柳沙三兴花园,广西壮族自治区,南宁市,青秀区,仓储
B0MGJSBUI8,玉洞冷库9号仓库,108.350675,22.713875,108.34663392811342,22.716618156385337,公司企业;公司;公司,170200,东风路与华良路交叉口西南360米,广西壮族自治区,南宁市,良庆区,仓储
B0MAXAKI9P,宏源顺商贸仓库,108.389109,22.869605,108.38501227484865,22.8722495537525,公司企业;公司;商业贸易,170207,昆仑大道139号金硕二手车市场C130-131号铺面,广西壮族自治区,南宁市,兴宁区,仓储
B0MAMO813D,漫陀仓库,108.384509,22.814184,108.38041819948735,22.8168522797512,公司企业;公司;公司,170200,南湖街道民族大道131号航洋国际B座1211室,广西壮族自治区,南宁市,青秀区,仓储
B0MDJXLVNP,红狮水泥中转仓库(昆仑大道店),108.424975,22.878975,108.42088692759077,22.88162377172067,公司企业;公司;公司,170200,昆仑大道辅路与温泉路交叉口东260米,广西壮族自治区,南宁市,兴宁区,仓储
B0MA5XR22S,三石桩机仓库,108.436125,22.855775,108.43205320825155,22.85844690993132,公司企业;公司;公司,170200,三石路与松柏路交叉口东北角,广西壮族自治区,南宁市,青秀区,仓储
B0MUSUBJ6H,仓储直供,108.441075,22.811525,108.43701398412186,22.81422120224606,购物服务;购物相关场所;购物相关场所,060000,乐业路西一里与乐业路交叉口西60米,广西壮族自治区,南宁市,青秀区,仓储
B0MBAK8BFD,天猫优品仓库,108.609925,23.427875,108.60616737683137,23.430690410975537,公司企业;公司;公司,170200,兴林路与丰岭路交叉口西南180米,广西壮族自治区,南宁市,上林县,仓储
B0MGVRFHMF,宾阳申通仓库,108.812775,23.226125,108.80882297726247,23.22886971850911,生活服务;生活服务场所;生活服务场所,070000,临浦路与金源路交叉口西北260米,广西壮族自治区,南宁市,宾阳县,仓储
B0MDYSUAR7,马二村60号仓库,108.815691,23.213329,108.81174397068033,23.216083378005333,公司企业;公司;公司,170200,马二村60号,广西壮族自治区,南宁市,宾阳县,仓储
B0MAL5732G,君旺建材批发仓库,108.83232,23.236273,108.82839733428709,23.239050894327942,公司企业;公司;公司,170200,宾莲路190号,广西壮族自治区,南宁市,宾阳县,仓储
B0M6XMOIKL,惠宜选仓库,108.463675,22.922175,108.45965889828247,22.92487617152327,公司企业;公司;公司,170200,融链·南宁兴宁物流园东南侧140米,广西壮族自治区,南宁市,兴宁区,仓储
B0M6XHQEHT,梦泽园小区41号仓库,108.299825,22.821625,108.29587237070419,22.824426639771954,公司企业;公司;公司,170200,北大北路辅路与北大路西一里交叉口西260米,广西壮族自治区,南宁市,西乡塘区,仓储
B0M6XCSKGP,众合通达一号仓库,108.363175,22.693675,108.35911468033203,22.69640358910212,公司企业;公司;公司,170200,银海大道辅路与那浪路交叉口西320米,广西壮族自治区,南宁市,良庆区,仓储
B0M6TD2R98,广西源盛仓储物流股份有限公司C9招商中心,108.380864,22.67227,108.37678362952873,22.67498296095137,商务住宅;商务住宅相关;商务住宅相关,120000,源盛城综合建材市场C9号楼,广西壮族自治区,南宁市,良庆区,仓储
B0M6N7FOPC,邕武路20号仓库区,108.352125,22.893425,108.34807201447242,22.896103944812815,公司企业;公司;公司,170200,山渐青·启迪双语学校北侧290米,广西壮族自治区,南宁市,兴宁区,仓储
B0M6JCERWS,纸巾仓库,108.255275,22.794575,108.25136296100742,22.797429414026436,公司企业;公司;公司,170200,锦成路与帕村路交叉口东北200米,广西壮族自治区,南宁市,江南区,仓储
B0M6BCH8VU,聚焦优化仓库,108.329125,22.724375,108.32512396303676,22.727154931998417,公司企业;公司;公司,170200,建业一街8号建业一街/建业二里路口,广西壮族自治区,南宁市,良庆区,仓储
B0M6ADYK2S,浙江双箭橡胶股份有限公司(广西仓储中心),108.300608,22.911292,108.29664948811705,22.914057571849455,公司企业;公司;公司,170200,南武大道69号叠翠别墅旁输送带货场,广西壮族自治区,南宁市,西乡塘区,仓储
B0M69DB6Q1,梁板仓库,108.330875,22.868075,108.32686309235905,22.870802765017796,公司企业;公司;公司,170200,林峰路小学西北侧190米,广西壮族自治区,南宁市,西乡塘区,仓储
B0M67AWFFW,极兔速递仓库,109.278625,22.665475,109.27435362436579,22.668343606253497,生活服务;物流速递;物流速递,070500,中共横县白水泥厂委员会东南侧80米,广西壮族自治区,南宁市,横州市,仓储
B0M65UJIP7,邮政农村电商仓储中心,107.733998,23.171527,107.7299397211974,23.17423882189171,生活服务;邮局;邮局,070400,震东大道56号,广西壮族自治区,南宁市,隆安县,仓储
B0M65SHNN0,赣玛管件仓储直销,108.302183,22.88634,108.29822321981484,22.8891130945321,购物服务;家居建材市场;建材五金市场,060603,西津路鑫津建材市场A18栋3-5号,广西壮族自治区,南宁市,西乡塘区,仓储
B0M65HIJ7L,日丰管道仓储中心,108.304715,22.882598,108.30075118763298,22.8853683398756,公司企业;公司;公司,170200,卢仙岭路,广西壮族自治区,南宁市,西乡塘区,仓储
B0M65DHKBW,南宁宇航仓库,108.342825,22.847125,108.33879124769807,22.8498384148049,公司企业;公司企业;公司企业,170000,望州路308号凯通仓库13号仓,广西壮族自治区,南宁市,兴宁区,仓储
B0M61RJE70,家创胶业仓库,108.345476,22.8803,108.34143559281821,22.882995758913317,购物服务;家居建材市场;建材五金市场,060603,邕武路20号,广西壮族自治区,南宁市,兴宁区,仓储
B0M61RISNG,众德商贸农产品仓库,108.422065,22.741432,108.41798118003544,22.74412622596337,公司企业;公司;公司,170200,凤朝坡,广西壮族自治区,南宁市,良庆区,仓储
B0M61HH8V7,吉品家居仓储,108.263325,23.152325,108.25939290010808,23.15503175519918,公司企业;公司;公司,170200,宁武路与灵西路交叉口东南120米,广西壮族自治区,南宁市,武鸣区,仓储
B0M2A917DO,日丰仓库,108.895125,22.865325,108.89127677817183,22.86833349404512,公司企业;公司;公司,170200,景晖路与六瑞路交叉口西80米,广西壮族自治区,南宁市,横州市,仓储
B0M1MMDB6Y,广西华图文化传播有限公司仓储,108.292312,22.882301,108.28836746551227,22.885090986064736,科教文化服务;传媒机构;传媒机构,141100,安吉街道,广西壮族自治区,南宁市,西乡塘区,仓储
B0LUXOQ1NH,南宁市西乡塘区高新三路3号胜源仓储,108.263925,22.858125,108.26000785606304,22.860953074081554,公司企业;公司;公司,170200,高新三路与科园西九路交叉口北80米,广西壮族自治区,南宁市,西乡塘区,仓储
B0LUUABBTZ,泰然仿瓷仓储中心,108.28748,22.792445,108.28354648140288,22.79527493063026,购物服务;购物相关场所;购物相关场所,060000,五一路南四里16号斜对面(新屋村旱禄岭),广西壮族自治区,南宁市,江南区,仓储
B0LUU7QABW,好嘢水果仓储会员店,108.414895,22.744751,108.41080535028381,22.747439012334763,购物服务;综合市场;果品市场,060704,庆安街与延庆路交叉口东160米,广西壮族自治区,南宁市,良庆区,仓储
B0LUTU3SIQ,广西饪一碗仓储中心,108.391887,22.868132,108.3877889671279,22.870775746714827,生活服务;生活服务场所;生活服务场所,070000,昆仑大道114号园区入口左侧,广西壮族自治区,南宁市,兴宁区,仓储
B0LUTL72RI,领先未来仓储中心,108.366242,22.922415,108.36216529367043,22.92506053016134,生活服务;物流速递;物流速递,070500,路东养猪场东北侧,广西壮族自治区,南宁市,兴宁区,仓储
B0LUSU41OA,广西三三电气科技有限公司(仓储中心),108.262275,22.846825,108.25835902564671,22.849658208908412,公司企业;公司;公司,170200,科德西路19号,广西壮族自治区,南宁市,西乡塘区,仓储
B0LUMU5HJN,威士尼卫浴(仓储批发店),108.346306,22.864282,108.34226490930621,22.86698256383715,购物服务;家居建材市场;厨卫市场,060604,快环建材市场D2栋32-1号,广西壮族自治区,南宁市,兴宁区,仓储
B0LUM485AY,美团快驴仓库,108.289725,22.752475,108.2857906523399,22.75531483417883,公司企业;公司;公司,170200,国凯大道京东华南区南宁物流中心,广西壮族自治区,南宁市,江南区,仓储
B0LUKUUBKM,横州市可可树建材共享仓库,109.264277,22.703576,109.26002298687541,22.706446993054865,公司企业;公司;公司,170200,横州大道261号,广西壮族自治区,南宁市,横州市,仓储
B0LUK7VLAU,广西柏桔共享电车及中控组装仓储项目基地,108.357325,22.926925,108.35326152470219,22.929581746460475,公司企业;公司;公司,170200,邕武路广西战国艺术培训学校后面,广西壮族自治区,南宁市,兴宁区,仓储
B0LUF94M4I,7号仓库(瀚林店),108.268584,22.847524,108.26466514411467,22.85035325527195,购物服务;服装鞋帽皮具店;服装鞋帽皮具店,061100,科园大道31号高新苑北区,广西壮族自治区,南宁市,西乡塘区,仓储
B0LUF93WGX,宏信建发7号仓库,108.516875,22.924375,108.51301937399441,22.927228635182075,公司企业;公司;公司,170200,中国石化广西南宁中心金山加油站西南侧180米,广西壮族自治区,南宁市,兴宁区,仓储
B0LUDLEN7T,巨瑞恒2号仓库,108.340411,22.810806,108.33638369163104,22.813537155715295,公司企业;公司;公司,170200,星湖路北一里与星湖路北一里二巷交叉口西南20米,广西壮族自治区,南宁市,青秀区,仓储
B0LUBUHNJ8,菲林佩姿服装工厂店(厚憬大厦店),108.271242,22.860337,108.26732081584024,22.863159377113952,购物服务;购物相关场所;购物相关场所,060000,科园大道55-1号,广西壮族自治区,南宁市,西乡塘区,仓储
B0LU96A80H,展艺广告仓储店,108.330625,22.868375,108.32661356352088,22.87110312461199,公司企业;公司;广告装饰,170201,林峰路小学西北侧230米,广西壮族自治区,南宁市,西乡塘区,仓储
B0LRH67CYO,安纳成百货19号仓库,108.255766,22.809344,108.25185318293848,22.812193183385098,公司企业;公司;公司,170200,定津路22号三燃煤厂内,广西壮族自治区,南宁市,江南区,仓储
B0LRFH6YWL,铁鸟仓库2号仓,108.29463,22.767014,108.29068809757054,22.76984229268556,公司企业;公司;公司,170200,金凯路与友谊路交叉口南160米,广西壮族自治区,南宁市,江南区,仓储
B0LRFC7GAH,桂豪仓库,108.322738,22.856534,108.3187424983686,22.859281746828245,公司企业;公司;公司,170200,秀厢大道辅路与秀厢大道出口交叉口西南220米,广西壮族自治区,南宁市,西乡塘区,仓储
B0LRAU0RYU,浩雪空调仓库,108.297915,22.769688,108.29396803423975,22.772510418298033,公司企业;公司;公司,170200,金凯路12-2号4仓D5-D6号,广西壮族自治区,南宁市,江南区,仓储
B0LR2Z4RG7,广西华诺电力工程有限公司仓库,108.217064,22.859585,108.21312013887423,22.862396633259834,公司企业;公司;公司,170200,罗文大道12号,广西壮族自治区,南宁市,西乡塘区,仓储
B0LR0XPP5Q,鸿润仓储4栋,108.288025,22.795075,108.28409066097716,22.797903319883833,公司企业;公司企业;公司企业,170000,五一路南四里与五一路交叉口南300米,广西壮族自治区,南宁市,江南区,仓储
B0LR0OPSBT,北大北路11号A号仓库,108.300575,22.821825,108.2966211628708,22.824625357028065,公司企业;公司;公司,170200,北大北路辅路与北大路西一里交叉口西200米,广西壮族自治区,南宁市,西乡塘区,仓储
B0LR0OP3CA,南宁文化传承试验基地3号仓库,108.283125,22.794225,108.27919652667553,22.797059733411803,公司企业;公司;公司,170200,五一路与新屋二里交叉口南500米,广西壮族自治区,南宁市,江南区,仓储
B0LKYS3Z11,兴旺发商贸仓库,108.283927,22.796219,108.2799975247445,22.79905209759948,公司企业;公司;商业贸易,170207,五一路119号内5号仓库,广西壮族自治区,南宁市,江南区,仓储
B0LKXRPIA4,佰耐登折叠施工架广西仓储中心,108.348612,22.905285,108.34456458618827,22.907965162445535,公司企业;公司;公司,170200,邕武路21号广西虎童教育投资游乐设施加工厂院子内,广西壮族自治区,南宁市,西乡塘区,仓储
B0LKXROTZQ,南宁供电局那马仓库,108.390332,22.644607,108.3862464498528,22.647319143652126,公司企业;公司;公司,170200,云快充汽车充电站(广西特快充超级重卡充电站)东南侧130米,广西壮族自治区,南宁市,良庆区,仓储
B0LKX6H278,伟星仓库,108.217475,22.859125,108.21353176467026,22.861937283551228,公司企业;公司;公司,170200,蔚蓝游宝俱乐部西侧260米,广西壮族自治区,南宁市,西乡塘区,仓储
B0LKUR0H1U,广通宏业物流,108.211084,22.844639,108.20713152954673,22.847448887860924,生活服务;物流速递;物流速递,070500,高华路28号A楼7-8号罗园街与罗文大道辅路交叉口西340米,广西壮族自治区,南宁市,西乡塘区,仓储
B0LKRK4SMQ,荣港城仓储一1期2栋仓库,108.303375,22.766375,108.29941943922017,22.769189618673423,公司企业;公司;公司,170200,长凯路与开源路交叉口东北100米,广西壮族自治区,南宁市,江南区,仓储
B0LKO5GOLC,九仙花仿石漆(横州市仓储运营中心),109.269199,22.706945,109.2649389854487,22.709812008469346,购物服务;家居建材市场;建材五金市场,060603,横州大道349号,广西壮族自治区,南宁市,横州市,仓储
B0LKNLRK69,润发仓库,108.322525,22.856325,108.31852991986946,22.85907323123461,公司企业;公司;公司,170200,北湖路东四里与北湖北路辅路交叉口东240米,广西壮族自治区,南宁市,西乡塘区,仓储
B0LKNLR4A2,名仕地坪漆-广西仓储中心,108.361116,22.850461,108.35705056428198,22.853142494957332,公司企业;公司;公司,170200,汽配西仓3栋3-5号,广西壮族自治区,南宁市,兴宁区,仓储
B0LKMA4HJ2,金桥粮油仓储配送中心,108.40351,22.879787,108.39940924662528,22.882423896738672,生活服务;生活服务场所;生活服务场所,070000,甘泉路18号,广西壮族自治区,南宁市,兴宁区,仓储
B0LKKKMMU4,仔仔玩具仓库,108.417575,22.794675,108.41348455416907,22.79734870142258,公司企业;公司;公司,170200,凤岭南路与铜鼓岭路交叉口东220米,广西壮族自治区,南宁市,青秀区,仓储
B0LKK6LM94,铁皮仓库,108.354975,22.700725,108.35092723942037,22.703464406489978,公司企业;公司;公司,170200,桅杆路与坛屋路交叉口西北100米,广西壮族自治区,南宁市,良庆区,仓储
B0LKBCTNK8,久泰农业广西柑橘基地仓储加工中心,108.314875,23.089475,108.31088229134696,23.09214043092308,公司企业;公司;公司,170200,双桥镇下渌村厂房2号车间,广西壮族自治区,南宁市,武鸣区,仓储
B0LKB7UVPI,南宁民诚仓储物流有限公司,108.212075,22.830925,108.20812486744364,22.833741295963552,生活服务;物流速递;物流速递,070500,罗文大道辅路与大学西路辅路交叉口西南260米,广西壮族自治区,南宁市,西乡塘区,仓储
B0LK5XVQL6,一号仓库,108.306364,22.767766,108.3024032975235,22.77057508813812,公司企业;公司;公司,170200,朋展路与金凯路交叉口南40米,广西壮族自治区,南宁市,江南区,仓储
B0LK37ZRW5,六号仓库,108.263475,22.850525,108.25955841787324,22.853356215957046,公司企业;公司;公司,170200,科德路与大岭路交叉口北300米,广西壮族自治区,南宁市,西乡塘区,仓储
B0LK1UD8NO,三心建材秀林仓库B区,108.332425,22.869725,108.32840999043935,22.87244916832808,购物服务;家居建材市场;家居建材市场,060600,秀林一路66号秀林仓库B区5-7号,广西壮族自治区,南宁市,西乡塘区,仓储
B0LK0R9NVG,XF仓储鞋店,108.290733,23.167175,108.2867758592681,23.169849375688006,购物服务;服装鞋帽皮具店;服装鞋帽皮具店,061100,东鸣路鸿景花园二栋4号商铺第一间门面,广西壮族自治区,南宁市,武鸣区,仓储
B0LGYU62ME,福友糖果仓库,108.301629,22.820907,108.29767350558731,22.823705968417993,公司企业;公司;公司,170200,北大路西一里5号,广西壮族自治区,南宁市,西乡塘区,仓储
B0LGNMROP0,开利地毯工厂仓储营销中心,108.32456,22.869397,108.3205603072493,22.87213629850804,公司企业;公司;公司,170200,北湖北路53号中邮仓库B6号,广西壮族自治区,南宁市,西乡塘区,仓储
B0LG9ASYN1,泰香园仓储中心,108.265702,22.783719,108.26178791175873,22.78657287136851,生活服务;生活服务场所;生活服务场所,070000,振合市场入门右边,广西壮族自治区,南宁市,江南区,仓储
B0LDTX4TF2,广西广力农业科技有限公司仓库,108.263675,22.850575,108.25975833996291,22.85340609343629,公司企业;公司;公司,170200,科德路与大岭路交叉口北300米,广西壮族自治区,南宁市,西乡塘区,仓储
B0LDNH085N,南宁日映红仿石漆仓储中心,108.304152,22.875968,108.30018948168558,22.878741919689087,公司企业;公司;公司,170200,安园东路大淦建材市场六栋15-16号,广西壮族自治区,南宁市,西乡塘区,仓储
B0LBM72SZ5,梦天木门木地板仓库,108.340056,22.865663,108.3360265029995,22.868374394460005,购物服务;家居建材市场;建材五金市场,060603,快环建材市场石材街F6栋20A梦天木门木地板仓库,广西壮族自治区,南宁市,兴宁区,仓储
B0LBL9NPDY,六号仓库,108.285025,22.860225,108.28109096824224,22.863033371863494,公司企业;公司;公司,170200,丰达路华源小区,广西壮族自治区,南宁市,西乡塘区,仓储
B0LAYMZDJ6,南宁国云五金劳保仓储运营中心,108.307842,22.891804,108.30387231677577,22.894565261812627,购物服务;家居建材市场;建材五金市场,060603,西津村128号A区1号,广西壮族自治区,南宁市,西乡塘区,仓储
B0LAFUXO1H,广西交通设施总仓储,108.308099,22.892158,108.30412884710056,22.894918668948275,公司企业;公司;公司,170200,安吉大道122号,广西壮族自治区,南宁市,西乡塘区,仓储
B0L6U50FHC,千思买电气(南宁)仓储物流中心,108.284463,22.894873,108.28052783713979,22.89766837620583,公司企业;公司;公司,170200,大塘村东坡2队157号厂房D栋,广西壮族自治区,南宁市,西乡塘区,仓储
B0L1TO4X14,广西南宁康迈仓储中心4栋,108.267575,22.787375,108.26365978919557,22.7902264728532,公司企业;公司;公司,170200,康迈仓储中心,广西壮族自治区,南宁市,江南区,仓储
B0L1PC6QRL,圣珀电器仓储中心,108.258123,22.853854,108.25420765625591,22.85668616729687,公司企业;公司;公司,170200,科兴路与科园西九路交叉口东南160米,广西壮族自治区,南宁市,西乡塘区,仓储
B0L1G5AMGB,中庭装饰集团仓储配送中心,108.392604,22.86442,108.38850585926154,22.867064886392505,生活服务;物流速递;物流速递,070500,昆仑大道108号3栋3号,广西壮族自治区,南宁市,兴宁区,仓储
B0L0P927O9,卓雅江南综合仓储物流中心,108.278775,22.794375,108.27485101706925,22.797214515812318,生活服务;物流速递;物流速递,070500,旱塘路19号(西北门),广西壮族自治区,南宁市,江南区,仓储
B0KUPS44O9,7号仓库(华侨城店),108.178348,23.199428,108.17431032321085,23.202039199078158,购物服务;服装鞋帽皮具店;服装鞋帽皮具店,061100,华侨城北1门西60米,广西壮族自治区,南宁市,武鸣区,仓储
B0KUM51RWM,7号仓库(嘉和城店),108.44165,22.91115,108.4375847961218,22.9138088179849,购物服务;服装鞋帽皮具店;服装鞋帽皮具店,061100,昆仑大道995号嘉和城白鹭前湖12栋一层101号商铺(101-1),广西壮族自治区,南宁市,兴宁区,仓储
B0KR5LQ2Q3,南宁衣博汇服饰,108.321279,22.815091,108.31728845604026,22.81785687927005,购物服务;服装鞋帽皮具店;服装鞋帽皮具店,061100,西南商都地下1层172号商铺,广西壮族自治区,南宁市,兴宁区,仓储
B0KR1ZPBDH,7号仓库(望州店),108.334735,22.836604,108.33071723439413,22.839336427254455,购物服务;购物相关场所;购物相关场所,060000,望州南路239号1栋1-7号商铺,广西壮族自治区,南宁市,兴宁区,仓储
B0KKOUMEPU,信之立电器批发仓储中心,108.297025,22.769275,108.29307941738134,22.772098935063514,公司企业;公司;公司,170200,金凯路12号-2号,广西壮族自治区,南宁市,江南区,仓储
B0KKM7K0G1,覃氏陶瓷玻璃贸易行仓库,108.288286,22.796258,108.28435126874214,22.799085569859294,公司企业;公司;公司,170200,五一路南四里8号右边仓库第一间,广西壮族自治区,南宁市,江南区,仓储
B0KKGACF44,乐尔乐批发仓储超市(蓝波湾店),108.333655,22.759995,108.3296433111198,22.762755781882955,购物服务;购物相关场所;购物相关场所,060000,五象大道269号阳光新城蓝波湾,广西壮族自治区,南宁市,良庆区,仓储
B0KDXZD0RE,7号仓库(武鸣店),108.2909,23.153706,108.28694333519378,23.15638527475086,购物服务;购物相关场所;购物相关场所,060000,香山大道66号聚宝城B区7号楼首层,广西壮族自治区,南宁市,武鸣区,仓储
B0KDVCS412,新国光鞋服仓储店,108.320893,22.847551,108.31690151229263,22.850305664975476,购物服务;服装鞋帽皮具店;服装鞋帽皮具店,061100,北湖北路15号北湖商业广场F2层,广西壮族自治区,南宁市,西乡塘区,仓储
B0KDT7NSL8,力源粮油仓库,108.297825,22.765725,108.29387837667981,22.768548822689382,公司企业;公司;公司,170200,[],广西壮族自治区,南宁市,江南区,仓储
B0KAXZ90MJ,南宁骑派多自行车批发仓储,108.284863,22.796249,108.28093244646361,22.7990809493945,购物服务;专卖店;自行车专卖店,061208,五一路中5-8号康城院内西侧仓库,广西壮族自治区,南宁市,江南区,仓储
B0KAV9F47A,年青家家具软装馆,108.333493,22.878772,108.32947544387092,22.88149057890309,购物服务;购物相关场所;购物相关场所,060000,西乡塘区可利苑9栋商铺2楼,广西壮族自治区,南宁市,西乡塘区,仓储
B0KA6SBA2D,金博物流园F7号仓库,108.26359,22.792414,108.25967635303658,22.795266125326407,生活服务;物流速递;物流仓储场地,070501,五一西路105号,广西壮族自治区,南宁市,江南区,仓储
B0K6LUC6SP,高价收废旧(不收纸皮)金属.仓库清理.厂房拆除.中央空调,108.311188,22.769709,108.30721867041261,22.77250895539658,生活服务;生活服务场所;生活服务场所,070000,亭子村十一组星光大道228号12号,广西壮族自治区,南宁市,江南区,仓储
B0K6CSYR41,鸿鼎汇仓储配送中心,108.267321,22.787048,108.26340594095362,22.789899749578087,生活服务;物流速递;物流速递,070500,亭洪路107号康迈仓储中心2号楼2层,广西壮族自治区,南宁市,江南区,仓储
B0K3A9F0F6,广西格格红生态农业发展有限公司仓库,108.448203,22.812709,108.44415587655374,22.81541793088708,公司企业;公司;公司,170200,蓉茉大道西二里14号,广西壮族自治区,南宁市,青秀区,仓储
B0K39Z59IO,忠佳木地板仓库·马可波罗地板·大自然地板现货库存,108.269925,22.775075,108.26600904955946,22.777928881825442,公司企业;公司;公司,170200,万泰隆建材市场3区A7栋7号,广西壮族自治区,南宁市,江南区,仓储
B0K2RUHEPV,7号仓库(邕宁店),108.449598,22.774871,108.4455558220327,22.77759561541675,购物服务;购物相关场所;购物相关场所,060000,永福路33号启迪亮小区首层112-113号商铺7号仓库,广西壮族自治区,南宁市,邕宁区,仓储
B0K2O169ZQ,广西邦泓机械设备有限公司(仓储中心),108.498125,22.727175,108.49422134148034,22.730043498244328,公司企业;公司;机械电子,170204,那美大道5号,广西壮族自治区,南宁市,邕宁区,仓储
B0K2K5YO30,916仓库,108.323791,22.813835,108.31979568183608,22.816596561600527,公司企业;公司;公司,170200,民族共和路口民族大道41号国贸购物中心,广西壮族自治区,南宁市,青秀区,仓储
B0K0D698C9,华润广西医药有限公司仓库,108.390225,22.677225,108.38613779608524,22.67993035602372,公司企业;公司;医药公司,170203,平乐大道与云村路交叉口北260米,广西壮族自治区,南宁市,良庆区,仓储
B0JUO9F3VC,广西合创易康医药有限公司合创仓库,108.260775,22.85974,108.2568588028864,22.86256894019713,公司企业;公司;医药公司,170203,创新路14号8层,广西壮族自治区,南宁市,西乡塘区,仓储
B0JRMDOI1T,奔跑箱子度假生活,108.318155,22.818836,108.31417021823823,22.821606415697264,住宿服务;住宿服务相关;住宿服务相关,100000,关东街1号商场楼二层250号,广西壮族自治区,南宁市,兴宁区,仓储
B0JKSM07SX,极兔速递文江路仓库,108.270796,23.139393,108.26686070655539,23.142099980637294,公司企业;公司;公司,170200,文江路,广西壮族自治区,南宁市,武鸣区,仓储
B0JKK5AL5B,鸿润仓储物流中心,108.288576,22.795659,108.28464092878137,22.798486389050012,生活服务;物流速递;物流速递,070500,五一路南四里鸿润仓储物流中心20栋10号,广西壮族自治区,南宁市,江南区,仓储
B0JK47TECC,吉盛仓储物流园,108.232345,22.849112,108.22842000720587,22.8519415548741,生活服务;物流速递;物流速递,070500,四联村井头坡马路岭场地内二栋1号,广西壮族自治区,南宁市,西乡塘区,仓储
B0JGXS580E,涛盛物流仓储基地,108.311726,22.886001,108.3077496799404,22.888757676381786,生活服务;物流速递;物流仓储场地,070501,连庄路190号,广西壮族自治区,南宁市,西乡塘区,仓储
B0JDU7S38X,熊大冷链仓储,108.278523,22.829273,108.27459746644962,22.832100415574,公司企业;公司;公司,170200,清厢快速路金水湾花园北区东北侧,广西壮族自治区,南宁市,西乡塘区,仓储
B0JDBSH12Z,民友电器回收仓储中心,108.260736,22.820085,108.25682184652445,22.82292876516634,生活服务;生活服务场所;生活服务场所,070000,乐富路465号G8栋,广西壮族自治区,南宁市,江南区,仓储
B0JD5Z1MIJ,广西南宁富泰仓储服务有限公司,108.250665,22.781999,108.24675331923083,22.784858196451584,公司企业;公司;公司,170200,五一西路36-1号,广西壮族自治区,南宁市,江南区,仓储
B0JBOZMDDQ,新贵汽车外饰家装升级,108.339606,22.838874,108.33557875731631,22.84159644219228,摩托车服务;摩托车服务相关;摩托车服务相关,040000,望州路298号万里国际汽配城C栋607-611,广西壮族自治区,南宁市,兴宁区,仓储
B0JANHO3XP,7号仓库(亿鼎店),108.293002,22.867366,108.28905726747341,22.870160871907782,购物服务;服装鞋帽皮具店;服装鞋帽皮具店,061100,新峰路51号亿鼎安吉商业广场1层商铺1090-1091号,广西壮族自治区,南宁市,西乡塘区,仓储
B0J3ZSOZTE,金大平仓储物流,108.274956,22.739769,108.27103821032782,22.74262962144778,生活服务;物流速递;物流速递,070500,南宁轨道交通集团那洪车辆基地西侧220米,广西壮族自治区,南宁市,江南区,仓储
B0J3MSFHWN,7号仓库(宾阳店),108.813195,23.219049,108.80924396648332,23.221796869633124,购物服务;服装鞋帽皮具店;服装鞋帽皮具店,061100,临浦街131号,广西壮族自治区,南宁市,宾阳县,仓储
B0J2L5ZLYU,南氧医疗仓库,108.240125,22.822975,108.23620722866794,22.82581821180188,公司企业;公司;公司,170200,仁义村苏坡早成物流(B区9号仓库)进大门第一个路口左转直走到底右转30米,广西壮族自治区,南宁市,江南区,仓储
B0J2BRSRVZ,广西南宁市大参林药业有限公司仓库,108.264762,22.875928,108.26084360063177,22.878748681226043,医疗保健服务;医药保健销售店;药房,090601,高新三路36号广西南宁市大参林药业有限公司物流中心仓库,广西壮族自治区,南宁市,西乡塘区,仓储
B0J1ZSHT2Z,7号仓库(金地店),108.330354,22.732762,108.32635013732532,22.735537218565838,购物服务;服装鞋帽皮具店;服装鞋帽皮具店,061100,银海大道706号金地花园旁103.104号铺,广西壮族自治区,南宁市,良庆区,仓储
B0JK9SB3EH,丰树南宁(西乡塘)智慧物流园,108.093297,22.87453,108.08914258468496,22.87717176703163,生活服务;生活服务场所;生活服务场所,070000,金陵大道,广西壮族自治区,南宁市,西乡塘区,物流园
B0MU9C0FH1,三津物流园B栋,108.211525,22.817725,108.20757464489581,22.820545370645018,商务住宅;产业园区;产业园区,120100,江南大道168号三津物流园,广西壮族自治区,南宁市,江南区,物流园
B0MDUL0TA2,三津物流园D栋,108.213225,22.816325,108.20927747422256,22.819148070373934,商务住宅;产业园区;产业园区,120100,江南大道168号三津物流园,广西壮族自治区,南宁市,江南区,物流园
B0M6JUEKJD,三津物流园C栋,108.213725,22.816375,108.20977826552352,22.819198683630304,商务住宅;产业园区;产业园区,120100,江南大道168号三津物流园,广西壮族自治区,南宁市,江南区,物流园
B0MD1CTCEM,南北物流园B区,108.220825,22.812875,108.21688883510991,22.815708094815747,商务住宅;产业园区;产业园区,120100,三津大道辅路与上津路交叉口东南220米,广西壮族自治区,南宁市,江南区,物流园
B0L3253O80,南北物流园A栋,108.221325,22.812225,108.21738953539179,22.815058841825955,商务住宅;产业园区;产业园区,120100,三津大道辅路与上津路交叉口东南320米,广西壮族自治区,南宁市,江南区,物流园
B0LBMDXVR5,正邦物流,108.222391,22.813262,108.21845687441876,22.81609654771323,生活服务;物流速递;物流速递,070500,三津大道88号南北物流园D栋8-9号,广西壮族自治区,南宁市,江南区,物流园
B0K655JLHI,普洛斯南宁航港物流园,108.20281,22.621802,108.19885425931597,22.624662671501532,商务住宅;产业园区;产业园区,120100,机场大道5号,广西壮族自治区,南宁市,江南区,物流园
B0LBRDJ1CK,南宁瀚溥空港物流园,108.208551,22.627544,108.20460536843258,22.63041213505928,商务住宅;产业园区;产业园区,120100,[],广西壮族自治区,南宁市,江南区,物流园
B0MD4XKN04,泉港物流园B区,108.240025,22.793825,108.23610866182038,22.796678427659806,商务住宅;产业园区;产业园区,120100,下津路与同乐大道辅路交叉口东340米,广西壮族自治区,南宁市,江南区,物流园
B0IR1UTJ0Y,广西容盛物流园,108.24631,22.779121,108.24239737897567,22.78198092807141,生活服务;物流速递;物流仓储场地,070501,江南街道五一西路58号,广西壮族自治区,南宁市,江南区,物流园
B0MBK4PEXG,广西容盛物流园D栋,108.246325,22.779125,108.24241238387968,22.781984928742652,商务住宅;产业园区;产业园区,120100,江南街道五一西路58号广西容盛物流园,广西壮族自治区,南宁市,江南区,物流园
B0KBT71JUI,利贞物流园,108.260764,22.863508,108.25684761239724,22.86633548775155,生活服务;物流速递;物流仓储场地,070501,科园西十路18-16号,广西壮族自治区,南宁市,西乡塘区,物流园
B0JUO1A87G,南宁顺博物流,108.255197,22.805416,108.2512844086303,22.808266685111377,生活服务;物流速递;物流速递,070500,五一西路北二里,广西壮族自治区,南宁市,江南区,物流园
B0M6KRDB84,五一西物流园,108.255925,22.803125,108.25201249208872,22.805976324956205,商务住宅;产业园区;产业园区,120100,定津路杜屋一巷与五一西路北二里交叉口东南320米,广西壮族自治区,南宁市,江南区,物流园
B0LKSOK2R4,五一西金博物流园,108.256525,22.790825,108.25261307717884,22.79368039881292,商务住宅;产业园区;产业园区,120100,五一西路与亭洪路辅路交叉口北260米,广西壮族自治区,南宁市,江南区,物流园
B0L2UREK2G,京东物流(南宁江南集配站),108.261902,22.791174,108.25798899522951,22.794027367791045,生活服务;物流速递;物流速递,070500,五一西路105号金博物流园A16栋京东物流,广西壮族自治区,南宁市,江南区,物流园
B0MRXDKTOQ,金博物流园C栋,108.263075,22.792375,108.25916154387342,22.79522740049319,商务住宅;产业园区;产业园区,120100,五一西金博物流园,广西壮族自治区,南宁市,江南区,物流园
B0MUM7WKRJ,赛壹春物流园,108.265975,22.788725,108.26206052784534,22.791577033058243,商务住宅;产业园区;产业园区|生活服务;生活服务场所;生活服务场所,120100|070000,亭洪路北侧,广西壮族自治区,南宁市,江南区,物流园
B0MA2ZQLW6,和信物流园,108.276817,22.789818,108.27289505849909,22.792661042233984,商务住宅;产业园区;产业园区,120100,亭洪路延长线,广西壮族自治区,南宁市,江南区,物流园
B0KB1LCNXQ,德创物流(南宁总部),108.296766,22.898931,108.29281412647511,22.901707686777193,生活服务;物流速递;物流速递,070500,容顺物流园A栋21-25号,广西壮族自治区,南宁市,西乡塘区,物流园
B0MUUCXB1E,容喆物流,108.296965,22.899831,108.29301277817012,22.9026070152081,生活服务;物流速递;物流速递,070500,容顺物流园直行到底,广西壮族自治区,南宁市,西乡塘区,物流园
B0M6JCF6Y5,永成物流园E栋,108.298061,22.895356,108.29410732944052,22.898132119107547,商务住宅;产业园区;产业园区,120100,安宁街道安吉大道25号永成物流(安吉大道店),广西壮族自治区,南宁市,西乡塘区,物流园
B0LAT5ZFP4,广西晟腾物流,108.300125,22.908525,108.29616740489121,22.911292485889177,生活服务;物流速递;物流速递,070500,浩宏物流园B栋7-10号,广西壮族自治区,南宁市,西乡塘区,物流园
B0M25HC771,永成物流园A栋,108.298338,22.895177,108.29438390937817,22.897952755963626,商务住宅;产业园区;产业园区,120100,安宁街道安吉大道25号永成物流(安吉大道店),广西壮族自治区,南宁市,西乡塘区,物流园
B0MA5ZNX55,广西时速物流有限公司,108.300755,22.909207,108.29679635949536,22.911973187044314,生活服务;物流速递;物流速递,070500,安吉大道闽佳物流园A1栋24-33号,广西壮族自治区,南宁市,西乡塘区,物流园
B0JUSHQ18T,广西鼎浩物流有限公司,108.298925,22.890725,108.29497022353979,22.893501619527612,生活服务;物流速递;物流速递,070500,安吉大道88号(西津地铁站D口步行170米),广西壮族自治区,南宁市,西乡塘区,物流园
B0L1S1SBYD,闽佳物流园A5栋,108.301975,22.909875,108.29801434324703,22.912638916033305,商务住宅;产业园区;产业园区,120100,广西闽佳安吉物流园,广西壮族自治区,南宁市,西乡塘区,物流园
B0MAOOJNLK,融辉南宁物流园,108.279775,22.750275,108.27585230139977,22.75312768355108,生活服务;物流速递;物流速递,070500,金阳路46号普洛斯物流园B-2号库,广西壮族自治区,南宁市,江南区,物流园
B0M2AGYW4P,云通物流园3号楼,108.280825,22.752575,108.27690112150718,22.755425838181857,商务住宅;产业园区;产业园区,120100,金阳路与国凯大道交叉口西60米,广西壮族自治区,南宁市,江南区,物流园
B0MG9DP3E3,中庞物流园10栋2号仓,108.287125,22.792625,108.28319191358815,22.79545533075253,生活服务;物流速递;物流速递,070500,五一路南五里与五一路南四里交叉口西140米,广西壮族自治区,南宁市,江南区,物流园
B0L6KG4N0N,广西中庞南方物流科技有限公司,108.287164,22.792636,108.28323086472065,22.795466276515416,生活服务;物流速递;物流仓储场地,070501,江南街道五一路南四里16号,广西壮族自治区,南宁市,江南区,物流园
B0LRO7WRE9,吉庆方顺物流(贵州专线物流 云贵川专线),108.305039,22.910118,108.3010732125614,22.912876675357463,生活服务;物流速递;物流速递,070500,闽佳物流园内B区4栋10-12号铺面,广西壮族自治区,南宁市,西乡塘区,物流园
B0L1G5AT03,广西宇鑫物流专注落地分流,108.305232,22.910374,108.30126587049052,22.913132241039673,生活服务;物流速递;物流速递,070500,安吉闽佳物流园B3栋29-32号铺面,广西壮族自治区,南宁市,西乡塘区,物流园
B0LR0OP2LA,津物流园,108.302217,22.888053,108.29825707537321,22.890825353408612,商务住宅;产业园区;产业园区,120100,西津路与安吉大道辅路交叉口东380米,广西壮族自治区,南宁市,西乡塘区,物流园
B0MAZMBJ31,翁氏八达物流(名宝点),108.290072,22.795232,108.28613499775896,22.798057508249045,生活服务;物流速递;物流速递,070500,名宝物流园4栋8号,广西壮族自治区,南宁市,江南区,物流园
B0LK3PZE8U,西津电商物流园A区,108.302915,22.886102,108.29895402428832,22.888873974236258,商务住宅;产业园区;产业园区,120100,[],广西壮族自治区,南宁市,西乡塘区,物流园
B0MR2HP7XZ,名宝物流园13栋,108.290168,22.794456,108.28623091003087,22.797281641114566,商务住宅;产业园区;产业园区,120100,五一路南四里8号名宝物流园,广西壮族自治区,南宁市,江南区,物流园
B0MAJ72YCO,翁氏八达物流西津分点,108.303447,22.88871,108.29948500436515,22.891480041649658,生活服务;物流速递;物流速递,070500,鑫津物流园A区17栋5号,广西壮族自治区,南宁市,西乡塘区,物流园
B0MD4OJM0W,南港文顺物流,108.304472,22.887178,108.3005083619269,22.889946926186127,生活服务;物流速递;物流速递,070500,鑫津电商物流园A区11栋35号南港文顺物流,广西壮族自治区,南宁市,西乡塘区,物流园
B0L1HZWHUH,田东仔物流总部,108.296925,22.805275,108.29297771665867,22.808087021550623,生活服务;物流速递;物流速递,070500,新阳街道雅里中坡19号永和物流园,广西壮族自治区,南宁市,西乡塘区,物流园
B0KBRYMUBD,南宁市华东物流有限公司,108.315756,22.911725,108.31177091314143,22.91446389145133,生活服务;物流速递;物流速递,070500,中创路强方物流园F1栋,广西壮族自治区,南宁市,西乡塘区,物流园
B0J2TA6HIY,先飞达物流,108.316585,22.91,108.3125984491354,22.912738061533194,生活服务;物流速递;物流速递,070500,中创路强方物流园F1栋,广西壮族自治区,南宁市,西乡塘区,物流园
B0L377LLBL,强方物流园高新园区招商部,108.317475,22.910025,108.3134867716684,22.91276139459853,生活服务;生活服务场所;生活服务场所,070000,中创路辅路与创客路交叉口北200米,广西壮族自治区,南宁市,西乡塘区,物流园
B0MA69MJSE,强方物流园,108.317875,22.909675,108.31388603390538,22.91241079114134,商务住宅;产业园区;产业园区|生活服务;生活服务场所;生活服务场所,120100|070000,中创路辅路与创客路交叉口北180米,广西壮族自治区,南宁市,西乡塘区,物流园
B0MGU67XHW,广西翁氏八达嘉汇物流有限公司F5栋,108.318025,22.910225,108.31403572142592,22.912960285588156,生活服务;物流速递;物流速递,070500,强方物流园,广西壮族自治区,南宁市,西乡塘区,物流园
B0MR1CDP01,华西路29号物流园11栋,108.30591,22.817512,108.3019475127954,22.820304987422606,商务住宅;产业园区;产业园区,120100,新阳北一路与华西路交叉口南120米,广西壮族自治区,南宁市,西乡塘区,物流园
B0MRLX6NVG,中关物流园B区,108.320216,22.901629,108.31622299870929,22.904363677739184,商务住宅;产业园区;产业园区,120100,创园路与芦村岭路辅路交叉口北60米,广西壮族自治区,南宁市,西乡塘区,物流园
B0MAV76ISP,广西志臻物流有限公司分拨中心,108.320244,22.901541,108.31625094974063,22.904275660696378,生活服务;物流速递;物流速递,070500,中关村物流园B区2栋,广西壮族自治区,南宁市,西乡塘区,物流园
B0MGTM7ANE,鑫沙物流,108.320869,22.90261,108.31687469738883,22.905343046901,生活服务;物流速递;物流速递,070500,中关物流园B1栋7-11号,广西壮族自治区,南宁市,西乡塘区,物流园
B0M255CDHL,中关物流园A区3号楼,108.321525,22.901925,108.3175294738682,22.904657085003155,商务住宅;产业园区;产业园区,120100,创园路中关物流园A区,广西壮族自治区,南宁市,西乡塘区,物流园
B0LG174ODC,南宁市中一行物流共享分拨,108.322554,22.902511,108.3185564625579,22.90524089693763,生活服务;物流速递;物流速递,070500,创园路中关物流园A区6栋23-25,广西壮族自治区,南宁市,西乡塘区,物流园
B0LR0OP3U3,长胜物流园,108.322025,22.888975,108.31802918583793,22.891711363771993,商务住宅;产业园区;产业园区,120100,园艺路与永林路交叉口西南340米,广西壮族自治区,南宁市,西乡塘区,物流园
B0M13RQ7B5,长胜物流园3栋,108.322346,22.888776,108.3183495780272,22.89151183498389,商务住宅;产业园区;产业园区,120100,园艺路与永林路交叉口西南340米,广西壮族自治区,南宁市,西乡塘区,物流园
B0JBZAG9I5,聚鹏物流,108.320875,22.867075,108.31688253299275,22.869822197491953,生活服务;物流速递;物流速递,070500,北湖北路园艺路三运公司物流园聚鹏物流,广西壮族自治区,南宁市,西乡塘区,物流园
B0MDLXMLXF,林峰物流园3号楼,108.330025,22.868025,108.32601475027612,22.870754405783693,商务住宅;产业园区;产业园区,120100,[],广西壮族自治区,南宁市,西乡塘区,物流园
B0MG2NZKP5,融链物流园,108.332725,22.882375,108.32870874770428,22.885093608629514,商务住宅;产业园区;产业园区,120100,[],广西壮族自治区,南宁市,西乡塘区,物流园
B0LR0XQ86A,通达物流园1栋,108.332325,22.877725,108.32830976781455,22.880446212737727,生活服务;生活服务场所;生活服务场所,070000,安武大道11号通达物流园,广西壮族自治区,南宁市,西乡塘区,物流园
B0M25HCJSN,老直物流园1栋,108.348504,22.908926,108.34445658901446,22.91160486406602,商务住宅;产业园区;产业园区,120100,[],广西壮族自治区,南宁市,西乡塘区,物流园
B0JRJ5H0V5,正创新零售南宁智慧物流园,108.366263,22.702336,108.36219781316493,22.705058118024823,生活服务;生活服务场所;生活服务场所,070000,利华路与六连路交叉口西北200米,广西壮族自治区,南宁市,良庆区,物流园
B0M2DH7PYZ,新科源物流园2区1栋,108.394583,22.866004,108.39048405335893,22.86864753811859,商务住宅;产业园区;产业园区,120100,昆仑大道128号新科源物流(金桥配送中心),广西壮族自治区,南宁市,兴宁区,物流园
B0M2AR0UDF,新科源物流园2区9栋,108.394659,22.865895,108.39056003480293,22.868538555676277,商务住宅;产业园区;产业园区,120100,昆仑大道128号新科源物流(金桥配送中心),广西壮族自治区,南宁市,兴宁区,物流园
B0M2NBRZ2D,易商南宁五象电商物流园1号楼,108.373503,22.697241,108.36942886243605,22.69995542487962,商务住宅;产业园区;产业园区,120100,华兴路与华安路交叉口南180米,广西壮族自治区,南宁市,良庆区,物流园
B0JRNZAICR,易商南宁五象电商物流园,108.375543,22.697165,108.37146658175404,22.699877213834288,生活服务;物流速递;物流仓储场地,070501,华兴路与华安路交叉口西440米,广西壮族自治区,南宁市,良庆区,物流园
B0MUYRRP1Z,苏宁物流园,108.401525,22.877425,108.39742429724333,22.88006280519439,生活服务;物流速递;物流速递,070500,三塘镇金仑路10号,广西壮族自治区,南宁市,兴宁区,物流园
B0MUPOGLUE,信泰物流园C3仓,108.378575,22.703875,108.37449510763871,22.70658245945268,生活服务;物流速递;物流速递|商务住宅;产业园区;产业园区,070500|120100,华海路与利华路交叉口西北160米,广西壮族自治区,南宁市,良庆区,物流园
B0JKZHR8LE,德邦快递(南宁良庆区中新国际物流园经营分部),108.37803,22.699526,108.37395087208029,22.70223509303156,生活服务;物流速递;物流速递,070500,华安路19号,广西壮族自治区,南宁市,良庆区,物流园
B0JRT521DM,中新唯壹智园,108.378906,22.700706,108.37482595302258,22.70341395546981,商务住宅;产业园区;产业园区|生活服务;电讯营业厅;中国电信营业厅,120100|070601,华安路19号,广西壮族自治区,南宁市,良庆区,物流园
B0JB37GK61,传胜供应链南宁物流园,108.379645,22.685526,108.37556504688258,22.688236999030934,生活服务;物流速递;物流速递,070500,定旧路2号,广西壮族自治区,南宁市,良庆区,物流园
B0JKZHSQS5,菜鸟驿站(南宁青环物流园11号店),108.426113,22.785405,108.4220311316134,22.78808934874269,生活服务;物流速递;物流速递,070500,青环路80号青环物流园,广西壮族自治区,南宁市,青秀区,物流园
B0L2VU8U9X,中交一公局四公司高铁物流项目部,108.43423,22.824583,108.43015689499734,22.827263798513137,公司企业;公司;公司,170200,云景路92号,广西壮族自治区,南宁市,青秀区,物流园
B0J6ASZ5UO,南天物流仙葫营业点(仙葫大道中店),108.463709,22.807982,108.45969895208484,22.81072742326027,生活服务;物流速递;物流速递,070500,仙葫大道中21-19号,广西壮族自治区,南宁市,青秀区,物流园
B0LR01NNYF,强方物流园A2栋,108.491475,22.920475,108.48754048726148,22.923254338658936,商务住宅;产业园区;产业园区,120100,[],广西壮族自治区,南宁市,兴宁区,物流园
B0IR216VAW,强方国际香料物流园,108.492693,22.917159,108.48876247588241,22.91994335186584,生活服务;物流速递;物流速递,070500,昆仑大道辅路与029县道交叉口东北280米,广西壮族自治区,南宁市,兴宁区,物流园
B0LB9LY6ZV,万家公路港物流园,108.851875,23.239575,108.84798038832373,23.24238710504481,生活服务;物流速递;物流仓储场地,070501,东环路东侧,广西壮族自治区,南宁市,宾阳县,物流园
B0IKRCR0ZG,广西壮族自治区南宁市江南区吴圩镇物流园,108.210641,22.627309,108.20669894016739,22.630180035526315,商务住宅;产业园区;产业园区,120100,园区5号路,广西壮族自治区,南宁市,江南区,物流园
B0IK55VECO,文顺达物流,108.23815,22.794391,108.23423243239526,22.79724347697857,生活服务;物流速递;物流速递,070500,同乐大道53号,广西壮族自治区,南宁市,江南区,物流园
B0IA55DJR1,康泽物流园,108.296832,22.90402,108.29287976349279,22.9067945185849,生活服务;物流速递;物流仓储场地,070501,南武大道43号,广西壮族自治区,南宁市,西乡塘区,物流园
B0HKX5PNCJ,广西东星物流,108.251937,22.780672,108.24802555471888,22.78353156248086,生活服务;物流速递;物流速递,070500,沙井大道90号,广西壮族自治区,南宁市,江南区,物流园
B0HAKLJ6WA,广西翁氏八达嘉汇物流有限公司,108.318604,22.910233,108.31461362320424,22.91296719848334,生活服务;物流速递;物流速递,070500,广西壮族自治区南宁市西乡塘区广西翁氏八达嘉汇物流有限公司强方物流园-F5栋1-11号厂房,广西壮族自治区,南宁市,西乡塘区,物流园
B0HA5ZMV9G,南天物流(锦绣街店),108.820446,23.216567,108.81650600845182,23.21932907780189,生活服务;物流速递;物流速递,070500,锦绣街81号,广西壮族自治区,南宁市,宾阳县,物流园
B0H6CCYF3X,鸿翔一心堂药业集团广西公司物流中心,108.297438,22.765014,108.29349200698805,22.76783865132016,生活服务;物流速递;物流速递,070500,经济技术开发区长凯路25号B栋,广西壮族自治区,南宁市,江南区,物流园
B0H69SI5YS,华三玉洞物流园,108.339998,22.721884,108.33597610249109,22.724644081060777,商务住宅;产业园区;产业园区,120100,银海大道997号,广西壮族自治区,南宁市,良庆区,物流园
B0H0V72VCL,安能物流(南宁分拨中心),108.383922,22.683494,108.37983850652567,22.68620190001162,生活服务;物流速递;物流速递,070500,银海大道辅路与325国道交叉口东北320米,广西壮族自治区,南宁市,良庆区,物流园
B0GUAS9MXP,龙海坤飞物流,108.297597,22.89747,108.29364393508443,22.900245990668466,生活服务;物流速递;物流仓储场地,070501,希戈艺术学校南门西50米,广西壮族自治区,南宁市,西乡塘区,物流园
B0GRKZ4ICA,国花888物流,108.238425,22.800075,108.23450732639982,22.802925644991355,生活服务;物流速递;物流速递,070500,沙井大道56号乾龙物流园(东1-12)西,广西壮族自治区,南宁市,江南区,物流园
B0GRJRNYHB,都市快车物流(南宁分公司),108.241206,22.815479,108.23728923491227,22.818325281494804,生活服务;物流速递;物流速递,070500,上津路5号江南综合交易中心,广西壮族自治区,南宁市,江南区,物流园
B0GK3ZSPWV,广西泓润仓储物流有限公司,108.288582,22.795665,108.28464692077551,22.79849237898949,生活服务;物流速递;物流仓储场地|公司企业;公司;公司,070501|170200,五一路南四里3号泓润公司A5栋163,广西壮族自治区,南宁市,江南区,物流园
B0GDCU8B3C,宁启物流园,108.216197,22.776235,108.21225613476128,22.779075439142616,生活服务;物流速递;物流仓储场地,070501,智兴路乐贤村12队76号,广西壮族自治区,南宁市,江南区,物流园
B0G2MSXBY0,信泰,108.378017,22.70429,108.37393763553548,22.706997890312067,公司企业;公司;公司,170200,海德路15号,广西壮族自治区,南宁市,良庆区,物流园
B0G1K73OB0,一正达·林秋速运(南宁站),108.223084,22.813507,108.21915074515096,22.81634213911239,生活服务;物流速递;物流速递,070500,三津大道88号南北停车场B栋19号,广西壮族自治区,南宁市,江南区,物流园
B0FFMFZSKV,前锋物流(南北物流园店),108.222635,22.814538,108.21870112188896,22.817372334298216,生活服务;物流速递;物流速递,070500,三津大道88号南北物流园A栋1-4号,广西壮族自治区,南宁市,江南区,物流园
B0FFM92V8O,南宁众望物流,108.30284,22.910079,108.29887790777283,22.912841398657733,生活服务;物流速递;物流速递,070500,安吉大道闽佳物流园A9栋21-23号,广西壮族自治区,南宁市,西乡塘区,物流园
B0FFLCS0QV,金海物流园,108.371871,22.703894,108.36779844453787,22.706608619555396,生活服务;生活服务场所;生活服务场所,070000,华兴路16号南宁综合保税区,广西壮族自治区,南宁市,良庆区,物流园
B0FFL5L999,中新南宁国际物流园,108.375311,22.705609,108.37123439227786,22.70831931093947,商务住宅;产业园区;产业园区,120100,金海路16号,广西壮族自治区,南宁市,良庆区,物流园
B0FFKV8UZL,四海仓储物流园,108.215443,22.85673,108.21149685651781,22.859540816529254,生活服务;物流速递;物流仓储场地,070501,文贤路西150米,广西壮族自治区,南宁市,西乡塘区,物流园
B0FFKKY9DY,三志驰腾物流(总部),108.303636,22.910965,108.29967253652873,22.91372570382459,生活服务;物流速递;物流速递,070500,闽佳安吉物流园B2-1-15号,广西壮族自治区,南宁市,西乡塘区,物流园
B0FFKCS8OQ,秀翼物流(南宁分公司),108.239668,22.800724,108.23575109111384,22.80357492484234,生活服务;物流速递;物流速递,070500,定秋路华南城乾龙物流园,广西壮族自治区,南宁市,江南区,物流园
B0FFK7QUKU,新科源物流,108.394109,22.869805,108.3900100100444,22.87244721542806,生活服务;物流速递;物流速递,070500,昆仑大道128号,广西壮族自治区,南宁市,兴宁区,物流园
B0FFJSSX35,南宁市高新区万纬物流园,108.259022,22.876473,108.25510534101727,22.879296080035555,生活服务;物流速递;物流仓储场地,070501,振华路与科兴路交叉口东北240米,广西壮族自治区,南宁市,西乡塘区,物流园
B0FFJS740B,永和物流园,108.296557,22.80543,108.29261026518718,22.80824253379991,生活服务;物流速递;物流仓储场地,070501,雅里中坡19号,广西壮族自治区,南宁市,西乡塘区,物流园
B0FFJRVVSE,伶俐公路物流港,108.775775,22.829375,108.7718038130034,22.832226038434143,生活服务;物流速递;物流仓储场地,070501,伶津路与伶俐互通交叉口东南80米,广西壮族自治区,南宁市,青秀区,物流园
B0FFIIGGMB,南北物流园,108.220191,22.812132,108.2162540150071,22.814964692332342,生活服务;物流速递;物流仓储场地,070501,三津大道88号南北停车场,广西壮族自治区,南宁市,江南区,物流园
B0FFIBUL5J,广西大汇仓储物流基地,108.45867,22.922171,108.45464112651104,22.924860090861813,生活服务;物流速递;物流仓储场地,070501,昆仑大道同仁路6号,广西壮族自治区,南宁市,兴宁区,物流园
B0FFI7KHI5,通达物流园,108.331445,22.876884,108.32743152368917,22.87960722042672,生活服务;物流速递;物流仓储场地,070501,安武大道11号,广西壮族自治区,南宁市,西乡塘区,物流园
B0FFHYGVA8,逊达洪通电子商务物流园区南宁运营中心,108.29101,22.751486,108.28707398619999,22.754324358861723,生活服务;物流速递;物流仓储场地|商务住宅;产业园区;产业园区,070501|120100,防城港路与国凯大道交叉口南180米,广西壮族自治区,南宁市,江南区,物流园
B0FFHYGDCH,普洛斯南宁普桂物流园,108.28122,22.750025,108.27729584269268,22.752876173636782,生活服务;物流速递;物流仓储场地|商务住宅;产业园区;产业园区,070501|120100,金阳路与高岭路交叉口北160米,广西壮族自治区,南宁市,江南区,物流园
B0FFHQDXHK,广西南天物流集团有限公司,108.498094,22.899718,108.49418137225672,22.902525733312377,生活服务;物流速递;物流速递,070500,三塘镇四塘南柳路198号广西交通职业技术学院小路进去,广西壮族自治区,南宁市,兴宁区,物流园
B0FFHGRBGG,西津电商物流市场,108.302722,22.881843,108.29876156414224,22.884616992031432,商务住宅;产业园区;产业园区,120100,安宁街道安吉大道88号,广西壮族自治区,南宁市,西乡塘区,物流园
B0FFHELRO9,玉洞物流港(银海大道辅路),108.382101,22.683536,108.3780189703132,22.686245331073607,生活服务;物流速递;物流仓储场地|公司企业;公司;公司|商务住宅;产业园区;产业园区,070501|170200|120100,银海大道1237号,广西壮族自治区,南宁市,良庆区,物流园
B0FFHC48BD,南宁市烟草公司卷烟物流中心,108.255506,22.858445,108.25159067914554,22.861276102251995,生活服务;物流速递;物流仓储场地,070501,科兴路,广西壮族自治区,南宁市,西乡塘区,物流园
B0FFH9BRTK,广西桂储物流有限公司,108.182207,23.182952,108.17817894989349,23.18557634823891,生活服务;物流速递;物流仓储场地,070501,东盟经济技术开发区宁武路16号,广西壮族自治区,南宁市,武鸣区,物流园
B0FFH934VR,容顺(南宁总部),108.296741,22.897508,108.29278923784818,22.900285301182105,生活服务;物流速递;物流速递,070500,G75兰海高速与安吉立交交叉口东460米,广西壮族自治区,南宁市,西乡塘区,物流园
B0FFGAEDY1,亚迅物流园,108.295875,22.891975,108.2919248245903,22.89475585665219,生活服务;物流速递;物流速递,070500,安吉大道89号(西津地铁站A口步行150米),广西壮族自治区,南宁市,西乡塘区,物流园
B0FFG4J89Y,南宁市快易通物流(五一路南四里),108.288589,22.793805,108.28465400735936,22.79663300460431,生活服务;物流速递;物流速递,070500,五一中路3号南四里泓润仓储物流中心A2栋29-30号,广西壮族自治区,南宁市,江南区,物流园
B0FFG4G3TE,中国铁路南宁局集团有限公司南宁铁路物流中心,108.312044,22.824448,108.30807028948774,22.82722764509979,生活服务;物流速递;物流仓储场地,070501,中华路100-1号,广西壮族自治区,南宁市,西乡塘区,物流园
B0FFFXHYPL,普洛斯南宁物流园,108.279152,22.750079,108.27522992338555,22.752932406345977,生活服务;物流速递;物流速递,070500,合浦路附近,广西壮族自治区,南宁市,江南区,物流园
B0FFFTU5EY,南城物流中心,108.258099,22.761844,108.25418837169359,22.764708403067658,生活服务;物流速递;物流速递,070500,那厉路22号(那历村地铁站A口步行80米),广西壮族自治区,南宁市,江南区,物流园
B0FFFO3Q3Z,广西翔海物流有限责任公司,108.240393,22.776546,108.23647776477645,22.779405325269234,生活服务;物流速递;物流速递,070500,沙井镇智和村金鸡路7号,广西壮族自治区,南宁市,江南区,物流园
B0FFFH11E9,名宝物流园,108.289884,22.794095,108.28594730530615,22.79692115433664,生活服务;物流速递;物流仓储场地|购物服务;购物相关场所;购物相关场所,070501|060000,五一路南四里8号,广西壮族自治区,南宁市,江南区,物流园
B0FFFE66U6,广西金博物流有限公司,108.256972,22.791306,108.25306000968855,22.794161118298785,生活服务;物流速递;物流速递,070500,五一西路105号,广西壮族自治区,南宁市,江南区,物流园
B0FFF8Z2XF,华南城乾龙物流园,108.240329,22.800287,108.23641251201768,22.80313832071975,生活服务;物流速递;物流仓储场地,070501,新乐路与定秋路辅路交叉口西北120米,广西壮族自治区,南宁市,江南区,物流园
B03030VHOK,广西闽佳安吉物流园,108.302984,22.910287,108.2990216582302,22.913049073404657,商务住宅;产业园区;产业园区,120100,安吉大道附近,广西壮族自治区,南宁市,西乡塘区,物流园
B03030TH77,新科源物流(金桥配送中心),108.394577,22.866212,108.3904780443078,22.868855459127456,生活服务;物流速递;物流速递,070500,昆仑大道128号,广西壮族自治区,南宁市,兴宁区,物流园
B03030TDLN,广西高峰香料物流中心,108.413021,22.874654,108.40892342941719,22.877295484623275,生活服务;物流速递;物流速递,070500,昆仑大道199号,广西壮族自治区,南宁市,兴宁区,物流园
B030305WQO,浩宏物流园,108.300536,22.90812,108.29657776790675,22.91088698700908,生活服务;物流速递;物流速递,070500,安吉街道南武大道,广西壮族自治区,南宁市,西乡塘区,物流园
B030305TUJ,南宁保税物流中心,108.350583,22.711105,108.34654223395756,22.713849050949754,生活服务;物流速递;物流速递,070500,银海大道1219号,广西壮族自治区,南宁市,良庆区,物流园
B0FFHO39JR,南宁综合保税区,108.35045,22.711327,108.34640945625146,22.714071219893196,商务住宅;产业园区;产业园区,120100,银海大道与黄岭路交叉口北100米,广西壮族自治区,南宁市,良庆区,保税区
B0FFLEY1HH,保税区餐厅,108.355101,22.709093,108.3510525927734,22.71183004056025,餐饮服务;中餐厅;中餐厅,050100,桅杆路与银海大道交叉口东北160米,广西壮族自治区,南宁市,良庆区,保税区
B0MRFPSC9F,南宁综合保税区A4栋,108.35065,22.71115,108.34660911392598,22.713893924429946,商务住宅;产业园区;产业园区,120100,综合保税区,广西壮族自治区,南宁市,良庆区,保税区
B0MDU713VA,南宁综合保税区二期-行政办公大楼,108.246558,22.750107,108.24264694548243,22.752976127672678,商务住宅;楼宇;商务写字楼,120201,槎路291号海城路15号南宁综合保税区(国铁片区),广西壮族自治区,南宁市,江南区,保税区
B0MDCS30BH,南宁综合保税区二期-查验办公用房,108.246961,22.749999,108.24305008078608,22.752868206985866,商务住宅;楼宇;商务写字楼,120201,槎路291号海城路15号南宁综合保税区(国铁片区),广西壮族自治区,南宁市,江南区,保税区
BV10267570,南宁综合保税区(公交站),108.349106,22.711002,108.345067853451,22.713748624241912,交通设施服务;公交车站;公交车站相关,150700,112路,广西壮族自治区,南宁市,良庆区,保税区
B0IDXCXMDD,万纬南宁良庆保税园区,108.366072,22.714384,108.36200644862527,22.71710322126108,商务住宅;产业园区;产业园区,120100,银海大道南宁综合保税区,广西壮族自治区,南宁市,良庆区,保税区
B0KB1N9OZQ,南宁市五象保税区综合广场(建设中),108.363871,22.711861,108.35980871205584,22.71458394253208,风景名胜;公园广场;城市广场,110105,万纬南宁良庆保税园区附近,广西壮族自治区,南宁市,良庆区,保税区
B0LR37EU49,南宁综合保税区服务中心,108.356334,22.71449,108.3522832696312,22.717223621077377,政府机构及社会团体;政府机关;政府机关相关,130100,杜鹃路与华良路交叉口西南320米,广西壮族自治区,南宁市,良庆区,保税区
B0IKXML7MF,保税区超市,108.355287,22.709259,108.35123827402663,22.711995695148104,购物服务;超级市场;超市,060400,桅杆路1号综合保税区高德公馆3号楼一楼,广西壮族自治区,南宁市,良庆区,保税区
B0MDNNE9B5,南宁综合保税区商务中心,108.383575,22.706775,108.37949055597831,22.70947739467102,商务住宅;楼宇;商务写字楼,120201,金海路与平乐大道辅路交叉口西100米,广西壮族自治区,南宁市,良庆区,保税区
B0MDU7140H,南宁综合保税区二期-查验扣留仓库,108.246679,22.749337,108.24276802450552,22.752206375297348,公司企业;公司;公司,170200,槎路291号,广西壮族自治区,南宁市,江南区,保税区
B0MG0CH55N,保税区综合楼,108.355425,22.708925,108.35137606184959,22.71166155941792,商务住宅;楼宇;商务写字楼,120201,桅杆路与金村路交叉口南180米,广西壮族自治区,南宁市,良庆区,保税区
B0IB27SLVO,南宁综合保税区公租房,108.355797,22.709531,108.35174741340018,22.71226679984034,商务住宅;住宅区;住宅小区,120302,桅杆路与金村路交叉口南约160米,广西壮族自治区,南宁市,良庆区,保税区
B0MDCS37S4,南宁综合保税区二期-跨境电商监管中心,108.247955,22.748508,108.24404444802302,22.75137774606617,政府机构及社会团体;政府机关;政府机关相关,130100,槎路291号,广西壮族自治区,南宁市,江南区,保税区
B0MUDNGRYG,南宁0306MK04综合保税区7栋,108.38355,22.70685,108.37946557163515,22.709552394414377,商务住宅;产业园区;产业园区,120100,金海路20号高新金海大厦,广西壮族自治区,南宁市,良庆区,保税区
B03030TTLY,南宁市综合保税区筹备工作领导小组办公室,108.355949,22.794605,108.35189471882792,22.79731469681484,政府机构及社会团体;政府机关;政府机关相关,130100,竹溪大道11号,广西壮族自治区,南宁市,青秀区,保税区
B0L0714CW4,南宁综合保税区公租房停车场,108.354832,22.708965,108.35078404921134,22.71170251191699,交通设施服务;停车场;公共停车场,150904,桅杆路与银海大道交叉口东北140米,广西壮族自治区,南宁市,良庆区,保税区
B0L1JU8PFU,南宁综合保税区商务中心1号楼,108.383275,22.707225,108.37919076908071,22.709927510189008,商务住宅;楼宇;商务写字楼,120201,金海路20号高新金海大厦,广西壮族自治区,南宁市,良庆区,保税区
B0M1172EEX,南宁综合保税区商品展示中心,108.355825,22.708225,108.35177543518941,22.710961097477572,科教文化服务;科教文化场所;科教文化场所,140000,银海大道与桅杆路交叉口东200米,广西壮族自治区,南宁市,良庆区,保税区
B0KG5Z5MTM,综保区保税餐厅,108.350306,22.711028,108.3462657253679,22.71377254598247,餐饮服务;中餐厅;中餐厅,050100,银海大道与云村路交叉口北80米,广西壮族自治区,南宁市,良庆区,保税区
B0IB7587YO,中国石化新玉洞加油站司机之家,108.354836,22.70842,108.35078807092243,22.711157648303775,生活服务;生活服务场所;生活服务场所,070000,良庆镇桅杆路与银海大道交叉口处(南宁保税区物流中心旁),广西壮族自治区,南宁市,良庆区,保税区
B03030UCQB,南宁保税物流中心管理委员会,108.349654,22.711475,108.34561485458927,22.714220550030696,政府机构及社会团体;政府机关;政府机关相关,130100,银海大道1219号,广西壮族自治区,南宁市,良庆区,保税区
B0KD5HNAZ0,中林广西林业投资发展集团有限公司,108.384525,22.707025,108.38043981692599,22.709726615158527,公司企业;公司企业;公司企业,170000,金海路20号南宁综合保税区商务中心3号楼,广西壮族自治区,南宁市,良庆区,保税区
B0MGU7CZS6,广西创途食品科技有限公司,108.363975,22.716275,108.35991233035881,22.718996613568248,公司企业;公司;公司,170200,中国(广西)自由贸易试验区南宁片区南宁综合保税区海坛路1号综合保税区中药材加工产业园加工区1号楼一层厂房,广西壮族自治区,南宁市,良庆区,保税区
B0LDLHLN1K,广西国一新能源(保税区店),108.349173,22.710558,108.34513475718296,22.71330462533875,汽车销售;汽车销售;汽车销售,020000,银海大道938号,广西壮族自治区,南宁市,良庆区,保税区
B0FFHEGIUD,中国工商银行(南宁华南城支行),108.250106,22.802294,108.24619318557848,22.805146324147625,金融保险服务;银行;中国工商银行,160105,沙井大道56号南宁华南城物流区1号,广西壮族自治区,南宁市,江南区,保税区
B0MUUCX5AW,骐骥换电站(南宁综合保税区站),108.353465,22.712996,108.3494191479436,22.715734692683036,汽车服务;充电站;充电站,011100,玉洞冷库入口直行400米,广西壮族自治区,南宁市,良庆区,保税区
B0H3THGVXC,广西临港国际供应链有限公司,108.39312,22.808461,108.38902460511939,22.81112644475695,公司企业;公司;公司,170200,津头街道中泰路11号北部湾大厦,广西壮族自治区,南宁市,青秀区,临港企业
B0L0SAILE1,广西长长建设工程有限公司六景工业园临港新材料产业园PPP项目经理部,108.932229,22.817565,108.92834153757856,22.82057178159239,公司企业;公司;公司,170200,新城街142号,广西壮族自治区,南宁市,横州市,临港企业
B0JDSZSCVT,中国建筑第四工程局有限公司六景工业园区临港新材料产业园项目(二期)PPP项目指挥部,108.894596,22.854456,108.89074845238984,22.85746853283093,政府机构及社会团体;政府及社会团体相关;政府及社会团体相关,130000,景泰路21号,广西壮族自治区,南宁市,横州市,临港企业
