{
"type": "FeatureCollection",
"name": "roads_clip",
"crs": { "type": "name", "properties": { "name": "urn:ogc:def:crs:OGC:1.3:CRS84" } },
"features": [
{ "type": "Feature", "properties": { "osm_id": "1173486452", "name": "浼佽寘鍏璺", "highway": "trunk" }, "geometry": { "type": "LineString", "coordinates": [ [ 108.506751, 21.67569 ], [ 108.5070276, 21.673601 ], [ 108.5073172, 21.6706498 ], [ 108.507346166789745, 21.669684442704671 ] ] } },
{ "type": "Feature", "properties": { "osm_id": "1173486450", "name": "浼佽寘鍏璺", "highway": "trunk" }, "geometry": { "type": "LineString", "coordinates": [ [ 108.507453772062604, 21.669648830346691 ], [ 108.5074235, 21.6706566 ], [ 108.5071334, 21.6736116 ], [ 108.506858, 21.6756922 ] ] } },
{ "type": "Feature", "properties": { "osm_id": "916892538", "name": null, "highway": "trunk_link" }, "geometry": { "type": "LineString", "coordinates": [ [ 108.5074235, 21.6706566 ], [ 108.50743, 21.6725092 ], [ 108.5075051, 21.6733567 ], [ 108.5076445, 21.67395 ], [ 108.5079771, 21.6748323 ] ] } },
{ "type": "Feature", "properties": { "osm_id": "916892537", "name": null, "highway": "trunk_link" }, "geometry": { "type": "LineString", "coordinates": [ [ 108.5079771, 21.6748323 ], [ 108.5081961, 21.6753611 ] ] } },
{ "type": "Feature", "properties": { "osm_id": "916892536", "name": "浼佽寘鍏璺", "highway": "trunk" }, "geometry": { "type": "LineString", "coordinates": [ [ 108.5066649, 21.676262 ], [ 108.506751, 21.67569 ] ] } },
{ "type": "Feature", "properties": { "osm_id": "916892533", "name": "浼佽寘鍏璺", "highway": "trunk" }, "geometry": { "type": "LineString", "coordinates": [ [ 108.506858, 21.6756922 ], [ 108.506772, 21.6762633 ] ] } },
{ "type": "Feature", "properties": { "osm_id": "916892543", "name": null, "highway": "trunk_link" }, "geometry": { "type": "LineString", "coordinates": [ [ 108.5081961, 21.6753611 ], [ 108.5082668, 21.6755302 ], [ 108.5083795, 21.6756948 ], [ 108.5085511, 21.6758144 ], [ 108.5087335, 21.6758842 ], [ 108.50905, 21.6759685 ], [ 108.5086423, 21.6760238 ], [ 108.5084653, 21.6760636 ], [ 108.5083044, 21.6761534 ], [ 108.5081488, 21.6762531 ], [ 108.5079771, 21.6764625 ], [ 108.5078216, 21.676627 ] ] } },
{ "type": "Feature", "properties": { "osm_id": "916892542", "name": null, "highway": "trunk_link" }, "geometry": { "type": "LineString", "coordinates": [ [ 108.5082668, 21.6755302 ], [ 108.5082507, 21.6756848 ], [ 108.5081756, 21.6758194 ], [ 108.5080415, 21.6759091 ], [ 108.5077304, 21.6759684 ], [ 108.5079127, 21.6760437 ], [ 108.5079986, 21.6761434 ], [ 108.5080361, 21.676283 ], [ 108.5079771, 21.6764625 ] ] } },
{ "type": "Feature", "properties": { "osm_id": "916892541", "name": null, "highway": "trunk_link" }, "geometry": { "type": "LineString", "coordinates": [ [ 108.5056704, 21.6764774 ], [ 108.5056651, 21.676268 ], [ 108.5056972, 21.6761683 ], [ 108.5057938, 21.6760587 ], [ 108.5059654, 21.6759682 ], [ 108.5058233, 21.6758842 ], [ 108.505767, 21.6757546 ], [ 108.5057884, 21.675605 ] ] } },
{ "type": "Feature", "properties": { "osm_id": "686115524", "name": "浼佽寘鍏璺", "highway": "trunk" }, "geometry": { "type": "LineString", "coordinates": [ [ 108.4999573, 21.6954842 ], [ 108.5010517, 21.6934007 ], [ 108.5019636, 21.691387 ], [ 108.5031867, 21.688476 ], [ 108.5043132, 21.6853556 ], [ 108.505547, 21.6815073 ], [ 108.505987, 21.6797625 ], [ 108.5064215, 21.6776389 ], [ 108.5066649, 21.676262 ] ] } },
{ "type": "Feature", "properties": { "osm_id": "686115510", "name": "浼佽寘鍏璺", "highway": "trunk" }, "geometry": { "type": "LineString", "coordinates": [ [ 108.506772, 21.6762633 ], [ 108.5065266, 21.6776547 ], [ 108.5060907, 21.6797846 ], [ 108.5056496, 21.6815335 ], [ 108.5044149, 21.6853849 ], [ 108.5032868, 21.6885097 ], [ 108.5020622, 21.6914242 ], [ 108.5011486, 21.6934416 ], [ 108.5000522, 21.695529 ] ] } },
{ "type": "Feature", "properties": { "osm_id": "686115525", "name": "浼佽寘鍏璺", "highway": "trunk" }, "geometry": { "type": "LineString", "coordinates": [ [ 108.4996462, 21.6960325 ], [ 108.4999573, 21.6954842 ] ] } },
{ "type": "Feature", "properties": { "osm_id": "686115507", "name": "浼佽寘鍏璺", "highway": "trunk" }, "geometry": { "type": "LineString", "coordinates": [ [ 108.5000522, 21.695529 ], [ 108.4997408, 21.6960779 ] ] } },
{ "type": "Feature", "properties": { "osm_id": "686115526", "name": "浼佽寘鍏璺", "highway": "trunk" }, "geometry": { "type": "LineString", "coordinates": [ [ 108.4965212, 21.7017784 ], [ 108.4969211, 21.7010467 ], [ 108.4996462, 21.6960325 ] ] } },
{ "type": "Feature", "properties": { "osm_id": "686115516", "name": "浼佽寘鍏璺", "highway": "trunk" }, "geometry": { "type": "LineString", "coordinates": [ [ 108.4997408, 21.6960779 ], [ 108.497016, 21.7010914 ], [ 108.4966161, 21.7018232 ] ] } },
{ "type": "Feature", "properties": { "osm_id": "686115527", "name": "浼佽寘鍏璺", "highway": "trunk" }, "geometry": { "type": "LineString", "coordinates": [ [ 108.4954285, 21.7037779 ], [ 108.4965212, 21.7017784 ] ] } },
{ "type": "Feature", "properties": { "osm_id": "686115517", "name": "浼佽寘鍏璺", "highway": "trunk" }, "geometry": { "type": "LineString", "coordinates": [ [ 108.4966161, 21.7018232 ], [ 108.4955234, 21.7038227 ] ] } },
{ "type": "Feature", "properties": { "osm_id": "686115448", "name": "浼佽寘鍏璺", "highway": "trunk" }, "geometry": { "type": "LineString", "coordinates": [ [ 108.4905133, 21.7136951 ], [ 108.4910309, 21.7123605 ], [ 108.4916961, 21.7109152 ], [ 108.4944534, 21.7055624 ], [ 108.4954285, 21.7037779 ] ] } },
{ "type": "Feature", "properties": { "osm_id": "686115453", "name": "浼佽寘鍏璺", "highway": "trunk" }, "geometry": { "type": "LineString", "coordinates": [ [ 108.4955234, 21.7038227 ], [ 108.4945485, 21.7056067 ], [ 108.4917939, 21.7109546 ], [ 108.4911959, 21.7124177 ], [ 108.4906772, 21.7137471 ] ] } },
{ "type": "Feature", "properties": { "osm_id": "1375634245", "name": null, "highway": "trunk_link" }, "geometry": { "type": "LineString", "coordinates": [ [ 108.4904634, 21.7136769 ], [ 108.4910309, 21.7123605 ] ] } },
{ "type": "Feature", "properties": { "osm_id": "1375634242", "name": null, "highway": "trunk_link" }, "geometry": { "type": "LineString", "coordinates": [ [ 108.4911959, 21.7124177 ], [ 108.4908202, 21.7137877 ] ] } },
{ "type": "Feature", "properties": { "osm_id": "1375634246", "name": null, "highway": "trunk_link" }, "geometry": { "type": "LineString", "coordinates": [ [ 108.4898959, 21.7149933 ], [ 108.4904634, 21.7136769 ] ] } },
{ "type": "Feature", "properties": { "osm_id": "1375634247", "name": "浼佽寘鍏璺", "highway": "trunk" }, "geometry": { "type": "LineString", "coordinates": [ [ 108.4899956, 21.7150297 ], [ 108.4905133, 21.7136951 ] ] } },
{ "type": "Feature", "properties": { "osm_id": "916892544", "name": null, "highway": "trunk_link" }, "geometry": { "type": "LineString", "coordinates": [ [ 108.505547, 21.6815073 ], [ 108.5059547, 21.6791942 ], [ 108.5059816, 21.6787107 ], [ 108.5059601, 21.6781424 ], [ 108.5058904, 21.6775841 ], [ 108.5056704, 21.6764774 ], [ 108.5055685, 21.676268 ], [ 108.5054827, 21.6761634 ], [ 108.5053432, 21.6760587 ], [ 108.5051849, 21.6760188 ], [ 108.504957, 21.6759811 ], [ 108.5053942, 21.6758917 ], [ 108.5056007, 21.6757895 ], [ 108.5057884, 21.675605 ], [ 108.5063034, 21.6747526 ], [ 108.5065985, 21.6742092 ], [ 108.5068613, 21.6735013 ], [ 108.5070383, 21.6726887 ], [ 108.5073172, 21.6706498 ] ] } },
{ "type": "Feature", "properties": { "osm_id": "916892540", "name": null, "highway": "trunk_link" }, "geometry": { "type": "LineString", "coordinates": [ [ 108.5078216, 21.676627 ], [ 108.507387, 21.6771604 ], [ 108.5071617, 21.6774844 ] ] } },
{ "type": "Feature", "properties": { "osm_id": "916892539", "name": null, "highway": "trunk_link" }, "geometry": { "type": "LineString", "coordinates": [ [ 108.5071617, 21.6774844 ], [ 108.506856, 21.6779929 ], [ 108.5066307, 21.6784714 ], [ 108.5064161, 21.6790497 ], [ 108.5056496, 21.6815335 ] ] } },
{ "type": "Feature", "properties": { "osm_id": "686115462", "name": "婊ㄦ捣鍏璺", "highway": "trunk" }, "geometry": { "type": "LineString", "coordinates": [ [ 108.5046198, 21.7290844 ], [ 108.5074202, 21.7310859 ] ] } },
{ "type": "Feature", "properties": { "osm_id": "686115464", "name": "婊ㄦ捣鍏璺", "highway": "trunk" }, "geometry": { "type": "LineString", "coordinates": [ [ 108.5073491, 21.7311712 ], [ 108.5045493, 21.7291699 ] ] } },
{ "type": "Feature", "properties": { "osm_id": "686115461", "name": "婊ㄦ捣鍏璺", "highway": "trunk" }, "geometry": { "type": "LineString", "coordinates": [ [ 108.5074202, 21.7310859 ], [ 108.5095673, 21.7326414 ] ] } },
{ "type": "Feature", "properties": { "osm_id": "686115466", "name": "婊ㄦ捣鍏璺", "highway": "trunk" }, "geometry": { "type": "LineString", "coordinates": [ [ 108.5094963, 21.7327267 ], [ 108.5073491, 21.7311712 ] ] } },
{ "type": "Feature", "properties": { "osm_id": "1347793892", "name": null, "highway": "trunk_link" }, "geometry": { "type": "LineString", "coordinates": [ [ 108.5126248, 21.7348209 ], [ 108.5141351, 21.7358089 ], [ 108.515319, 21.7366799 ], [ 108.5168281, 21.7381463 ] ] } },
{ "type": "Feature", "properties": { "osm_id": "686115460", "name": "婊ㄦ捣鍏璺", "highway": "trunk" }, "geometry": { "type": "LineString", "coordinates": [ [ 108.5095673, 21.7326414 ], [ 108.5126248, 21.7348209 ], [ 108.5153864, 21.7368971 ], [ 108.5168281, 21.7381463 ], [ 108.5184636, 21.7396355 ], [ 108.5208705, 21.7422504 ], [ 108.5233371, 21.7449601 ], [ 108.5239117, 21.7456034 ], [ 108.5245981, 21.7461924 ], [ 108.5252324, 21.7465051 ], [ 108.5256939, 21.7467984 ], [ 108.5260579, 21.7470213 ], [ 108.5268189, 21.7476234 ], [ 108.5282336, 21.7483427 ] ] } },
{ "type": "Feature", "properties": { "osm_id": "686115465", "name": "婊ㄦ捣鍏璺", "highway": "trunk" }, "geometry": { "type": "LineString", "coordinates": [ [ 108.5281737, 21.7484453 ], [ 108.526756, 21.7477246 ], [ 108.5255572, 21.7470277 ], [ 108.5250618, 21.7466948 ], [ 108.5245156, 21.7462806 ], [ 108.5238235, 21.7456867 ], [ 108.5232376, 21.7450046 ], [ 108.520782, 21.7423201 ], [ 108.5183787, 21.7397091 ], [ 108.5167479, 21.7382242 ], [ 108.5153103, 21.7369785 ], [ 108.512553, 21.7349055 ], [ 108.5094963, 21.7327267 ] ] } },
{ "type": "Feature", "properties": { "osm_id": "1375634248", "name": "浼佽寘鍏璺", "highway": "trunk" }, "geometry": { "type": "LineString", "coordinates": [ [ 108.4906772, 21.7137471 ], [ 108.4901585, 21.7150766 ] ] } },
{ "type": "Feature", "properties": { "osm_id": "1375634249", "name": null, "highway": "trunk_link" }, "geometry": { "type": "LineString", "coordinates": [ [ 108.4908202, 21.7137877 ], [ 108.4904444, 21.7151576 ] ] } },
{ "type": "Feature", "properties": { "osm_id": "686115463", "name": "婊ㄦ捣鍏璺", "highway": "trunk" }, "geometry": { "type": "LineString", "coordinates": [ [ 108.468317982828864, 21.71004643718685 ], [ 108.4685689, 21.7102439 ], [ 108.4693869, 21.7108499 ], [ 108.4702409, 21.7113951 ], [ 108.4711065, 21.7119063 ], [ 108.4717616, 21.7122524 ], [ 108.4723893, 21.7125637 ], [ 108.4735916, 21.7131247 ], [ 108.4745524, 21.7135016 ], [ 108.4753675, 21.7138005 ], [ 108.4772415, 21.7145239 ], [ 108.480057, 21.7156599 ], [ 108.4839507, 21.7171047 ], [ 108.4857873, 21.717796 ], [ 108.4878872, 21.7186442 ], [ 108.4885964, 21.7189408 ], [ 108.4892199, 21.719203 ], [ 108.4900649, 21.7196086 ], [ 108.4924175, 21.7207922 ], [ 108.4927032, 21.7209359 ], [ 108.4941735, 21.721774 ], [ 108.4957908, 21.7227862 ] ] } },
{ "type": "Feature", "properties": { "osm_id": "686115470", "name": "婊ㄦ捣鍏璺", "highway": "trunk" }, "geometry": { "type": "LineString", "coordinates": [ [ 108.4957181, 21.7228668 ], [ 108.4941101, 21.7218643 ], [ 108.4926456, 21.7210296 ], [ 108.4891731, 21.7192997 ], [ 108.4885587, 21.7190289 ], [ 108.4878431, 21.7187247 ], [ 108.4858509, 21.7179371 ], [ 108.4845933, 21.7174754 ], [ 108.483907, 21.7172146 ], [ 108.4800124, 21.7157594 ], [ 108.4771961, 21.7146231 ], [ 108.4753239, 21.7139005 ], [ 108.4745085, 21.7136014 ], [ 108.4735429, 21.7132227 ], [ 108.4723359, 21.7126595 ], [ 108.4717029, 21.7123455 ], [ 108.4710431, 21.7119966 ], [ 108.4701741, 21.7114833 ], [ 108.4693158, 21.7109351 ], [ 108.468495, 21.710327 ], [ 108.468289554080116, 21.710165328772767 ] ] } },
{ "type": "Feature", "properties": { "osm_id": "1131947151", "name": null, "highway": "trunk_link" }, "geometry": { "type": "LineString", "coordinates": [ [ 108.4882843, 21.7170352 ], [ 108.4887779, 21.7165967 ], [ 108.4892928, 21.7159986 ], [ 108.4898959, 21.7149933 ] ] } },
{ "type": "Feature", "properties": { "osm_id": "1131947157", "name": null, "highway": "trunk_link" }, "geometry": { "type": "LineString", "coordinates": [ [ 108.4887096, 21.7186542 ], [ 108.488806, 21.7183235 ], [ 108.4898959, 21.7149933 ] ] } },
{ "type": "Feature", "properties": { "osm_id": "1375634244", "name": "浼佽寘鍏璺", "highway": "trunk" }, "geometry": { "type": "LineString", "coordinates": [ [ 108.4888644, 21.7187228 ], [ 108.4898679, 21.715359 ], [ 108.4899956, 21.7150297 ] ] } },
{ "type": "Feature", "properties": { "osm_id": "1375634243", "name": "浼佽寘鍏璺", "highway": "trunk" }, "geometry": { "type": "LineString", "coordinates": [ [ 108.4901585, 21.7150766 ], [ 108.4900387, 21.7153837 ], [ 108.4890001, 21.718783 ] ] } },
{ "type": "Feature", "properties": { "osm_id": "1131947155", "name": null, "highway": "trunk_link" }, "geometry": { "type": "LineString", "coordinates": [ [ 108.4904444, 21.7151576 ], [ 108.4891575, 21.7188528 ] ] } },
{ "type": "Feature", "properties": { "osm_id": "905743067", "name": null, "highway": "trunk_link" }, "geometry": { "type": "LineString", "coordinates": [ [ 108.4904444, 21.7151576 ], [ 108.4903604, 21.7155874 ], [ 108.4903161, 21.7163088 ], [ 108.4903161, 21.7167387 ], [ 108.490355, 21.7171922 ], [ 108.4904556, 21.7176569 ], [ 108.4905857, 21.7180768 ], [ 108.4907171, 21.7184094 ], [ 108.490874, 21.7187259 ], [ 108.4910604, 21.7190536 ], [ 108.4912442, 21.7193277 ], [ 108.4914654, 21.719623 ], [ 108.4922379, 21.7204216 ] ] } },
{ "type": "Feature", "properties": { "osm_id": "185811178", "name": "婊ㄦ捣鍏璺", "highway": "trunk" }, "geometry": { "type": "LineString", "coordinates": [ [ 108.6902458, 21.7052773 ], [ 108.6910065, 21.7049598 ], [ 108.691408516466709, 21.704808998651693 ] ] } },
{ "type": "Feature", "properties": { "osm_id": "185811177", "name": "婊ㄦ捣鍏璺", "highway": "trunk" }, "geometry": { "type": "LineString", "coordinates": [ [ 108.691380666636135, 21.70492596964376 ], [ 108.6910486, 21.7050505 ], [ 108.6902913, 21.7053744 ] ] } },
{ "type": "Feature", "properties": { "osm_id": "185810835", "name": "婊ㄦ捣鍏璺", "highway": "trunk" }, "geometry": { "type": "LineString", "coordinates": [ [ 108.6670628, 21.7181559 ], [ 108.6688305, 21.7173996 ], [ 108.6706294, 21.7167023 ], [ 108.6768122, 21.7145567 ], [ 108.6774224, 21.7143462 ], [ 108.6780123, 21.7141135 ], [ 108.67859, 21.7138413 ], [ 108.679147, 21.7135529 ], [ 108.6797354, 21.7132088 ], [ 108.6802967, 21.7128471 ], [ 108.6808603, 21.7124746 ], [ 108.6813736, 21.7120921 ], [ 108.6855679, 21.7084395 ], [ 108.6866806, 21.7075049 ], [ 108.6872326, 21.7070629 ], [ 108.6878116, 21.7066445 ], [ 108.6890066, 21.7059131 ], [ 108.6896095, 21.7055719 ], [ 108.6902458, 21.7052773 ] ] } },
{ "type": "Feature", "properties": { "osm_id": "185811174", "name": "婊ㄦ捣鍏璺", "highway": "trunk" }, "geometry": { "type": "LineString", "coordinates": [ [ 108.6902913, 21.7053744 ], [ 108.6890667, 21.7060053 ], [ 108.6878793, 21.7067322 ], [ 108.6873062, 21.7071463 ], [ 108.6870664, 21.7073383 ], [ 108.6869114, 21.7074625 ], [ 108.6867574, 21.7075858 ], [ 108.6856465, 21.7085188 ], [ 108.6814497, 21.7121736 ], [ 108.6809303, 21.7125607 ], [ 108.6807706, 21.7126662 ], [ 108.6803633, 21.7129353 ], [ 108.6797994, 21.7132987 ], [ 108.6792062, 21.7136456 ], [ 108.6786445, 21.7139364 ], [ 108.6780613, 21.7142113 ], [ 108.6774653, 21.7144464 ], [ 108.6768525, 21.7146578 ], [ 108.6706721, 21.7168026 ], [ 108.6688771, 21.7174983 ], [ 108.6671113, 21.7182538 ] ] } },
{ "type": "Feature", "properties": { "osm_id": "549060283", "name": null, "highway": "motorway_link" }, "geometry": { "type": "LineString", "coordinates": [ [ 108.6663631, 21.7186105 ], [ 108.6661899, 21.7188667 ], [ 108.6660907, 21.7191059 ], [ 108.6660531, 21.719243 ], [ 108.6660495, 21.7195342 ] ] } },
{ "type": "Feature", "properties": { "osm_id": "185805880", "name": "婊ㄦ捣鍏璺", "highway": "trunk" }, "geometry": { "type": "LineString", "coordinates": [ [ 108.6630301, 21.7202806 ], [ 108.6645787, 21.7193713 ], [ 108.6647659, 21.7192679 ], [ 108.6648596, 21.7192396 ], [ 108.6650316, 21.719155 ], [ 108.6657251, 21.7188127 ], [ 108.6658581, 21.718747 ], [ 108.6670628, 21.7181559 ] ] } },
{ "type": "Feature", "properties": { "osm_id": "686115303", "name": null, "highway": "secondary" }, "geometry": { "type": "LineString", "coordinates": [ [ 108.6608341, 21.7556851 ], [ 108.6606489, 21.7549766 ], [ 108.6586391, 21.747988 ], [ 108.6571419, 21.7416569 ], [ 108.6554467, 21.7355755 ], [ 108.6534632, 21.7278625 ], [ 108.6534128, 21.7277447 ], [ 108.6522212, 21.7249629 ], [ 108.6519145, 21.7242098 ], [ 108.6516894, 21.7236683 ], [ 108.6513258, 21.7227837 ], [ 108.6509219, 21.7217865 ], [ 108.6503563, 21.7203979 ], [ 108.6495291, 21.7183552 ], [ 108.6493983, 21.7180103 ], [ 108.6492867, 21.7177065 ], [ 108.6492531, 21.7176026 ], [ 108.6491828, 21.7173848 ], [ 108.6490943, 21.7170452 ], [ 108.6490251, 21.7167342 ], [ 108.6489616, 21.7164108 ], [ 108.6488847, 21.7158067 ], [ 108.648675, 21.7140731 ], [ 108.6484421, 21.7120622 ], [ 108.6484226, 21.7118801 ], [ 108.6483672, 21.7113637 ], [ 108.6482268, 21.7101841 ], [ 108.6481152, 21.7092976 ], [ 108.647994, 21.7082628 ], [ 108.6479132, 21.7074317 ], [ 108.6478074, 21.7066149 ], [ 108.6476881, 21.7055318 ], [ 108.6475746, 21.7046382 ], [ 108.6475492, 21.7043798 ], [ 108.6475333, 21.7042407 ], [ 108.6474707, 21.703698 ], [ 108.6473361, 21.7026578 ], [ 108.6471822, 21.701303 ], [ 108.6470648, 21.7002359 ], [ 108.6469071, 21.698949 ], [ 108.6466916, 21.6971116 ], [ 108.6464993, 21.6954332 ], [ 108.6463165, 21.6938263 ], [ 108.6461944, 21.6930313 ], [ 108.6461678, 21.692858 ], [ 108.6459741, 21.6915973 ], [ 108.6458146, 21.6897523 ], [ 108.6457297, 21.6889507 ], [ 108.6456943, 21.6884438 ], [ 108.6456861, 21.6880153 ], [ 108.6457133, 21.6875338 ], [ 108.6457745, 21.6870724 ], [ 108.6458235, 21.6868373 ], [ 108.6459071, 21.6865594 ], [ 108.6460003, 21.6862496 ], [ 108.646105, 21.6859015 ], [ 108.6463376, 21.6854199 ], [ 108.6466001, 21.6849459 ], [ 108.6468749, 21.6845338 ], [ 108.647253, 21.6840295 ], [ 108.648658, 21.6822049 ], [ 108.650095, 21.6803244 ], [ 108.6507645, 21.6794532 ], [ 108.6630106, 21.6635276 ] ] } },
{ "type": "Feature", "properties": { "osm_id": "686115304", "name": null, "highway": "secondary" }, "geometry": { "type": "LineString", "coordinates": [ [ 108.6632467, 21.6636273 ], [ 108.6618119, 21.6654837 ], [ 108.6582303, 21.6701174 ], [ 108.6509621, 21.6795203 ], [ 108.6508575, 21.6796364 ], [ 108.6483827, 21.6828444 ], [ 108.6473313, 21.684207 ], [ 108.6469776, 21.6846962 ], [ 108.6465709, 21.685337 ], [ 108.6462186, 21.6861763 ], [ 108.6461573, 21.6863941 ], [ 108.6460904, 21.686632 ], [ 108.6459587, 21.6871003 ], [ 108.6459193, 21.6873442 ], [ 108.6458785, 21.6876918 ], [ 108.6458649, 21.688023 ], [ 108.6458608, 21.6882581 ], [ 108.645873, 21.68854 ], [ 108.6459003, 21.6888736 ], [ 108.6459941, 21.6897496 ], [ 108.6462866, 21.691854 ], [ 108.6463894, 21.6928573 ], [ 108.6464068, 21.6930275 ], [ 108.6464253, 21.6932077 ], [ 108.6464553, 21.6938189 ], [ 108.6476742, 21.704225 ], [ 108.6476906, 21.704364 ], [ 108.6479205, 21.706357 ], [ 108.6485881, 21.7118632 ], [ 108.6486083, 21.7120453 ], [ 108.6490429, 21.7159152 ], [ 108.6490929, 21.7162852 ], [ 108.6491535, 21.7166372 ], [ 108.6492391, 21.7170179 ], [ 108.6493363, 21.7173771 ], [ 108.6494498, 21.717739 ], [ 108.6495652, 21.7180508 ], [ 108.6502059, 21.7196405 ], [ 108.6510479, 21.7217054 ], [ 108.6517702, 21.7234948 ], [ 108.6523559, 21.7249149 ], [ 108.6535275, 21.7275794 ], [ 108.6535788, 21.7276961 ], [ 108.6556291, 21.7355157 ], [ 108.6572889, 21.7416203 ], [ 108.6588406, 21.7479406 ], [ 108.6608534, 21.7549001 ], [ 108.6610284, 21.7556024 ] ] } },
{ "type": "Feature", "properties": { "osm_id": "807744121", "name": null, "highway": "secondary" }, "geometry": { "type": "LineString", "coordinates": [ [ 108.5880211, 21.7311273 ], [ 108.5880628, 21.7311689 ], [ 108.5880877, 21.7312208 ], [ 108.5880931, 21.7312773 ], [ 108.5880786, 21.7313325 ], [ 108.5880457, 21.7313803 ], [ 108.5879979, 21.7314157 ], [ 108.5879403, 21.7314348 ], [ 108.5878792, 21.7314356 ], [ 108.5878207, 21.7314177 ], [ 108.5877716, 21.7313831 ], [ 108.5877373, 21.7313355 ], [ 108.5877216, 21.7312802 ], [ 108.5877262, 21.7312231 ], [ 108.5877506, 21.7311705 ], [ 108.5877921, 21.7311282 ], [ 108.5878462, 21.7311008 ], [ 108.587907, 21.7310912 ], [ 108.5879673, 21.7311005 ], [ 108.5880211, 21.7311273 ] ] } },
{ "type": "Feature", "properties": { "osm_id": "807744122", "name": null, "highway": "secondary" }, "geometry": { "type": "LineString", "coordinates": [ [ 108.5880628, 21.7311689 ], [ 108.5881978, 21.7312232 ], [ 108.5884009, 21.7312667 ], [ 108.5881911, 21.7313144 ], [ 108.5880457, 21.7313803 ] ] } },
{ "type": "Feature", "properties": { "osm_id": "431422265", "name": "閽﹀窞娓澶ч亾", "highway": "secondary" }, "geometry": { "type": "LineString", "coordinates": [ [ 108.5940647, 21.7314632 ], [ 108.5934423, 21.7313884 ], [ 108.5928278, 21.7313398 ], [ 108.5914384, 21.7312966 ], [ 108.5898008, 21.7312797 ], [ 108.589535, 21.7312769 ], [ 108.5884009, 21.7312667 ] ] } },
{ "type": "Feature", "properties": { "osm_id": "431422264", "name": null, "highway": "secondary" }, "geometry": { "type": "LineString", "coordinates": [ [ 108.5940647, 21.7314632 ], [ 108.5945579, 21.731457 ], [ 108.5947951, 21.7314915 ] ] } },
{ "type": "Feature", "properties": { "osm_id": "431422263", "name": null, "highway": "secondary" }, "geometry": { "type": "LineString", "coordinates": [ [ 108.5947863, 21.7316115 ], [ 108.5945418, 21.7315826 ], [ 108.5944423, 21.7315577 ], [ 108.5940647, 21.7314632 ] ] } },
{ "type": "Feature", "properties": { "osm_id": "431422258", "name": null, "highway": "secondary" }, "geometry": { "type": "LineString", "coordinates": [ [ 108.5947951, 21.7314915 ], [ 108.5964484, 21.7317163 ] ] } },
{ "type": "Feature", "properties": { "osm_id": "431422259", "name": null, "highway": "secondary" }, "geometry": { "type": "LineString", "coordinates": [ [ 108.5964301, 21.7318278 ], [ 108.5947863, 21.7316115 ] ] } },
{ "type": "Feature", "properties": { "osm_id": "807744128", "name": null, "highway": "secondary" }, "geometry": { "type": "LineString", "coordinates": [ [ 108.5964484, 21.7317163 ], [ 108.5967297, 21.7317487 ], [ 108.5971029, 21.7319003 ] ] } },
{ "type": "Feature", "properties": { "osm_id": "185810836", "name": "婊ㄦ捣鍏璺", "highway": "trunk" }, "geometry": { "type": "LineString", "coordinates": [ [ 108.6671113, 21.7182538 ], [ 108.6663631, 21.7186105 ], [ 108.6658705, 21.7188453 ], [ 108.6657406, 21.7189072 ], [ 108.6653398, 21.7190983 ], [ 108.6650974, 21.7192351 ], [ 108.6630886, 21.7203684 ] ] } },
{ "type": "Feature", "properties": { "osm_id": "549060282", "name": null, "highway": "motorway_link" }, "geometry": { "type": "LineString", "coordinates": [ [ 108.6659042, 21.7195156 ], [ 108.6657259, 21.7193227 ], [ 108.6656266, 21.7192679 ], [ 108.6653987, 21.719233 ], [ 108.6650974, 21.7192351 ] ] } },
{ "type": "Feature", "properties": { "osm_id": "185806052", "name": "婊ㄦ捣鍏璺", "highway": "trunk" }, "geometry": { "type": "LineString", "coordinates": [ [ 108.6521131, 21.7295166 ], [ 108.6532444, 21.7279871 ], [ 108.6534128, 21.7277447 ], [ 108.6535275, 21.7275794 ], [ 108.6543138, 21.7264472 ], [ 108.654877, 21.7257194 ], [ 108.6555057, 21.7250582 ], [ 108.6561994, 21.7244137 ], [ 108.6569391, 21.7238579 ], [ 108.6630301, 21.7202806 ] ] } },
{ "type": "Feature", "properties": { "osm_id": "185806050", "name": "婊ㄦ捣鍏璺", "highway": "trunk" }, "geometry": { "type": "LineString", "coordinates": [ [ 108.6630886, 21.7203684 ], [ 108.6605031, 21.721887 ], [ 108.657004, 21.723942 ], [ 108.6562739, 21.7244906 ], [ 108.6555868, 21.7251289 ], [ 108.654964, 21.7257839 ], [ 108.6544057, 21.7265054 ], [ 108.6535788, 21.7276961 ], [ 108.6534632, 21.7278625 ], [ 108.6533369, 21.7280444 ], [ 108.6522048, 21.7295751 ] ] } },
{ "type": "Feature", "properties": { "osm_id": "185805881", "name": "鍏閽﹂珮閫", "highway": "motorway" }, "geometry": { "type": "LineString", "coordinates": [ [ 108.6658705, 21.7188453 ], [ 108.6658833, 21.7189463 ], [ 108.6660495, 21.7195342 ], [ 108.6662056, 21.7200866 ], [ 108.6668422, 21.7222071 ], [ 108.6672219, 21.7232625 ], [ 108.6676243, 21.7243103 ], [ 108.6685626, 21.726413 ], [ 108.6690448, 21.7274531 ], [ 108.6692957, 21.7279702 ], [ 108.6695679, 21.7285003 ], [ 108.6707569, 21.730796 ], [ 108.6710259, 21.7313863 ], [ 108.67131, 21.7319546 ], [ 108.6719169, 21.7331195 ], [ 108.6743428, 21.7377134 ] ] } },
{ "type": "Feature", "properties": { "osm_id": "185805468", "name": "鍏閽﹂珮閫", "highway": "motorway" }, "geometry": { "type": "LineString", "coordinates": [ [ 108.6742212, 21.7377688 ], [ 108.6717952, 21.7331746 ], [ 108.6711876, 21.7320085 ], [ 108.6709022, 21.7314373 ], [ 108.6706335, 21.7308478 ], [ 108.6694458, 21.7285547 ], [ 108.6691728, 21.7280231 ], [ 108.6689209, 21.7275038 ], [ 108.6684379, 21.726462 ], [ 108.6674979, 21.7243556 ], [ 108.6670939, 21.7233036 ], [ 108.6667127, 21.722244 ], [ 108.6660749, 21.7201194 ], [ 108.6659042, 21.7195156 ], [ 108.6657523, 21.7189782 ], [ 108.6657406, 21.7189072 ] ] } },
{ "type": "Feature", "properties": { "osm_id": "185804887", "name": "鍏閽﹂珮閫", "highway": "motorway" }, "geometry": { "type": "LineString", "coordinates": [ [ 108.6743428, 21.7377134 ], [ 108.6754366, 21.7398658 ], [ 108.6764462, 21.7420633 ], [ 108.6773579, 21.7442874 ], [ 108.677569, 21.7448451 ], [ 108.6777353, 21.7454474 ], [ 108.6778733, 21.7460373 ], [ 108.678038, 21.746615 ], [ 108.6783026, 21.7476739 ], [ 108.6784894, 21.7487858 ], [ 108.6785521, 21.7497126 ], [ 108.6785399, 21.7510801 ], [ 108.678249, 21.7526228 ], [ 108.6781282, 21.7534208 ], [ 108.677810081326228, 21.755332947579635 ] ] } },
{ "type": "Feature", "properties": { "osm_id": "185804889", "name": "鍏閽﹂珮閫", "highway": "motorway" }, "geometry": { "type": "LineString", "coordinates": [ [ 108.6776682735279, 21.755380056430557 ], [ 108.677994, 21.7534037 ], [ 108.6781152, 21.7526032 ], [ 108.6784047, 21.7510679 ], [ 108.6784096, 21.7505049 ], [ 108.6784141, 21.7499959 ], [ 108.6784166, 21.7497152 ], [ 108.6784056, 21.7495532 ], [ 108.6783728, 21.7490669 ], [ 108.6783547, 21.7487994 ], [ 108.6781695, 21.7476979 ], [ 108.6779066, 21.7466453 ], [ 108.6777416, 21.7460668 ], [ 108.6776036, 21.7454764 ], [ 108.6774393, 21.7448816 ], [ 108.6772307, 21.7443306 ], [ 108.6765343, 21.7426318 ], [ 108.6763206, 21.7421104 ], [ 108.675313, 21.7399173 ], [ 108.6742212, 21.7377688 ] ] } },
{ "type": "Feature", "properties": { "osm_id": "686115297", "name": null, "highway": "secondary" }, "geometry": { "type": "LineString", "coordinates": [ [ 108.6610284, 21.7556024 ], [ 108.6611943, 21.7561783 ] ] } },
{ "type": "Feature", "properties": { "osm_id": "686115296", "name": null, "highway": "secondary" }, "geometry": { "type": "LineString", "coordinates": [ [ 108.6609846, 21.7562567 ], [ 108.6608341, 21.7556851 ] ] } },
{ "type": "Feature", "properties": { "osm_id": "807744129", "name": null, "highway": "secondary" }, "geometry": { "type": "LineString", "coordinates": [ [ 108.5971029, 21.7319003 ], [ 108.5967134, 21.7318586 ], [ 108.5964301, 21.7318278 ] ] } },
{ "type": "Feature", "properties": { "osm_id": "185808461", "name": "婊ㄦ捣鍏璺", "highway": "trunk" }, "geometry": { "type": "LineString", "coordinates": [ [ 108.6399388, 21.7394499 ], [ 108.6410587, 21.7393796 ], [ 108.6420928, 21.7392811 ], [ 108.6429813, 21.7391774 ], [ 108.643523, 21.7390722 ], [ 108.6443661, 21.738783 ], [ 108.6447971, 21.7386087 ], [ 108.6449364, 21.7385524 ], [ 108.644969, 21.7385341 ], [ 108.6455066, 21.7382315 ], [ 108.6460103, 21.7378419 ], [ 108.646506, 21.7374226 ], [ 108.6469656, 21.7369013 ], [ 108.6474293, 21.7363235 ], [ 108.6480455, 21.7354476 ], [ 108.6521131, 21.7295166 ] ] } },
{ "type": "Feature", "properties": { "osm_id": "185807674", "name": "婊ㄦ捣鍏璺", "highway": "trunk" }, "geometry": { "type": "LineString", "coordinates": [ [ 108.6522048, 21.7295751 ], [ 108.6495954, 21.7333664 ], [ 108.6481912, 21.7354067 ], [ 108.6475178, 21.7363764 ], [ 108.6470617, 21.7369448 ], [ 108.6465567, 21.7375129 ], [ 108.6460793, 21.7379029 ], [ 108.6454889, 21.7383493 ], [ 108.6450851, 21.7385748 ], [ 108.6449992, 21.7386227 ], [ 108.6448215, 21.7387267 ], [ 108.6444095, 21.7388684 ], [ 108.6436089, 21.7391627 ], [ 108.6430069, 21.7392824 ], [ 108.6421125, 21.7394096 ], [ 108.6399517, 21.7395576 ] ] } },
{ "type": "Feature", "properties": { "osm_id": "807744112", "name": "閽﹀窞娓澶ч亾", "highway": "secondary" }, "geometry": { "type": "LineString", "coordinates": [ [ 108.6026885, 21.7457378 ], [ 108.6010858, 21.7413768 ], [ 108.6005607, 21.7399507 ], [ 108.6001696, 21.7388363 ], [ 108.5995211, 21.7369884 ], [ 108.5989198, 21.7352197 ], [ 108.5988497, 21.7350317 ], [ 108.5988102, 21.7349329 ], [ 108.598458, 21.7340863 ], [ 108.5980325, 21.7330726 ], [ 108.597909, 21.7328161 ], [ 108.5977515, 21.7324891 ], [ 108.597542, 21.7321798 ], [ 108.5973314, 21.7320064 ], [ 108.5971029, 21.7319003 ] ] } },
{ "type": "Feature", "properties": { "osm_id": "185808465", "name": "閲戦紦姹熷ぇ妗", "highway": "trunk" }, "geometry": { "type": "LineString", "coordinates": [ [ 108.6332177, 21.7397564 ], [ 108.6399388, 21.7394499 ] ] } },
{ "type": "Feature", "properties": { "osm_id": "185808467", "name": "閲戦紦姹熷ぇ妗", "highway": "trunk" }, "geometry": { "type": "LineString", "coordinates": [ [ 108.6399517, 21.7395576 ], [ 108.6332301, 21.7398561 ] ] } },
{ "type": "Feature", "properties": { "osm_id": "969543088", "name": "閲戦紦澶ц", "highway": "trunk" }, "geometry": { "type": "LineString", "coordinates": [ [ 108.6306692, 21.7399035 ], [ 108.6311984, 21.7398624 ], [ 108.6332177, 21.7397564 ] ] } },
{ "type": "Feature", "properties": { "osm_id": "969543089", "name": "閲戦紦澶ц", "highway": "trunk" }, "geometry": { "type": "LineString", "coordinates": [ [ 108.6332301, 21.7398561 ], [ 108.6312176, 21.7399518 ], [ 108.6307032, 21.7399894 ] ] } },
{ "type": "Feature", "properties": { "osm_id": "395664082", "name": "閲戦紦澶ц", "highway": "trunk" }, "geometry": { "type": "LineString", "coordinates": [ [ 108.6026829, 21.7459228 ], [ 108.6028082, 21.7458954 ], [ 108.6049685, 21.7454353 ], [ 108.6094386, 21.7444534 ], [ 108.6163105, 21.7429565 ], [ 108.6183083, 21.7425252 ], [ 108.6237932, 21.7413405 ], [ 108.6276042, 21.7404714 ], [ 108.629162, 21.7401463 ], [ 108.6297931, 21.7400438 ], [ 108.6302736, 21.7399679 ], [ 108.6306692, 21.7399035 ] ] } },
{ "type": "Feature", "properties": { "osm_id": "185810837", "name": "閲戦紦澶ц", "highway": "trunk" }, "geometry": { "type": "LineString", "coordinates": [ [ 108.6307032, 21.7399894 ], [ 108.6302855, 21.7400552 ], [ 108.6291588, 21.7402472 ], [ 108.6276211, 21.7405525 ], [ 108.6250827, 21.7411518 ], [ 108.6245029, 21.7412845 ], [ 108.6238588, 21.7414637 ], [ 108.6229259, 21.7416104 ], [ 108.6181071, 21.7427078 ], [ 108.6163388, 21.7430372 ], [ 108.6096207, 21.7445345 ], [ 108.6049974, 21.7455236 ], [ 108.6028307, 21.7459965 ], [ 108.6027184, 21.7460165 ] ] } },
{ "type": "Feature", "properties": { "osm_id": "807744113", "name": null, "highway": "secondary" }, "geometry": { "type": "LineString", "coordinates": [ [ 108.6026829, 21.7459228 ], [ 108.6026885, 21.7457378 ], [ 108.6028082, 21.7458954 ] ] } },
{ "type": "Feature", "properties": { "osm_id": "185810838", "name": "閲戦紦澶ц", "highway": "trunk" }, "geometry": { "type": "LineString", "coordinates": [ [ 108.5968432, 21.7471874 ], [ 108.5991864, 21.7466363 ], [ 108.6017065, 21.7461259 ], [ 108.6026829, 21.7459228 ] ] } },
{ "type": "Feature", "properties": { "osm_id": "395664063", "name": "閲戦紦澶ц", "highway": "trunk" }, "geometry": { "type": "LineString", "coordinates": [ [ 108.6027184, 21.7460165 ], [ 108.6017307, 21.7462249 ], [ 108.5992117, 21.7467593 ], [ 108.5968568, 21.747291 ] ] } },
{ "type": "Feature", "properties": { "osm_id": "1221625165", "name": "瀛旈泙澶ч亾", "highway": "secondary" }, "geometry": { "type": "LineString", "coordinates": [ [ 108.644969, 21.7385341 ], [ 108.6449992, 21.7386227 ], [ 108.6462951, 21.7434393 ], [ 108.6472361, 21.7468875 ], [ 108.6481741, 21.7504637 ], [ 108.6505033, 21.7590349 ], [ 108.6507878, 21.7600217 ] ] } },
{ "type": "Feature", "properties": { "osm_id": "1221625163", "name": "瀛旈泙澶ч亾", "highway": "secondary" }, "geometry": { "type": "LineString", "coordinates": [ [ 108.6506083, 21.7600858 ], [ 108.6502186, 21.7586704 ], [ 108.6480025, 21.7504952 ], [ 108.6470155, 21.7469344 ], [ 108.6448215, 21.7387267 ], [ 108.6447971, 21.7386087 ] ] } },
{ "type": "Feature", "properties": { "osm_id": "985424767", "name": "榫欐尘澶ч亾", "highway": "trunk" }, "geometry": { "type": "LineString", "coordinates": [ [ 108.5940136, 21.7583139 ], [ 108.5939191, 21.7578568 ], [ 108.5937575, 21.7568777 ], [ 108.5933422, 21.7548799 ], [ 108.5932959, 21.7543244 ], [ 108.5933553, 21.7538092 ], [ 108.5940325, 21.750415 ], [ 108.5943334, 21.7490317 ], [ 108.5944556, 21.7487292 ], [ 108.5946061, 21.7484552 ], [ 108.5948015, 21.7481955 ], [ 108.5949923, 21.7480065 ], [ 108.5952372, 21.7477901 ], [ 108.5955168, 21.7476137 ], [ 108.5958289, 21.7474692 ], [ 108.5961429, 21.7473525 ], [ 108.5965265, 21.7472472 ], [ 108.5968432, 21.7471874 ] ] } },
{ "type": "Feature", "properties": { "osm_id": "807744100", "name": "榫欐尘澶ч亾", "highway": "trunk" }, "geometry": { "type": "LineString", "coordinates": [ [ 108.5968568, 21.747291 ], [ 108.5965434, 21.747382 ], [ 108.5960887, 21.7475355 ], [ 108.5958112, 21.7476328 ], [ 108.5955482, 21.7477646 ], [ 108.5952998, 21.7479363 ], [ 108.5950934, 21.7481063 ], [ 108.5948913, 21.7483051 ], [ 108.594727, 21.7485295 ], [ 108.5945913, 21.7487681 ], [ 108.5944882, 21.7490708 ], [ 108.5941697, 21.7504474 ], [ 108.5934926, 21.7538587 ], [ 108.5934476, 21.7543172 ], [ 108.5934903, 21.7548464 ], [ 108.5939015, 21.7568569 ], [ 108.5940734, 21.7578175 ], [ 108.5941395, 21.7582893 ], [ 108.5941519, 21.7584062 ] ] } },
{ "type": "Feature", "properties": { "osm_id": "1347243371", "name": "婊ㄦ捣鍏璺", "highway": "trunk" }, "geometry": { "type": "LineString", "coordinates": [ [ 108.5932112, 21.7584705 ], [ 108.5940136, 21.7583139 ] ] } },
{ "type": "Feature", "properties": { "osm_id": "1347243372", "name": "婊ㄦ捣鍏璺", "highway": "trunk" }, "geometry": { "type": "LineString", "coordinates": [ [ 108.5941519, 21.7584062 ], [ 108.5940107, 21.7584338 ], [ 108.5932343, 21.7585853 ] ] } },
{ "type": "Feature", "properties": { "osm_id": "1347248181", "name": "婊ㄦ捣鍏璺", "highway": "trunk" }, "geometry": { "type": "LineString", "coordinates": [ [ 108.5876918, 21.7584893 ], [ 108.5879927, 21.7585749 ], [ 108.5882805, 21.7586429 ], [ 108.5885729, 21.7586986 ], [ 108.5888436, 21.7587384 ], [ 108.58913, 21.7587688 ], [ 108.5902867, 21.7588273 ], [ 108.5911129, 21.7587999 ], [ 108.5920247, 21.758702 ], [ 108.5932112, 21.7584705 ] ] } },
{ "type": "Feature", "properties": { "osm_id": "1347243369", "name": null, "highway": "trunk_link" }, "geometry": { "type": "LineString", "coordinates": [ [ 108.58913, 21.7587688 ], [ 108.590278, 21.7586627 ] ] } },
{ "type": "Feature", "properties": { "osm_id": "1347248182", "name": "婊ㄦ捣鍏璺", "highway": "trunk" }, "geometry": { "type": "LineString", "coordinates": [ [ 108.5932343, 21.7585853 ], [ 108.5920449, 21.7588174 ], [ 108.5911224, 21.7589164 ], [ 108.5902855, 21.7589442 ], [ 108.5891194, 21.7588852 ], [ 108.5888266, 21.7588542 ], [ 108.5885504, 21.7588135 ], [ 108.5882524, 21.7587567 ], [ 108.5879587, 21.7586873 ], [ 108.5876557, 21.7586011 ] ] } },
{ "type": "Feature", "properties": { "osm_id": "1221625166", "name": "瀛旈泙澶ч亾", "highway": "secondary" }, "geometry": { "type": "LineString", "coordinates": [ [ 108.6507878, 21.7600217 ], [ 108.6508105, 21.7601003 ] ] } },
{ "type": "Feature", "properties": { "osm_id": "1226865902", "name": "鎵甯嗙珛浜A鍖濋亾", "highway": "trunk_link" }, "geometry": { "type": "LineString", "coordinates": [ [ 108.590278, 21.7586627 ], [ 108.5907903, 21.758603 ], [ 108.5910733, 21.7585436 ], [ 108.5913563, 21.7584842 ], [ 108.5916392, 21.7584248 ], [ 108.591932, 21.7583848 ], [ 108.5922232, 21.7583749 ], [ 108.5924417, 21.7584048 ], [ 108.5925721, 21.7584387 ], [ 108.5928315, 21.7585407 ], [ 108.5931024, 21.75873 ], [ 108.5933598, 21.7590127 ], [ 108.5935181, 21.7593353 ], [ 108.593604, 21.7596965 ], [ 108.5935932, 21.7600303 ], [ 108.5935315, 21.7602595 ], [ 108.5929388, 21.7617666 ] ] } },
{ "type": "Feature", "properties": { "osm_id": "1221625164", "name": "瀛旈泙澶ч亾", "highway": "secondary" }, "geometry": { "type": "LineString", "coordinates": [ [ 108.65063, 21.7601646 ], [ 108.6506083, 21.7600858 ] ] } },
{ "type": "Feature", "properties": { "osm_id": "1226865903", "name": "鎵甯嗙珛浜B鍖濋亾", "highway": "trunk_link" }, "geometry": { "type": "LineString", "coordinates": [ [ 108.5923004, 21.7622574 ], [ 108.5924533, 21.7616944 ], [ 108.5925391, 21.7612559 ], [ 108.5925955, 21.7606382 ], [ 108.5925734, 21.7602895 ], [ 108.5924992, 21.7600361 ], [ 108.5923717, 21.7597899 ], [ 108.5922176, 21.7595917 ], [ 108.5920618, 21.7594452 ], [ 108.5918824, 21.7593186 ], [ 108.5916134, 21.759188 ], [ 108.5913512, 21.759113 ], [ 108.5910531, 21.7590807 ], [ 108.5902834, 21.7590563 ], [ 108.5891194, 21.7588852 ] ] } },
{ "type": "Feature", "properties": { "osm_id": "1347243370", "name": null, "highway": "trunk_link" }, "geometry": { "type": "LineString", "coordinates": [ [ 108.5929388, 21.7617666 ], [ 108.5926318, 21.7627642 ] ] } },
{ "type": "Feature", "properties": { "osm_id": "1347243368", "name": null, "highway": "trunk_link" }, "geometry": { "type": "LineString", "coordinates": [ [ 108.5918348, 21.7637458 ], [ 108.5923004, 21.7622574 ] ] } },
{ "type": "Feature", "properties": { "osm_id": "985424768", "name": "榫欐尘澶ч亾", "highway": "secondary" }, "geometry": { "type": "LineString", "coordinates": [ [ 108.5941519, 21.7584062 ], [ 108.5941327, 21.7588768 ], [ 108.5939795, 21.7594829 ], [ 108.5930766, 21.7618046 ], [ 108.5926318, 21.7627642 ], [ 108.5923338, 21.7633896 ], [ 108.5919703, 21.763904 ], [ 108.5913995, 21.7645394 ], [ 108.5906388, 21.7652869 ], [ 108.590177, 21.7656234 ], [ 108.5890138, 21.7662751 ], [ 108.5863891, 21.767658 ], [ 108.5834018, 21.7692284 ], [ 108.5825807, 21.7698223 ], [ 108.5821307, 21.7703546 ], [ 108.5818502, 21.7709489 ], [ 108.581772, 21.7714112 ], [ 108.581792, 21.7722669 ], [ 108.5819744, 21.774852 ] ] } },
{ "type": "Feature", "properties": { "osm_id": "549920375", "name": "榫欐尘澶ч亾", "highway": "secondary" }, "geometry": { "type": "LineString", "coordinates": [ [ 108.5817593, 21.7749909 ], [ 108.5815856, 21.7727945 ], [ 108.58153, 21.7717685 ], [ 108.5815413, 21.7714173 ], [ 108.5816039, 21.7710342 ], [ 108.5817648, 21.7705348 ], [ 108.5819924, 21.7701426 ], [ 108.5823953, 21.7696364 ], [ 108.5832199, 21.7690536 ], [ 108.5862116, 21.7674574 ], [ 108.588933, 21.7661236 ], [ 108.5893375, 21.7659872 ], [ 108.5902171, 21.7654976 ], [ 108.5906193, 21.7651943 ], [ 108.5913357, 21.7644755 ], [ 108.5918348, 21.7637458 ], [ 108.5921306, 21.763267 ], [ 108.5924058, 21.7626813 ], [ 108.592756, 21.7617279 ], [ 108.5936855, 21.7594399 ], [ 108.593908, 21.7588653 ], [ 108.5940107, 21.7584338 ], [ 108.5940136, 21.7583139 ] ] } },
{ "type": "Feature", "properties": { "osm_id": "1347248184", "name": "榫欓棬澶фˉ", "highway": "trunk" }, "geometry": { "type": "LineString", "coordinates": [ [ 108.5834306, 21.7563216 ], [ 108.5827513, 21.7556496 ], [ 108.582215, 21.7551191 ], [ 108.5816193, 21.7545297 ], [ 108.5810872, 21.7539883 ], [ 108.5804118, 21.7534156 ], [ 108.5798776, 21.7530037 ], [ 108.5792482, 21.7525941 ], [ 108.5788298, 21.7523607 ], [ 108.5784524, 21.7521739 ], [ 108.5777284, 21.7518727 ], [ 108.577004, 21.7516412 ], [ 108.5766131, 21.7515385 ], [ 108.5761522, 21.7514337 ], [ 108.5756409, 21.7513375 ], [ 108.5747034, 21.7512429 ], [ 108.5732931, 21.7512581 ], [ 108.5728031, 21.7513021 ], [ 108.5723227, 21.7513694 ], [ 108.5718992, 21.751449 ], [ 108.5714271, 21.7515609 ], [ 108.5709425, 21.7517021 ], [ 108.5704956, 21.7518573 ], [ 108.5700556, 21.7520359 ], [ 108.5696232, 21.7522372 ], [ 108.5691954, 21.7524528 ], [ 108.568786, 21.7526749 ], [ 108.5683688, 21.752912 ], [ 108.5679468, 21.7531473 ], [ 108.5675304, 21.7533796 ], [ 108.5671159, 21.7536036 ], [ 108.566694, 21.7538303 ], [ 108.5662692, 21.7540421 ], [ 108.5658247, 21.7542254 ], [ 108.5653639, 21.7543714 ], [ 108.5648982, 21.7544962 ], [ 108.5639841, 21.7546315 ], [ 108.5631949, 21.75465 ], [ 108.5623407, 21.7545729 ], [ 108.5618711, 21.7545103 ], [ 108.56148, 21.754458 ], [ 108.5610512, 21.7543891 ], [ 108.5605625, 21.7543106 ], [ 108.5600827, 21.7542335 ], [ 108.5595788, 21.7541525 ] ] } },
{ "type": "Feature", "properties": { "osm_id": "1347793895", "name": "榫欓棬澶фˉ", "highway": "trunk" }, "geometry": { "type": "LineString", "coordinates": [ [ 108.5804944, 21.7533275 ], [ 108.5811762, 21.7539056 ], [ 108.5817116, 21.7544504 ], [ 108.5823067, 21.7550391 ] ] } },
{ "type": "Feature", "properties": { "osm_id": "1347793894", "name": "榫欓棬澶фˉ", "highway": "trunk" }, "geometry": { "type": "LineString", "coordinates": [ [ 108.5823067, 21.7550391 ], [ 108.582843, 21.7555697 ], [ 108.5835213, 21.7562408 ] ] } },
{ "type": "Feature", "properties": { "osm_id": "1347248187", "name": null, "highway": "trunk_link" }, "geometry": { "type": "LineString", "coordinates": [ [ 108.5853482, 21.7579399 ], [ 108.5847017, 21.757614 ], [ 108.583535, 21.7568542 ], [ 108.5831273, 21.7564157 ], [ 108.5830951, 21.7562164 ], [ 108.5831755, 21.7559922 ], [ 108.5833526, 21.7559025 ], [ 108.5835564, 21.7558976 ], [ 108.5838032, 21.7559524 ], [ 108.5840177, 21.7561018 ], [ 108.5843611, 21.7566399 ], [ 108.584699, 21.7570186 ], [ 108.5854634, 21.7577389 ] ] } },
{ "type": "Feature", "properties": { "osm_id": "1347248179", "name": "婊ㄦ捣鍏璺", "highway": "trunk" }, "geometry": { "type": "LineString", "coordinates": [ [ 108.5835213, 21.7562408 ], [ 108.5843853, 21.7570581 ], [ 108.5854634, 21.7577389 ] ] } },
{ "type": "Feature", "properties": { "osm_id": "1347341349", "name": "婊ㄦ捣鍏璺", "highway": "trunk" }, "geometry": { "type": "LineString", "coordinates": [ [ 108.5853482, 21.7579399 ], [ 108.584758, 21.7575691 ], [ 108.5843047, 21.7571485 ], [ 108.5834306, 21.7563216 ] ] } },
{ "type": "Feature", "properties": { "osm_id": "1347341348", "name": "婊ㄦ捣鍏璺", "highway": "trunk" }, "geometry": { "type": "LineString", "coordinates": [ [ 108.5854634, 21.7577389 ], [ 108.5867205, 21.7582039 ], [ 108.5876918, 21.7584893 ] ] } },
{ "type": "Feature", "properties": { "osm_id": "1347248180", "name": "婊ㄦ捣鍏璺", "highway": "trunk" }, "geometry": { "type": "LineString", "coordinates": [ [ 108.5876557, 21.7586011 ], [ 108.5866794, 21.7583144 ], [ 108.5858309, 21.7581197 ], [ 108.5853482, 21.7579399 ] ] } },
{ "type": "Feature", "properties": { "osm_id": "969612379", "name": "鎵甯嗗崡澶ч亾", "highway": "secondary" }, "geometry": { "type": "LineString", "coordinates": [ [ 108.5819744, 21.774852 ], [ 108.5820717, 21.7764037 ], [ 108.5820973, 21.777 ], [ 108.5820066, 21.7777919 ], [ 108.5819704, 21.7780817 ], [ 108.5815242, 21.7799507 ], [ 108.5810553, 21.7816989 ], [ 108.5798667, 21.7856649 ], [ 108.5793508, 21.7874519 ], [ 108.5791694, 21.7885422 ] ] } },
{ "type": "Feature", "properties": { "osm_id": "969612378", "name": "鎵甯嗗崡澶ч亾", "highway": "secondary" }, "geometry": { "type": "LineString", "coordinates": [ [ 108.5788469, 21.7893596 ], [ 108.5791817, 21.7873909 ], [ 108.5796388, 21.7856293 ], [ 108.5807793, 21.7816873 ], [ 108.5812675, 21.7799934 ], [ 108.5817361, 21.7781302 ], [ 108.5817896, 21.7777747 ], [ 108.5818816, 21.7768763 ], [ 108.581854, 21.776434 ], [ 108.5817593, 21.7749909 ] ] } },
{ "type": "Feature", "properties": { "osm_id": "632284772", "name": "瀛旈泙澶ч亾", "highway": "secondary" }, "geometry": { "type": "LineString", "coordinates": [ [ 108.6508105, 21.7601003 ], [ 108.6509886, 21.7607181 ], [ 108.6510403, 21.7608975 ], [ 108.6516059, 21.7629825 ], [ 108.6516295, 21.7631016 ], [ 108.6522634, 21.765494 ], [ 108.6524856, 21.7659541 ], [ 108.6532666, 21.7671922 ], [ 108.6538071, 21.7678045 ], [ 108.6542458, 21.7681711 ], [ 108.6556611, 21.7690886 ], [ 108.6571195, 21.7699283 ], [ 108.6595792, 21.7712221 ], [ 108.6597023, 21.771284 ], [ 108.6611513, 21.7728272 ], [ 108.6613089, 21.7730745 ], [ 108.66178, 21.7740724 ], [ 108.662244, 21.7753427 ], [ 108.6625564, 21.7773615 ], [ 108.6626492, 21.7776904 ], [ 108.6626756, 21.7778502 ], [ 108.6631424, 21.7787952 ], [ 108.6635933, 21.7794572 ], [ 108.6643014, 21.7800749 ], [ 108.6651955, 21.7805996 ], [ 108.6659264, 21.7810147 ], [ 108.6658263, 21.7811294 ], [ 108.665086, 21.7807258 ], [ 108.6642349, 21.7802277 ], [ 108.6635482, 21.7796366 ], [ 108.6630475, 21.7789458 ], [ 108.6626112, 21.7781487 ], [ 108.662504, 21.7778092 ], [ 108.6624539, 21.7776506 ], [ 108.6622822, 21.7771059 ], [ 108.6620962, 21.7756646 ], [ 108.662039, 21.7753258 ], [ 108.661617, 21.7741302 ], [ 108.661099, 21.773153 ], [ 108.6609066, 21.7729156 ], [ 108.6602866, 21.7720645 ], [ 108.6596501, 21.7714999 ], [ 108.6595946, 21.7714644 ], [ 108.6594787, 21.7713902 ], [ 108.6592352, 21.7712342 ], [ 108.6570823, 21.7700983 ], [ 108.6556089, 21.7692149 ], [ 108.6545145, 21.7685307 ], [ 108.6539495, 21.7681322 ], [ 108.6534774, 21.7677004 ], [ 108.6523686, 21.7660705 ], [ 108.6521008, 21.7655029 ], [ 108.6514177, 21.7631499 ], [ 108.6513813, 21.7630296 ], [ 108.650857, 21.7609707 ], [ 108.6508028, 21.7607924 ], [ 108.65063, 21.7601646 ] ] } },
{ "type": "Feature", "properties": { "osm_id": "632284765", "name": "涓椹澶ц", "highway": "secondary" }, "geometry": { "type": "LineString", "coordinates": [ [ 108.663359681423941, 21.772306212400597 ], [ 108.6613089, 21.7730745 ], [ 108.661099, 21.773153 ], [ 108.659924, 21.773559 ], [ 108.6597287, 21.7735059 ], [ 108.6597738, 21.7732999 ], [ 108.6609066, 21.7729156 ], [ 108.6611513, 21.7728272 ], [ 108.66316453095564, 21.772146957667243 ] ] } },
{ "type": "Feature", "properties": { "osm_id": "686115298", "name": "鍙嬭皧澶ч亾", "highway": "secondary" }, "geometry": { "type": "MultiLineString", "coordinates": [ [ [ 108.6611943, 21.7561783 ], [ 108.6612926, 21.7564923 ], [ 108.6614271, 21.7569801 ], [ 108.6615593, 21.7574595 ], [ 108.662106, 21.7593633 ], [ 108.6621452, 21.7594999 ], [ 108.6629766, 21.7623953 ], [ 108.664380692937044, 21.766573651893658 ] ], [ [ 108.669655906127346, 21.777444317346191 ], [ 108.6707005, 21.779298 ], [ 108.6716444, 21.780981 ], [ 108.672800916590006, 21.782923994814354 ] ] ] } },
{ "type": "Feature", "properties": { "osm_id": "686115299", "name": "鍙嬭皧澶ч亾", "highway": "secondary" }, "geometry": { "type": "MultiLineString", "coordinates": [ [ [ 108.672764433502465, 21.783077057435229 ], [ 108.672531, 21.7827461 ], [ 108.6714554, 21.7811066 ], [ 108.669195493437073, 21.777068592394759 ] ], [ [ 108.66426743346311, 21.767048857221507 ], [ 108.6636715, 21.7653615 ], [ 108.662791, 21.7624606 ], [ 108.6619177, 21.7595835 ], [ 108.6618764, 21.7594474 ], [ 108.6612958, 21.7575349 ], [ 108.6611817, 21.757066 ], [ 108.6610642, 21.7565834 ], [ 108.6609846, 21.7562567 ] ] ] } },
{ "type": "Feature", "properties": { "osm_id": "905743063", "name": null, "highway": "trunk_link" }, "geometry": { "type": "LineString", "coordinates": [ [ 108.488806, 21.7183235 ], [ 108.4888127, 21.7179086 ], [ 108.4887694, 21.7177621 ], [ 108.4887035, 21.717635 ], [ 108.4886, 21.7175215 ], [ 108.4884753, 21.71744 ], [ 108.4883352, 21.7173901 ], [ 108.4881891, 21.7173733 ], [ 108.4880287, 21.7173944 ], [ 108.4879001, 21.7174428 ], [ 108.4878012, 21.7175048 ], [ 108.4877065, 21.717596 ], [ 108.4876333, 21.7177015 ], [ 108.4875786, 21.7178502 ], [ 108.487569, 21.7180195 ], [ 108.4876347, 21.7182029 ], [ 108.4877295, 21.7183402 ], [ 108.4878824, 21.7184724 ], [ 108.4880906, 21.7186188 ], [ 108.4885964, 21.7189408 ], [ 108.4885587, 21.7190289 ] ] } },
{ "type": "Feature", "properties": { "osm_id": "905743064", "name": null, "highway": "trunk_link" }, "geometry": { "type": "LineString", "coordinates": [ [ 108.4892199, 21.719203 ], [ 108.4896912, 21.7192147 ], [ 108.4898518, 21.7192049 ], [ 108.4900049, 21.7191755 ], [ 108.4901497, 21.7191281 ], [ 108.4902491, 21.7190685 ], [ 108.4903482, 21.7189737 ], [ 108.4904186, 21.7188682 ], [ 108.4904627, 21.7187394 ], [ 108.49047, 21.7186135 ], [ 108.4904447, 21.7184747 ], [ 108.4903927, 21.7183692 ], [ 108.4902969, 21.7182617 ], [ 108.4902085, 21.7182015 ], [ 108.4901129, 21.718161 ], [ 108.4900022, 21.7181389 ], [ 108.4899031, 21.7181375 ], [ 108.4897933, 21.7181561 ], [ 108.4897011, 21.7181899 ], [ 108.4895956, 21.7182548 ], [ 108.4894913, 21.7183409 ], [ 108.4894028, 21.7184306 ], [ 108.4892768, 21.718625 ], [ 108.4891575, 21.7188528 ] ] } },
{ "type": "Feature", "properties": { "osm_id": "1131947152", "name": null, "highway": "trunk_link" }, "geometry": { "type": "LineString", "coordinates": [ [ 108.4885058, 21.7193534 ], [ 108.4887096, 21.7186542 ] ] } },
{ "type": "Feature", "properties": { "osm_id": "686115450", "name": "浼佽寘鍏璺", "highway": "trunk" }, "geometry": { "type": "LineString", "coordinates": [ [ 108.4886724, 21.7194258 ], [ 108.4888644, 21.7187228 ] ] } },
{ "type": "Feature", "properties": { "osm_id": "686115452", "name": "浼佽寘鍏璺", "highway": "trunk" }, "geometry": { "type": "LineString", "coordinates": [ [ 108.4890001, 21.718783 ], [ 108.4888111, 21.7194861 ] ] } },
{ "type": "Feature", "properties": { "osm_id": "1131947154", "name": null, "highway": "trunk_link" }, "geometry": { "type": "LineString", "coordinates": [ [ 108.4891575, 21.7188528 ], [ 108.4889711, 21.7195557 ] ] } },
{ "type": "Feature", "properties": { "osm_id": "916892549", "name": null, "highway": "trunk_link" }, "geometry": { "type": "LineString", "coordinates": [ [ 108.4885587, 21.7190289 ], [ 108.4879854, 21.718901 ], [ 108.4877748, 21.7188896 ], [ 108.4876067, 21.718909 ], [ 108.4874894, 21.7189507 ], [ 108.4873754, 21.7190203 ], [ 108.4872784, 21.7191146 ], [ 108.4872101, 21.7192143 ], [ 108.4871646, 21.7193233 ], [ 108.4871414, 21.7194474 ], [ 108.4871434, 21.7195522 ], [ 108.4871713, 21.7196761 ], [ 108.4872255, 21.7197911 ], [ 108.487291, 21.7198763 ], [ 108.487384, 21.7199553 ], [ 108.4875083, 21.7200206 ], [ 108.4876701, 21.7200593 ], [ 108.4878198, 21.720057 ], [ 108.4879578, 21.7200225 ], [ 108.4880765, 21.7199693 ], [ 108.4881838, 21.7198821 ], [ 108.4883407, 21.719694 ], [ 108.4885058, 21.7193534 ] ] } },
{ "type": "Feature", "properties": { "osm_id": "905743071", "name": null, "highway": "trunk_link" }, "geometry": { "type": "LineString", "coordinates": [ [ 108.4888865, 21.7198746 ], [ 108.4888771, 21.7202372 ], [ 108.4889103, 21.7203988 ], [ 108.4889842, 21.7205388 ], [ 108.4890857, 21.7206492 ], [ 108.4892056, 21.7207206 ], [ 108.4893759, 21.7207607 ], [ 108.4895341, 21.7207728 ], [ 108.4896633, 21.7207513 ], [ 108.489774, 21.7207074 ], [ 108.4898774, 21.7206382 ], [ 108.4899516, 21.7205623 ], [ 108.4900046, 21.7204806 ], [ 108.4900483, 21.7203601 ], [ 108.490059, 21.720232 ], [ 108.4900301, 21.7200902 ], [ 108.4899628, 21.7199652 ], [ 108.4898669, 21.7198086 ], [ 108.489718, 21.7196603 ], [ 108.4891731, 21.7192997 ], [ 108.4892199, 21.719203 ] ] } },
{ "type": "Feature", "properties": { "osm_id": "905743066", "name": null, "highway": "trunk_link" }, "geometry": { "type": "LineString", "coordinates": [ [ 108.4876084, 21.7234142 ], [ 108.4876473, 21.7226953 ], [ 108.4876621, 21.7221683 ], [ 108.4876031, 21.7214357 ], [ 108.487485, 21.7209424 ], [ 108.4873402, 21.7204789 ], [ 108.4870881, 21.719973 ], [ 108.4868413, 21.7195669 ], [ 108.4865623, 21.7191882 ] ] } },
{ "type": "Feature", "properties": { "osm_id": "905743065", "name": null, "highway": "trunk_link" }, "geometry": { "type": "LineString", "coordinates": [ [ 108.4919228, 21.7208987 ], [ 108.4915473, 21.7207891 ], [ 108.4911972, 21.7207231 ], [ 108.4908123, 21.7207268 ], [ 108.4904851, 21.7207729 ], [ 108.4901632, 21.7208514 ], [ 108.4897462, 21.720986 ], [ 108.4894243, 21.721128 ], [ 108.4891614, 21.7212787 ], [ 108.4888878, 21.7215553 ], [ 108.4886894, 21.7218344 ], [ 108.4884667, 21.722243 ], [ 108.4881583, 21.7229532 ] ] } },
{ "type": "Feature", "properties": { "osm_id": "1131947153", "name": null, "highway": "trunk_link" }, "geometry": { "type": "LineString", "coordinates": [ [ 108.4873241, 21.7269075 ], [ 108.4876084, 21.7234142 ], [ 108.4885058, 21.7193534 ] ] } },
{ "type": "Feature", "properties": { "osm_id": "1131947158", "name": null, "highway": "trunk_link" }, "geometry": { "type": "LineString", "coordinates": [ [ 108.4889711, 21.7195557 ], [ 108.4888865, 21.7198746 ], [ 108.4881583, 21.7229532 ], [ 108.4874622, 21.7269178 ] ] } },
{ "type": "Feature", "properties": { "osm_id": "686115455", "name": "婊ㄦ捣鍏璺", "highway": "trunk" }, "geometry": { "type": "LineString", "coordinates": [ [ 108.4957908, 21.7227862 ], [ 108.4966263, 21.723338 ], [ 108.4984846, 21.7247152 ], [ 108.5010633, 21.7265629 ], [ 108.5046198, 21.7290844 ] ] } },
{ "type": "Feature", "properties": { "osm_id": "686115458", "name": "婊ㄦ捣鍏璺", "highway": "trunk" }, "geometry": { "type": "LineString", "coordinates": [ [ 108.5045493, 21.7291699 ], [ 108.5009926, 21.7266484 ], [ 108.4984124, 21.7247996 ], [ 108.4965724, 21.7234291 ], [ 108.4957181, 21.7228668 ] ] } },
{ "type": "Feature", "properties": { "osm_id": "686115528", "name": "浼佽寘鍏璺", "highway": "trunk" }, "geometry": { "type": "LineString", "coordinates": [ [ 108.4870291, 21.7371877 ], [ 108.4870076, 21.7336299 ], [ 108.4871149, 21.7300819 ], [ 108.4871525, 21.728861 ], [ 108.4873241, 21.7269075 ], [ 108.4876138, 21.7247747 ], [ 108.487772, 21.7234142 ], [ 108.4879818, 21.7224003 ], [ 108.4886724, 21.7194258 ] ] } },
{ "type": "Feature", "properties": { "osm_id": "686115504", "name": "浼佽寘鍏璺", "highway": "trunk" }, "geometry": { "type": "LineString", "coordinates": [ [ 108.4888111, 21.7194861 ], [ 108.4881293, 21.7224356 ], [ 108.4879105, 21.7234473 ], [ 108.4877511, 21.7248203 ], [ 108.4874622, 21.7269178 ], [ 108.4872964, 21.7288644 ], [ 108.4872213, 21.7300832 ], [ 108.4871141, 21.733631 ], [ 108.4871355, 21.7371875 ] ] } },
{ "type": "Feature", "properties": { "osm_id": "382062187", "name": null, "highway": "primary" }, "geometry": { "type": "LineString", "coordinates": [ [ 108.4904268, 21.7548102 ], [ 108.4896424, 21.7542866 ], [ 108.4891674, 21.75413 ], [ 108.4889605, 21.7540091 ], [ 108.4882634, 21.7534541 ], [ 108.4877424, 21.7526785 ], [ 108.4874666, 21.7521021 ], [ 108.4872138, 21.751725 ], [ 108.4870146, 21.75154 ], [ 108.4862944, 21.7511842 ], [ 108.486011, 21.7508782 ], [ 108.4857735, 21.7505509 ], [ 108.4849078, 21.7494977 ], [ 108.4846933, 21.7493768 ], [ 108.4844175, 21.7493625 ], [ 108.4841187, 21.7492914 ], [ 108.4838965, 21.7491206 ], [ 108.4837739, 21.7489 ], [ 108.4837509, 21.7486723 ], [ 108.4837969, 21.7481386 ], [ 108.4838046, 21.7478611 ], [ 108.4836973, 21.7474555 ], [ 108.4834368, 21.7469787 ], [ 108.4831917, 21.746751 ], [ 108.4827244, 21.7464451 ], [ 108.482464, 21.7461718 ], [ 108.4822386, 21.7457283 ], [ 108.4819597, 21.7456237 ], [ 108.4808868, 21.745813 ], [ 108.4803772, 21.7458927 ], [ 108.4797442, 21.7461269 ], [ 108.4790736, 21.7459924 ], [ 108.4786498, 21.7455539 ], [ 108.4782958, 21.7453945 ], [ 108.4777594, 21.7445723 ], [ 108.4773087, 21.7441388 ], [ 108.4770727, 21.7436405 ], [ 108.4762949, 21.7428533 ], [ 108.4755599, 21.7421208 ], [ 108.4750718, 21.7419314 ], [ 108.4744227, 21.7414232 ], [ 108.4742832, 21.7411392 ], [ 108.4742403, 21.740915 ], [ 108.4742081, 21.7402473 ], [ 108.4737843, 21.7397938 ], [ 108.473205, 21.7393902 ], [ 108.4730816, 21.7391361 ], [ 108.4730118, 21.7384783 ], [ 108.4726363, 21.7379352 ], [ 108.47269, 21.7376711 ], [ 108.4726793, 21.7372326 ], [ 108.4718639, 21.7366396 ], [ 108.4715527, 21.7359918 ], [ 108.47085, 21.7356829 ], [ 108.470158, 21.7355733 ], [ 108.4697717, 21.735354 ], [ 108.4692782, 21.7349952 ], [ 108.4687096, 21.7348906 ], [ 108.4683984, 21.7347859 ], [ 108.4680605, 21.7342876 ], [ 108.4676474, 21.7342478 ], [ 108.467347, 21.7339936 ], [ 108.4673899, 21.73358 ], [ 108.4679961, 21.7329671 ], [ 108.4682107, 21.732708 ], [ 108.4680498, 21.732125 ], [ 108.4682697, 21.7317413 ], [ 108.4686559, 21.7311682 ], [ 108.468774, 21.7309938 ], [ 108.4687364, 21.7306499 ], [ 108.4682321, 21.730331 ], [ 108.4681141, 21.7300021 ], [ 108.46798, 21.7292945 ], [ 108.4678405, 21.7286467 ], [ 108.4678781, 21.7281683 ], [ 108.4677869, 21.7278992 ], [ 108.4670842, 21.727655 ], [ 108.4663546, 21.7274955 ], [ 108.4655231, 21.7275653 ], [ 108.4644932, 21.7277696 ], [ 108.4638333, 21.7279391 ], [ 108.4629857, 21.7277298 ], [ 108.4622937, 21.7275055 ], [ 108.4615588, 21.7275005 ], [ 108.4608239, 21.7275952 ], [ 108.4601694, 21.7272663 ], [ 108.4598207, 21.7271118 ], [ 108.4593326, 21.7267431 ], [ 108.4585172, 21.7266284 ], [ 108.457455, 21.7266434 ], [ 108.4567255, 21.726768 ], [ 108.4561354, 21.7266733 ], [ 108.4555346, 21.7267879 ], [ 108.455143, 21.7266384 ], [ 108.4550196, 21.7263245 ], [ 108.4549338, 21.7259059 ], [ 108.4549123, 21.7254474 ], [ 108.4547567, 21.7250986 ], [ 108.4546226, 21.7249291 ], [ 108.4545314, 21.7246052 ], [ 108.4539252, 21.7240271 ], [ 108.4537268, 21.7239723 ], [ 108.4535336, 21.7240371 ], [ 108.4530991, 21.7242514 ], [ 108.452788, 21.7242962 ], [ 108.452589560533909, 21.724225359244361 ] ] } },
{ "type": "Feature", "properties": { "osm_id": "686115529", "name": "浼佽寘鍏璺", "highway": "trunk" }, "geometry": { "type": "LineString", "coordinates": [ [ 108.4870291, 21.7404266 ], [ 108.4870291, 21.7371877 ] ] } },
{ "type": "Feature", "properties": { "osm_id": "686115508", "name": "浼佽寘鍏璺", "highway": "trunk" }, "geometry": { "type": "LineString", "coordinates": [ [ 108.4871355, 21.7371875 ], [ 108.4871355, 21.740427 ] ] } },
{ "type": "Feature", "properties": { "osm_id": "686115530", "name": "浼佽寘鍏璺", "highway": "trunk" }, "geometry": { "type": "LineString", "coordinates": [ [ 108.4869218, 21.7509999 ], [ 108.4869647, 21.7487478 ], [ 108.4870291, 21.7404266 ] ] } },
{ "type": "Feature", "properties": { "osm_id": "382062180", "name": null, "highway": "secondary" }, "geometry": { "type": "LineString", "coordinates": [ [ 108.5232376, 21.7450046 ], [ 108.5233371, 21.7449601 ], [ 108.5237391, 21.7448426 ], [ 108.5238504, 21.7448302 ], [ 108.5239711, 21.7448625 ], [ 108.5241267, 21.7449834 ], [ 108.5244405, 21.7452475 ], [ 108.525268, 21.7460758 ], [ 108.5254316, 21.7462129 ], [ 108.5255295, 21.7462764 ], [ 108.5256408, 21.7463237 ], [ 108.5265819, 21.7465814 ], [ 108.5267823, 21.746677 ], [ 108.5270856, 21.7468984 ], [ 108.5271931, 21.7469683 ], [ 108.527344, 21.747035 ], [ 108.5276055, 21.7470848 ], [ 108.5277222, 21.747091 ], [ 108.5279287, 21.7470749 ], [ 108.5282232, 21.7470191 ], [ 108.5284773, 21.7469416 ], [ 108.528771, 21.7467298 ], [ 108.5291639, 21.7465591 ], [ 108.5299672, 21.7462627 ], [ 108.5304795, 21.7460783 ], [ 108.5308188, 21.7460111 ], [ 108.5309221, 21.7459849 ], [ 108.531016, 21.7459301 ], [ 108.5313083, 21.745666 ], [ 108.5318997, 21.7450407 ], [ 108.5320929, 21.7449049 ], [ 108.532303, 21.7448559 ], [ 108.5325944, 21.7448202 ], [ 108.5328184, 21.7447479 ], [ 108.5338256, 21.7443107 ], [ 108.5340965, 21.7442883 ], [ 108.5343218, 21.7443257 ], [ 108.5358198, 21.7450519 ], [ 108.5366553, 21.7454567 ], [ 108.5367706, 21.7455788 ], [ 108.5368551, 21.7457544 ], [ 108.5369423, 21.7461954 ], [ 108.5370174, 21.7464956 ], [ 108.5370442, 21.7468382 ], [ 108.5368954, 21.7474672 ], [ 108.5368578, 21.74776 ], [ 108.5368806, 21.7478808 ], [ 108.5369691, 21.7479605 ], [ 108.5370764, 21.7480128 ], [ 108.5371837, 21.7480427 ], [ 108.5380031, 21.7481885 ], [ 108.5391511, 21.748617 ], [ 108.5395025, 21.7487166 ], [ 108.5398458, 21.7487739 ], [ 108.5401945, 21.7487914 ], [ 108.5405016, 21.7486942 ], [ 108.540685, 21.7485601 ], [ 108.5408692, 21.7483739 ], [ 108.5412754, 21.7481022 ], [ 108.5414109, 21.7480016 ], [ 108.541465, 21.7478909 ], [ 108.5414542, 21.7477752 ], [ 108.5412971, 21.7475186 ], [ 108.5412137, 21.7472517 ], [ 108.5411834, 21.7467589 ], [ 108.5412513, 21.7464919 ], [ 108.5414229, 21.7461705 ], [ 108.5417716, 21.7455801 ], [ 108.5418247, 21.7452941 ] ] } },
{ "type": "Feature", "properties": { "osm_id": "1347243353", "name": null, "highway": "trunk_link" }, "geometry": { "type": "LineString", "coordinates": [ [ 108.5251325, 21.7476317 ], [ 108.5252666, 21.7474623 ], [ 108.5253096, 21.7472928 ], [ 108.5252881, 21.7471384 ], [ 108.5252184, 21.7469839 ], [ 108.5251272, 21.7468793 ], [ 108.5240731, 21.7460422 ], [ 108.5238235, 21.7456867 ] ] } },
{ "type": "Feature", "properties": { "osm_id": "1347243354", "name": null, "highway": "trunk_link" }, "geometry": { "type": "LineString", "coordinates": [ [ 108.5281737, 21.7484453 ], [ 108.5261491, 21.7475544 ], [ 108.5258809, 21.747527 ], [ 108.5256904, 21.7475694 ], [ 108.5255536, 21.7476815 ], [ 108.5254383, 21.7478559 ] ] } },
{ "type": "Feature", "properties": { "osm_id": "302609366", "name": null, "highway": "secondary" }, "geometry": { "type": "LineString", "coordinates": [ [ 108.5475397, 21.751969 ], [ 108.5475236, 21.7515554 ], [ 108.5475692, 21.7512365 ], [ 108.5475531, 21.7510024 ], [ 108.5475317, 21.7508977 ], [ 108.5474056, 21.7508205 ], [ 108.5472983, 21.7506959 ], [ 108.5472822, 21.7505514 ], [ 108.5472929, 21.7504941 ], [ 108.5475799, 21.7502749 ], [ 108.5476229, 21.7502326 ], [ 108.5475907, 21.7501204 ], [ 108.5473734, 21.7498688 ], [ 108.5473305, 21.7495076 ], [ 108.547368, 21.7494005 ], [ 108.5473354, 21.7492904 ], [ 108.5472281, 21.7492256 ], [ 108.5470703, 21.7487453 ], [ 108.546874, 21.7484583 ], [ 108.546212, 21.7480602 ], [ 108.5457158, 21.7478384 ], [ 108.545225, 21.747547 ], [ 108.5449487, 21.7472729 ], [ 108.5445705, 21.7469092 ], [ 108.5443398, 21.7467398 ], [ 108.5441118, 21.7467074 ], [ 108.543945, 21.7466347 ], [ 108.5434467, 21.7461693 ], [ 108.5429424, 21.7457233 ], [ 108.5427412, 21.7454119 ], [ 108.5426286, 21.7452873 ], [ 108.5424516, 21.7452375 ], [ 108.5422799, 21.7452201 ], [ 108.5420247, 21.745248 ], [ 108.5418247, 21.7452941 ] ] } },
{ "type": "Feature", "properties": { "osm_id": "1347243375", "name": null, "highway": "secondary" }, "geometry": { "type": "LineString", "coordinates": [ [ 108.5011681, 21.7543365 ], [ 108.502907, 21.7543152 ], [ 108.503719, 21.7542582 ], [ 108.5039871, 21.75418 ], [ 108.5043165, 21.7539381 ], [ 108.5045003, 21.7537816 ], [ 108.5056111, 21.7535895 ], [ 108.5059251, 21.7536464 ], [ 108.5062622, 21.7538812 ], [ 108.506446, 21.7539665 ], [ 108.5066452, 21.7539665 ], [ 108.5072657, 21.7537033 ], [ 108.508047, 21.753127 ], [ 108.5086445, 21.7529349 ], [ 108.5088322, 21.7527713 ], [ 108.508946, 21.7526203 ], [ 108.508978, 21.7524565 ], [ 108.5090898, 21.7518834 ], [ 108.5091247, 21.7517046 ], [ 108.5091572, 21.7515386 ], [ 108.5092493, 21.7514028 ], [ 108.5106902, 21.7508896 ], [ 108.5108148, 21.750789 ], [ 108.5108798, 21.7506732 ], [ 108.5109502, 21.7497374 ], [ 108.5110206, 21.7495513 ], [ 108.5111452, 21.7494255 ], [ 108.5113673, 21.7493903 ], [ 108.5131495, 21.749355 ], [ 108.5136793, 21.7493159 ], [ 108.514123, 21.7491619 ], [ 108.51497, 21.7486997 ], [ 108.5153002, 21.7485091 ], [ 108.5155357, 21.7483767 ], [ 108.5159884, 21.7480941 ], [ 108.5162017, 21.747938 ], [ 108.5163773, 21.7478789 ], [ 108.5166997, 21.7479635 ], [ 108.5170151, 21.7483456 ], [ 108.5171924, 21.7484398 ], [ 108.5173347, 21.748437 ], [ 108.5175215, 21.7483762 ], [ 108.51777, 21.7482914 ], [ 108.5182631, 21.7481878 ], [ 108.5185447, 21.748067 ], [ 108.5186639, 21.747906 ], [ 108.5188697, 21.7473828 ], [ 108.5189781, 21.7472872 ], [ 108.5191243, 21.7472117 ], [ 108.5194981, 21.7471815 ], [ 108.5196498, 21.7471262 ], [ 108.5197744, 21.7469903 ], [ 108.5201048, 21.7462759 ], [ 108.5202023, 21.7461551 ], [ 108.5203432, 21.7460897 ], [ 108.5216432, 21.7458582 ], [ 108.5218599, 21.7457677 ], [ 108.5220496, 21.7456911 ], [ 108.5224016, 21.7455097 ], [ 108.522694, 21.7453392 ], [ 108.5232376, 21.7450046 ] ] } },
{ "type": "Feature", "properties": { "osm_id": "1347248185", "name": "榫欓棬澶фˉ", "highway": "trunk" }, "geometry": { "type": "LineString", "coordinates": [ [ 108.5282336, 21.7483427 ], [ 108.5324194, 21.7504298 ], [ 108.5336573, 21.7509997 ], [ 108.533968, 21.7511379 ], [ 108.5343538, 21.7512856 ], [ 108.5348092, 21.7514377 ], [ 108.5352791, 21.7515705 ], [ 108.5357371, 21.7516774 ], [ 108.5362063, 21.7517647 ], [ 108.5366849, 21.7518313 ], [ 108.5371632, 21.7518756 ], [ 108.5376453, 21.7518981 ], [ 108.5381279, 21.7518986 ], [ 108.538619, 21.7518764 ], [ 108.5390832, 21.75183 ], [ 108.5395612, 21.7517709 ], [ 108.54004, 21.7517118 ], [ 108.5405188, 21.7516526 ], [ 108.5409976, 21.7515934 ], [ 108.5414766, 21.7515342 ], [ 108.541959, 21.7514792 ], [ 108.5424419, 21.7514689 ], [ 108.5429323, 21.7514749 ], [ 108.5434299, 21.751498 ], [ 108.5439126, 21.7515369 ], [ 108.5443769, 21.7515898 ], [ 108.5448376, 21.7516574 ], [ 108.5453357, 21.7517391 ], [ 108.5458121, 21.7518172 ], [ 108.5464172, 21.7519164 ], [ 108.5469209, 21.751999 ], [ 108.5472659, 21.7520555 ], [ 108.5477415, 21.7521319 ], [ 108.5482112, 21.7522074 ], [ 108.5486898, 21.7522843 ], [ 108.549157, 21.7523594 ] ] } },
{ "type": "Feature", "properties": { "osm_id": "1347248186", "name": "榫欓棬澶фˉ", "highway": "trunk" }, "geometry": { "type": "LineString", "coordinates": [ [ 108.5491357, 21.7524745 ], [ 108.5486684, 21.7523994 ], [ 108.5481898, 21.7523225 ], [ 108.5477201, 21.752247 ], [ 108.5472442, 21.7521705 ], [ 108.5469016, 21.7521144 ], [ 108.5463915, 21.7520307 ], [ 108.5457902, 21.7519322 ], [ 108.5453138, 21.7518541 ], [ 108.5448169, 21.7517726 ], [ 108.5443594, 21.7517055 ], [ 108.5438995, 21.7516531 ], [ 108.5434213, 21.7516146 ], [ 108.5429283, 21.7515917 ], [ 108.5424426, 21.7515857 ], [ 108.5419682, 21.7515959 ], [ 108.5414926, 21.7516501 ], [ 108.5410141, 21.7517092 ], [ 108.5405354, 21.7517684 ], [ 108.5400566, 21.7518275 ], [ 108.5395778, 21.7518867 ], [ 108.5390983, 21.751946 ], [ 108.5386288, 21.7519929 ], [ 108.5381309, 21.7520154 ], [ 108.537642, 21.7520149 ], [ 108.5371538, 21.7519921 ], [ 108.5366693, 21.7519472 ], [ 108.5361846, 21.7518798 ], [ 108.5357094, 21.7517913 ], [ 108.5352455, 21.7516831 ], [ 108.5347696, 21.7515486 ], [ 108.5343085, 21.7513946 ], [ 108.5339169, 21.7512446 ], [ 108.5336022, 21.7511047 ], [ 108.5323618, 21.7505336 ], [ 108.5281737, 21.7484453 ] ] } },
{ "type": "Feature", "properties": { "osm_id": "1347248183", "name": "榫欓棬澶фˉ", "highway": "trunk" }, "geometry": { "type": "LineString", "coordinates": [ [ 108.5596019, 21.7540377 ], [ 108.5601041, 21.7541184 ], [ 108.5605839, 21.7541955 ], [ 108.5610726, 21.7542741 ], [ 108.5614997, 21.7543427 ], [ 108.5618889, 21.7543946 ], [ 108.5623557, 21.754457 ], [ 108.5631994, 21.754533 ], [ 108.5639726, 21.7545149 ], [ 108.5648708, 21.754382 ], [ 108.5653262, 21.75426 ], [ 108.5657788, 21.7541165 ], [ 108.5662139, 21.7539372 ], [ 108.5666328, 21.7537283 ], [ 108.5670528, 21.7535026 ], [ 108.5674664, 21.753279 ], [ 108.5678821, 21.7530472 ], [ 108.5683036, 21.7528121 ], [ 108.5687215, 21.7525747 ], [ 108.5691337, 21.752351 ], [ 108.569565, 21.7521337 ], [ 108.5700022, 21.7519301 ], [ 108.5704484, 21.7517491 ], [ 108.5709017, 21.7515916 ], [ 108.5713927, 21.7514485 ], [ 108.5718711, 21.7513351 ], [ 108.5723008, 21.7512544 ], [ 108.5727877, 21.7511862 ], [ 108.5732848, 21.7511416 ], [ 108.57471, 21.7511258 ], [ 108.5756621, 21.7512223 ], [ 108.5761796, 21.7513197 ], [ 108.5766452, 21.7514256 ], [ 108.5770416, 21.7515298 ], [ 108.5777747, 21.751764 ], [ 108.5785077, 21.752069 ], [ 108.5788918, 21.752259 ], [ 108.5793167, 21.7524961 ], [ 108.579954, 21.7529108 ], [ 108.5804944, 21.7533275 ] ] } },
{ "type": "Feature", "properties": { "osm_id": "898033706", "name": "榫欓棬澶фˉ", "highway": "trunk" }, "geometry": { "type": "LineString", "coordinates": [ [ 108.549157, 21.7523594 ], [ 108.5596019, 21.7540377 ] ] } },
{ "type": "Feature", "properties": { "osm_id": "898033707", "name": "榫欓棬澶фˉ", "highway": "trunk" }, "geometry": { "type": "LineString", "coordinates": [ [ 108.5595788, 21.7541525 ], [ 108.5491357, 21.7524745 ] ] } },
{ "type": "Feature", "properties": { "osm_id": "686115500", "name": "浼佽寘鍏璺", "highway": "trunk" }, "geometry": { "type": "LineString", "coordinates": [ [ 108.4871355, 21.740427 ], [ 108.4870711, 21.748749 ], [ 108.4870282, 21.7510018 ] ] } },
{ "type": "Feature", "properties": { "osm_id": "686115532", "name": "浼佽寘鍏璺", "highway": "trunk" }, "geometry": { "type": "LineString", "coordinates": [ [ 108.4869003, 21.7519465 ], [ 108.4869218, 21.7509999 ] ] } },
{ "type": "Feature", "properties": { "osm_id": "686115497", "name": "浼佽寘鍏璺", "highway": "trunk" }, "geometry": { "type": "LineString", "coordinates": [ [ 108.4870282, 21.7510018 ], [ 108.4870067, 21.7519481 ] ] } },
{ "type": "Feature", "properties": { "osm_id": "382062185", "name": null, "highway": "secondary" }, "geometry": { "type": "LineString", "coordinates": [ [ 108.5009613, 21.7543365 ], [ 108.5011681, 21.7543365 ] ] } },
{ "type": "Feature", "properties": { "osm_id": "686115533", "name": "浼佽寘鍏璺", "highway": "trunk" }, "geometry": { "type": "LineString", "coordinates": [ [ 108.4869003, 21.7582891 ], [ 108.4869271, 21.7548613 ], [ 108.4869003, 21.7519465 ] ] } },
{ "type": "Feature", "properties": { "osm_id": "686115502", "name": "浼佽寘鍏璺", "highway": "trunk" }, "geometry": { "type": "LineString", "coordinates": [ [ 108.4870067, 21.7519481 ], [ 108.4870335, 21.754862 ], [ 108.4870067, 21.7582899 ] ] } },
{ "type": "Feature", "properties": { "osm_id": "830668599", "name": null, "highway": "secondary" }, "geometry": { "type": "LineString", "coordinates": [ [ 108.4904268, 21.7548102 ], [ 108.4912206, 21.7548487 ], [ 108.4914581, 21.7548202 ], [ 108.4916343, 21.7548202 ], [ 108.4918718, 21.7548843 ], [ 108.4922701, 21.7551191 ], [ 108.492477, 21.7552258 ], [ 108.4928983, 21.7553966 ], [ 108.4943463, 21.7558164 ], [ 108.4957789, 21.7563145 ], [ 108.4960394, 21.7563572 ], [ 108.496208, 21.7563145 ], [ 108.4965537, 21.7561706 ], [ 108.4968745, 21.756037 ], [ 108.497813, 21.7552401 ], [ 108.4985484, 21.7546709 ], [ 108.4988394, 21.7545499 ], [ 108.4998966, 21.754493 ], [ 108.5002855, 21.754349 ], [ 108.5006199, 21.7543347 ], [ 108.5009613, 21.7543365 ] ] } },
{ "type": "Feature", "properties": { "osm_id": "916892530", "name": null, "highway": "trunk_link" }, "geometry": { "type": "LineString", "coordinates": [ [ 108.4870335, 21.754862 ], [ 108.4871954, 21.7565303 ], [ 108.4873134, 21.7573972 ], [ 108.487528, 21.7581944 ], [ 108.4876245, 21.7583015 ], [ 108.4877238, 21.7583389 ], [ 108.4877935, 21.7583414 ], [ 108.4879493, 21.7583139 ], [ 108.4877908, 21.7584435 ], [ 108.4876835, 21.7585481 ], [ 108.4875977, 21.7586976 ], [ 108.4875602, 21.7588197 ], [ 108.4875172, 21.759014 ] ] } },
{ "type": "Feature", "properties": { "osm_id": "916892531", "name": null, "highway": "trunk_link" }, "geometry": { "type": "LineString", "coordinates": [ [ 108.4864631, 21.7592108 ], [ 108.4864417, 21.7589716 ], [ 108.4864658, 21.7588695 ], [ 108.4865516, 21.7587948 ], [ 108.4867345, 21.7586761 ], [ 108.4865892, 21.7587101 ], [ 108.4865034, 21.7586652 ], [ 108.4864819, 21.7585755 ], [ 108.4864658, 21.7584709 ], [ 108.4865302, 21.7582915 ], [ 108.4866965, 21.7574471 ], [ 108.4868199, 21.7565054 ], [ 108.4869271, 21.7548613 ] ] } },
{ "type": "Feature", "properties": { "osm_id": "686115534", "name": "浼佽寘鍏璺", "highway": "trunk" }, "geometry": { "type": "LineString", "coordinates": [ [ 108.4868895, 21.7591162 ], [ 108.4869003, 21.7582891 ] ] } },
{ "type": "Feature", "properties": { "osm_id": "686115503", "name": "浼佽寘鍏璺", "highway": "trunk" }, "geometry": { "type": "LineString", "coordinates": [ [ 108.4870067, 21.7582899 ], [ 108.4869959, 21.7591204 ] ] } },
{ "type": "Feature", "properties": { "osm_id": "916892529", "name": null, "highway": "trunk_link" }, "geometry": { "type": "LineString", "coordinates": [ [ 108.487528, 21.7581944 ], [ 108.4875494, 21.7583713 ], [ 108.4875119, 21.7584211 ], [ 108.4872693, 21.7585338 ], [ 108.4873697, 21.7585631 ], [ 108.4874448, 21.7586403 ], [ 108.4875011, 21.7587948 ], [ 108.4875172, 21.759014 ], [ 108.4869164, 21.7618264 ], [ 108.4866267, 21.7634007 ], [ 108.4861999, 21.7650802 ] ] } },
{ "type": "Feature", "properties": { "osm_id": "916892532", "name": null, "highway": "trunk_link" }, "geometry": { "type": "LineString", "coordinates": [ [ 108.4860957, 21.7650598 ], [ 108.4863585, 21.763321 ], [ 108.4865141, 21.7612036 ], [ 108.4864631, 21.7592108 ], [ 108.4863934, 21.7590812 ], [ 108.4862754, 21.758999 ], [ 108.4861091, 21.7589442 ], [ 108.4858806, 21.7589187 ], [ 108.4861869, 21.7587948 ], [ 108.4863558, 21.7586802 ], [ 108.4864658, 21.7584709 ] ] } },
{ "type": "Feature", "properties": { "osm_id": "1525360154", "name": null, "highway": "primary" }, "geometry": { "type": "LineString", "coordinates": [ [ 108.465981989590446, 21.771394621530199 ], [ 108.4661937, 21.7713469 ], [ 108.4690368, 21.7693143 ], [ 108.4713113, 21.7689158 ], [ 108.4730172, 21.7683478 ], [ 108.4781241, 21.7634555 ], [ 108.4809458, 21.7622499 ], [ 108.4827703, 21.7610177 ], [ 108.48513, 21.7592887 ], [ 108.4854364, 21.7590681 ], [ 108.4858806, 21.7589187 ], [ 108.4867345, 21.7586761 ], [ 108.4872693, 21.7585338 ], [ 108.4879493, 21.7583139 ], [ 108.4881178, 21.7581645 ], [ 108.4888151, 21.7571669 ], [ 108.4894863, 21.756242 ], [ 108.4904268, 21.7548102 ] ] } },
{ "type": "Feature", "properties": { "osm_id": "686115535", "name": "浼佽寘鍏璺", "highway": "trunk" }, "geometry": { "type": "LineString", "coordinates": [ [ 108.456371092448549, 21.803088455404925 ], [ 108.4564143, 21.8030475 ], [ 108.4604215, 21.7990728 ], [ 108.4657645, 21.7937532 ], [ 108.4722876, 21.7873375 ], [ 108.4766435, 21.7829938 ], [ 108.47821, 21.7813201 ], [ 108.4801841, 21.7784308 ], [ 108.4823513, 21.7748242 ], [ 108.4841108, 21.7711377 ], [ 108.4849047, 21.769145 ], [ 108.4854841, 21.7671323 ], [ 108.4860957, 21.7650598 ], [ 108.486439, 21.763346 ], [ 108.4867394, 21.7612136 ], [ 108.4868895, 21.7591162 ] ] } },
{ "type": "Feature", "properties": { "osm_id": "686115505", "name": "浼佽寘鍏璺", "highway": "trunk" }, "geometry": { "type": "LineString", "coordinates": [ [ 108.4869959, 21.7591204 ], [ 108.4868453, 21.761224 ], [ 108.4865442, 21.7633607 ], [ 108.4861999, 21.7650802 ], [ 108.4855871, 21.7671572 ], [ 108.4850063, 21.7691749 ], [ 108.4842095, 21.7711749 ], [ 108.4824466, 21.7748684 ], [ 108.4802755, 21.7784814 ], [ 108.4782955, 21.7813793 ], [ 108.4767227, 21.78306 ], [ 108.4723653, 21.7874051 ], [ 108.4658421, 21.7938208 ], [ 108.4604997, 21.7991399 ], [ 108.456458613943255, 21.80315995327042 ] ] } },
{ "type": "Feature", "properties": { "osm_id": "1173486454", "name": null, "highway": "primary" }, "geometry": { "type": "MultiLineString", "coordinates": [ [ [ 108.45900474227345, 21.820615006251465 ], [ 108.4599173, 21.8192238 ], [ 108.4599924, 21.8158572 ], [ 108.4590697, 21.8145324 ], [ 108.4598851, 21.8115144 ], [ 108.4579968, 21.8090939 ], [ 108.457247302984143, 21.807892282517404 ] ], [ [ 108.453891989749465, 21.801063232321919 ], [ 108.4536302, 21.8003878 ], [ 108.4537375, 21.7991326 ], [ 108.4534371, 21.7971901 ], [ 108.4527612, 21.7962337 ], [ 108.4526002, 21.794341 ], [ 108.4536517, 21.7936934 ], [ 108.4543061, 21.7926972 ], [ 108.4555292, 21.7919899 ], [ 108.4569883, 21.7907247 ], [ 108.4576106, 21.7905753 ], [ 108.4582651, 21.7903362 ], [ 108.4587908, 21.7893001 ], [ 108.4621704, 21.7869789 ], [ 108.4622646, 21.7866804 ], [ 108.4626639, 21.7854148 ], [ 108.4620201, 21.7833724 ], [ 108.4618914, 21.7815592 ], [ 108.4625244, 21.7803736 ], [ 108.462503425178767, 21.779316200889479 ] ] ] } },
{ "type": "Feature", "properties": { "osm_id": "686115281", "name": "椹鑾卞ぇ閬", "highway": "primary" }, "geometry": { "type": "LineString", "coordinates": [ [ 108.6792005, 21.8016038 ], [ 108.679894326518593, 21.801154581943617 ] ] } },
{ "type": "Feature", "properties": { "osm_id": "686115287", "name": "椹鑾卞ぇ閬", "highway": "primary" }, "geometry": { "type": "LineString", "coordinates": [ [ 108.680108169696538, 21.801329027137399 ], [ 108.6789549, 21.8020657 ] ] } },
{ "type": "Feature", "properties": { "osm_id": "395664069", "name": "閽﹀窞娓澶ч亾", "highway": "secondary" }, "geometry": { "type": "LineString", "coordinates": [ [ 108.6028082, 21.7458954 ], [ 108.6028307, 21.7459965 ], [ 108.6031668, 21.747139 ], [ 108.6036307, 21.7489557 ], [ 108.6039859, 21.7502884 ], [ 108.6040172, 21.7504467 ], [ 108.6044599, 21.7526835 ], [ 108.6045398, 21.7531106 ], [ 108.6046169, 21.7535221 ], [ 108.6052013, 21.7562833 ], [ 108.6052272, 21.7564199 ], [ 108.6065817, 21.7622619 ], [ 108.6080611, 21.7682562 ], [ 108.6087267, 21.7709216 ], [ 108.6094837, 21.7739587 ], [ 108.6102701, 21.7780492 ], [ 108.6099362, 21.7829047 ], [ 108.6087342, 21.7893628 ], [ 108.6083063, 21.7919847 ], [ 108.6083934, 21.7940804 ], [ 108.6091974, 21.7960459 ], [ 108.6105257, 21.7976389 ], [ 108.6116898, 21.7995197 ], [ 108.6124696, 21.8018127 ], [ 108.6122542, 21.805254 ], [ 108.6121258, 21.8071212 ], [ 108.6122961, 21.8090585 ], [ 108.6129776, 21.8109568 ], [ 108.61426, 21.8133377 ], [ 108.6170507, 21.8171643 ], [ 108.6184308, 21.8200872 ], [ 108.6195479, 21.8254319 ], [ 108.6204461, 21.8286878 ], [ 108.6220432, 21.8315472 ], [ 108.6221352, 21.8317119 ], [ 108.6228436, 21.8329802 ], [ 108.62493, 21.8361846 ], [ 108.6250008, 21.8362855 ] ] } },
{ "type": "Feature", "properties": { "osm_id": "307935832", "name": "閽﹀窞娓澶ч亾", "highway": "secondary" }, "geometry": { "type": "LineString", "coordinates": [ [ 108.6249136, 21.8363281 ], [ 108.6248484, 21.836224 ], [ 108.6227701, 21.8330184 ], [ 108.6220347, 21.8317017 ], [ 108.6219311, 21.8315163 ], [ 108.6203669, 21.8287159 ], [ 108.6194657, 21.8254491 ], [ 108.6183499, 21.8201106 ], [ 108.6169766, 21.8172022 ], [ 108.6141871, 21.8133773 ], [ 108.6128996, 21.8109868 ], [ 108.612213, 21.8090743 ], [ 108.6120413, 21.8071219 ], [ 108.6121701, 21.8052492 ], [ 108.6123846, 21.8018225 ], [ 108.6116122, 21.7995513 ], [ 108.6104556, 21.7976825 ], [ 108.6091231, 21.7960846 ], [ 108.6083098, 21.7940962 ], [ 108.6082218, 21.7919803 ], [ 108.608651, 21.7893503 ], [ 108.6098526, 21.7828945 ], [ 108.6101531, 21.7780824 ], [ 108.609356, 21.7739779 ], [ 108.6086272, 21.7709493 ], [ 108.6079415, 21.7682875 ], [ 108.6064344, 21.7622273 ], [ 108.6051051, 21.7564411 ], [ 108.6050718, 21.7563092 ], [ 108.604526, 21.7535676 ], [ 108.6044419, 21.7531278 ], [ 108.6043603, 21.7527009 ], [ 108.6039033, 21.7503042 ], [ 108.6035516, 21.7489746 ], [ 108.6030906, 21.7472544 ], [ 108.6027184, 21.7460165 ], [ 108.6026829, 21.7459228 ] ] } },
{ "type": "Feature", "properties": { "osm_id": "202511556", "name": "鎵甯嗗崡澶ч亾", "highway": "secondary" }, "geometry": { "type": "LineString", "coordinates": [ [ 108.5791694, 21.7885422 ], [ 108.5790054, 21.7910479 ], [ 108.5793283, 21.7935517 ], [ 108.5800231, 21.7960164 ], [ 108.5803767, 21.797011 ], [ 108.5806348, 21.7974912 ], [ 108.581271, 21.7986747 ], [ 108.5820792, 21.7999614 ], [ 108.5833647, 21.8015528 ], [ 108.5843543, 21.8025345 ], [ 108.5864275, 21.8040829 ], [ 108.5869464, 21.804452 ], [ 108.5949012, 21.8096935 ], [ 108.596532, 21.810768 ], [ 108.5977688, 21.8116765 ], [ 108.5984715, 21.8122393 ], [ 108.5985324, 21.812288 ], [ 108.5989077, 21.8125886 ], [ 108.599911, 21.8135657 ], [ 108.6001326, 21.8138133 ], [ 108.6011786, 21.814982 ], [ 108.6020804, 21.816235 ], [ 108.6038807, 21.8195913 ], [ 108.6048379, 21.8209986 ], [ 108.6056944, 21.8220696 ], [ 108.6117971, 21.8291494 ], [ 108.6156647, 21.8334352 ], [ 108.6168342, 21.8349616 ], [ 108.6171833, 21.835438 ], [ 108.6178443, 21.8366347 ], [ 108.6186401, 21.8381545 ] ] } },
{ "type": "Feature", "properties": { "osm_id": "375401700", "name": "鎵甯嗗崡澶ч亾", "highway": "secondary" }, "geometry": { "type": "LineString", "coordinates": [ [ 108.6184349, 21.8382407 ], [ 108.6176581, 21.8367302 ], [ 108.6169868, 21.8356219 ], [ 108.6166349, 21.8350533 ], [ 108.6154756, 21.8334949 ], [ 108.6115818, 21.8292631 ], [ 108.6054994, 21.8222206 ], [ 108.6046474, 21.8211198 ], [ 108.6036921, 21.8196923 ], [ 108.6018864, 21.8163823 ], [ 108.6010088, 21.8151459 ], [ 108.5997688, 21.8136978 ], [ 108.598742, 21.8127077 ], [ 108.5983357, 21.812386 ], [ 108.5976148, 21.8118152 ], [ 108.5963852, 21.8109355 ], [ 108.5947808, 21.8098732 ], [ 108.5868182, 21.8046012 ], [ 108.5863253, 21.8043105 ], [ 108.5848547, 21.8033049 ], [ 108.5832635, 21.8018026 ], [ 108.5821536, 21.8004641 ], [ 108.5806102, 21.798084 ], [ 108.5804421, 21.7975751 ], [ 108.5800143, 21.7967038 ], [ 108.5794369, 21.7952618 ], [ 108.5791109, 21.7938629 ], [ 108.5788241, 21.7911492 ], [ 108.5788469, 21.7893596 ] ] } },
{ "type": "Feature", "properties": { "osm_id": "686115280", "name": "椹鑾卞ぇ閬", "highway": "primary" }, "geometry": { "type": "LineString", "coordinates": [ [ 108.653689, 21.817002 ], [ 108.6556817, 21.8159974 ] ] } },
{ "type": "Feature", "properties": { "osm_id": "686115284", "name": "椹鑾卞ぇ閬", "highway": "primary" }, "geometry": { "type": "LineString", "coordinates": [ [ 108.6557722, 21.8161461 ], [ 108.6537766, 21.8171521 ] ] } },
{ "type": "Feature", "properties": { "osm_id": "1347243359", "name": "椹鑾卞ぇ閬", "highway": "primary" }, "geometry": { "type": "LineString", "coordinates": [ [ 108.6379611, 21.8312418 ], [ 108.6390026, 21.8306154 ], [ 108.6411056, 21.8285843 ], [ 108.6433324, 21.8258811 ], [ 108.6467771, 21.8219262 ], [ 108.647728, 21.8208027 ], [ 108.6485682, 21.8200429 ], [ 108.6496321, 21.8192265 ], [ 108.6510846, 21.8183108 ], [ 108.653689, 21.817002 ] ] } },
{ "type": "Feature", "properties": { "osm_id": "1347243362", "name": "椹鑾卞ぇ閬", "highway": "primary" }, "geometry": { "type": "LineString", "coordinates": [ [ 108.6537766, 21.8171521 ], [ 108.6511803, 21.8184569 ], [ 108.6497426, 21.8193632 ], [ 108.6486912, 21.82017 ], [ 108.647865, 21.820917 ], [ 108.6469209, 21.8220326 ], [ 108.6434769, 21.8259866 ], [ 108.6412453, 21.8286957 ], [ 108.639121, 21.8307473 ], [ 108.6380535, 21.8313897 ] ] } },
{ "type": "Feature", "properties": { "osm_id": "686115279", "name": "鍑ゅ嚢宀闅ч亾", "highway": "primary" }, "geometry": { "type": "LineString", "coordinates": [ [ 108.6361993, 21.8321366 ], [ 108.6379611, 21.8312418 ] ] } },
{ "type": "Feature", "properties": { "osm_id": "686115283", "name": "鍑ゅ嚢宀闅ч亾", "highway": "primary" }, "geometry": { "type": "LineString", "coordinates": [ [ 108.6380535, 21.8313897 ], [ 108.6362672, 21.832296 ] ] } },
{ "type": "Feature", "properties": { "osm_id": "185773935", "name": "鍏閽﹂珮閫", "highway": "motorway" }, "geometry": { "type": "LineString", "coordinates": [ [ 108.704193324399483, 21.806233464555948 ], [ 108.7037496, 21.8057586 ], [ 108.7028766, 21.8048181 ], [ 108.7023083, 21.8042751 ], [ 108.70132, 21.8034646 ], [ 108.7001487, 21.8024847 ], [ 108.6991179, 21.8015033 ], [ 108.6983404, 21.8009139 ], [ 108.698032004928109, 21.800594164672432 ] ] } },
{ "type": "Feature", "properties": { "osm_id": "686115278", "name": "椹鑾卞ぇ閬", "highway": "primary" }, "geometry": { "type": "LineString", "coordinates": [ [ 108.6752097, 21.8040815 ], [ 108.6792005, 21.8016038 ] ] } },
{ "type": "Feature", "properties": { "osm_id": "686115286", "name": "椹鑾卞ぇ閬", "highway": "primary" }, "geometry": { "type": "LineString", "coordinates": [ [ 108.6789549, 21.8020657 ], [ 108.6753495, 21.8043241 ] ] } },
{ "type": "Feature", "properties": { "osm_id": "185801071", "name": "鍏閽﹂珮閫", "highway": "motorway" }, "geometry": { "type": "LineString", "coordinates": [ [ 108.700607869162226, 21.802695008281805 ], [ 108.7014099, 21.803366 ], [ 108.7024014, 21.8041791 ], [ 108.7029756, 21.8047277 ], [ 108.7038509, 21.8056707 ], [ 108.70423059454572, 21.806077045213691 ] ] } },
{ "type": "Feature", "properties": { "osm_id": "686115282", "name": "椹鑾卞ぇ閬", "highway": "primary" }, "geometry": { "type": "LineString", "coordinates": [ [ 108.6556817, 21.8159974 ], [ 108.658492, 21.8144639 ], [ 108.6615892, 21.8128719 ], [ 108.6639852, 21.811432 ], [ 108.6698579, 21.8076526 ], [ 108.672372, 21.8059751 ], [ 108.6752097, 21.8040815 ] ] } },
{ "type": "Feature", "properties": { "osm_id": "686115285", "name": "椹鑾卞ぇ閬", "highway": "primary" }, "geometry": { "type": "LineString", "coordinates": [ [ 108.6753495, 21.8043241 ], [ 108.669961, 21.807794 ], [ 108.664087, 21.8115741 ], [ 108.6616838, 21.8130184 ], [ 108.6585832, 21.8146121 ], [ 108.6557722, 21.8161461 ] ] } },
{ "type": "Feature", "properties": { "osm_id": "1347243360", "name": "椹鑾卞ぇ閬", "highway": "primary" }, "geometry": { "type": "LineString", "coordinates": [ [ 108.62493, 21.8361846 ], [ 108.6281881, 21.8347545 ], [ 108.6314642, 21.8335141 ], [ 108.6361993, 21.8321366 ] ] } },
{ "type": "Feature", "properties": { "osm_id": "1347243361", "name": "椹鑾卞ぇ閬", "highway": "primary" }, "geometry": { "type": "LineString", "coordinates": [ [ 108.6362672, 21.832296 ], [ 108.631525, 21.8336754 ], [ 108.6282635, 21.8349103 ], [ 108.6250008, 21.8362855 ] ] } },
{ "type": "Feature", "properties": { "osm_id": "375401721", "name": null, "highway": "secondary" }, "geometry": { "type": "LineString", "coordinates": [ [ 108.6186401, 21.8381545 ], [ 108.6195302, 21.8398472 ] ] } },
{ "type": "Feature", "properties": { "osm_id": "375401706", "name": null, "highway": "secondary" }, "geometry": { "type": "LineString", "coordinates": [ [ 108.6193335, 21.8399526 ], [ 108.6184349, 21.8382407 ] ] } },
{ "type": "Feature", "properties": { "osm_id": "226254322", "name": "鍖楅儴婀惧ぇ閬", "highway": "primary" }, "geometry": { "type": "LineString", "coordinates": [ [ 108.6113102, 21.8473675 ], [ 108.6125528, 21.8447772 ], [ 108.6128855, 21.8441734 ], [ 108.6132325, 21.8436513 ], [ 108.6136471, 21.8431381 ], [ 108.6142051, 21.8425522 ], [ 108.614687, 21.8421104 ], [ 108.6152365, 21.8416685 ], [ 108.6158409, 21.8412584 ], [ 108.6188056, 21.8395998 ], [ 108.6194437, 21.8392471 ], [ 108.6222035, 21.837702 ], [ 108.6248484, 21.836224 ], [ 108.62493, 21.8361846 ] ] } },
{ "type": "Feature", "properties": { "osm_id": "226254319", "name": "鍖楅儴婀惧ぇ閬", "highway": "primary" }, "geometry": { "type": "LineString", "coordinates": [ [ 108.6250008, 21.8362855 ], [ 108.6249136, 21.8363281 ], [ 108.6223042, 21.8377842 ], [ 108.6194948, 21.8393528 ], [ 108.6188717, 21.8397173 ], [ 108.6159381, 21.8414075 ], [ 108.6153511, 21.8418192 ], [ 108.6148175, 21.842247 ], [ 108.6143611, 21.8426568 ], [ 108.6138073, 21.8432358 ], [ 108.6133904, 21.8437539 ], [ 108.6130458, 21.8442586 ], [ 108.612711, 21.8448576 ], [ 108.6114261, 21.8474395 ] ] } },
{ "type": "Feature", "properties": { "osm_id": "1000207987", "name": "閽﹀窞娓澶ч亾", "highway": "secondary" }, "geometry": { "type": "LineString", "coordinates": [ [ 108.6343054, 21.8527976 ], [ 108.6323853, 21.8476817 ], [ 108.6304091, 21.8420611 ], [ 108.6290787, 21.8403482 ], [ 108.6277881, 21.8391846 ], [ 108.6268021, 21.8383932 ], [ 108.6263999, 21.8380596 ], [ 108.6258424, 21.8375168 ], [ 108.6253233, 21.8369141 ], [ 108.6249136, 21.8363281 ] ] } },
{ "type": "Feature", "properties": { "osm_id": "807623249", "name": "閽﹀窞娓澶ч亾", "highway": "secondary" }, "geometry": { "type": "LineString", "coordinates": [ [ 108.6250008, 21.8362855 ], [ 108.6254223, 21.8368737 ], [ 108.6259231, 21.8374473 ], [ 108.6264683, 21.8379752 ], [ 108.6268639, 21.8383227 ], [ 108.6278712, 21.8391265 ], [ 108.6291427, 21.840297 ], [ 108.6304851, 21.8420253 ], [ 108.6324651, 21.8476567 ], [ 108.6343841, 21.8527697 ], [ 108.6345013, 21.853082 ] ] } },
{ "type": "Feature", "properties": { "osm_id": "595648294", "name": "鍖楅儴婀惧ぇ閬", "highway": "primary" }, "geometry": { "type": "LineString", "coordinates": [ [ 108.6104596, 21.8490625 ], [ 108.6113102, 21.8473675 ] ] } },
{ "type": "Feature", "properties": { "osm_id": "595648295", "name": "鍖楅儴婀惧ぇ閬", "highway": "primary" }, "geometry": { "type": "LineString", "coordinates": [ [ 108.6114261, 21.8474395 ], [ 108.6105971, 21.84913 ] ] } },
{ "type": "Feature", "properties": { "osm_id": "594366417", "name": "鍏閽﹂珮閫", "highway": "motorway" }, "geometry": { "type": "LineString", "coordinates": [ [ 108.720244779708409, 21.864747272778974 ], [ 108.7203948, 21.8653567 ], [ 108.7205625, 21.8667267 ], [ 108.7207609, 21.8689976 ] ] } },
{ "type": "Feature", "properties": { "osm_id": "594366416", "name": "鍏閽﹂珮閫", "highway": "motorway" }, "geometry": { "type": "LineString", "coordinates": [ [ 108.7206066, 21.8690732 ], [ 108.7205067, 21.8676739 ], [ 108.7204892, 21.8674602 ], [ 108.7204182, 21.8664651 ], [ 108.7202766, 21.8654831 ], [ 108.72008383753662, 21.864616154870557 ] ] } },
{ "type": "Feature", "properties": { "osm_id": "307931919", "name": null, "highway": "motorway_link" }, "geometry": { "type": "LineString", "coordinates": [ [ 108.7203948, 21.8653567 ], [ 108.7206055, 21.8660739 ], [ 108.7208566, 21.8668779 ], [ 108.7212613, 21.8677474 ] ] } },
{ "type": "Feature", "properties": { "osm_id": "307931872", "name": null, "highway": "motorway_link" }, "geometry": { "type": "LineString", "coordinates": [ [ 108.7212613, 21.8677474 ], [ 108.721787, 21.8686858 ] ] } },
{ "type": "Feature", "properties": { "osm_id": "307931929", "name": null, "highway": "motorway_link" }, "geometry": { "type": "LineString", "coordinates": [ [ 108.7212613, 21.8677474 ], [ 108.721667, 21.8681408 ], [ 108.7222097, 21.8686167 ], [ 108.7228247, 21.8689372 ], [ 108.7235855, 21.8691329 ], [ 108.7243971, 21.8692412 ], [ 108.7250755, 21.8692622 ], [ 108.7256882, 21.8692047 ], [ 108.725711008543058, 21.869200552386946 ] ] } },
{ "type": "Feature", "properties": { "osm_id": "407977903", "name": "鍖楅儴婀惧ぇ閬", "highway": "primary" }, "geometry": { "type": "LineString", "coordinates": [ [ 108.6032644, 21.8624441 ], [ 108.6037874, 21.8619433 ], [ 108.6041813, 21.8614313 ], [ 108.6045222, 21.8609136 ], [ 108.6049591, 21.8601253 ], [ 108.6069128, 21.8561514 ], [ 108.6088488, 21.8522138 ], [ 108.6104596, 21.8490625 ] ] } },
{ "type": "Feature", "properties": { "osm_id": "407977902", "name": "鍖楅儴婀惧ぇ閬", "highway": "primary" }, "geometry": { "type": "LineString", "coordinates": [ [ 108.6105971, 21.84913 ], [ 108.6090596, 21.8523002 ], [ 108.6070803, 21.8562521 ], [ 108.6051064, 21.8602236 ], [ 108.6046975, 21.8609982 ], [ 108.6043379, 21.8615444 ], [ 108.6038863, 21.8620597 ], [ 108.603338, 21.8625559 ] ] } },
{ "type": "Feature", "properties": { "osm_id": "375401735", "name": null, "highway": "secondary" }, "geometry": { "type": "LineString", "coordinates": [ [ 108.6195302, 21.8398472 ], [ 108.6201826, 21.8411239 ], [ 108.6211223, 21.843177 ], [ 108.6216935, 21.8440651 ], [ 108.6227703, 21.8454907 ], [ 108.6237615, 21.8466566 ], [ 108.6254185, 21.8483098 ], [ 108.6273743, 21.8498857 ], [ 108.6300822, 21.8520809 ], [ 108.6308803, 21.8528044 ], [ 108.6316378, 21.853525 ], [ 108.6323637, 21.8543631 ], [ 108.6327323, 21.8547888 ], [ 108.6336871, 21.8563141 ], [ 108.6341853, 21.8573549 ], [ 108.6346602, 21.858552 ], [ 108.6349794, 21.8595016 ], [ 108.635257, 21.8610774 ], [ 108.6362854, 21.8669097 ], [ 108.6365212, 21.868671 ], [ 108.6368753, 21.8708053 ], [ 108.6377175, 21.8760049 ], [ 108.6384329, 21.8806446 ] ] } },
{ "type": "Feature", "properties": { "osm_id": "375401738", "name": null, "highway": "secondary" }, "geometry": { "type": "LineString", "coordinates": [ [ 108.6381832, 21.8807227 ], [ 108.6380485, 21.8795633 ], [ 108.6374389, 21.8760736 ], [ 108.6366688, 21.870803 ], [ 108.6362838, 21.8687007 ], [ 108.6360271, 21.8668783 ], [ 108.635026, 21.8611012 ], [ 108.6347308, 21.8595288 ], [ 108.634397, 21.8583972 ], [ 108.6339863, 21.8573251 ], [ 108.6334537, 21.8563364 ], [ 108.6324911, 21.8548712 ], [ 108.6314258, 21.8536621 ], [ 108.6307135, 21.8529175 ], [ 108.6298985, 21.8522028 ], [ 108.6275754, 21.8503265 ], [ 108.6252587, 21.8485277 ], [ 108.6240656, 21.8474607 ], [ 108.6231808, 21.8465341 ], [ 108.6222914, 21.8452748 ], [ 108.6214608, 21.8441598 ], [ 108.6209267, 21.8432657 ], [ 108.6199862, 21.8411765 ], [ 108.6193335, 21.8399526 ] ] } },
{ "type": "Feature", "properties": { "osm_id": "407977904", "name": "娌欎簳澶фˉ", "highway": "primary" }, "geometry": { "type": "LineString", "coordinates": [ [ 108.5994274, 21.8657691 ], [ 108.6032644, 21.8624441 ] ] } },
{ "type": "Feature", "properties": { "osm_id": "918647927", "name": "閽﹀窞娓澶ч亾", "highway": "secondary" }, "geometry": { "type": "LineString", "coordinates": [ [ 108.6475385, 21.8756002 ], [ 108.6464142, 21.8746354 ], [ 108.6454537, 21.8736083 ], [ 108.6446074, 21.87222 ], [ 108.642791, 21.8689011 ], [ 108.6410127, 21.8655823 ], [ 108.6403185, 21.8642985 ], [ 108.6383976, 21.8611318 ], [ 108.6356877, 21.8564805 ], [ 108.6344218, 21.8531077 ], [ 108.6343054, 21.8527976 ] ] } },
{ "type": "Feature", "properties": { "osm_id": "407977905", "name": "娌欎簳澶фˉ", "highway": "primary" }, "geometry": { "type": "LineString", "coordinates": [ [ 108.603338, 21.8625559 ], [ 108.5995109, 21.8658756 ] ] } },
{ "type": "Feature", "properties": { "osm_id": "918647924", "name": "閽﹀窞娓澶ч亾", "highway": "secondary" }, "geometry": { "type": "LineString", "coordinates": [ [ 108.6345013, 21.853082 ], [ 108.635765, 21.8564488 ], [ 108.6384714, 21.861094 ], [ 108.6403929, 21.8642618 ], [ 108.6410881, 21.8655474 ], [ 108.6428663, 21.868866 ], [ 108.6446816, 21.872183 ], [ 108.6455229, 21.873563 ], [ 108.6464748, 21.8745809 ], [ 108.6476199, 21.8755635 ] ] } },
{ "type": "Feature", "properties": { "osm_id": "595648230", "name": "閽﹀窞娓澶ч亾", "highway": "secondary" }, "geometry": { "type": "LineString", "coordinates": [ [ 108.6476199, 21.8755635 ], [ 108.6482377, 21.8760937 ] ] } },
{ "type": "Feature", "properties": { "osm_id": "595648233", "name": "閽﹀窞娓澶ч亾", "highway": "secondary" }, "geometry": { "type": "LineString", "coordinates": [ [ 108.6481937, 21.8761624 ], [ 108.6475385, 21.8756002 ] ] } },
{ "type": "Feature", "properties": { "osm_id": "307931880", "name": null, "highway": "motorway_link" }, "geometry": { "type": "LineString", "coordinates": [ [ 108.721787, 21.8686858 ], [ 108.7220685, 21.8693082 ] ] } },
{ "type": "Feature", "properties": { "osm_id": "583187075", "name": "鍏閽﹂珮閫", "highway": "motorway" }, "geometry": { "type": "LineString", "coordinates": [ [ 108.7207609, 21.8689976 ], [ 108.7207597, 21.8693177 ] ] } },
{ "type": "Feature", "properties": { "osm_id": "583187083", "name": "鍏閽﹂珮閫", "highway": "motorway" }, "geometry": { "type": "LineString", "coordinates": [ [ 108.7206044, 21.8693824 ], [ 108.7206066, 21.8690732 ] ] } },
{ "type": "Feature", "properties": { "osm_id": "307931913", "name": null, "highway": "motorway_link" }, "geometry": { "type": "LineString", "coordinates": [ [ 108.7220685, 21.8693082 ], [ 108.7221803, 21.8696732 ], [ 108.7222217, 21.8700458 ] ] } },
{ "type": "Feature", "properties": { "osm_id": "307931859", "name": null, "highway": "motorway_link" }, "geometry": { "type": "LineString", "coordinates": [ [ 108.7193179, 21.870595 ], [ 108.7199498, 21.8698229 ], [ 108.7203011, 21.8694534 ], [ 108.7206724, 21.8691823 ], [ 108.7210138, 21.8690483 ], [ 108.7214012, 21.8689553 ], [ 108.7217704, 21.8689778 ], [ 108.7225321, 21.8690546 ], [ 108.7232566, 21.8691584 ], [ 108.7238237, 21.8692275 ], [ 108.7243971, 21.8692412 ] ] } },
{ "type": "Feature", "properties": { "osm_id": "204983973", "name": null, "highway": "motorway" }, "geometry": { "type": "LineString", "coordinates": [ [ 108.7146224, 21.8723408 ], [ 108.7152861, 21.8720397 ], [ 108.7163201, 21.8717136 ], [ 108.7176617, 21.8712964 ], [ 108.7184087, 21.8709848 ], [ 108.7191259, 21.8704651 ], [ 108.7194553, 21.8701482 ], [ 108.7196371, 21.8698945 ], [ 108.7199965, 21.8693967 ], [ 108.7201682, 21.8689636 ], [ 108.7203184, 21.8683961 ], [ 108.7204892, 21.8674602 ] ] } },
{ "type": "Feature", "properties": { "osm_id": "583187076", "name": "鍏閽﹂珮閫", "highway": "motorway" }, "geometry": { "type": "LineString", "coordinates": [ [ 108.7207597, 21.8693177 ], [ 108.7206894, 21.8704843 ] ] } },
{ "type": "Feature", "properties": { "osm_id": "583187086", "name": "鍏閽﹂珮閫", "highway": "motorway" }, "geometry": { "type": "LineString", "coordinates": [ [ 108.7205142, 21.8704934 ], [ 108.7205704, 21.8699913 ], [ 108.7206044, 21.8693824 ] ] } },
{ "type": "Feature", "properties": { "osm_id": "307931864", "name": null, "highway": "motorway_link" }, "geometry": { "type": "LineString", "coordinates": [ [ 108.7193215, 21.8710715 ], [ 108.7202999, 21.8706869 ], [ 108.721102, 21.8704261 ], [ 108.7217109, 21.8701925 ], [ 108.7219275, 21.8699861 ], [ 108.7220328, 21.8696872 ], [ 108.7219802, 21.869421 ], [ 108.7217928, 21.8692145 ], [ 108.7215235, 21.8691167 ], [ 108.7213245, 21.8691385 ], [ 108.7210669, 21.8692689 ], [ 108.7209498, 21.8694101 ], [ 108.7208327, 21.8697035 ], [ 108.7206894, 21.8704843 ] ] } },
{ "type": "Feature", "properties": { "osm_id": "307931909", "name": null, "highway": "motorway_link" }, "geometry": { "type": "LineString", "coordinates": [ [ 108.7222217, 21.8700458 ], [ 108.722172, 21.8703685 ], [ 108.7220489, 21.8707504 ] ] } },
{ "type": "Feature", "properties": { "osm_id": "583187077", "name": "鍏閽﹂珮閫", "highway": "motorway" }, "geometry": { "type": "LineString", "coordinates": [ [ 108.7206894, 21.8704843 ], [ 108.7206122, 21.8712345 ] ] } },
{ "type": "Feature", "properties": { "osm_id": "583187085", "name": "鍏閽﹂珮閫", "highway": "motorway" }, "geometry": { "type": "LineString", "coordinates": [ [ 108.7204266, 21.8712629 ], [ 108.7205142, 21.8704934 ] ] } },
{ "type": "Feature", "properties": { "osm_id": "307931917", "name": null, "highway": "motorway_link" }, "geometry": { "type": "LineString", "coordinates": [ [ 108.7188433, 21.8715941 ], [ 108.7189195, 21.8712409 ], [ 108.7191127, 21.8708715 ], [ 108.7193179, 21.870595 ] ] } },
{ "type": "Feature", "properties": { "osm_id": "307931865", "name": null, "highway": "motorway_link" }, "geometry": { "type": "LineString", "coordinates": [ [ 108.7231618, 21.8702101 ], [ 108.7209553, 21.8709705 ], [ 108.7198023, 21.8713172 ], [ 108.7193925, 21.8714856 ], [ 108.7192227, 21.8716323 ], [ 108.719129, 21.8718442 ], [ 108.7191349, 21.8720398 ], [ 108.7191817, 21.8721756 ], [ 108.7193456, 21.8723712 ], [ 108.7195388, 21.8724418 ], [ 108.7198081, 21.8724201 ], [ 108.7200306, 21.8723603 ], [ 108.7201828, 21.8722191 ], [ 108.7203607, 21.8717907 ] ] } },
{ "type": "Feature", "properties": { "osm_id": "307931862", "name": null, "highway": "motorway_link" }, "geometry": { "type": "LineString", "coordinates": [ [ 108.7220489, 21.8707504 ], [ 108.7218378, 21.8711062 ], [ 108.7214103, 21.8716555 ], [ 108.7210846, 21.8720612 ], [ 108.7208211, 21.872341 ], [ 108.7206718, 21.8724605 ], [ 108.7204816, 21.8725556 ], [ 108.7202093, 21.872629 ], [ 108.7198815, 21.8726833 ], [ 108.7194746, 21.8726942 ], [ 108.7188118, 21.8725958 ], [ 108.717959, 21.872469 ], [ 108.7172275, 21.8724688 ] ] } },
{ "type": "Feature", "properties": { "osm_id": "583187078", "name": "鍏閽﹂珮閫", "highway": "motorway" }, "geometry": { "type": "LineString", "coordinates": [ [ 108.7206122, 21.8712345 ], [ 108.7204377, 21.872391 ] ] } },
{ "type": "Feature", "properties": { "osm_id": "583187082", "name": "鍏閽﹂珮閫", "highway": "motorway" }, "geometry": { "type": "LineString", "coordinates": [ [ 108.72028, 21.8724368 ], [ 108.7203607, 21.8717907 ], [ 108.7204266, 21.8712629 ] ] } },
{ "type": "Feature", "properties": { "osm_id": "307931911", "name": null, "highway": "motorway_link" }, "geometry": { "type": "LineString", "coordinates": [ [ 108.7189839, 21.8725041 ], [ 108.7188433, 21.8718983 ], [ 108.7188433, 21.8715941 ] ] } },
{ "type": "Feature", "properties": { "osm_id": "181344284", "name": null, "highway": "motorway_link" }, "geometry": { "type": "LineString", "coordinates": [ [ 108.726057153692835, 21.869516005392526 ], [ 108.7247271, 21.8699804 ], [ 108.7233298, 21.8704523 ], [ 108.7227249, 21.8707954 ], [ 108.7221394, 21.8712355 ], [ 108.7215206, 21.8717744 ], [ 108.7210505, 21.8723438 ], [ 108.7206645, 21.8729648 ], [ 108.7202836, 21.8738759 ], [ 108.7200128, 21.8749618 ] ] } },
{ "type": "Feature", "properties": { "osm_id": "583187079", "name": "鍏閽﹂珮閫", "highway": "motorway" }, "geometry": { "type": "LineString", "coordinates": [ [ 108.7204377, 21.872391 ], [ 108.7203948, 21.8726752 ] ] } },
{ "type": "Feature", "properties": { "osm_id": "583187081", "name": "鍏閽﹂珮閫", "highway": "motorway" }, "geometry": { "type": "LineString", "coordinates": [ [ 108.7202458, 21.8727105 ], [ 108.72028, 21.8724368 ] ] } },
{ "type": "Feature", "properties": { "osm_id": "307931901", "name": null, "highway": "motorway_link" }, "geometry": { "type": "LineString", "coordinates": [ [ 108.7190645, 21.8727823 ], [ 108.7189839, 21.8725041 ] ] } },
{ "type": "Feature", "properties": { "osm_id": "307931912", "name": null, "highway": "motorway_link" }, "geometry": { "type": "LineString", "coordinates": [ [ 108.7193937, 21.8740281 ], [ 108.7192649, 21.8734739 ], [ 108.7190645, 21.8727823 ] ] } },
{ "type": "Feature", "properties": { "osm_id": "307935876", "name": "鍏版捣楂橀", "highway": "motorway" }, "geometry": { "type": "LineString", "coordinates": [ [ 108.690598, 21.884187 ], [ 108.6912877, 21.883813 ], [ 108.7027249, 21.8772907 ], [ 108.7046068, 21.8762817 ], [ 108.7063426, 21.8754225 ], [ 108.7073838, 21.8749344 ], [ 108.7084251, 21.8744965 ], [ 108.7111704, 21.8734107 ], [ 108.7128413, 21.8728846 ], [ 108.7146224, 21.8723408 ], [ 108.7152394, 21.8721524 ], [ 108.7167003, 21.8717448 ], [ 108.7193215, 21.8710715 ], [ 108.725925601769987, 21.869375379250293 ] ] } },
{ "type": "Feature", "properties": { "osm_id": "48799705", "name": "鍏版捣楂橀", "highway": "motorway" }, "geometry": { "type": "LineString", "coordinates": [ [ 108.726045856514844, 21.869473349536428 ], [ 108.7231618, 21.8702101 ], [ 108.7163165, 21.8719829 ], [ 108.7139657, 21.872683 ], [ 108.7129112, 21.872997 ], [ 108.7111914, 21.8735433 ], [ 108.7085056, 21.8746608 ], [ 108.7074508, 21.8751009 ], [ 108.7064231, 21.8755827 ], [ 108.7046873, 21.8764188 ], [ 108.7029876, 21.8773385 ], [ 108.6914051, 21.8839609 ], [ 108.6906524, 21.8843457 ] ] } },
{ "type": "Feature", "properties": { "osm_id": "307931861", "name": null, "highway": "motorway_link" }, "geometry": { "type": "LineString", "coordinates": [ [ 108.7196613, 21.8766667 ], [ 108.7195693, 21.8757449 ], [ 108.7195342, 21.8750495 ], [ 108.7194756, 21.8745877 ], [ 108.7193937, 21.8740281 ], [ 108.7192766, 21.8737293 ], [ 108.7189312, 21.873262 ], [ 108.7184745, 21.87286 ], [ 108.7178305, 21.8725883 ], [ 108.7172275, 21.8724688 ], [ 108.7163845, 21.8724253 ], [ 108.7154302, 21.8724634 ], [ 108.7139657, 21.872683 ] ] } },
{ "type": "Feature", "properties": { "osm_id": "185766185", "name": "鐢橀挦绾", "highway": "trunk" }, "geometry": { "type": "LineString", "coordinates": [ [ 108.6988609, 21.9234555 ], [ 108.6990034, 21.9230744 ], [ 108.699114, 21.9226639 ], [ 108.6991583, 21.9222329 ], [ 108.6991528, 21.9218969 ], [ 108.6991279, 21.9214736 ], [ 108.6990947, 21.9210451 ], [ 108.6990394, 21.9204089 ], [ 108.6989785, 21.9197932 ], [ 108.6984287, 21.9137859 ], [ 108.6961971, 21.9092868 ], [ 108.6957784, 21.9077286 ], [ 108.6949153, 21.9004827 ], [ 108.6939827, 21.8955935 ], [ 108.6918197, 21.8887005 ], [ 108.6906939, 21.8855575 ], [ 108.6904132, 21.8846773 ], [ 108.6903361, 21.8842208 ], [ 108.6902961, 21.8838343 ], [ 108.690318, 21.8833976 ], [ 108.6904219, 21.8829743 ], [ 108.6905845, 21.8826048 ], [ 108.6908683, 21.8820892 ], [ 108.6913413, 21.8813188 ], [ 108.6928669, 21.8790275 ], [ 108.6948238, 21.8734481 ], [ 108.6965404, 21.8694654 ], [ 108.6966916, 21.8689742 ], [ 108.6979137, 21.8650047 ], [ 108.7010036, 21.8610219 ], [ 108.7014757, 21.8588711 ], [ 108.7015236, 21.8534284 ], [ 108.7015831, 21.8530208 ], [ 108.701705, 21.8524298 ], [ 108.7020645, 21.8513121 ], [ 108.7027631, 21.8492717 ], [ 108.7044041, 21.8445155 ], [ 108.7045304, 21.8437014 ], [ 108.7044959, 21.8414519 ], [ 108.7042504, 21.8384358 ], [ 108.7041793, 21.8351305 ], [ 108.7047802, 21.8336964 ], [ 108.7062393, 21.8317842 ], [ 108.710715, 21.8271023 ], [ 108.711171434537363, 21.826659684896011 ] ] } },
{ "type": "Feature", "properties": { "osm_id": "307935856", "name": "鍏版捣楂橀", "highway": "motorway" }, "geometry": { "type": "LineString", "coordinates": [ [ 108.6900324, 21.8844822 ], [ 108.690598, 21.884187 ] ] } },
{ "type": "Feature", "properties": { "osm_id": "307935867", "name": "鍏版捣楂橀", "highway": "motorway" }, "geometry": { "type": "LineString", "coordinates": [ [ 108.6906524, 21.8843457 ], [ 108.6900726, 21.8846493 ] ] } },
{ "type": "Feature", "properties": { "osm_id": "595648227", "name": "閽﹀窞娓澶ч亾", "highway": "secondary" }, "geometry": { "type": "LineString", "coordinates": [ [ 108.6482377, 21.8760937 ], [ 108.6506999, 21.8782065 ], [ 108.6516688, 21.8794632 ], [ 108.6534967, 21.8826907 ], [ 108.6554352, 21.8859024 ], [ 108.6563702, 21.8875092 ], [ 108.6572061, 21.8885257 ], [ 108.6580808, 21.8893828 ], [ 108.6585476, 21.88983 ], [ 108.6586254, 21.8899045 ], [ 108.6594267, 21.8905636 ], [ 108.6605924, 21.8914732 ], [ 108.6637105, 21.8939939 ] ] } },
{ "type": "Feature", "properties": { "osm_id": "226254309", "name": "鍖楅儴婀惧ぇ閬", "highway": "primary" }, "geometry": { "type": "LineString", "coordinates": [ [ 108.5965101, 21.8890092 ], [ 108.5969934, 21.8871748 ], [ 108.5979748, 21.8837309 ], [ 108.5989795, 21.8801221 ], [ 108.5991599, 21.8793286 ], [ 108.5992689, 21.8784893 ], [ 108.5992988, 21.8776291 ], [ 108.5992147, 21.8766227 ], [ 108.5990966, 21.8760036 ], [ 108.5988742, 21.8751464 ], [ 108.5975485, 21.8705706 ], [ 108.5974613, 21.8701908 ], [ 108.5974018, 21.8698316 ], [ 108.5973696, 21.8693972 ], [ 108.5973756, 21.8690783 ], [ 108.5974392, 21.868639 ], [ 108.5974495, 21.8685829 ], [ 108.5974967, 21.8683244 ], [ 108.5975726, 21.868065 ], [ 108.597686, 21.8677742 ], [ 108.5978517, 21.867455 ], [ 108.5979761, 21.8672592 ], [ 108.5984576, 21.8666716 ], [ 108.598838, 21.86628 ], [ 108.5994274, 21.8657691 ] ] } },
{ "type": "Feature", "properties": { "osm_id": "226254327", "name": "鍖楅儴婀惧ぇ閬", "highway": "primary" }, "geometry": { "type": "LineString", "coordinates": [ [ 108.5995109, 21.8658756 ], [ 108.5989148, 21.8664002 ], [ 108.5985867, 21.8667503 ], [ 108.5981413, 21.8673436 ], [ 108.5980056, 21.8675686 ], [ 108.5978669, 21.8678612 ], [ 108.5977547, 21.8681245 ], [ 108.5976819, 21.868371 ], [ 108.5976113, 21.8686728 ], [ 108.5975634, 21.8690996 ], [ 108.5975575, 21.8693867 ], [ 108.597585, 21.8698185 ], [ 108.5976456, 21.8701479 ], [ 108.5977348, 21.8705288 ], [ 108.5990586, 21.8750994 ], [ 108.5993078, 21.8759598 ], [ 108.5994377, 21.8765905 ], [ 108.5995135, 21.8776068 ], [ 108.5994749, 21.8785244 ], [ 108.5993798, 21.8793617 ], [ 108.5992103, 21.8801845 ], [ 108.5981852, 21.8837699 ], [ 108.5971827, 21.8872306 ], [ 108.5966498, 21.8890323 ] ] } },
{ "type": "Feature", "properties": { "osm_id": "375401705", "name": null, "highway": "secondary" }, "geometry": { "type": "LineString", "coordinates": [ [ 108.6384329, 21.8806446 ], [ 108.6386624, 21.8819995 ] ] } },
{ "type": "Feature", "properties": { "osm_id": "375401703", "name": null, "highway": "secondary" }, "geometry": { "type": "LineString", "coordinates": [ [ 108.6384373, 21.8820744 ], [ 108.6381832, 21.8807227 ] ] } },
{ "type": "Feature", "properties": { "osm_id": "375401771", "name": "鏉ㄥ竼鍗楀ぇ閬", "highway": "secondary" }, "geometry": { "type": "LineString", "coordinates": [ [ 108.6386624, 21.8819995 ], [ 108.6391209, 21.8848769 ], [ 108.6398265, 21.8888509 ], [ 108.6399725, 21.8899888 ], [ 108.6400561, 21.8919218 ], [ 108.640054, 21.8937012 ], [ 108.640046, 21.8958905 ] ] } },
{ "type": "Feature", "properties": { "osm_id": "375401763", "name": "鏉ㄥ竼鍗楀ぇ閬", "highway": "secondary" }, "geometry": { "type": "LineString", "coordinates": [ [ 108.6398206, 21.8958349 ], [ 108.6398399, 21.891893 ], [ 108.6397495, 21.8900716 ], [ 108.6396212, 21.888839 ], [ 108.6393965, 21.8875468 ], [ 108.6384373, 21.8820744 ] ] } },
{ "type": "Feature", "properties": { "osm_id": "226254301", "name": "鍖楅儴婀惧ぇ閬", "highway": "primary" }, "geometry": { "type": "LineString", "coordinates": [ [ 108.5957923, 21.8914136 ], [ 108.5965101, 21.8890092 ] ] } },
{ "type": "Feature", "properties": { "osm_id": "226254333", "name": "鍖楅儴婀惧ぇ閬", "highway": "primary" }, "geometry": { "type": "LineString", "coordinates": [ [ 108.5966498, 21.8890323 ], [ 108.5959635, 21.8914745 ] ] } },
{ "type": "Feature", "properties": { "osm_id": "226254303", "name": "鍖楅儴婀惧ぇ閬", "highway": "primary" }, "geometry": { "type": "LineString", "coordinates": [ [ 108.589965, 21.9011344 ], [ 108.592556, 21.898046 ], [ 108.5931727, 21.8972244 ], [ 108.5937646, 21.8963453 ], [ 108.5941599, 21.8957182 ], [ 108.5944995, 21.8950911 ], [ 108.5950855, 21.8936989 ], [ 108.5955477, 21.8922549 ], [ 108.5957923, 21.8914136 ] ] } },
{ "type": "Feature", "properties": { "osm_id": "226254295", "name": "鍖楅儴婀惧ぇ閬", "highway": "primary" }, "geometry": { "type": "LineString", "coordinates": [ [ 108.5959635, 21.8914745 ], [ 108.5957217, 21.8923246 ], [ 108.5952716, 21.8937887 ], [ 108.594679, 21.8951781 ], [ 108.5943505, 21.8958088 ], [ 108.5939539, 21.8964798 ], [ 108.5933309, 21.8973652 ], [ 108.5927141, 21.8981587 ], [ 108.5901382, 21.9012561 ] ] } },
{ "type": "Feature", "properties": { "osm_id": "595648236", "name": "閽﹀窞娓澶ч亾", "highway": "secondary" }, "geometry": { "type": "LineString", "coordinates": [ [ 108.6636549, 21.8940804 ], [ 108.6605089, 21.8915408 ], [ 108.659356, 21.8906149 ], [ 108.6591317, 21.8904309 ], [ 108.6585673, 21.8899678 ], [ 108.6584911, 21.8898959 ], [ 108.6580182, 21.8894495 ], [ 108.657141, 21.8885764 ], [ 108.6562718, 21.887551 ], [ 108.6553627, 21.8859423 ], [ 108.6534227, 21.882728 ], [ 108.6515969, 21.8795043 ], [ 108.6506364, 21.8782585 ], [ 108.6481937, 21.8761624 ] ] } },
{ "type": "Feature", "properties": { "osm_id": "307935878", "name": "鍏版捣楂橀", "highway": "motorway" }, "geometry": { "type": "LineString", "coordinates": [ [ 108.6662311, 21.8936543 ], [ 108.6682359, 21.8931051 ], [ 108.6700558, 21.8925836 ], [ 108.6710933, 21.8922873 ], [ 108.6721757, 21.8919284 ], [ 108.6728141, 21.8916734 ], [ 108.6734314, 21.8914185 ], [ 108.6745015, 21.8909003 ], [ 108.675572, 21.8903084 ], [ 108.6765927, 21.8897164 ], [ 108.6786478, 21.8885776 ], [ 108.6797404, 21.8880329 ], [ 108.680878, 21.887555 ], [ 108.6817034, 21.8872518 ], [ 108.6825475, 21.8870006 ], [ 108.685598, 21.886139 ], [ 108.6873978, 21.8855795 ], [ 108.6890265, 21.8849448 ], [ 108.6900324, 21.8844822 ] ] } },
{ "type": "Feature", "properties": { "osm_id": "307935877", "name": "鍏版捣楂橀", "highway": "motorway" }, "geometry": { "type": "LineString", "coordinates": [ [ 108.6900726, 21.8846493 ], [ 108.6890828, 21.8851108 ], [ 108.688149, 21.8854899 ], [ 108.6871971, 21.8858355 ], [ 108.685702, 21.8862908 ], [ 108.6826015, 21.8871652 ], [ 108.6817566, 21.8874277 ], [ 108.6809521, 21.8877392 ], [ 108.6787223, 21.8887104 ], [ 108.6767118, 21.8898774 ], [ 108.6756908, 21.8904656 ], [ 108.6746107, 21.8910421 ], [ 108.6737904, 21.8914539 ], [ 108.6729483, 21.8918079 ], [ 108.6722596, 21.8920732 ], [ 108.6712163, 21.8924347 ], [ 108.6701506, 21.8927407 ], [ 108.6683023, 21.8932682 ], [ 108.6662722, 21.8938457 ] ] } },
{ "type": "Feature", "properties": { "osm_id": "807786175", "name": null, "highway": "motorway_link" }, "geometry": { "type": "LineString", "coordinates": [ [ 108.658086, 21.8907291 ], [ 108.6582869, 21.890178 ], [ 108.6582991, 21.8900899 ], [ 108.6582991, 21.889995 ], [ 108.658282, 21.8898798 ], [ 108.6582309, 21.8897533 ], [ 108.6580182, 21.8894495 ] ] } },
{ "type": "Feature", "properties": { "osm_id": "807786176", "name": null, "highway": "motorway_link" }, "geometry": { "type": "LineString", "coordinates": [ [ 108.6591317, 21.8904309 ], [ 108.6588981, 21.8902955 ], [ 108.6587909, 21.8902616 ], [ 108.6586862, 21.890248 ], [ 108.6585961, 21.8902593 ], [ 108.6585158, 21.8902887 ], [ 108.6584525, 21.8903294 ], [ 108.6584038, 21.8903723 ], [ 108.6582563, 21.8906158 ] ] } },
{ "type": "Feature", "properties": { "osm_id": "307935839", "name": null, "highway": "motorway_link" }, "geometry": { "type": "LineString", "coordinates": [ [ 108.6586254, 21.8899045 ], [ 108.6585673, 21.8899678 ], [ 108.6582563, 21.8906158 ], [ 108.658207, 21.8907417 ], [ 108.658157, 21.8908576 ], [ 108.6581351, 21.8909734 ], [ 108.6581133, 21.8911154 ], [ 108.6581227, 21.8912603 ], [ 108.6581507, 21.8913993 ], [ 108.6582475, 21.8915732 ], [ 108.6583505, 21.8917208 ], [ 108.6585504, 21.8919265 ], [ 108.6591968, 21.8923685 ], [ 108.6595835, 21.8926776 ] ] } },
{ "type": "Feature", "properties": { "osm_id": "307935837", "name": null, "highway": "motorway_link" }, "geometry": { "type": "LineString", "coordinates": [ [ 108.6593917, 21.8928699 ], [ 108.6589453, 21.8925156 ], [ 108.6584785, 21.8919963 ], [ 108.6582702, 21.8917922 ], [ 108.658161, 21.8916387 ], [ 108.6580953, 21.8915229 ], [ 108.6580454, 21.8913953 ], [ 108.6580204, 21.8912708 ], [ 108.6580049, 21.8911201 ], [ 108.6580205, 21.8909956 ], [ 108.6580423, 21.890868 ], [ 108.658086, 21.8907291 ], [ 108.6584911, 21.8898959 ], [ 108.6585476, 21.88983 ] ] } },
{ "type": "Feature", "properties": { "osm_id": "583187080", "name": "鍏閽﹂珮閫", "highway": "motorway" }, "geometry": { "type": "LineString", "coordinates": [ [ 108.7203948, 21.8726752 ], [ 108.720266, 21.8735019 ], [ 108.7200128, 21.8749618 ], [ 108.7198897, 21.875833 ], [ 108.7198035, 21.8767608 ], [ 108.7197566, 21.877842 ], [ 108.7197998, 21.879086 ], [ 108.7200812, 21.8810281 ], [ 108.7204546, 21.8824981 ], [ 108.7211654, 21.8846514 ], [ 108.7232324, 21.8904069 ], [ 108.7242411, 21.8941695 ], [ 108.7245908, 21.895954 ], [ 108.7250448, 21.8981471 ], [ 108.725701, 21.9003883 ], [ 108.7265094, 21.9023384 ], [ 108.7272132, 21.903812 ], [ 108.727622001766932, 21.904456215904133 ] ] } },
{ "type": "Feature", "properties": { "osm_id": "307931860", "name": "鍏閽﹂珮閫", "highway": "motorway" }, "geometry": { "type": "LineString", "coordinates": [ [ 108.727482871914717, 21.904502490876006 ], [ 108.7270838, 21.9038736 ], [ 108.7263752, 21.9023899 ], [ 108.7255628, 21.9004303 ], [ 108.7249032, 21.8981775 ], [ 108.7244481, 21.8959788 ], [ 108.7240991, 21.8941978 ], [ 108.7230929, 21.8904445 ], [ 108.7209996, 21.8846396 ], [ 108.7203094, 21.8825278 ], [ 108.7199508, 21.8810898 ], [ 108.7196626, 21.8791135 ], [ 108.719622, 21.8778637 ], [ 108.7196613, 21.8766667 ], [ 108.7197702, 21.875465 ], [ 108.7199278, 21.8744748 ], [ 108.7202458, 21.8727105 ] ] } },
{ "type": "Feature", "properties": { "osm_id": "307935850", "name": null, "highway": "motorway_link" }, "geometry": { "type": "LineString", "coordinates": [ [ 108.6595835, 21.8926776 ], [ 108.6601819, 21.8931721 ], [ 108.6611336, 21.8937981 ], [ 108.6613887, 21.8939191 ], [ 108.6617866, 21.8940739 ], [ 108.6620774, 21.8941587 ], [ 108.6623482, 21.8942163 ], [ 108.662692, 21.8942604 ], [ 108.6630286, 21.8942768 ], [ 108.6632988, 21.8942746 ], [ 108.6635495, 21.8942453 ], [ 108.6641216, 21.8941348 ], [ 108.6648551, 21.8939605 ], [ 108.6656633, 21.8938093 ] ] } },
{ "type": "Feature", "properties": { "osm_id": "595648220", "name": "鍏版捣楂橀", "highway": "motorway" }, "geometry": { "type": "LineString", "coordinates": [ [ 108.6656633, 21.8938093 ], [ 108.6662311, 21.8936543 ] ] } },
{ "type": "Feature", "properties": { "osm_id": "595648219", "name": "鍏版捣楂橀", "highway": "motorway" }, "geometry": { "type": "LineString", "coordinates": [ [ 108.6662722, 21.8938457 ], [ 108.6657203, 21.8939917 ] ] } },
{ "type": "Feature", "properties": { "osm_id": "226254321", "name": null, "highway": "motorway_link" }, "geometry": { "type": "LineString", "coordinates": [ [ 108.6601819, 21.8931721 ], [ 108.6606418, 21.8935836 ], [ 108.662105, 21.8946935 ] ] } },
{ "type": "Feature", "properties": { "osm_id": "307935838", "name": null, "highway": "motorway_link" }, "geometry": { "type": "LineString", "coordinates": [ [ 108.662047, 21.8947271 ], [ 108.6605891, 21.8936352 ], [ 108.6600779, 21.8932912 ] ] } },
{ "type": "Feature", "properties": { "osm_id": "185763792", "name": null, "highway": "secondary" }, "geometry": { "type": "LineString", "coordinates": [ [ 108.6637105, 21.8939939 ], [ 108.6645601, 21.8947591 ] ] } },
{ "type": "Feature", "properties": { "osm_id": "307935831", "name": null, "highway": "secondary" }, "geometry": { "type": "LineString", "coordinates": [ [ 108.6644835, 21.8948296 ], [ 108.6636549, 21.8940804 ] ] } },
{ "type": "Feature", "properties": { "osm_id": "181344282", "name": null, "highway": "motorway_link" }, "geometry": { "type": "LineString", "coordinates": [ [ 108.6587181, 21.8970063 ], [ 108.6595323, 21.8963239 ], [ 108.6606473, 21.8955329 ], [ 108.6608164, 21.8953858 ], [ 108.6609283, 21.8952454 ], [ 108.6610026, 21.8950731 ], [ 108.6610272, 21.894906 ], [ 108.6610276, 21.8947317 ], [ 108.6609645, 21.8945036 ], [ 108.6608383, 21.8942471 ], [ 108.6606372, 21.8939185 ], [ 108.6603765, 21.8936197 ], [ 108.6600779, 21.8932912 ], [ 108.6593917, 21.8928699 ] ] } },
{ "type": "Feature", "properties": { "osm_id": "307935843", "name": null, "highway": "motorway_link" }, "geometry": { "type": "LineString", "coordinates": [ [ 108.662105, 21.8946935 ], [ 108.6628341, 21.8952671 ] ] } },
{ "type": "Feature", "properties": { "osm_id": "307935840", "name": null, "highway": "motorway_link" }, "geometry": { "type": "LineString", "coordinates": [ [ 108.662761, 21.8952917 ], [ 108.662047, 21.8947271 ] ] } },
{ "type": "Feature", "properties": { "osm_id": "226254294", "name": null, "highway": "motorway_link" }, "geometry": { "type": "LineString", "coordinates": [ [ 108.6657203, 21.8939917 ], [ 108.6639278, 21.8946363 ], [ 108.6628951, 21.8950432 ], [ 108.6619967, 21.8954567 ], [ 108.6618508, 21.8955742 ], [ 108.6617274, 21.8957228 ], [ 108.661653, 21.8958907 ], [ 108.6616323, 21.8960447 ], [ 108.6616377, 21.8961943 ], [ 108.6616833, 21.8963732 ], [ 108.6617526, 21.8965003 ], [ 108.6618612, 21.8966242 ], [ 108.662004, 21.8967263 ], [ 108.6621359, 21.8967825 ], [ 108.662314, 21.8968218 ], [ 108.6625093, 21.8968132 ], [ 108.6626801, 21.896779 ], [ 108.6628938, 21.8966683 ], [ 108.6630504, 21.8965123 ], [ 108.6631659, 21.8962743 ], [ 108.663183, 21.896148 ], [ 108.6631763, 21.8960297 ], [ 108.6631427, 21.8958537 ], [ 108.6630369, 21.8956297 ], [ 108.6629247, 21.8954658 ], [ 108.662761, 21.8952917 ] ] } },
{ "type": "Feature", "properties": { "osm_id": "375401713", "name": "鏉ㄥ竼鍗楀ぇ閬", "highway": "secondary" }, "geometry": { "type": "LineString", "coordinates": [ [ 108.6398206, 21.8972117 ], [ 108.6398206, 21.8958349 ] ] } },
{ "type": "Feature", "properties": { "osm_id": "375401732", "name": "鏉ㄥ竼鍗楀ぇ閬", "highway": "secondary" }, "geometry": { "type": "LineString", "coordinates": [ [ 108.640046, 21.8958905 ], [ 108.6400221, 21.8972612 ] ] } },
{ "type": "Feature", "properties": { "osm_id": "549920374", "name": "娌欏煚澶ц", "highway": "primary" }, "geometry": { "type": "LineString", "coordinates": [ [ 108.6162717, 21.8984291 ], [ 108.6162721, 21.899154 ], [ 108.6162847, 21.8993922 ], [ 108.6163149, 21.8996024 ], [ 108.6163703, 21.8998872 ], [ 108.6164407, 21.9001791 ], [ 108.6165414, 21.9004453 ], [ 108.6166723, 21.9006905 ], [ 108.6167981, 21.900903 ], [ 108.6169919, 21.9011716 ], [ 108.6172008, 21.9014051 ], [ 108.6172563, 21.9014561 ] ] } },
{ "type": "Feature", "properties": { "osm_id": "851564283", "name": "娌欏煚澶ц", "highway": "primary" }, "geometry": { "type": "LineString", "coordinates": [ [ 108.6171482, 21.9016362 ], [ 108.6170929, 21.9015821 ], [ 108.6168286, 21.90127 ], [ 108.6166244, 21.901008 ], [ 108.6164803, 21.9007684 ], [ 108.6163601, 21.9005232 ], [ 108.616264, 21.9002557 ], [ 108.6161799, 21.8999547 ], [ 108.6161139, 21.8996426 ], [ 108.6160778, 21.8994141 ], [ 108.6160658, 21.8991912 ], [ 108.6160773, 21.8984263 ] ] } },
{ "type": "Feature", "properties": { "osm_id": "918647930", "name": "鏉ㄥ竼鍗楀ぇ閬", "highway": "secondary" }, "geometry": { "type": "LineString", "coordinates": [ [ 108.6398165, 21.9031342 ], [ 108.6398126, 21.9026372 ], [ 108.6398006, 21.9010901 ], [ 108.6398206, 21.8972117 ] ] } },
{ "type": "Feature", "properties": { "osm_id": "851564284", "name": "娌欏煚澶ц", "highway": "primary" }, "geometry": { "type": "LineString", "coordinates": [ [ 108.6172563, 21.9014561 ], [ 108.6174424, 21.9016269 ], [ 108.6176991, 21.9018371 ], [ 108.6178224, 21.9019154 ] ] } },
{ "type": "Feature", "properties": { "osm_id": "851564282", "name": "娌欏煚澶ц", "highway": "primary" }, "geometry": { "type": "LineString", "coordinates": [ [ 108.6177387, 21.9021087 ], [ 108.6175855, 21.9020167 ], [ 108.6173092, 21.9017938 ], [ 108.6171482, 21.9016362 ] ] } },
{ "type": "Feature", "properties": { "osm_id": "918647935", "name": "娌欏煚澶ц", "highway": "primary" }, "geometry": { "type": "LineString", "coordinates": [ [ 108.6178224, 21.9019154 ], [ 108.6180263, 21.9020449 ], [ 108.6192495, 21.9026474 ], [ 108.6195263, 21.9028178 ], [ 108.6197931, 21.9030233 ], [ 108.6201091, 21.9033809 ] ] } },
{ "type": "Feature", "properties": { "osm_id": "918647945", "name": "娌欏煚澶ц", "highway": "primary" }, "geometry": { "type": "LineString", "coordinates": [ [ 108.6199487, 21.9034763 ], [ 108.6196337, 21.9031815 ], [ 108.6193754, 21.9029697 ], [ 108.6190991, 21.9028025 ], [ 108.6178918, 21.9022007 ], [ 108.6177387, 21.9021087 ] ] } },
{ "type": "Feature", "properties": { "osm_id": "307935857", "name": "鍏版捣楂橀", "highway": "motorway" }, "geometry": { "type": "LineString", "coordinates": [ [ 108.6494854, 21.9034165 ], [ 108.6507044, 21.9026574 ] ] } },
{ "type": "Feature", "properties": { "osm_id": "918647932", "name": null, "highway": "secondary" }, "geometry": { "type": "LineString", "coordinates": [ [ 108.6398165, 21.9031342 ], [ 108.6400839, 21.9031343 ] ] } },
{ "type": "Feature", "properties": { "osm_id": "918647933", "name": "鏉ㄥ竼鍗楀ぇ閬", "highway": "secondary" }, "geometry": { "type": "LineString", "coordinates": [ [ 108.6398173, 21.90324 ], [ 108.6398165, 21.9031342 ] ] } },
{ "type": "Feature", "properties": { "osm_id": "307935865", "name": "鍏版捣楂橀", "highway": "motorway" }, "geometry": { "type": "LineString", "coordinates": [ [ 108.6507238, 21.9028065 ], [ 108.6494912, 21.9035764 ] ] } },
{ "type": "Feature", "properties": { "osm_id": "918647937", "name": "瀹夊窞澶ч亾", "highway": "primary" }, "geometry": { "type": "LineString", "coordinates": [ [ 108.6201091, 21.9033809 ], [ 108.6202059, 21.9034904 ] ] } },
{ "type": "Feature", "properties": { "osm_id": "806218473", "name": null, "highway": "motorway_link" }, "geometry": { "type": "LineString", "coordinates": [ [ 108.5878399, 21.9045882 ], [ 108.5880331, 21.9044287 ], [ 108.5881297, 21.9043301 ], [ 108.5881997, 21.9042449 ], [ 108.5882577, 21.9041396 ], [ 108.5883735, 21.9038356 ] ] } },
{ "type": "Feature", "properties": { "osm_id": "226254312", "name": "鍖楅儴婀惧ぇ閬", "highway": "primary" }, "geometry": { "type": "LineString", "coordinates": [ [ 108.5887078, 21.9073329 ], [ 108.5884052, 21.9064834 ], [ 108.5882794, 21.9059108 ], [ 108.588223, 21.9054068 ], [ 108.5881947, 21.9048641 ], [ 108.5882376, 21.9045647 ], [ 108.5882523, 21.9044616 ], [ 108.5882952, 21.9041614 ], [ 108.5883735, 21.9038356 ], [ 108.5884166, 21.9036559 ], [ 108.5886023, 21.9031619 ], [ 108.5888151, 21.9027144 ], [ 108.5890853, 21.9022416 ], [ 108.5893909, 21.9018163 ], [ 108.589965, 21.9011344 ] ] } },
{ "type": "Feature", "properties": { "osm_id": "181344280", "name": "鍖楅儴婀惧ぇ閬", "highway": "primary" }, "geometry": { "type": "LineString", "coordinates": [ [ 108.5901382, 21.9012561 ], [ 108.5895532, 21.9019427 ], [ 108.5892631, 21.9023283 ], [ 108.5889997, 21.9027764 ], [ 108.5887719, 21.9032244 ], [ 108.5886094, 21.9036932 ], [ 108.588477, 21.9041898 ], [ 108.5884405, 21.9044714 ], [ 108.5884273, 21.9045727 ], [ 108.5883881, 21.9048748 ], [ 108.5884007, 21.9053982 ], [ 108.5884609, 21.9058924 ], [ 108.5885945, 21.9064269 ], [ 108.5889037, 21.9072765 ] ] } },
{ "type": "Feature", "properties": { "osm_id": "375401789", "name": "鍏版捣楂橀", "highway": "motorway" }, "geometry": { "type": "LineString", "coordinates": [ [ 108.6405379, 21.9064868 ], [ 108.641009, 21.906438 ], [ 108.643713, 21.90588 ], [ 108.645601, 21.905279 ], [ 108.646889, 21.904721 ], [ 108.6485137, 21.9039459 ], [ 108.6494854, 21.9034165 ] ] } },
{ "type": "Feature", "properties": { "osm_id": "307935853", "name": "鍏版捣楂橀", "highway": "motorway" }, "geometry": { "type": "LineString", "coordinates": [ [ 108.6494912, 21.9035764 ], [ 108.6485816, 21.9040931 ], [ 108.646932, 21.904829 ], [ 108.645644, 21.905344 ], [ 108.643756, 21.905944 ], [ 108.642254, 21.906331 ], [ 108.641052, 21.906545 ], [ 108.6405505, 21.9065953 ] ] } },
{ "type": "Feature", "properties": { "osm_id": "806218472", "name": null, "highway": "motorway_link" }, "geometry": { "type": "LineString", "coordinates": [ [ 108.5884052, 21.9064834 ], [ 108.5881466, 21.9058426 ], [ 108.5881248, 21.9057238 ], [ 108.5880959, 21.9054213 ], [ 108.5880862, 21.9051278 ], [ 108.5880693, 21.9050538 ], [ 108.5880162, 21.9049709 ], [ 108.5879485, 21.9049104 ], [ 108.5878761, 21.9048723 ], [ 108.5877722, 21.9048544 ], [ 108.5876901, 21.9048567 ], [ 108.5875092, 21.9049097 ] ] } },
{ "type": "Feature", "properties": { "osm_id": "375401781", "name": "鍏版捣楂橀", "highway": "motorway" }, "geometry": { "type": "LineString", "coordinates": [ [ 108.6394449, 21.9065869 ], [ 108.639765, 21.906567 ], [ 108.6405379, 21.9064868 ] ] } },
{ "type": "Feature", "properties": { "osm_id": "375401785", "name": "鍏版捣楂橀", "highway": "motorway" }, "geometry": { "type": "LineString", "coordinates": [ [ 108.6405505, 21.9065953 ], [ 108.639765, 21.906674 ], [ 108.6394463, 21.9066942 ] ] } },
{ "type": "Feature", "properties": { "osm_id": "807664407", "name": "鍏版捣楂橀", "highway": "motorway" }, "geometry": { "type": "LineString", "coordinates": [ [ 108.6214482, 21.9067866 ], [ 108.63543, 21.906738 ], [ 108.637705, 21.906695 ], [ 108.6394449, 21.9065869 ] ] } },
{ "type": "Feature", "properties": { "osm_id": "807664405", "name": "鍏版捣楂橀", "highway": "motorway" }, "geometry": { "type": "LineString", "coordinates": [ [ 108.6205278, 21.9067985 ], [ 108.6214482, 21.9067866 ] ] } },
{ "type": "Feature", "properties": { "osm_id": "307935854", "name": "鍏版捣楂橀", "highway": "motorway" }, "geometry": { "type": "LineString", "coordinates": [ [ 108.6193544, 21.9068099 ], [ 108.6205278, 21.9067985 ] ] } },
{ "type": "Feature", "properties": { "osm_id": "307935870", "name": "鍏版捣楂橀", "highway": "motorway" }, "geometry": { "type": "LineString", "coordinates": [ [ 108.6188466, 21.9068108 ], [ 108.6193544, 21.9068099 ] ] } },
{ "type": "Feature", "properties": { "osm_id": "49068158", "name": "鍏版捣楂橀", "highway": "motorway" }, "geometry": { "type": "LineString", "coordinates": [ [ 108.6047586, 21.9068374 ], [ 108.6188466, 21.9068108 ] ] } },
{ "type": "Feature", "properties": { "osm_id": "375401787", "name": "鍏版捣楂橀", "highway": "motorway" }, "geometry": { "type": "LineString", "coordinates": [ [ 108.6394463, 21.9066942 ], [ 108.637726, 21.906803 ], [ 108.63543, 21.906867 ], [ 108.6214447, 21.9069578 ] ] } },
{ "type": "Feature", "properties": { "osm_id": "49068162", "name": "鍏版捣楂橀", "highway": "motorway" }, "geometry": { "type": "LineString", "coordinates": [ [ 108.6021805, 21.9068529 ], [ 108.6047586, 21.9068374 ] ] } },
{ "type": "Feature", "properties": { "osm_id": "807664406", "name": "鍏版捣楂橀", "highway": "motorway" }, "geometry": { "type": "LineString", "coordinates": [ [ 108.6214447, 21.9069578 ], [ 108.6205239, 21.9069638 ] ] } },
{ "type": "Feature", "properties": { "osm_id": "307935836", "name": null, "highway": "motorway_link" }, "geometry": { "type": "LineString", "coordinates": [ [ 108.6628341, 21.8952671 ], [ 108.6629793, 21.8954294 ], [ 108.6631082, 21.8956029 ], [ 108.6632177, 21.895826 ], [ 108.6632603, 21.8960208 ], [ 108.6632607, 21.8961596 ], [ 108.6632395, 21.8962944 ], [ 108.6631349, 21.8965397 ], [ 108.6629613, 21.8967212 ], [ 108.6627301, 21.8968395 ], [ 108.6625489, 21.8968901 ], [ 108.6623268, 21.8969029 ], [ 108.6621143, 21.8968725 ], [ 108.6619273, 21.8968132 ], [ 108.6612158, 21.8964948 ], [ 108.6610022, 21.896438 ], [ 108.6607928, 21.8964072 ], [ 108.6604914, 21.8964163 ], [ 108.6602715, 21.8964554 ], [ 108.6600129, 21.8965385 ], [ 108.6594987, 21.896808 ], [ 108.658459, 21.8974356 ] ] } },
{ "type": "Feature", "properties": { "osm_id": "595648221", "name": "鍏版捣楂橀", "highway": "motorway" }, "geometry": { "type": "LineString", "coordinates": [ [ 108.6507044, 21.9026574 ], [ 108.6522783, 21.9015421 ], [ 108.6587181, 21.8970063 ], [ 108.6596014, 21.8964032 ], [ 108.6605479, 21.895811 ], [ 108.6611773, 21.8954618 ], [ 108.6618927, 21.8951112 ], [ 108.6627728, 21.8947343 ], [ 108.6637053, 21.8943942 ], [ 108.6656633, 21.8938093 ] ] } },
{ "type": "Feature", "properties": { "osm_id": "595648218", "name": "鍏版捣楂橀", "highway": "motorway" }, "geometry": { "type": "LineString", "coordinates": [ [ 108.6657203, 21.8939917 ], [ 108.6638191, 21.8945421 ], [ 108.6628503, 21.8948858 ], [ 108.6620031, 21.895235 ], [ 108.6612633, 21.8956041 ], [ 108.6605788, 21.8959909 ], [ 108.6597699, 21.8965073 ], [ 108.658459, 21.8974356 ], [ 108.6573168, 21.8982488 ], [ 108.652348, 21.9016967 ], [ 108.6507238, 21.9028065 ] ] } },
{ "type": "Feature", "properties": { "osm_id": "807786177", "name": null, "highway": "secondary" }, "geometry": { "type": "LineString", "coordinates": [ [ 108.6645601, 21.8947591 ], [ 108.665782, 21.8960119 ], [ 108.6664428, 21.8967701 ], [ 108.667202, 21.897728 ], [ 108.668228, 21.8992235 ], [ 108.6693375, 21.900808 ], [ 108.6705184, 21.9026984 ], [ 108.6711593, 21.9038942 ], [ 108.6715536, 21.904667 ], [ 108.6721064, 21.9057962 ], [ 108.672544, 21.9067916 ], [ 108.6729453, 21.9078175 ], [ 108.673008, 21.9079779 ], [ 108.6731634, 21.9083751 ], [ 108.674793, 21.9125389 ], [ 108.6756614, 21.9145082 ], [ 108.6806654, 21.9242455 ], [ 108.6811918, 21.9253732 ], [ 108.6818187, 21.9270422 ], [ 108.682166, 21.9281371 ], [ 108.682314, 21.9287342 ], [ 108.6825415, 21.9298679 ], [ 108.6825629, 21.929987 ], [ 108.6827473, 21.9310849 ], [ 108.6828369, 21.9320818 ], [ 108.6829766, 21.9330134 ], [ 108.6830854, 21.9340891 ], [ 108.6832044, 21.9348767 ], [ 108.6833701, 21.935645 ], [ 108.6835357, 21.9364326 ], [ 108.6838205, 21.9373161 ], [ 108.6846971, 21.9395307 ], [ 108.6851622, 21.9408294 ], [ 108.6852412, 21.9409971 ] ] } },
{ "type": "Feature", "properties": { "osm_id": "185765018", "name": null, "highway": "secondary" }, "geometry": { "type": "LineString", "coordinates": [ [ 108.6851839, 21.9415745 ], [ 108.6851102, 21.9414127 ], [ 108.6850969, 21.9412747 ], [ 108.6850774, 21.9410117 ], [ 108.6850558, 21.940851 ], [ 108.684988, 21.9406585 ], [ 108.6846057, 21.9395733 ], [ 108.6837283, 21.9373439 ], [ 108.6834416, 21.9364541 ], [ 108.6832751, 21.9356624 ], [ 108.6831089, 21.9348917 ], [ 108.6829891, 21.9340995 ], [ 108.6828804, 21.9330238 ], [ 108.6827411, 21.9320949 ], [ 108.6826462, 21.9311228 ], [ 108.6824688, 21.9300108 ], [ 108.6824494, 21.9298913 ], [ 108.6822136, 21.9287481 ], [ 108.6820519, 21.9281572 ], [ 108.6817204, 21.9270717 ], [ 108.6810967, 21.9253991 ], [ 108.6805649, 21.9242741 ], [ 108.6755603, 21.9145957 ], [ 108.674682, 21.9125818 ], [ 108.6730691, 21.9083814 ], [ 108.6729202, 21.9080128 ], [ 108.6728545, 21.9078503 ], [ 108.6724354, 21.906813 ], [ 108.6719986, 21.905811 ], [ 108.6714548, 21.9046928 ], [ 108.6710726, 21.9039514 ], [ 108.6704173, 21.9027413 ], [ 108.6692378, 21.9008662 ], [ 108.6681336, 21.899275 ], [ 108.6670968, 21.8977871 ], [ 108.6663392, 21.8968479 ], [ 108.665678, 21.8960777 ], [ 108.6644835, 21.8948296 ] ] } },
{ "type": "Feature", "properties": { "osm_id": "185768655", "name": null, "highway": "trunk" }, "geometry": { "type": "LineString", "coordinates": [ [ 108.714691727978177, 21.917193765515101 ], [ 108.713837, 21.9171895 ], [ 108.712056, 21.9172691 ], [ 108.7108114, 21.9174881 ], [ 108.7098673, 21.9178464 ], [ 108.7086442, 21.9184436 ], [ 108.706992, 21.9191802 ], [ 108.7047389, 21.9200361 ], [ 108.7024644, 21.9208722 ], [ 108.7012306, 21.9213092 ], [ 108.7007585, 21.921548 ], [ 108.7004991, 21.9217498 ], [ 108.6997822, 21.9222656 ], [ 108.6994174, 21.9226638 ], [ 108.6988609, 21.9234555 ] ] } },
{ "type": "Feature", "properties": { "osm_id": "185766413", "name": null, "highway": "trunk_link" }, "geometry": { "type": "LineString", "coordinates": [ [ 108.6990947, 21.9210451 ], [ 108.6991656, 21.9213272 ], [ 108.6992496, 21.9214777 ], [ 108.6993865, 21.9216301 ], [ 108.6995175, 21.9217516 ], [ 108.699715, 21.9218478 ], [ 108.699934, 21.9218822 ], [ 108.7001628, 21.921846 ], [ 108.7003623, 21.9217825 ], [ 108.7004991, 21.9217498 ] ] } },
{ "type": "Feature", "properties": { "osm_id": "1001375949", "name": "鐢橀挦绾", "highway": "trunk" }, "geometry": { "type": "LineString", "coordinates": [ [ 108.6988609, 21.9234555 ], [ 108.6986763, 21.9238874 ], [ 108.698087, 21.9254118 ], [ 108.6974111, 21.9268032 ], [ 108.696585, 21.9277606 ], [ 108.694194, 21.930291 ], [ 108.6937097, 21.9308842 ], [ 108.693184, 21.9316506 ], [ 108.6927548, 21.9324861 ], [ 108.69239, 21.9335211 ], [ 108.6919823, 21.9348646 ], [ 108.6917785, 21.9353528 ], [ 108.6915844, 21.9358064 ] ] } },
{ "type": "Feature", "properties": { "osm_id": "185765738", "name": "鐢橀挦绾", "highway": "trunk" }, "geometry": { "type": "LineString", "coordinates": [ [ 108.6915844, 21.9358064 ], [ 108.6912946, 21.9366159 ], [ 108.6910052, 21.9370612 ], [ 108.6907501, 21.9373167 ] ] } },
{ "type": "Feature", "properties": { "osm_id": "185765734", "name": "鐢橀挦绾", "highway": "trunk" }, "geometry": { "type": "LineString", "coordinates": [ [ 108.6907501, 21.9373167 ], [ 108.6911689, 21.9365547 ], [ 108.6915844, 21.9358064 ] ] } },
{ "type": "Feature", "properties": { "osm_id": "807664404", "name": "鍏版捣楂橀", "highway": "motorway" }, "geometry": { "type": "LineString", "coordinates": [ [ 108.6205239, 21.9069638 ], [ 108.619346, 21.9069714 ] ] } },
{ "type": "Feature", "properties": { "osm_id": "307935859", "name": "鍏版捣楂橀", "highway": "motorway" }, "geometry": { "type": "LineString", "coordinates": [ [ 108.619346, 21.9069714 ], [ 108.6187927, 21.9069726 ] ] } },
{ "type": "Feature", "properties": { "osm_id": "307935866", "name": "鍏版捣楂橀", "highway": "motorway" }, "geometry": { "type": "LineString", "coordinates": [ [ 108.6187927, 21.9069726 ], [ 108.6047365, 21.9070052 ] ] } },
{ "type": "Feature", "properties": { "osm_id": "48799135", "name": "鍏版捣楂橀", "highway": "motorway" }, "geometry": { "type": "LineString", "coordinates": [ [ 108.6047365, 21.9070052 ], [ 108.6021264, 21.907017 ] ] } },
{ "type": "Feature", "properties": { "osm_id": "307935852", "name": "鍏版捣楂橀", "highway": "motorway" }, "geometry": { "type": "LineString", "coordinates": [ [ 108.5903966, 21.9104071 ], [ 108.590798, 21.910086 ], [ 108.591528, 21.909571 ], [ 108.592858, 21.908755 ], [ 108.59421, 21.908069 ], [ 108.595347, 21.907682 ], [ 108.596721, 21.907296 ], [ 108.598008, 21.907039 ], [ 108.598909, 21.906953 ], [ 108.6021805, 21.9068529 ] ] } },
{ "type": "Feature", "properties": { "osm_id": "48799132", "name": "鍏版捣楂橀", "highway": "motorway" }, "geometry": { "type": "LineString", "coordinates": [ [ 108.6021264, 21.907017 ], [ 108.600304, 21.907017 ], [ 108.598802, 21.907103 ], [ 108.597386, 21.907339 ], [ 108.595283, 21.907833 ], [ 108.59421, 21.908262 ], [ 108.592944, 21.908863 ], [ 108.592193, 21.909292 ], [ 108.590734, 21.9103 ], [ 108.5904487, 21.9105492 ] ] } },
{ "type": "Feature", "properties": { "osm_id": "307935858", "name": "鍏版捣楂橀", "highway": "motorway" }, "geometry": { "type": "LineString", "coordinates": [ [ 108.5899477, 21.9107661 ], [ 108.5903966, 21.9104071 ] ] } },
{ "type": "Feature", "properties": { "osm_id": "307935871", "name": "鍏版捣楂橀", "highway": "motorway" }, "geometry": { "type": "LineString", "coordinates": [ [ 108.5904487, 21.9105492 ], [ 108.5900038, 21.9109377 ] ] } },
{ "type": "Feature", "properties": { "osm_id": "375401692", "name": "鏉ㄥ竼鍗楀ぇ閬", "highway": "secondary" }, "geometry": { "type": "LineString", "coordinates": [ [ 108.6400221, 21.8972612 ], [ 108.6400839, 21.9031343 ], [ 108.640085, 21.9032373 ], [ 108.6400811, 21.9085275 ], [ 108.6400778, 21.9129413 ], [ 108.6400771, 21.9154273 ], [ 108.6401442, 21.9204627 ], [ 108.6402614, 21.9235363 ], [ 108.6401873, 21.9312571 ], [ 108.640202, 21.9363731 ], [ 108.6402046, 21.9367252 ], [ 108.6402322, 21.9412344 ], [ 108.6402312, 21.94143 ], [ 108.640232, 21.9422892 ] ] } },
{ "type": "Feature", "properties": { "osm_id": "375401774", "name": "鏉ㄥ竼鍗楀ぇ閬", "highway": "secondary" }, "geometry": { "type": "LineString", "coordinates": [ [ 108.6400039, 21.9412308 ], [ 108.6400173, 21.9367188 ], [ 108.6399553, 21.9314786 ], [ 108.6399527, 21.9312558 ], [ 108.639905, 21.9237346 ], [ 108.6399105, 21.9204627 ], [ 108.6398413, 21.9154007 ], [ 108.6398218, 21.9038189 ], [ 108.6398173, 21.90324 ] ] } },
{ "type": "Feature", "properties": { "osm_id": "307935834", "name": null, "highway": "motorway_link" }, "geometry": { "type": "LineString", "coordinates": [ [ 108.5828536, 21.9173653 ], [ 108.5821344, 21.9182502 ], [ 108.5819269, 21.9186078 ], [ 108.581915, 21.9188498 ], [ 108.5819921, 21.9191689 ], [ 108.5822234, 21.919477 ], [ 108.582425, 21.919576 ], [ 108.5826859, 21.919631 ], [ 108.5829053, 21.9196255 ], [ 108.5831721, 21.919532 ], [ 108.5834034, 21.9193779 ], [ 108.5835812, 21.9191359 ], [ 108.5836821, 21.9188553 ], [ 108.5836761, 21.9185033 ], [ 108.5836287, 21.9182062 ], [ 108.5834508, 21.9175571 ] ] } },
{ "type": "Feature", "properties": { "osm_id": "307935835", "name": null, "highway": "motorway_link" }, "geometry": { "type": "LineString", "coordinates": [ [ 108.583522, 21.9174856 ], [ 108.5837236, 21.9181897 ], [ 108.5837829, 21.9185363 ], [ 108.583771, 21.9188884 ], [ 108.5836524, 21.9192019 ], [ 108.5835305, 21.9193473 ], [ 108.5834864, 21.9193999 ], [ 108.583267, 21.919576 ], [ 108.5830061, 21.9196805 ], [ 108.5828578, 21.9197135 ], [ 108.5825495, 21.91973 ], [ 108.5818913, 21.919642 ], [ 108.581156, 21.9196585 ], [ 108.5808299, 21.9197245 ], [ 108.5803911, 21.919884 ], [ 108.5799939, 21.9201041 ], [ 108.579414, 21.9204793 ] ] } },
{ "type": "Feature", "properties": { "osm_id": "307935886", "name": "鍏版捣楂橀", "highway": "motorway" }, "geometry": { "type": "LineString", "coordinates": [ [ 108.5714007, 21.9274046 ], [ 108.5792227, 21.9204007 ], [ 108.5811282, 21.9186591 ], [ 108.5827981, 21.9171616 ], [ 108.5871595, 21.9132121 ], [ 108.589404, 21.911201 ], [ 108.5899477, 21.9107661 ] ] } },
{ "type": "Feature", "properties": { "osm_id": "307935885", "name": "鍏版捣楂橀", "highway": "motorway" }, "geometry": { "type": "LineString", "coordinates": [ [ 108.5900038, 21.9109377 ], [ 108.587687, 21.912961 ], [ 108.5828536, 21.9173653 ], [ 108.580348, 21.919506 ], [ 108.579414, 21.9204793 ], [ 108.5742271, 21.9251338 ], [ 108.5715732, 21.9275098 ] ] } },
{ "type": "Feature", "properties": { "osm_id": "307935868", "name": "鍏版捣楂橀", "highway": "motorway" }, "geometry": { "type": "LineString", "coordinates": [ [ 108.5708566, 21.9278918 ], [ 108.5714007, 21.9274046 ] ] } },
{ "type": "Feature", "properties": { "osm_id": "307935872", "name": "鍏版捣楂橀", "highway": "motorway" }, "geometry": { "type": "LineString", "coordinates": [ [ 108.5715732, 21.9275098 ], [ 108.5709974, 21.9280253 ] ] } },
{ "type": "Feature", "properties": { "osm_id": "49068160", "name": "鍏版捣楂橀", "highway": "motorway" }, "geometry": { "type": "LineString", "coordinates": [ [ 108.5680737, 21.9304303 ], [ 108.5708566, 21.9278918 ] ] } },
{ "type": "Feature", "properties": { "osm_id": "307935864", "name": "鍏版捣楂橀", "highway": "motorway" }, "geometry": { "type": "LineString", "coordinates": [ [ 108.5709974, 21.9280253 ], [ 108.5681705, 21.9305582 ] ] } },
{ "type": "Feature", "properties": { "osm_id": "49068163", "name": "鍏版捣楂橀", "highway": "motorway" }, "geometry": { "type": "LineString", "coordinates": [ [ 108.5668466, 21.9315621 ], [ 108.5680737, 21.9304303 ] ] } },
{ "type": "Feature", "properties": { "osm_id": "48799136", "name": "鍏版捣楂橀", "highway": "motorway" }, "geometry": { "type": "LineString", "coordinates": [ [ 108.5681705, 21.9305582 ], [ 108.5669535, 21.931645 ] ] } },
{ "type": "Feature", "properties": { "osm_id": "549920373", "name": "瀹夊窞澶ч亾", "highway": "primary" }, "geometry": { "type": "LineString", "coordinates": [ [ 108.6261254, 21.9412617 ], [ 108.6261242, 21.9409143 ], [ 108.6261761, 21.9387793 ], [ 108.6261406, 21.9383905 ], [ 108.6260885, 21.9380977 ], [ 108.6259443, 21.9376602 ], [ 108.625785, 21.9373436 ], [ 108.6254921, 21.9368633 ], [ 108.6250839, 21.9363391 ], [ 108.6249842, 21.9362491 ], [ 108.624534, 21.9359335 ], [ 108.6235887, 21.9353868 ], [ 108.6233716, 21.9352048 ], [ 108.6230368, 21.9349168 ], [ 108.6226892, 21.9345983 ], [ 108.6223951, 21.9343109 ], [ 108.622045, 21.9338814 ], [ 108.6218856, 21.9336654 ], [ 108.6217361, 21.9334322 ], [ 108.621004, 21.9315428 ], [ 108.6209989, 21.9313447 ], [ 108.6209485, 21.9294423 ], [ 108.6209059, 21.9236345 ], [ 108.6208983, 21.9166441 ], [ 108.6208981, 21.9165409 ], [ 108.6208912, 21.9101878 ], [ 108.6209191, 21.9057729 ], [ 108.620871, 21.9052268 ], [ 108.6207569, 21.9047921 ], [ 108.6206188, 21.9044243 ], [ 108.6202867, 21.9038403 ], [ 108.620047, 21.9035683 ], [ 108.6199487, 21.9034763 ] ] } },
{ "type": "Feature", "properties": { "osm_id": "851564285", "name": "瀹夊窞澶ч亾", "highway": "primary" }, "geometry": { "type": "LineString", "coordinates": [ [ 108.6202059, 21.9034904 ], [ 108.620523, 21.903913 ], [ 108.6207747, 21.9043684 ], [ 108.620908, 21.9047396 ], [ 108.6210092, 21.9051655 ], [ 108.6210164, 21.9052191 ], [ 108.6210392, 21.9053884 ], [ 108.6210753, 21.9057729 ], [ 108.6211254, 21.9101876 ], [ 108.6211254, 21.9165409 ], [ 108.6211254, 21.9166411 ], [ 108.6211254, 21.9197553 ], [ 108.6211253, 21.9236445 ], [ 108.6211799, 21.9290251 ], [ 108.6211841, 21.9294371 ], [ 108.6212585, 21.9313435 ], [ 108.6212738, 21.9315418 ], [ 108.6215627, 21.9323182 ], [ 108.6219588, 21.9333546 ], [ 108.622094, 21.9335691 ], [ 108.6222283, 21.9337812 ], [ 108.6225657, 21.9342012 ], [ 108.6228407, 21.9344869 ], [ 108.623183, 21.9347966 ], [ 108.6235092, 21.9350557 ], [ 108.6237589, 21.9352214 ], [ 108.624645, 21.9357567 ], [ 108.6251352, 21.9360804 ], [ 108.6252342, 21.9361743 ], [ 108.6257054, 21.9367521 ], [ 108.6260093, 21.9372363 ], [ 108.6261655, 21.9376558 ], [ 108.6262913, 21.9380978 ], [ 108.6263445, 21.9383797 ], [ 108.6263743, 21.9387723 ], [ 108.6262984, 21.9408854 ], [ 108.6262997, 21.941253 ] ] } },
{ "type": "Feature", "properties": { "osm_id": "226254329", "name": "鍖楅儴婀惧ぇ閬", "highway": "primary" }, "geometry": { "type": "LineString", "coordinates": [ [ 108.5889037, 21.9072765 ], [ 108.5900838, 21.9101176 ], [ 108.5901609, 21.9103828 ], [ 108.5904191, 21.9110012 ], [ 108.5905562, 21.9112502 ], [ 108.5915887, 21.9137025 ], [ 108.5928966, 21.9173062 ], [ 108.5939599, 21.920422 ], [ 108.5949639, 21.9230287 ], [ 108.5968258, 21.9278735 ], [ 108.5983618, 21.9317791 ], [ 108.598632, 21.9324505 ], [ 108.5994514, 21.9343479 ], [ 108.6002709, 21.9359942 ], [ 108.6021052, 21.9393538 ], [ 108.6035815, 21.9419275 ], [ 108.6036203, 21.941998 ] ] } },
{ "type": "Feature", "properties": { "osm_id": "226254331", "name": "鍖楅儴婀惧ぇ閬", "highway": "primary" }, "geometry": { "type": "LineString", "coordinates": [ [ 108.6034779, 21.9420697 ], [ 108.6033065, 21.9418013 ], [ 108.6019409, 21.9394321 ], [ 108.6009796, 21.9376814 ], [ 108.6001007, 21.9360806 ], [ 108.6000673, 21.9360142 ], [ 108.5992708, 21.934432 ], [ 108.5984355, 21.9325246 ], [ 108.5966337, 21.927953 ], [ 108.5947395, 21.9230181 ], [ 108.5937534, 21.9204807 ], [ 108.5926746, 21.9173079 ], [ 108.5913946, 21.9137779 ], [ 108.5903793, 21.9113421 ], [ 108.5902968, 21.911056 ], [ 108.5900391, 21.9104316 ], [ 108.5899059, 21.9101784 ], [ 108.5887078, 21.9073329 ] ] } },
{ "type": "Feature", "properties": { "osm_id": "904700605", "name": null, "highway": "secondary" }, "geometry": { "type": "LineString", "coordinates": [ [ 108.6209989, 21.9313447 ], [ 108.6212585, 21.9313435 ], [ 108.6237606, 21.9313317 ], [ 108.6263661, 21.9313195 ], [ 108.6265055, 21.9313189 ], [ 108.632314, 21.9312916 ], [ 108.6360803, 21.9312739 ], [ 108.6399527, 21.9312558 ] ] } },
{ "type": "Feature", "properties": { "osm_id": "807628586", "name": "骞冲北澶ц", "highway": "secondary" }, "geometry": { "type": "LineString", "coordinates": [ [ 108.6159941, 21.9314196 ], [ 108.6162975, 21.9313668 ], [ 108.6209989, 21.9313447 ] ] } },
{ "type": "Feature", "properties": { "osm_id": "807628588", "name": null, "highway": "secondary" }, "geometry": { "type": "LineString", "coordinates": [ [ 108.6399553, 21.9314786 ], [ 108.6360949, 21.9314917 ], [ 108.6323141, 21.9315045 ], [ 108.6265056, 21.9315241 ], [ 108.6263661, 21.9315246 ], [ 108.6237607, 21.9315334 ], [ 108.6212738, 21.9315418 ], [ 108.621004, 21.9315428 ] ] } },
{ "type": "Feature", "properties": { "osm_id": "904700604", "name": "骞冲北澶ц", "highway": "secondary" }, "geometry": { "type": "LineString", "coordinates": [ [ 108.621004, 21.9315428 ], [ 108.6163005, 21.9315599 ], [ 108.6161037, 21.9316003 ] ] } },
{ "type": "Feature", "properties": { "osm_id": "807662996", "name": null, "highway": "secondary" }, "geometry": { "type": "LineString", "coordinates": [ [ 108.6558657, 21.9411779 ], [ 108.655867, 21.9405798 ], [ 108.6558705, 21.9388585 ] ] } },
{ "type": "Feature", "properties": { "osm_id": "1487202045", "name": "閲戞捣婀句笢澶ц", "highway": "primary" }, "geometry": { "type": "LineString", "coordinates": [ [ 108.6266915, 21.9412354 ], [ 108.6285983, 21.9412196 ], [ 108.629592, 21.9412113 ], [ 108.6301116, 21.9412469 ] ] } },
{ "type": "Feature", "properties": { "osm_id": "680335290", "name": null, "highway": "secondary" }, "geometry": { "type": "LineString", "coordinates": [ [ 108.7444207, 21.9339285 ], [ 108.7445278, 21.9337047 ], [ 108.7448537, 21.9334668 ], [ 108.7452453, 21.93333 ], [ 108.7458327, 21.9332404 ], [ 108.7461787, 21.9331483 ], [ 108.746514, 21.9329667 ], [ 108.7469217, 21.932698 ], [ 108.747050368657767, 21.932589916581119 ] ] } },
{ "type": "Feature", "properties": { "osm_id": "185765739", "name": "鐢橀挦绾", "highway": "trunk" }, "geometry": { "type": "LineString", "coordinates": [ [ 108.6907501, 21.9373167 ], [ 108.6901884, 21.9380296 ], [ 108.6891582, 21.9392966 ], [ 108.6886966, 21.939834 ], [ 108.6878091, 21.9408472 ], [ 108.6868615, 21.9419734 ] ] } },
{ "type": "Feature", "properties": { "osm_id": "807662997", "name": null, "highway": "secondary" }, "geometry": { "type": "LineString", "coordinates": [ [ 108.6560291, 21.9388586 ], [ 108.6560312, 21.940578 ], [ 108.6560319, 21.9411795 ] ] } },
{ "type": "Feature", "properties": { "osm_id": "185764734", "name": "閲戞捣婀句笢澶ц", "highway": "primary" }, "geometry": { "type": "LineString", "coordinates": [ [ 108.6400039, 21.9412308 ], [ 108.6402322, 21.9412344 ], [ 108.645734, 21.9412192 ], [ 108.6506828, 21.9411831 ], [ 108.6514553, 21.9411823 ], [ 108.6523121, 21.9411815 ], [ 108.6551411, 21.9411786 ], [ 108.6558657, 21.9411779 ], [ 108.6560319, 21.9411795 ], [ 108.6567942, 21.9411774 ], [ 108.6626815, 21.9411614 ], [ 108.6694975, 21.941136 ], [ 108.6696563, 21.9411354 ], [ 108.675088, 21.9411138 ], [ 108.6794094, 21.9410967 ], [ 108.6832345, 21.9410815 ], [ 108.6850774, 21.9410117 ], [ 108.6852412, 21.9409971 ] ] } },
{ "type": "Feature", "properties": { "osm_id": "185762999", "name": "閲戞捣婀句笢澶ц", "highway": "primary" }, "geometry": { "type": "LineString", "coordinates": [ [ 108.6853205, 21.9412797 ], [ 108.6850969, 21.9412747 ], [ 108.6845593, 21.9412767 ] ] } },
{ "type": "Feature", "properties": { "osm_id": "917063373", "name": "閲戞捣婀句笢澶ц", "highway": "primary" }, "geometry": { "type": "LineString", "coordinates": [ [ 108.6845593, 21.9412767 ], [ 108.6794094, 21.9412954 ], [ 108.6713456, 21.9413247 ], [ 108.6696573, 21.9413301 ], [ 108.6695002, 21.9413291 ], [ 108.6686471, 21.9413332 ], [ 108.6626822, 21.9413616 ], [ 108.6568196, 21.9413875 ], [ 108.6560319, 21.941399 ], [ 108.6558641, 21.9414 ], [ 108.6551788, 21.9413979 ], [ 108.654698, 21.9414039 ], [ 108.653693, 21.9414091 ], [ 108.65308, 21.9414073 ], [ 108.6514533, 21.9414109 ], [ 108.6495989, 21.9414148 ], [ 108.6457258, 21.9414231 ], [ 108.6420178, 21.9414278 ] ] } },
{ "type": "Feature", "properties": { "osm_id": "1001375951", "name": null, "highway": "secondary" }, "geometry": { "type": "LineString", "coordinates": [ [ 108.6852412, 21.9409971 ], [ 108.6853205, 21.9412797 ], [ 108.6853972, 21.9415366 ], [ 108.685499, 21.9417927 ], [ 108.6855756, 21.9419214 ], [ 108.6856438, 21.9420188 ] ] } },
{ "type": "Feature", "properties": { "osm_id": "1001375937", "name": null, "highway": "secondary" }, "geometry": { "type": "LineString", "coordinates": [ [ 108.6861279, 21.942703 ], [ 108.685943, 21.9425653 ], [ 108.6858504, 21.9424945 ], [ 108.6857368, 21.9424151 ], [ 108.6856254, 21.9423118 ], [ 108.6855332, 21.9422218 ], [ 108.6854677, 21.9421362 ], [ 108.6853689, 21.9419821 ], [ 108.6852826, 21.941793 ], [ 108.6851839, 21.9415745 ] ] } },
{ "type": "Feature", "properties": { "osm_id": "807612019", "name": null, "highway": "trunk_link" }, "geometry": { "type": "LineString", "coordinates": [ [ 108.6856438, 21.9420188 ], [ 108.6858826, 21.9421929 ], [ 108.6860413, 21.9422778 ], [ 108.6862031, 21.942309 ], [ 108.6863435, 21.9422976 ], [ 108.6864656, 21.9422608 ], [ 108.6865663, 21.9421985 ], [ 108.6868615, 21.9419734 ] ] } },
{ "type": "Feature", "properties": { "osm_id": "1001375939", "name": "鐢橀挦绾", "highway": "trunk" }, "geometry": { "type": "LineString", "coordinates": [ [ 108.6868615, 21.9419734 ], [ 108.686316, 21.9426217 ] ] } },
{ "type": "Feature", "properties": { "osm_id": "1001375950", "name": null, "highway": "secondary" }, "geometry": { "type": "LineString", "coordinates": [ [ 108.6856438, 21.9420188 ], [ 108.6857278, 21.942255 ], [ 108.6858873, 21.9424007 ], [ 108.6861218, 21.9425417 ], [ 108.686316, 21.9426217 ] ] } },
{ "type": "Feature", "properties": { "osm_id": "917063371", "name": "閲戞捣婀句笢澶ц", "highway": "primary" }, "geometry": { "type": "LineString", "coordinates": [ [ 108.6297437, 21.9412864 ], [ 108.6301116, 21.9412469 ], [ 108.6304247, 21.9412445 ], [ 108.6325423, 21.9412282 ], [ 108.6332749, 21.9412226 ], [ 108.6333849, 21.9412241 ], [ 108.6341929, 21.9412249 ], [ 108.637652, 21.9412284 ], [ 108.6377581, 21.9412285 ], [ 108.6400039, 21.9412308 ] ] } },
{ "type": "Feature", "properties": { "osm_id": "917063370", "name": "閲戞捣婀句笢澶ц", "highway": "primary" }, "geometry": { "type": "LineString", "coordinates": [ [ 108.6420178, 21.9414278 ], [ 108.6402312, 21.94143 ], [ 108.6400065, 21.9414264 ], [ 108.6380509, 21.9414396 ], [ 108.6376481, 21.9414405 ], [ 108.6368261, 21.9414423 ], [ 108.6353859, 21.9414454 ], [ 108.6342069, 21.9414479 ], [ 108.6333343, 21.9414528 ], [ 108.6325269, 21.9414515 ], [ 108.6301008, 21.9414567 ], [ 108.6297444, 21.9414211 ] ] } },
{ "type": "Feature", "properties": { "osm_id": "1487202048", "name": "閲戞捣婀惧ぇ妗", "highway": "primary" }, "geometry": { "type": "LineString", "coordinates": [ [ 108.62403, 21.9416351 ], [ 108.6257856, 21.9413642 ], [ 108.6262382, 21.9413139 ], [ 108.6266366, 21.9413013 ], [ 108.6297437, 21.9412864 ] ] } },
{ "type": "Feature", "properties": { "osm_id": "1487202046", "name": "閲戞捣婀句笢澶ц", "highway": "primary" }, "geometry": { "type": "LineString", "coordinates": [ [ 108.6301008, 21.9414567 ], [ 108.629579, 21.9414928 ], [ 108.6268893, 21.941507 ] ] } },
{ "type": "Feature", "properties": { "osm_id": "1487202047", "name": "閲戞捣婀惧ぇ妗", "highway": "primary" }, "geometry": { "type": "LineString", "coordinates": [ [ 108.6297444, 21.9414211 ], [ 108.6266395, 21.9414361 ], [ 108.6262493, 21.9414484 ], [ 108.6258061, 21.9414976 ], [ 108.6240538, 21.941768 ] ] } },
{ "type": "Feature", "properties": { "osm_id": "311201482", "name": "閲戞捣婀惧ぇ妗", "highway": "primary" }, "geometry": { "type": "LineString", "coordinates": [ [ 108.6185633, 21.9425296 ], [ 108.62403, 21.9416351 ] ] } },
{ "type": "Feature", "properties": { "osm_id": "395666087", "name": "閲戞捣婀惧ぇ妗", "highway": "primary" }, "geometry": { "type": "LineString", "coordinates": [ [ 108.6240538, 21.941768 ], [ 108.6185911, 21.9426607 ] ] } },
{ "type": "Feature", "properties": { "osm_id": "226254317", "name": "鍖楅儴婀惧ぇ閬", "highway": "primary" }, "geometry": { "type": "LineString", "coordinates": [ [ 108.6036203, 21.941998 ], [ 108.6044857, 21.9435214 ] ] } },
{ "type": "Feature", "properties": { "osm_id": "918754969", "name": "鏉ㄥ竼鍗楀ぇ閬", "highway": "secondary" }, "geometry": { "type": "LineString", "coordinates": [ [ 108.640048, 21.944338 ], [ 108.6400065, 21.9414264 ], [ 108.6400039, 21.9412308 ] ] } },
{ "type": "Feature", "properties": { "osm_id": "226254328", "name": "鍖楅儴婀惧ぇ閬", "highway": "primary" }, "geometry": { "type": "LineString", "coordinates": [ [ 108.6043038, 21.9436043 ], [ 108.6034779, 21.9420697 ] ] } },
{ "type": "Feature", "properties": { "osm_id": "1487202044", "name": "閲戞捣婀惧ぇ妗", "highway": "primary" }, "geometry": { "type": "LineString", "coordinates": [ [ 108.6134067, 21.9433682 ], [ 108.6185633, 21.9425296 ] ] } },
{ "type": "Feature", "properties": { "osm_id": "1487202043", "name": "閲戞捣婀惧ぇ妗", "highway": "primary" }, "geometry": { "type": "LineString", "coordinates": [ [ 108.6185911, 21.9426607 ], [ 108.6134306, 21.9434919 ] ] } },
{ "type": "Feature", "properties": { "osm_id": "52768223", "name": "閲戞捣婀捐タ澶ц", "highway": "primary" }, "geometry": { "type": "LineString", "coordinates": [ [ 108.6051041, 21.9447158 ], [ 108.6063863, 21.9445155 ], [ 108.6079873, 21.9442357 ], [ 108.6089786, 21.9440824 ], [ 108.6096345, 21.9439809 ], [ 108.6105358, 21.9438393 ], [ 108.6134067, 21.9433682 ] ] } },
{ "type": "Feature", "properties": { "osm_id": "395666089", "name": "閲戞捣婀捐タ澶ц", "highway": "primary" }, "geometry": { "type": "LineString", "coordinates": [ [ 108.6134306, 21.9434919 ], [ 108.6106612, 21.9439443 ], [ 108.609747, 21.9440858 ], [ 108.6090268, 21.9441989 ], [ 108.6085969, 21.9442719 ], [ 108.608046, 21.9443632 ], [ 108.6068797, 21.9445374 ], [ 108.6051382, 21.9448183 ] ] } },
{ "type": "Feature", "properties": { "osm_id": "967937514", "name": "鍖楅儴婀惧ぇ閬", "highway": "primary" }, "geometry": { "type": "LineString", "coordinates": [ [ 108.6044857, 21.9435214 ], [ 108.6050538, 21.944607 ], [ 108.6051041, 21.9447158 ], [ 108.6051382, 21.9448183 ] ] } },
{ "type": "Feature", "properties": { "osm_id": "967937512", "name": "鍖楅儴婀惧ぇ閬", "highway": "primary" }, "geometry": { "type": "LineString", "coordinates": [ [ 108.6049483, 21.9448514 ], [ 108.6049088, 21.9447507 ], [ 108.6048588, 21.9446397 ], [ 108.6043038, 21.9436043 ] ] } },
{ "type": "Feature", "properties": { "osm_id": "905143195", "name": "鏉ㄥ竼鍗楀ぇ閬", "highway": "secondary" }, "geometry": { "type": "LineString", "coordinates": [ [ 108.640232, 21.9422892 ], [ 108.6402403, 21.9443374 ], [ 108.6402372, 21.9457185 ], [ 108.6402336, 21.9473687 ] ] } },
{ "type": "Feature", "properties": { "osm_id": "967937515", "name": "閲戞捣婀捐タ澶ц", "highway": "primary" }, "geometry": { "type": "LineString", "coordinates": [ [ 108.6023437, 21.9451695 ], [ 108.6029642, 21.9450761 ], [ 108.6049088, 21.9447507 ], [ 108.6051041, 21.9447158 ] ] } },
{ "type": "Feature", "properties": { "osm_id": "967937513", "name": "閲戞捣婀捐タ澶ц", "highway": "primary" }, "geometry": { "type": "LineString", "coordinates": [ [ 108.6051382, 21.9448183 ], [ 108.6049483, 21.9448514 ], [ 108.6031018, 21.9451477 ], [ 108.6023613, 21.9452688 ] ] } },
{ "type": "Feature", "properties": { "osm_id": "52768219", "name": "閲戞捣婀捐タ澶ц", "highway": "primary" }, "geometry": { "type": "LineString", "coordinates": [ [ 108.6015306, 21.9453019 ], [ 108.6023437, 21.9451695 ] ] } },
{ "type": "Feature", "properties": { "osm_id": "185767570", "name": "鍏閽﹂珮閫", "highway": "motorway" }, "geometry": { "type": "LineString", "coordinates": [ [ 108.729628571363335, 21.92744134644872 ], [ 108.7292831, 21.9284106 ], [ 108.7282655, 21.9311055 ], [ 108.7270848, 21.9345354 ], [ 108.7266809, 21.9357459 ], [ 108.72651, 21.9364592 ], [ 108.726378, 21.9371726 ], [ 108.7263003, 21.937958 ], [ 108.7262925, 21.9389595 ], [ 108.7264168, 21.9402709 ], [ 108.7265955, 21.9411859 ], [ 108.7268751, 21.9420289 ], [ 108.7272635, 21.9427638 ], [ 108.7279548, 21.9439887 ] ] } },
{ "type": "Feature", "properties": { "osm_id": "307931903", "name": "鍏閽﹂珮閫", "highway": "motorway" }, "geometry": { "type": "LineString", "coordinates": [ [ 108.7278318, 21.9440515 ], [ 108.7271382, 21.9428227 ], [ 108.7267441, 21.942077 ], [ 108.7264588, 21.9412168 ], [ 108.7262775, 21.9402882 ], [ 108.726152, 21.9389647 ], [ 108.7261599, 21.9379515 ], [ 108.7262386, 21.9371556 ], [ 108.7263722, 21.9364341 ], [ 108.7265451, 21.9357125 ], [ 108.7269509, 21.9344963 ], [ 108.7281324, 21.9310642 ], [ 108.7291502, 21.9283686 ], [ 108.729460786897832, 21.927497161608876 ] ] } },
{ "type": "Feature", "properties": { "osm_id": "367474391", "name": null, "highway": "secondary" }, "geometry": { "type": "LineString", "coordinates": [ [ 108.7437035, 21.9350907 ], [ 108.7444207, 21.9339285 ] ] } },
{ "type": "Feature", "properties": { "osm_id": "307931876", "name": "鍏閽﹂珮閫", "highway": "motorway" }, "geometry": { "type": "LineString", "coordinates": [ [ 108.7279548, 21.9439887 ], [ 108.7286704, 21.9451382 ] ] } },
{ "type": "Feature", "properties": { "osm_id": "307931892", "name": "鍏閽﹂珮閫", "highway": "motorway" }, "geometry": { "type": "LineString", "coordinates": [ [ 108.7285598, 21.945203 ], [ 108.7278318, 21.9440515 ] ] } },
{ "type": "Feature", "properties": { "osm_id": "194838742", "name": "鍏閽﹂珮閫", "highway": "motorway" }, "geometry": { "type": "LineString", "coordinates": [ [ 108.7286704, 21.9451382 ], [ 108.7298826, 21.9468144 ] ] } },
{ "type": "Feature", "properties": { "osm_id": "375401686", "name": "鍏閽﹂珮閫", "highway": "motorway" }, "geometry": { "type": "LineString", "coordinates": [ [ 108.7297765, 21.9469234 ], [ 108.7285598, 21.945203 ] ] } },
{ "type": "Feature", "properties": { "osm_id": "375401688", "name": "鍏閽﹂珮閫", "highway": "motorway" }, "geometry": { "type": "LineString", "coordinates": [ [ 108.7298826, 21.9468144 ], [ 108.7309979, 21.9486528 ] ] } },
{ "type": "Feature", "properties": { "osm_id": "375401684", "name": "鍏閽﹂珮閫", "highway": "motorway" }, "geometry": { "type": "LineString", "coordinates": [ [ 108.7309189, 21.9487671 ], [ 108.7297765, 21.9469234 ] ] } },
{ "type": "Feature", "properties": { "osm_id": "375401691", "name": "鍏閽﹂珮閫", "highway": "motorway" }, "geometry": { "type": "LineString", "coordinates": [ [ 108.7309979, 21.9486528 ], [ 108.7312508, 21.9491485 ], [ 108.7317417, 21.950568 ], [ 108.7320595, 21.953254 ], [ 108.7323954, 21.9610339 ], [ 108.7323318, 21.9631556 ], [ 108.7322229, 21.9648142 ], [ 108.7311698, 21.9678788 ], [ 108.7291691, 21.9735599 ] ] } },
{ "type": "Feature", "properties": { "osm_id": "395666091", "name": "閲戞捣婀捐タ澶ц", "highway": "primary" }, "geometry": { "type": "LineString", "coordinates": [ [ 108.6023613, 21.9452688 ], [ 108.6015488, 21.9454043 ] ] } },
{ "type": "Feature", "properties": { "osm_id": "460586691", "name": "閲戞捣婀捐タ澶ц", "highway": "primary" }, "geometry": { "type": "LineString", "coordinates": [ [ 108.5868086, 21.9463743 ], [ 108.5882061, 21.9463606 ], [ 108.5900314, 21.9463501 ], [ 108.5932486, 21.946345 ], [ 108.5938603, 21.9463326 ], [ 108.594234, 21.946317 ], [ 108.5945468, 21.946299 ], [ 108.595022, 21.9462599 ], [ 108.5951099, 21.9462516 ], [ 108.5951893, 21.9462448 ], [ 108.5961587, 21.9461451 ], [ 108.5970563, 21.9460268 ], [ 108.5980004, 21.945876 ], [ 108.6012833, 21.9453393 ], [ 108.6015306, 21.9453019 ] ] } },
{ "type": "Feature", "properties": { "osm_id": "905143193", "name": "鏉ㄥ竼鍗楀ぇ閬", "highway": "secondary" }, "geometry": { "type": "LineString", "coordinates": [ [ 108.6400651, 21.9473687 ], [ 108.640048, 21.944338 ] ] } },
{ "type": "Feature", "properties": { "osm_id": "395666093", "name": "閲戞捣婀捐タ澶ц", "highway": "primary" }, "geometry": { "type": "LineString", "coordinates": [ [ 108.6015488, 21.9454043 ], [ 108.601209, 21.9454579 ], [ 108.598034, 21.945959 ], [ 108.5970712, 21.946111 ], [ 108.5961571, 21.9462402 ], [ 108.5951959, 21.9463447 ], [ 108.5951156, 21.9463525 ], [ 108.5950295, 21.9463598 ], [ 108.5942413, 21.9464181 ], [ 108.59324, 21.946443 ], [ 108.5900413, 21.9464468 ], [ 108.5882068, 21.946449 ], [ 108.586809, 21.9464609 ] ] } },
{ "type": "Feature", "properties": { "osm_id": "918754967", "name": "瀹夊窞澶ч亾", "highway": "primary" }, "geometry": { "type": "LineString", "coordinates": [ [ 108.6262997, 21.941253 ], [ 108.6263006, 21.9414919 ], [ 108.626303, 21.9421529 ], [ 108.6263069, 21.9432481 ], [ 108.6263071, 21.9432968 ], [ 108.626311, 21.9443838 ], [ 108.626322, 21.9474097 ], [ 108.6263241, 21.9479908 ], [ 108.626331, 21.9499136 ], [ 108.626335, 21.9509976 ] ] } },
{ "type": "Feature", "properties": { "osm_id": "185764427", "name": "瀹夊窞澶ч亾", "highway": "primary" }, "geometry": { "type": "LineString", "coordinates": [ [ 108.6261606, 21.9509982 ], [ 108.6261567, 21.9499141 ], [ 108.6261495, 21.9488746 ], [ 108.6261484, 21.948 ], [ 108.6261477, 21.9474123 ], [ 108.6261367, 21.9443841 ], [ 108.6261321, 21.9431191 ], [ 108.6261287, 21.9421718 ], [ 108.6261263, 21.941503 ], [ 108.6261254, 21.9412617 ] ] } },
{ "type": "Feature", "properties": { "osm_id": "917063364", "name": "鏉ㄥ竼鍖楀ぇ閬", "highway": "secondary" }, "geometry": { "type": "LineString", "coordinates": [ [ 108.6400721, 21.9530132 ], [ 108.6400651, 21.9473687 ] ] } },
{ "type": "Feature", "properties": { "osm_id": "697187080", "name": null, "highway": "secondary" }, "geometry": { "type": "LineString", "coordinates": [ [ 108.626188, 21.9518251 ], [ 108.6261606, 21.9509982 ] ] } },
{ "type": "Feature", "properties": { "osm_id": "697187074", "name": null, "highway": "secondary" }, "geometry": { "type": "LineString", "coordinates": [ [ 108.626335, 21.9509976 ], [ 108.6262948, 21.9518261 ] ] } },
{ "type": "Feature", "properties": { "osm_id": "807888647", "name": "绮ゆ傚寳璺", "highway": "secondary" }, "geometry": { "type": "LineString", "coordinates": [ [ 108.6457833, 21.953146 ], [ 108.6457783, 21.9529753 ], [ 108.6457775, 21.9528351 ], [ 108.6457761, 21.9526112 ], [ 108.6457728, 21.9520668 ], [ 108.6457712, 21.9518039 ], [ 108.6457681, 21.9513001 ], [ 108.6457667, 21.9510745 ], [ 108.645766, 21.9509493 ], [ 108.6457633, 21.9505041 ], [ 108.6457622, 21.9503249 ] ] } },
{ "type": "Feature", "properties": { "osm_id": "307935844", "name": null, "highway": "motorway_link" }, "geometry": { "type": "LineString", "coordinates": [ [ 108.5822299, 21.9111575 ], [ 108.5824549, 21.9103958 ], [ 108.5828007, 21.9098845 ], [ 108.5833912, 21.9091855 ], [ 108.5835999, 21.908888 ], [ 108.5851372, 21.9070036 ], [ 108.5860515, 21.9057883 ], [ 108.5862566, 21.9055828 ], [ 108.5864644, 21.9054407 ], [ 108.5878399, 21.9045882 ], [ 108.5881025, 21.9044791 ], [ 108.5882523, 21.9044616 ], [ 108.5884405, 21.9044714 ] ] } },
{ "type": "Feature", "properties": { "osm_id": "185644170", "name": null, "highway": "motorway_link" }, "geometry": { "type": "LineString", "coordinates": [ [ 108.5884273, 21.9045727 ], [ 108.5882376, 21.9045647 ], [ 108.5881216, 21.904578 ], [ 108.5878918, 21.9046764 ], [ 108.5875092, 21.9049097 ], [ 108.5865249, 21.9055097 ], [ 108.5863406, 21.9056307 ], [ 108.5861338, 21.9058476 ], [ 108.5852212, 21.9070655 ], [ 108.5836883, 21.9089549 ], [ 108.5833736, 21.9095221 ], [ 108.5831443, 21.9099892 ], [ 108.5829745, 21.9104994 ], [ 108.5827914, 21.9112998 ] ] } },
{ "type": "Feature", "properties": { "osm_id": "830668597", "name": null, "highway": "primary" }, "geometry": { "type": "LineString", "coordinates": [ [ 108.516351191838154, 21.921814157420542 ], [ 108.518374, 21.923565 ], [ 108.5199472, 21.9251072 ], [ 108.523661, 21.928748 ], [ 108.525528, 21.930351 ], [ 108.527208, 21.932565 ], [ 108.528516, 21.934151 ], [ 108.52898, 21.9345128 ], [ 108.529129, 21.934629 ], [ 108.537918, 21.939924 ], [ 108.538719, 21.940448 ], [ 108.539465, 21.940879 ], [ 108.540173, 21.941113 ], [ 108.540735, 21.941724 ], [ 108.541429, 21.942722 ], [ 108.54576, 21.94729 ], [ 108.5470073, 21.9483438 ], [ 108.547346, 21.94863 ], [ 108.550301, 21.951508 ], [ 108.5513088, 21.9524283 ] ] } },
{ "type": "Feature", "properties": { "osm_id": "307935848", "name": null, "highway": "motorway_link" }, "geometry": { "type": "LineString", "coordinates": [ [ 108.582611, 21.9143958 ], [ 108.5824487, 21.9137834 ], [ 108.5823274, 21.9130858 ], [ 108.5821873, 21.9125277 ], [ 108.5821291, 21.9121646 ], [ 108.5821305, 21.9118295 ], [ 108.5822299, 21.9111575 ] ] } },
{ "type": "Feature", "properties": { "osm_id": "307935833", "name": null, "highway": "motorway_link" }, "geometry": { "type": "LineString", "coordinates": [ [ 108.5827914, 21.9112998 ], [ 108.5826384, 21.9121935 ], [ 108.5825517, 21.9129828 ], [ 108.5826465, 21.914048 ], [ 108.5828439, 21.9145067 ], [ 108.5831154, 21.9149862 ], [ 108.5836419, 21.9152191 ], [ 108.5839667, 21.9152577 ], [ 108.5842662, 21.9152145 ], [ 108.5849325, 21.914907 ], [ 108.5856174, 21.9143805 ], [ 108.5871595, 21.9132121 ] ] } },
{ "type": "Feature", "properties": { "osm_id": "185644177", "name": null, "highway": "motorway_link" }, "geometry": { "type": "LineString", "coordinates": [ [ 108.5826465, 21.914048 ], [ 108.5827926, 21.9147736 ], [ 108.5829622, 21.9153698 ], [ 108.5831524, 21.9160887 ] ] } },
{ "type": "Feature", "properties": { "osm_id": "307935846", "name": null, "highway": "motorway_link" }, "geometry": { "type": "LineString", "coordinates": [ [ 108.5830654, 21.9161158 ], [ 108.5828341, 21.9152357 ], [ 108.582611, 21.9143958 ] ] } },
{ "type": "Feature", "properties": { "osm_id": "181344283", "name": null, "highway": "motorway_link" }, "geometry": { "type": "LineString", "coordinates": [ [ 108.5811282, 21.9186591 ], [ 108.5820066, 21.9175813 ], [ 108.5825377, 21.9167427 ], [ 108.5827427, 21.9161929 ], [ 108.582766, 21.9157223 ], [ 108.5827008, 21.9151399 ], [ 108.582611, 21.9143958 ] ] } },
{ "type": "Feature", "properties": { "osm_id": "307935845", "name": null, "highway": "motorway_link" }, "geometry": { "type": "LineString", "coordinates": [ [ 108.5831524, 21.9160887 ], [ 108.583522, 21.9174856 ] ] } },
{ "type": "Feature", "properties": { "osm_id": "307935842", "name": null, "highway": "motorway_link" }, "geometry": { "type": "LineString", "coordinates": [ [ 108.5834508, 21.9175571 ], [ 108.5830654, 21.9161158 ] ] } },
{ "type": "Feature", "properties": { "osm_id": "595648258", "name": "鍏版捣楂橀", "highway": "motorway" }, "geometry": { "type": "LineString", "coordinates": [ [ 108.5611331, 21.9365474 ], [ 108.563075, 21.934891 ], [ 108.5668466, 21.9315621 ] ] } },
{ "type": "Feature", "properties": { "osm_id": "595648268", "name": "鍏版捣楂橀", "highway": "motorway" }, "geometry": { "type": "LineString", "coordinates": [ [ 108.5669535, 21.931645 ], [ 108.5632683, 21.9349052 ], [ 108.5616619, 21.9363476 ], [ 108.5612415, 21.9366852 ] ] } },
{ "type": "Feature", "properties": { "osm_id": "595648261", "name": "鍏版捣楂橀", "highway": "motorway" }, "geometry": { "type": "LineString", "coordinates": [ [ 108.5603588, 21.9372078 ], [ 108.5611331, 21.9365474 ] ] } },
{ "type": "Feature", "properties": { "osm_id": "595648264", "name": "鍏版捣楂橀", "highway": "motorway" }, "geometry": { "type": "LineString", "coordinates": [ [ 108.5612415, 21.9366852 ], [ 108.5604779, 21.9372983 ] ] } },
{ "type": "Feature", "properties": { "osm_id": "307935887", "name": "鍏版捣楂橀", "highway": "motorway" }, "geometry": { "type": "LineString", "coordinates": [ [ 108.5474269, 21.9432604 ], [ 108.553848, 21.940899 ], [ 108.555908, 21.939998 ], [ 108.557539, 21.939096 ], [ 108.559191, 21.938066 ], [ 108.560157, 21.93738 ], [ 108.5603588, 21.9372078 ] ] } },
{ "type": "Feature", "properties": { "osm_id": "48799133", "name": "鍏版捣楂橀", "highway": "motorway" }, "geometry": { "type": "LineString", "coordinates": [ [ 108.5604779, 21.9372983 ], [ 108.560243, 21.937487 ], [ 108.559256, 21.938217 ], [ 108.557625, 21.939225 ], [ 108.555994, 21.940084 ], [ 108.55387, 21.941049 ], [ 108.5524926, 21.9416108 ], [ 108.547518, 21.9434467 ] ] } },
{ "type": "Feature", "properties": { "osm_id": "307935862", "name": "鍏版捣楂橀", "highway": "motorway" }, "geometry": { "type": "LineString", "coordinates": [ [ 108.5470918, 21.9433836 ], [ 108.5474269, 21.9432604 ] ] } },
{ "type": "Feature", "properties": { "osm_id": "307935851", "name": null, "highway": "motorway_link" }, "geometry": { "type": "LineString", "coordinates": [ [ 108.5436009, 21.9445626 ], [ 108.5441797, 21.9442897 ], [ 108.5444727, 21.944113 ], [ 108.5446568, 21.9439214 ], [ 108.5447819, 21.943738 ], [ 108.5448584, 21.9435528 ], [ 108.5448983, 21.9432912 ], [ 108.5449283, 21.942804 ], [ 108.5449861, 21.9425667 ], [ 108.545086, 21.9423658 ], [ 108.5452595, 21.9421936 ], [ 108.5454651, 21.9420791 ], [ 108.5456729, 21.9420281 ], [ 108.5458949, 21.9420277 ], [ 108.5461081, 21.9420863 ], [ 108.5463404, 21.9422363 ], [ 108.546518, 21.9423872 ], [ 108.5467045, 21.9425982 ], [ 108.5470828, 21.9430979 ], [ 108.5477236, 21.9438753 ], [ 108.5480933, 21.9443497 ], [ 108.5483878, 21.9447236 ] ] } },
{ "type": "Feature", "properties": { "osm_id": "226254298", "name": null, "highway": "motorway_link" }, "geometry": { "type": "LineString", "coordinates": [ [ 108.5482708, 21.944695 ], [ 108.5467784, 21.9427982 ], [ 108.546612, 21.94259 ], [ 108.5465118, 21.9424747 ], [ 108.5463921, 21.9423583 ], [ 108.5462318, 21.94223 ], [ 108.5460602, 21.942141 ], [ 108.5459056, 21.9421029 ], [ 108.545758, 21.9420967 ], [ 108.5456074, 21.942113 ], [ 108.5454769, 21.9421507 ], [ 108.5453507, 21.9422163 ], [ 108.5452275, 21.9423276 ], [ 108.5451086, 21.94247 ], [ 108.5450413, 21.942651 ], [ 108.5450255, 21.9428652 ], [ 108.54508, 21.9430855 ], [ 108.5452058, 21.9432724 ], [ 108.5453392, 21.9433925 ], [ 108.54551, 21.9434799 ], [ 108.5457062, 21.9435444 ], [ 108.5459555, 21.9435726 ], [ 108.5464132, 21.9435206 ], [ 108.5470918, 21.9433836 ] ] } },
{ "type": "Feature", "properties": { "osm_id": "307935875", "name": "鍏版捣楂橀", "highway": "motorway" }, "geometry": { "type": "LineString", "coordinates": [ [ 108.547518, 21.9434467 ], [ 108.5472298, 21.9435504 ] ] } },
{ "type": "Feature", "properties": { "osm_id": "226254320", "name": null, "highway": "motorway_link" }, "geometry": { "type": "LineString", "coordinates": [ [ 108.5524926, 21.9416108 ], [ 108.5503419, 21.9424968 ], [ 108.5490485, 21.943037 ], [ 108.5486949, 21.9432216 ], [ 108.5485082, 21.943359 ], [ 108.5483421, 21.9435502 ], [ 108.5482465, 21.9437658 ], [ 108.5481918, 21.9440008 ], [ 108.5481998, 21.9442765 ], [ 108.5482568, 21.9445 ], [ 108.5483878, 21.9447236 ], [ 108.5485863, 21.9449784 ], [ 108.5489745, 21.9454699 ], [ 108.5492641, 21.9458072 ], [ 108.5494921, 21.9460186 ], [ 108.5496339, 21.9461101 ], [ 108.5498434, 21.9462358 ], [ 108.5500467, 21.9463158 ], [ 108.5502371, 21.9463712 ], [ 108.5504238, 21.9463928 ], [ 108.5506541, 21.946389 ], [ 108.5521168, 21.9462881 ], [ 108.5534607, 21.9462742 ] ] } },
{ "type": "Feature", "properties": { "osm_id": "307935879", "name": "鍏版捣楂橀", "highway": "motorway" }, "geometry": { "type": "LineString", "coordinates": [ [ 108.5436684, 21.9446566 ], [ 108.5470918, 21.9433836 ] ] } },
{ "type": "Feature", "properties": { "osm_id": "307935883", "name": "鍏版捣楂橀", "highway": "motorway" }, "geometry": { "type": "LineString", "coordinates": [ [ 108.5472298, 21.9435504 ], [ 108.5455628, 21.9441507 ], [ 108.5449257, 21.9443832 ], [ 108.5437642, 21.9448264 ] ] } },
{ "type": "Feature", "properties": { "osm_id": "307935841", "name": null, "highway": "motorway_link" }, "geometry": { "type": "LineString", "coordinates": [ [ 108.5431041, 21.9447589 ], [ 108.5436009, 21.9445626 ] ] } },
{ "type": "Feature", "properties": { "osm_id": "307935860", "name": "鍏版捣楂橀", "highway": "motorway" }, "geometry": { "type": "LineString", "coordinates": [ [ 108.5431416, 21.9448585 ], [ 108.5436684, 21.9446566 ] ] } },
{ "type": "Feature", "properties": { "osm_id": "307935873", "name": "鍏版捣楂橀", "highway": "motorway" }, "geometry": { "type": "LineString", "coordinates": [ [ 108.5437642, 21.9448264 ], [ 108.5432783, 21.9450027 ] ] } },
{ "type": "Feature", "properties": { "osm_id": "985419033", "name": null, "highway": "motorway_link" }, "geometry": { "type": "LineString", "coordinates": [ [ 108.5418304, 21.945357 ], [ 108.5431041, 21.9447589 ] ] } },
{ "type": "Feature", "properties": { "osm_id": "226254302", "name": null, "highway": "motorway_link" }, "geometry": { "type": "LineString", "coordinates": [ [ 108.5534651, 21.9466211 ], [ 108.5520898, 21.9466306 ], [ 108.5509217, 21.9465788 ], [ 108.5506506, 21.9465559 ], [ 108.5504041, 21.9465044 ], [ 108.5501761, 21.9464416 ], [ 108.5498372, 21.9463158 ], [ 108.5496154, 21.9461901 ], [ 108.549449, 21.9460815 ], [ 108.5492087, 21.9458472 ], [ 108.5488759, 21.9454642 ], [ 108.5482708, 21.944695 ], [ 108.5479125, 21.9444544 ], [ 108.5475161, 21.9442447 ], [ 108.5471013, 21.9441107 ], [ 108.5467246, 21.9440562 ], [ 108.546333, 21.9440672 ], [ 108.5458753, 21.9441612 ], [ 108.5449704, 21.944449 ], [ 108.5437642, 21.9448264 ] ] } },
{ "type": "Feature", "properties": { "osm_id": "822639768", "name": "鍏版捣楂橀", "highway": "motorway" }, "geometry": { "type": "LineString", "coordinates": [ [ 108.5399908, 21.9460581 ], [ 108.5418304, 21.945357 ], [ 108.5431416, 21.9448585 ] ] } },
{ "type": "Feature", "properties": { "osm_id": "307935855", "name": "鍏版捣楂橀", "highway": "motorway" }, "geometry": { "type": "LineString", "coordinates": [ [ 108.5432783, 21.9450027 ], [ 108.5418941, 21.9455076 ], [ 108.5400251, 21.9462107 ] ] } },
{ "type": "Feature", "properties": { "osm_id": "822639771", "name": "鍏版捣楂橀", "highway": "motorway" }, "geometry": { "type": "LineString", "coordinates": [ [ 108.5396214, 21.946198 ], [ 108.5399908, 21.9460581 ] ] } },
{ "type": "Feature", "properties": { "osm_id": "822639769", "name": "鍏版捣楂橀", "highway": "motorway" }, "geometry": { "type": "LineString", "coordinates": [ [ 108.5400251, 21.9462107 ], [ 108.5396622, 21.9463472 ] ] } },
{ "type": "Feature", "properties": { "osm_id": "1000207986", "name": null, "highway": "motorway_link" }, "geometry": { "type": "LineString", "coordinates": [ [ 108.5534607, 21.9462742 ], [ 108.5544606, 21.9463021 ], [ 108.5548469, 21.9463629 ] ] } },
{ "type": "Feature", "properties": { "osm_id": "460586693", "name": "閲戞捣婀捐タ澶ц", "highway": "primary" }, "geometry": { "type": "LineString", "coordinates": [ [ 108.5864304, 21.9463747 ], [ 108.5868086, 21.9463743 ] ] } },
{ "type": "Feature", "properties": { "osm_id": "52768221", "name": "閲戞捣婀捐タ澶ц", "highway": "primary" }, "geometry": { "type": "LineString", "coordinates": [ [ 108.5830721, 21.9463778 ], [ 108.5836373, 21.9463772 ], [ 108.5859837, 21.9463751 ], [ 108.5864304, 21.9463747 ] ] } },
{ "type": "Feature", "properties": { "osm_id": "52768220", "name": "閲戞捣婀捐タ澶ц", "highway": "primary" }, "geometry": { "type": "LineString", "coordinates": [ [ 108.5825421, 21.9463815 ], [ 108.5830721, 21.9463778 ] ] } },
{ "type": "Feature", "properties": { "osm_id": "1000207979", "name": "閲戞捣婀捐タ澶ц", "highway": "primary" }, "geometry": { "type": "LineString", "coordinates": [ [ 108.5548469, 21.9463629 ], [ 108.5553449, 21.9464747 ], [ 108.5593495, 21.9464634 ], [ 108.5613022, 21.9464566 ] ] } },
{ "type": "Feature", "properties": { "osm_id": "807623250", "name": "閲戞捣婀捐タ澶ц", "highway": "primary" }, "geometry": { "type": "LineString", "coordinates": [ [ 108.5613022, 21.9464566 ], [ 108.5614827, 21.946456 ], [ 108.563352, 21.9464495 ], [ 108.5661243, 21.9464398 ], [ 108.5679261, 21.9464335 ], [ 108.5698166, 21.9464268 ], [ 108.5726938, 21.9464167 ], [ 108.5745423, 21.9464102 ], [ 108.5766197, 21.9464052 ], [ 108.5789981, 21.9463994 ], [ 108.5808878, 21.9463948 ], [ 108.5825421, 21.9463815 ] ] } },
{ "type": "Feature", "properties": { "osm_id": "460586692", "name": "閲戞捣婀捐タ澶ц", "highway": "primary" }, "geometry": { "type": "LineString", "coordinates": [ [ 108.586809, 21.9464609 ], [ 108.5864308, 21.9464619 ] ] } },
{ "type": "Feature", "properties": { "osm_id": "460586694", "name": "閲戞捣婀捐タ澶ц", "highway": "primary" }, "geometry": { "type": "LineString", "coordinates": [ [ 108.5864308, 21.9464619 ], [ 108.5859159, 21.9464633 ], [ 108.5836324, 21.9464694 ], [ 108.5830719, 21.9464709 ] ] } },
{ "type": "Feature", "properties": { "osm_id": "822639770", "name": "鍏版捣楂橀", "highway": "motorway" }, "geometry": { "type": "LineString", "coordinates": [ [ 108.5396622, 21.9463472 ], [ 108.53327, 21.948752 ], [ 108.531854, 21.949353 ], [ 108.53061, 21.95004 ], [ 108.5233084, 21.9544244 ], [ 108.5225574, 21.954978 ], [ 108.5219464, 21.9555067 ], [ 108.521076, 21.9564127 ], [ 108.520061, 21.9575547 ], [ 108.5194214, 21.9581779 ], [ 108.5188947, 21.9586367 ], [ 108.5182028, 21.9591631 ], [ 108.5175526, 21.959609 ], [ 108.5163046, 21.9603784 ] ] } },
{ "type": "Feature", "properties": { "osm_id": "1279882622", "name": "瑗跨幆璺杩炴帴绾", "highway": "primary" }, "geometry": { "type": "LineString", "coordinates": [ [ 108.5613585, 21.9563794 ], [ 108.5602437, 21.9559932 ], [ 108.5576983, 21.9555225 ], [ 108.556673, 21.9552072 ], [ 108.5556943, 21.9549062 ], [ 108.5539811, 21.954097 ], [ 108.5522896, 21.9531418 ], [ 108.5516801, 21.952737 ], [ 108.5513088, 21.9524283 ] ] } },
{ "type": "Feature", "properties": { "osm_id": "1279882623", "name": "瑗跨幆璺杩炴帴绾", "highway": "primary" }, "geometry": { "type": "LineString", "coordinates": [ [ 108.5613593, 21.9565201 ], [ 108.5602051, 21.9561188 ], [ 108.5576624, 21.9556487 ], [ 108.5566334, 21.9553323 ], [ 108.55564, 21.9550268 ], [ 108.5539126, 21.9542108 ], [ 108.5522121, 21.9532505 ], [ 108.5515983, 21.9528429 ], [ 108.5513088, 21.9524283 ] ] } },
{ "type": "Feature", "properties": { "osm_id": "1000207975", "name": null, "highway": "primary" }, "geometry": { "type": "LineString", "coordinates": [ [ 108.5483032, 21.9576544 ], [ 108.5513088, 21.9524283 ] ] } },
{ "type": "Feature", "properties": { "osm_id": "49068159", "name": "鍏版捣楂橀", "highway": "motorway" }, "geometry": { "type": "LineString", "coordinates": [ [ 108.5109954, 21.9647027 ], [ 108.5122397, 21.9632881 ], [ 108.5131739, 21.962405 ], [ 108.5146759, 21.9612284 ], [ 108.5158239, 21.9604635 ], [ 108.5174453, 21.9594647 ], [ 108.5185214, 21.9587584 ], [ 108.5192178, 21.9581914 ], [ 108.5200613, 21.9573771 ], [ 108.5209283, 21.9563823 ], [ 108.521863, 21.9554297 ], [ 108.5224433, 21.9549227 ], [ 108.52322, 21.9543384 ], [ 108.530502, 21.949954 ], [ 108.53179, 21.949267 ], [ 108.533249, 21.948624 ], [ 108.5396214, 21.946198 ] ] } },
{ "type": "Feature", "properties": { "osm_id": "591038113", "name": null, "highway": "primary" }, "geometry": { "type": "LineString", "coordinates": [ [ 108.5480436, 21.9580786 ], [ 108.5483032, 21.9576544 ] ] } },
{ "type": "Feature", "properties": { "osm_id": "591038112", "name": null, "highway": "primary" }, "geometry": { "type": "LineString", "coordinates": [ [ 108.5483032, 21.9576544 ], [ 108.5483515, 21.95775 ], [ 108.5481113, 21.9581321 ] ] } },
{ "type": "Feature", "properties": { "osm_id": "52768217", "name": null, "highway": "primary" }, "geometry": { "type": "LineString", "coordinates": [ [ 108.5522121, 21.9532505 ], [ 108.552137, 21.9534695 ], [ 108.5526051, 21.9546639 ], [ 108.5530216, 21.9555865 ], [ 108.5533117, 21.9561419 ], [ 108.5534817, 21.9563613 ], [ 108.5536738, 21.9565205 ], [ 108.554977, 21.9575217 ], [ 108.5571399, 21.9591846 ], [ 108.5596867, 21.9618173 ], [ 108.5643001, 21.9640462 ], [ 108.5655232, 21.9642054 ], [ 108.5672398, 21.9641059 ], [ 108.572497, 21.9637874 ], [ 108.5734776, 21.9631421 ], [ 108.5737249, 21.9630084 ], [ 108.5739452, 21.9629184 ], [ 108.5741039, 21.9628939 ], [ 108.5742684, 21.9629021 ], [ 108.574433, 21.9629212 ], [ 108.5745094, 21.9629157 ], [ 108.5745887, 21.9628939 ], [ 108.5746328, 21.9628367 ], [ 108.5747284, 21.9625685 ], [ 108.5747471, 21.9624257 ] ] } },
{ "type": "Feature", "properties": { "osm_id": "807619531", "name": "瑗跨幆鍗楄矾", "highway": "primary" }, "geometry": { "type": "LineString", "coordinates": [ [ 108.5613585, 21.9563794 ], [ 108.5614832, 21.9564235 ], [ 108.5632279, 21.9572104 ], [ 108.5747471, 21.9624257 ] ] } },
{ "type": "Feature", "properties": { "osm_id": "807619530", "name": "瑗跨幆鍗楄矾", "highway": "primary" }, "geometry": { "type": "LineString", "coordinates": [ [ 108.5747284, 21.9625685 ], [ 108.5614832, 21.9565774 ], [ 108.5613593, 21.9565201 ] ] } },
{ "type": "Feature", "properties": { "osm_id": "1370366540", "name": "鍏版捣楂橀", "highway": "motorway" }, "geometry": { "type": "LineString", "coordinates": [ [ 108.5163046, 21.9603784 ], [ 108.5159326, 21.9606078 ] ] } },
{ "type": "Feature", "properties": { "osm_id": "1370366541", "name": "鍏版捣楂橀", "highway": "motorway" }, "geometry": { "type": "LineString", "coordinates": [ [ 108.5159326, 21.9606078 ], [ 108.5147876, 21.961365 ], [ 108.5133022, 21.9625344 ], [ 108.5123797, 21.9634079 ], [ 108.5119267, 21.963899 ] ] } },
{ "type": "Feature", "properties": { "osm_id": "591038114", "name": null, "highway": "primary" }, "geometry": { "type": "LineString", "coordinates": [ [ 108.5414283, 21.9681025 ], [ 108.5445409, 21.9638643 ], [ 108.5459376, 21.9617846 ], [ 108.5479224, 21.9582821 ], [ 108.5480436, 21.9580786 ] ] } },
{ "type": "Feature", "properties": { "osm_id": "591038111", "name": null, "highway": "primary" }, "geometry": { "type": "LineString", "coordinates": [ [ 108.5481113, 21.9581321 ], [ 108.5479992, 21.9583205 ], [ 108.5460133, 21.9618249 ], [ 108.544614, 21.9639085 ], [ 108.541866, 21.9676253 ], [ 108.5414283, 21.9681025 ] ] } },
{ "type": "Feature", "properties": { "osm_id": "1370366543", "name": "鍏版捣楂橀", "highway": "motorway" }, "geometry": { "type": "LineString", "coordinates": [ [ 108.5119267, 21.963899 ], [ 108.5111945, 21.9647496 ] ] } },
{ "type": "Feature", "properties": { "osm_id": "49068161", "name": "鍏版捣楂橀", "highway": "motorway" }, "geometry": { "type": "LineString", "coordinates": [ [ 108.5099319, 21.965985 ], [ 108.5109954, 21.9647027 ] ] } },
{ "type": "Feature", "properties": { "osm_id": "48799134", "name": "鍏版捣楂橀", "highway": "motorway" }, "geometry": { "type": "LineString", "coordinates": [ [ 108.5111945, 21.9647496 ], [ 108.5101409, 21.9660232 ] ] } },
{ "type": "Feature", "properties": { "osm_id": "807619529", "name": "瑗跨幆鍗楄矾", "highway": "primary" }, "geometry": { "type": "LineString", "coordinates": [ [ 108.5747471, 21.9624257 ], [ 108.5769715, 21.9634087 ], [ 108.5807307, 21.9651041 ], [ 108.583675, 21.9664303 ], [ 108.5843907, 21.9667868 ], [ 108.5846338, 21.966911 ], [ 108.5852874, 21.9672374 ], [ 108.5858881, 21.9675865 ], [ 108.5862512, 21.9678794 ], [ 108.587256, 21.968595 ], [ 108.5880126, 21.9691399 ], [ 108.5886969, 21.9696699 ], [ 108.5896822, 21.9703476 ], [ 108.5911169, 21.9712708 ], [ 108.5919393, 21.9718231 ] ] } },
{ "type": "Feature", "properties": { "osm_id": "807619527", "name": "瑗跨幆鍗楄矾", "highway": "primary" }, "geometry": { "type": "LineString", "coordinates": [ [ 108.5918373, 21.9718917 ], [ 108.5912797, 21.9715448 ], [ 108.5895789, 21.9704532 ], [ 108.5892328, 21.9701369 ], [ 108.588687, 21.9698113 ], [ 108.5879658, 21.9692253 ], [ 108.5868885, 21.9685058 ], [ 108.5861454, 21.9679151 ], [ 108.5858176, 21.9676523 ], [ 108.5855685, 21.9675007 ], [ 108.5851995, 21.9673379 ], [ 108.5845695, 21.9670186 ], [ 108.5843099, 21.966887 ], [ 108.5836089, 21.9665658 ], [ 108.5818815, 21.9657914 ], [ 108.5814222, 21.9655842 ], [ 108.5747284, 21.9625685 ] ] } },
{ "type": "Feature", "properties": { "osm_id": "48799130", "name": "鍏版捣楂橀", "highway": "motorway" }, "geometry": { "type": "LineString", "coordinates": [ [ 108.5101409, 21.9660232 ], [ 108.508222152264494, 21.968303898422601 ] ] } },
{ "type": "Feature", "properties": { "osm_id": "229714262", "name": "鍏版捣楂橀", "highway": "motorway" }, "geometry": { "type": "LineString", "coordinates": [ [ 108.508073442595276, 21.968182771105084 ], [ 108.5086135, 21.9675304 ], [ 108.5099319, 21.965985 ] ] } },
{ "type": "Feature", "properties": { "osm_id": "395666094", "name": "閲戞捣婀捐タ澶ц", "highway": "primary" }, "geometry": { "type": "LineString", "coordinates": [ [ 108.5830719, 21.9464709 ], [ 108.5825418, 21.9464722 ] ] } },
{ "type": "Feature", "properties": { "osm_id": "1000207977", "name": null, "highway": "primary" }, "geometry": { "type": "LineString", "coordinates": [ [ 108.5614827, 21.946456 ], [ 108.5614828, 21.9465369 ] ] } },
{ "type": "Feature", "properties": { "osm_id": "1000207980", "name": "閲戞捣婀捐タ澶ц", "highway": "primary" }, "geometry": { "type": "LineString", "coordinates": [ [ 108.5825418, 21.9464722 ], [ 108.5808875, 21.9464811 ], [ 108.5790331, 21.946484 ], [ 108.5766547, 21.9464878 ], [ 108.5745425, 21.9464911 ], [ 108.5727137, 21.9464975 ], [ 108.5698055, 21.9465078 ], [ 108.5679267, 21.9465144 ], [ 108.5660463, 21.9465439 ], [ 108.5633513, 21.9465304 ], [ 108.5614828, 21.9465369 ] ] } },
{ "type": "Feature", "properties": { "osm_id": "395666090", "name": "閲戞捣婀捐タ澶ц", "highway": "primary" }, "geometry": { "type": "LineString", "coordinates": [ [ 108.5614828, 21.9465369 ], [ 108.5613026, 21.9465375 ], [ 108.5594567, 21.946544 ], [ 108.5578863, 21.9465555 ], [ 108.5553558, 21.9465761 ], [ 108.554839, 21.9465893 ] ] } },
{ "type": "Feature", "properties": { "osm_id": "1000207978", "name": null, "highway": "primary" }, "geometry": { "type": "LineString", "coordinates": [ [ 108.5613033, 21.9466851 ], [ 108.5613026, 21.9465375 ], [ 108.5613022, 21.9464566 ] ] } },
{ "type": "Feature", "properties": { "osm_id": "1000207985", "name": null, "highway": "motorway_link" }, "geometry": { "type": "LineString", "coordinates": [ [ 108.554839, 21.9465893 ], [ 108.5534651, 21.9466211 ] ] } },
{ "type": "Feature", "properties": { "osm_id": "1000207976", "name": null, "highway": "primary" }, "geometry": { "type": "LineString", "coordinates": [ [ 108.5614828, 21.9465369 ], [ 108.5614815, 21.9466838 ] ] } },
{ "type": "Feature", "properties": { "osm_id": "395666084", "name": null, "highway": "primary" }, "geometry": { "type": "LineString", "coordinates": [ [ 108.5513088, 21.9524283 ], [ 108.552407, 21.9505367 ], [ 108.553409, 21.9488106 ], [ 108.5543525, 21.9471853 ], [ 108.554498, 21.9471019 ], [ 108.5548781, 21.9469599 ], [ 108.5551489, 21.9469269 ], [ 108.5554372, 21.9468915 ], [ 108.555533, 21.9468636 ], [ 108.5556071, 21.946818 ], [ 108.5557221, 21.9467202 ] ] } },
{ "type": "Feature", "properties": { "osm_id": "666287865", "name": null, "highway": "primary" }, "geometry": { "type": "LineString", "coordinates": [ [ 108.5613593, 21.9565201 ], [ 108.5613585, 21.9563794 ], [ 108.5613486, 21.9546387 ], [ 108.5613105, 21.9479367 ], [ 108.5613033, 21.9466851 ] ] } },
{ "type": "Feature", "properties": { "osm_id": "666287864", "name": null, "highway": "primary" }, "geometry": { "type": "LineString", "coordinates": [ [ 108.5614815, 21.9466838 ], [ 108.5614817, 21.9471911 ], [ 108.5614831, 21.9542733 ], [ 108.5614832, 21.9564235 ], [ 108.5614832, 21.9565774 ] ] } },
{ "type": "Feature", "properties": { "osm_id": "918754962", "name": "瀹夊窞澶ч亾", "highway": "primary" }, "geometry": { "type": "LineString", "coordinates": [ [ 108.625891, 21.9534022 ], [ 108.6259722, 21.95308 ], [ 108.6260191, 21.9525213 ], [ 108.6260447, 21.9517504 ], [ 108.6261116, 21.9513164 ], [ 108.6261606, 21.9509982 ] ] } },
{ "type": "Feature", "properties": { "osm_id": "918754963", "name": "瀹夊窞澶ч亾", "highway": "primary" }, "geometry": { "type": "LineString", "coordinates": [ [ 108.626335, 21.9509976 ], [ 108.6263771, 21.9513333 ], [ 108.6264391, 21.9518277 ], [ 108.6264442, 21.9525137 ], [ 108.6264293, 21.9531218 ], [ 108.6265333, 21.9535714 ], [ 108.6265659, 21.9537991 ] ] } },
{ "type": "Feature", "properties": { "osm_id": "918765920", "name": "鍗楃彔涓滃ぇ琛", "highway": "secondary" }, "geometry": { "type": "LineString", "coordinates": [ [ 108.6370285, 21.9529981 ], [ 108.6400721, 21.9530132 ] ] } },
{ "type": "Feature", "properties": { "osm_id": "905143194", "name": "鍗楃彔涓滃ぇ琛", "highway": "secondary" }, "geometry": { "type": "LineString", "coordinates": [ [ 108.6400721, 21.9530132 ], [ 108.6402507, 21.9530209 ] ] } },
{ "type": "Feature", "properties": { "osm_id": "905143192", "name": "鍗楃彔涓滃ぇ琛", "highway": "secondary" }, "geometry": { "type": "LineString", "coordinates": [ [ 108.6265333, 21.9535714 ], [ 108.6270972, 21.9535154 ], [ 108.6275733, 21.9534428 ], [ 108.6290249, 21.9532215 ], [ 108.6300496, 21.9530653 ], [ 108.6306253, 21.9529775 ], [ 108.6312296, 21.9529486 ], [ 108.631993, 21.9529394 ], [ 108.6334131, 21.9529566 ], [ 108.6343113, 21.9529664 ], [ 108.6370285, 21.9529981 ] ] } },
{ "type": "Feature", "properties": { "osm_id": "226254313", "name": "鍗楃彔涓滃ぇ琛", "highway": "secondary" }, "geometry": { "type": "LineString", "coordinates": [ [ 108.6847233, 21.9529576 ], [ 108.6846084, 21.952957 ], [ 108.684199, 21.952955 ], [ 108.6832553, 21.9529553 ], [ 108.6827176, 21.9529612 ], [ 108.6811824, 21.9529872 ], [ 108.6807493, 21.952989 ], [ 108.6787264, 21.9529976 ], [ 108.6776721, 21.9530021 ], [ 108.676473, 21.9530072 ], [ 108.6751427, 21.9530128 ], [ 108.6697042, 21.9530359 ], [ 108.6695553, 21.9530394 ], [ 108.6661561, 21.9530572 ], [ 108.6627227, 21.9530751 ], [ 108.6593682, 21.9530926 ], [ 108.6561023, 21.9531097 ], [ 108.6559291, 21.9531073 ], [ 108.6515682, 21.9531706 ], [ 108.6493648, 21.9531771 ], [ 108.6457833, 21.953146 ], [ 108.6430655, 21.9531453 ], [ 108.6410851, 21.9531312 ], [ 108.6402547, 21.9531254 ], [ 108.6400776, 21.9531266 ], [ 108.6395904, 21.9531175 ], [ 108.6370245, 21.9531166 ], [ 108.6364499, 21.9531146 ], [ 108.6362903, 21.953114 ], [ 108.6352104, 21.9531102 ], [ 108.6334162, 21.9530862 ], [ 108.6322735, 21.9530709 ], [ 108.6312243, 21.9530569 ], [ 108.6308126, 21.9530868 ], [ 108.6306519, 21.9530985 ], [ 108.6289089, 21.953366 ], [ 108.628438, 21.9534382 ], [ 108.6271216, 21.9536191 ], [ 108.6265659, 21.9537991 ] ] } },
{ "type": "Feature", "properties": { "osm_id": "700505738", "name": "閽︽睙澶фˉ", "highway": "secondary" }, "geometry": { "type": "LineString", "coordinates": [ [ 108.6251767, 21.9562553 ], [ 108.6255759, 21.9550367 ], [ 108.6260236, 21.9537576 ], [ 108.6261821, 21.9528475 ], [ 108.626188, 21.9518251 ] ] } },
{ "type": "Feature", "properties": { "osm_id": "918754960", "name": "閽︽睙澶фˉ", "highway": "secondary" }, "geometry": { "type": "LineString", "coordinates": [ [ 108.6262948, 21.9518261 ], [ 108.6262934, 21.9528438 ], [ 108.6261258, 21.9538028 ], [ 108.625702, 21.9550566 ], [ 108.6252506, 21.9562767 ] ] } },
{ "type": "Feature", "properties": { "osm_id": "311209586", "name": "鍗楃彔瑗垮ぇ琛", "highway": "secondary" }, "geometry": { "type": "LineString", "coordinates": [ [ 108.6254252, 21.9556297 ], [ 108.6252272, 21.955492 ], [ 108.6255008, 21.9545366 ], [ 108.6256671, 21.9539745 ], [ 108.6257082, 21.9538446 ], [ 108.625891, 21.9534022 ], [ 108.6265333, 21.9535714 ] ] } },
{ "type": "Feature", "properties": { "osm_id": "700365386", "name": "鍗楃彔瑗垮ぇ琛", "highway": "secondary" }, "geometry": { "type": "LineString", "coordinates": [ [ 108.6265659, 21.9537991 ], [ 108.626598, 21.9540231 ], [ 108.626347, 21.9542854 ], [ 108.62604, 21.9546959 ], [ 108.6256269, 21.9556188 ], [ 108.6254252, 21.9556297 ] ] } },
{ "type": "Feature", "properties": { "osm_id": "1342442927", "name": "鐢橀挦绾", "highway": "trunk" }, "geometry": { "type": "LineString", "coordinates": [ [ 108.6861279, 21.942703 ], [ 108.686316, 21.9426217 ] ] } },
{ "type": "Feature", "properties": { "osm_id": "375401772", "name": null, "highway": "secondary" }, "geometry": { "type": "LineString", "coordinates": [ [ 108.6891582, 21.9392966 ], [ 108.6897517, 21.9399753 ], [ 108.690803, 21.9411438 ], [ 108.6917151, 21.9421155 ], [ 108.6920475, 21.9423825 ], [ 108.692305, 21.9424759 ], [ 108.6926725, 21.9425171 ], [ 108.693232, 21.9425671 ], [ 108.693541, 21.9426583 ], [ 108.6938055, 21.9427951 ], [ 108.6940021, 21.9429666 ], [ 108.69493, 21.9443705 ], [ 108.6954848, 21.9452152 ], [ 108.6964749, 21.9463008 ], [ 108.6968331, 21.9466351 ], [ 108.6977343, 21.9475405 ], [ 108.6984676, 21.9486507 ], [ 108.6988726, 21.9491233 ], [ 108.6994788, 21.9496731 ], [ 108.699908, 21.9499891 ], [ 108.7001494, 21.9501309 ], [ 108.7005034, 21.9502155 ], [ 108.7007663, 21.950203 ], [ 108.7010828, 21.9501359 ], [ 108.7015414, 21.9500388 ], [ 108.7018231, 21.950004 ], [ 108.7020886, 21.9500289 ], [ 108.7026063, 21.9501309 ], [ 108.7028798, 21.950218 ], [ 108.7034941, 21.9504842 ], [ 108.7041222, 21.9508141 ], [ 108.70435, 21.9508753 ], [ 108.7045659, 21.9508741 ], [ 108.7047078, 21.9508426 ], [ 108.7049425, 21.9507242 ], [ 108.7052348, 21.9505277 ], [ 108.7058752, 21.9500022 ], [ 108.7063713, 21.9495474 ], [ 108.7070721, 21.9488634 ], [ 108.7072398, 21.9487365 ], [ 108.7099367, 21.947046 ], [ 108.7106891, 21.9465808 ], [ 108.7108514, 21.9465211 ], [ 108.7110431, 21.9464775 ], [ 108.7113261, 21.9464253 ], [ 108.7115514, 21.9463644 ], [ 108.7117177, 21.9462997 ], [ 108.7119645, 21.9461666 ], [ 108.7121469, 21.9460758 ], [ 108.7122968, 21.9460432 ], [ 108.712391, 21.946036 ], [ 108.7125251, 21.9460621 ], [ 108.7126283, 21.9461255 ], [ 108.7128684, 21.9463146 ], [ 108.7130012, 21.9463967 ], [ 108.7131447, 21.9464489 ], [ 108.7134317, 21.9465397 ], [ 108.7135617, 21.9466044 ], [ 108.7140378, 21.9469863 ], [ 108.7141934, 21.9470734 ], [ 108.7144053, 21.9471605 ], [ 108.7146521, 21.94725 ], [ 108.7151349, 21.9473446 ], [ 108.7161407, 21.9476045 ], [ 108.7162386, 21.947673 ], [ 108.7163164, 21.9477886 ], [ 108.7163512, 21.9479267 ], [ 108.7163633, 21.9483404 ], [ 108.7164237, 21.948678 ], [ 108.7165108, 21.9489106 ], [ 108.71659, 21.9490288 ], [ 108.7166624, 21.9490798 ], [ 108.7167938, 21.9491022 ], [ 108.7175193, 21.9491408 ], [ 108.7184179, 21.9491719 ], [ 108.7185641, 21.9492042 ], [ 108.7186673, 21.9492527 ], [ 108.718784, 21.9493559 ], [ 108.7191997, 21.9499008 ], [ 108.7195826, 21.9503472 ], [ 108.7197816, 21.9504927 ], [ 108.7199655, 21.9505837 ], [ 108.7200755, 21.9506061 ], [ 108.7202311, 21.9506061 ], [ 108.7213334, 21.9503772 ], [ 108.7216151, 21.9503274 ], [ 108.7229159, 21.9502329 ], [ 108.7246862, 21.950106 ], [ 108.7261829, 21.9500737 ], [ 108.7280497, 21.9500413 ], [ 108.7284332, 21.9500165 ], [ 108.7286264, 21.9499841 ], [ 108.7288302, 21.949912 ], [ 108.7290207, 21.9497851 ], [ 108.7291977, 21.9496134 ], [ 108.7296241, 21.9491383 ], [ 108.7297475, 21.948979 ], [ 108.7298414, 21.948795 ], [ 108.7302276, 21.9477998 ], [ 108.7303725, 21.9474515 ], [ 108.7304985, 21.9472177 ], [ 108.7306541, 21.947046 ], [ 108.7308982, 21.946847 ], [ 108.7319183, 21.9462066 ], [ 108.7321776, 21.9460583 ], [ 108.7325129, 21.9459265 ], [ 108.7330976, 21.9457573 ], [ 108.7362362, 21.9449963 ], [ 108.736441, 21.9449239 ], [ 108.7366515, 21.9448206 ], [ 108.7368567, 21.944705 ], [ 108.7370579, 21.9445731 ], [ 108.7372255, 21.9444475 ], [ 108.7374308, 21.9442416 ], [ 108.7391279, 21.9421518 ], [ 108.7401827, 21.9408325 ], [ 108.7402792, 21.940682 ], [ 108.7403584, 21.9405278 ], [ 108.740416, 21.9403623 ], [ 108.7404536, 21.9401969 ], [ 108.7404817, 21.9400078 ], [ 108.7404858, 21.9398498 ], [ 108.7404241, 21.9391109 ], [ 108.7404402, 21.9389429 ], [ 108.7404831, 21.9388048 ], [ 108.7405474, 21.938663 ], [ 108.7411912, 21.9377524 ], [ 108.7413079, 21.9375658 ], [ 108.7414205, 21.9373481 ], [ 108.7416847, 21.9367274 ], [ 108.7417665, 21.9365694 ], [ 108.7418845, 21.9364089 ], [ 108.7420294, 21.9362783 ], [ 108.7432538, 21.9355754 ], [ 108.7434, 21.935461 ], [ 108.743581, 21.9352719 ], [ 108.7437035, 21.9350907 ] ] } },
{ "type": "Feature", "properties": { "osm_id": "904606378", "name": "钃鑾卞崡澶ч亾", "highway": "secondary" }, "geometry": { "type": "LineString", "coordinates": [ [ 108.6559291, 21.9531073 ], [ 108.6559315, 21.9529621 ], [ 108.6559369, 21.9522378 ], [ 108.6559636, 21.9483813 ], [ 108.6558801, 21.942128 ], [ 108.6558641, 21.9414 ], [ 108.6558657, 21.9411779 ] ] } },
{ "type": "Feature", "properties": { "osm_id": "395668246", "name": "钃鑾卞崡澶ч亾", "highway": "secondary" }, "geometry": { "type": "LineString", "coordinates": [ [ 108.6560319, 21.9411795 ], [ 108.6560319, 21.941399 ], [ 108.6560303, 21.9421349 ], [ 108.6560697, 21.947021 ], [ 108.6560911, 21.9483808 ], [ 108.6561082, 21.9494678 ], [ 108.6560996, 21.9529607 ], [ 108.6561023, 21.9531097 ] ] } },
{ "type": "Feature", "properties": { "osm_id": "1342442929", "name": null, "highway": "trunk" }, "geometry": { "type": "LineString", "coordinates": [ [ 108.686316, 21.9426217 ], [ 108.6862563, 21.9427673 ], [ 108.6861714, 21.9428641 ], [ 108.6858936, 21.9432076 ], [ 108.6853254, 21.9439063 ], [ 108.6851034, 21.9441902 ], [ 108.6846736, 21.9447963 ], [ 108.6844141, 21.9451926 ], [ 108.6841562, 21.9456684 ], [ 108.6838671, 21.9463826 ], [ 108.6837335, 21.9469085 ], [ 108.6836942, 21.9471391 ], [ 108.6836672, 21.9472956 ], [ 108.6836212, 21.9476259 ], [ 108.6835948, 21.9481163 ], [ 108.6836149, 21.9485406 ], [ 108.6836611, 21.9489936 ], [ 108.6837711, 21.949591 ], [ 108.6840242, 21.950486 ], [ 108.684314, 21.9515248 ], [ 108.6846792, 21.9528042 ], [ 108.6847233, 21.9529576 ], [ 108.6848295, 21.9533418 ], [ 108.6852059, 21.9547496 ] ] } },
{ "type": "Feature", "properties": { "osm_id": "395668249", "name": "鍗楃彔涓滃ぇ琛", "highway": "secondary" }, "geometry": { "type": "LineString", "coordinates": [ [ 108.6402507, 21.9530209 ], [ 108.6408446, 21.95304 ], [ 108.6430721, 21.9530196 ], [ 108.644013, 21.9530083 ], [ 108.645384, 21.9529764 ], [ 108.6457783, 21.9529753 ], [ 108.6487234, 21.9529666 ], [ 108.6493671, 21.9529647 ], [ 108.651568, 21.9529582 ], [ 108.6550444, 21.9529715 ], [ 108.6559315, 21.9529621 ], [ 108.6560996, 21.9529607 ], [ 108.6593674, 21.9529487 ], [ 108.6627223, 21.9529363 ], [ 108.6661551, 21.9529236 ], [ 108.6695547, 21.952911 ], [ 108.6697037, 21.952911 ], [ 108.6751436, 21.9528889 ], [ 108.6811777, 21.9528643 ], [ 108.6814912, 21.9528386 ], [ 108.6845666, 21.9528054 ], [ 108.6846792, 21.9528042 ] ] } },
{ "type": "Feature", "properties": { "osm_id": "1001375933", "name": "钃鑾卞寳澶ч亾", "highway": "secondary" }, "geometry": { "type": "LineString", "coordinates": [ [ 108.6561023, 21.9531097 ], [ 108.6561041, 21.9559103 ], [ 108.6561042, 21.9560089 ], [ 108.656106, 21.9589056 ], [ 108.6561131, 21.959566 ], [ 108.6561226, 21.9647016 ] ] } },
{ "type": "Feature", "properties": { "osm_id": "1001375958", "name": "钃鑾卞寳澶ч亾", "highway": "secondary" }, "geometry": { "type": "LineString", "coordinates": [ [ 108.6559865, 21.9655939 ], [ 108.6559749, 21.9647945 ], [ 108.6559736, 21.9647034 ], [ 108.6559855, 21.9595667 ], [ 108.6559807, 21.9588117 ], [ 108.6559631, 21.9560114 ], [ 108.6559626, 21.9559112 ], [ 108.6559291, 21.9531073 ] ] } },
{ "type": "Feature", "properties": { "osm_id": "807605688", "name": "鐜鍩庝笢璺", "highway": "primary" }, "geometry": { "type": "LineString", "coordinates": [ [ 108.6696563, 21.9411354 ], [ 108.6696573, 21.9413301 ], [ 108.6696604, 21.9421046 ], [ 108.6697037, 21.952911 ], [ 108.6697042, 21.9530359 ], [ 108.6697274, 21.9588384 ], [ 108.6697496, 21.9643784 ], [ 108.6697835, 21.9646422 ], [ 108.6698005, 21.9647831 ], [ 108.6698172, 21.9649043 ], [ 108.6698907, 21.9653594 ], [ 108.6705301, 21.9685407 ], [ 108.6705479, 21.968629 ], [ 108.670825, 21.9700081 ], [ 108.6708985, 21.9704059 ], [ 108.6709514, 21.9707656 ], [ 108.6709896, 21.9712479 ], [ 108.6709984, 21.9716267 ], [ 108.6709808, 21.972049 ], [ 108.6709308, 21.9724932 ], [ 108.6708456, 21.9729591 ], [ 108.6707193, 21.9734305 ], [ 108.6705547, 21.9739074 ], [ 108.670352, 21.9743842 ], [ 108.6701316, 21.9748093 ], [ 108.6698495, 21.9752507 ], [ 108.6696568, 21.9755179 ], [ 108.6695116, 21.9757193 ], [ 108.6692442, 21.9760245 ], [ 108.6689651, 21.9763188 ], [ 108.6685714, 21.9767084 ], [ 108.6681159, 21.9771035 ], [ 108.6680284, 21.9771721 ], [ 108.6677751, 21.9773706 ], [ 108.6674137, 21.9776212 ], [ 108.6671786, 21.9777765 ], [ 108.6666086, 21.9781199 ], [ 108.6660885, 21.9784332 ], [ 108.6658393, 21.9786095 ] ] } },
{ "type": "Feature", "properties": { "osm_id": "910588904", "name": "鐜鍩庝笢璺", "highway": "primary" }, "geometry": { "type": "LineString", "coordinates": [ [ 108.6645985, 21.9792831 ], [ 108.6650731, 21.978904 ], [ 108.6654861, 21.9786124 ], [ 108.6656781, 21.9784769 ], [ 108.6658962, 21.9783229 ], [ 108.6664982, 21.9779555 ], [ 108.6671125, 21.9776337 ], [ 108.6673182, 21.9775226 ], [ 108.6676622, 21.9772834 ], [ 108.6680124, 21.97701 ], [ 108.6684546, 21.976634 ], [ 108.6688462, 21.9762433 ], [ 108.6691134, 21.9759499 ], [ 108.6693714, 21.9756366 ], [ 108.6695291, 21.9754186 ], [ 108.6697154, 21.975161 ], [ 108.6699887, 21.9747508 ], [ 108.670216, 21.9743492 ], [ 108.6704187, 21.9738593 ], [ 108.6705753, 21.9734036 ], [ 108.6707013, 21.9729365 ], [ 108.6707903, 21.9724808 ], [ 108.6708395, 21.972045 ], [ 108.6708579, 21.9716292 ], [ 108.6708518, 21.9712475 ], [ 108.6708149, 21.9707946 ], [ 108.6707627, 21.9704272 ], [ 108.6706859, 21.9700398 ], [ 108.6704023, 21.9686302 ], [ 108.6703844, 21.9685412 ], [ 108.6697469, 21.9653727 ], [ 108.6696762, 21.9649112 ], [ 108.6696598, 21.964786 ], [ 108.6696412, 21.9646443 ], [ 108.6696087, 21.9643957 ], [ 108.6695401, 21.9588329 ], [ 108.6695553, 21.9530394 ], [ 108.6695547, 21.952911 ], [ 108.6695039, 21.9421096 ], [ 108.6695002, 21.9413291 ], [ 108.6694975, 21.941136 ] ] } },
{ "type": "Feature", "properties": { "osm_id": "1001375936", "name": "鏉ㄥ竼鍖楀ぇ閬", "highway": "secondary" }, "geometry": { "type": "LineString", "coordinates": [ [ 108.6402336, 21.9473687 ], [ 108.6402435, 21.9497012 ], [ 108.6402402, 21.9513169 ], [ 108.6402277, 21.952438 ], [ 108.6402507, 21.9530209 ], [ 108.6402547, 21.9531254 ], [ 108.6402602, 21.9537579 ], [ 108.6402792, 21.9559648 ], [ 108.6402805, 21.9560622 ], [ 108.6403157, 21.9587523 ], [ 108.6403412, 21.9589195 ], [ 108.6403988, 21.9590141 ], [ 108.6406036, 21.9593524 ], [ 108.6421953, 21.9616379 ], [ 108.6423183, 21.961815 ], [ 108.642852, 21.9625587 ], [ 108.6434763, 21.9634288 ], [ 108.6436878, 21.9637236 ], [ 108.6439351, 21.9640682 ] ] } },
{ "type": "Feature", "properties": { "osm_id": "807888648", "name": "绮ゆ傚寳璺", "highway": "secondary" }, "geometry": { "type": "LineString", "coordinates": [ [ 108.6457833, 21.953146 ], [ 108.6458292, 21.9533264 ], [ 108.6458313, 21.9543632 ], [ 108.6458327, 21.9551421 ], [ 108.6458344, 21.955958 ], [ 108.6458346, 21.9560429 ], [ 108.6458364, 21.95694 ], [ 108.6458402, 21.9574908 ], [ 108.6458498, 21.9588572 ] ] } },
{ "type": "Feature", "properties": { "osm_id": "698931441", "name": "绮ゆ傚寳璺", "highway": "secondary" }, "geometry": { "type": "LineString", "coordinates": [ [ 108.6457285, 21.9588579 ], [ 108.6457264, 21.9574902 ], [ 108.6457256, 21.9569423 ], [ 108.645724, 21.9560429 ], [ 108.6457239, 21.9559581 ], [ 108.6457193, 21.9551347 ], [ 108.6457193, 21.9543237 ], [ 108.6457193, 21.9533279 ], [ 108.6457833, 21.953146 ] ] } },
{ "type": "Feature", "properties": { "osm_id": "947766770", "name": "閽︽睙澶фˉ", "highway": "secondary" }, "geometry": { "type": "LineString", "coordinates": [ [ 108.6246129, 21.9579307 ], [ 108.6251767, 21.9562553 ] ] } },
{ "type": "Feature", "properties": { "osm_id": "311201402", "name": "閽︽睙澶фˉ", "highway": "secondary" }, "geometry": { "type": "LineString", "coordinates": [ [ 108.6252506, 21.9562767 ], [ 108.6246868, 21.9579521 ] ] } },
{ "type": "Feature", "properties": { "osm_id": "925533721", "name": "鏉ㄥ竼鍖楀ぇ閬", "highway": "secondary" }, "geometry": { "type": "LineString", "coordinates": [ [ 108.6441718, 21.9649519 ], [ 108.6441568, 21.9648137 ], [ 108.6440188, 21.9645992 ], [ 108.6437243, 21.9641413 ], [ 108.6420071, 21.9617398 ], [ 108.6404375, 21.9594578 ], [ 108.6402147, 21.9591117 ], [ 108.6401532, 21.9589683 ], [ 108.6401156, 21.9587506 ], [ 108.6400762, 21.9560624 ], [ 108.6400748, 21.9559649 ], [ 108.6400758, 21.95362 ], [ 108.6400776, 21.9531266 ], [ 108.6400721, 21.9530132 ] ] } },
{ "type": "Feature", "properties": { "osm_id": "1462222109", "name": "閽︽睙澶фˉ", "highway": "secondary" }, "geometry": { "type": "LineString", "coordinates": [ [ 108.6231471, 21.962326 ], [ 108.6243768, 21.9586476 ], [ 108.6246129, 21.9579307 ] ] } },
{ "type": "Feature", "properties": { "osm_id": "1460281604", "name": "閽︽睙澶фˉ", "highway": "secondary" }, "geometry": { "type": "LineString", "coordinates": [ [ 108.6246868, 21.9579521 ], [ 108.6244509, 21.9586687 ], [ 108.6232211, 21.9623473 ] ] } },
{ "type": "Feature", "properties": { "osm_id": "807619522", "name": "鍖楅儴婀惧ぇ閬", "highway": "primary" }, "geometry": { "type": "LineString", "coordinates": [ [ 108.6070677, 21.9792593 ], [ 108.607091, 21.979104 ], [ 108.6072753, 21.9780548 ], [ 108.6078119, 21.9740301 ], [ 108.6078235, 21.9739423 ], [ 108.6080774, 21.9719288 ], [ 108.6078959, 21.965318 ], [ 108.6077367, 21.963698 ], [ 108.6075878, 21.962137 ], [ 108.6073432, 21.959657 ], [ 108.6073297, 21.9595204 ], [ 108.6072634, 21.958848 ], [ 108.6068925, 21.9550874 ], [ 108.6068767, 21.9549246 ], [ 108.6066125, 21.9515442 ], [ 108.606125, 21.94958 ], [ 108.6054298, 21.9467786 ], [ 108.6049811, 21.9449826 ], [ 108.6049483, 21.9448514 ] ] } },
{ "type": "Feature", "properties": { "osm_id": "226254315", "name": "鍖楅儴婀惧ぇ閬", "highway": "primary" }, "geometry": { "type": "LineString", "coordinates": [ [ 108.6051382, 21.9448183 ], [ 108.6051741, 21.9449505 ], [ 108.6056418, 21.9467838 ], [ 108.6063276, 21.9495691 ], [ 108.6067789, 21.9515193 ], [ 108.6068468, 21.9521864 ], [ 108.607049, 21.9550613 ], [ 108.6072719, 21.9571536 ], [ 108.6073426, 21.9578167 ], [ 108.6073872, 21.9581941 ], [ 108.6074239, 21.9585647 ], [ 108.6075177, 21.9595724 ], [ 108.607619, 21.9605755 ], [ 108.6076967, 21.9612989 ], [ 108.6077375, 21.9617448 ], [ 108.6078112, 21.9624039 ], [ 108.6078424, 21.962799 ], [ 108.6078792, 21.9632306 ], [ 108.6079168, 21.9636164 ], [ 108.6079956, 21.9643654 ], [ 108.6080402, 21.9647927 ], [ 108.6080832, 21.9653097 ], [ 108.6081263, 21.966894 ], [ 108.6082718, 21.9718728 ], [ 108.6079627, 21.9739103 ], [ 108.6079525, 21.9739785 ], [ 108.6074222, 21.9780714 ], [ 108.6072095, 21.9791668 ], [ 108.607185, 21.979326 ] ] } },
{ "type": "Feature", "properties": { "osm_id": "807985887", "name": "鍗楃彔瑗垮ぇ琛", "highway": "secondary" }, "geometry": { "type": "LineString", "coordinates": [ [ 108.6209042, 21.9645207 ], [ 108.6210547, 21.9645526 ], [ 108.6211744, 21.9645431 ], [ 108.6212961, 21.9644882 ], [ 108.621638, 21.9643 ], [ 108.6219697, 21.9641175 ], [ 108.6221183, 21.9640355 ], [ 108.6222626, 21.9639445 ], [ 108.6224696, 21.963795 ], [ 108.6226021, 21.9636601 ], [ 108.6227115, 21.9635106 ], [ 108.6227946, 21.9633448 ], [ 108.6228653, 21.9631686 ], [ 108.6231471, 21.962326 ] ] } },
{ "type": "Feature", "properties": { "osm_id": "375401790", "name": "鍗楃彔瑗垮ぇ琛", "highway": "secondary" }, "geometry": { "type": "LineString", "coordinates": [ [ 108.6232211, 21.9623473 ], [ 108.6229383, 21.9631931 ], [ 108.6228655, 21.9633737 ], [ 108.6227789, 21.9635474 ], [ 108.6226636, 21.9637037 ], [ 108.622524, 21.9638471 ], [ 108.6223082, 21.9640027 ], [ 108.6221629, 21.9640943 ], [ 108.6220128, 21.9641774 ], [ 108.6216748, 21.9643634 ], [ 108.6213445, 21.9645577 ], [ 108.6212361, 21.9646525 ], [ 108.6211596, 21.9647309 ], [ 108.6210646, 21.9648342 ] ] } },
{ "type": "Feature", "properties": { "osm_id": "226254330", "name": "鏉ㄥ竼鍖楀ぇ閬", "highway": "secondary" }, "geometry": { "type": "LineString", "coordinates": [ [ 108.6439351, 21.9640682 ], [ 108.6443721, 21.9647657 ] ] } },
{ "type": "Feature", "properties": { "osm_id": "1462222108", "name": null, "highway": "secondary" }, "geometry": { "type": "LineString", "coordinates": [ [ 108.6205601, 21.9645902 ], [ 108.6206301, 21.9645351 ], [ 108.620715, 21.9645029 ], [ 108.6208065, 21.9644967 ], [ 108.6209042, 21.9645207 ] ] } },
{ "type": "Feature", "properties": { "osm_id": "1487202029", "name": null, "highway": "secondary" }, "geometry": { "type": "LineString", "coordinates": [ [ 108.6204906, 21.9647454 ], [ 108.6205121, 21.9646627 ], [ 108.6205601, 21.9645902 ] ] } },
{ "type": "Feature", "properties": { "osm_id": "1487202033", "name": null, "highway": "secondary" }, "geometry": { "type": "LineString", "coordinates": [ [ 108.6209042, 21.9645207 ], [ 108.6209872, 21.9645741 ], [ 108.6210456, 21.9646505 ], [ 108.6210725, 21.9647408 ], [ 108.6210646, 21.9648342 ] ] } },
{ "type": "Feature", "properties": { "osm_id": "1001375934", "name": "瀛愭潗涓滃ぇ琛", "highway": "secondary" }, "geometry": { "type": "LineString", "coordinates": [ [ 108.6451516, 21.9647019 ], [ 108.6464172, 21.9646989 ], [ 108.6481381, 21.9646949 ], [ 108.6489558, 21.9646929 ], [ 108.6493983, 21.9646919 ], [ 108.6515586, 21.9647214 ], [ 108.6559736, 21.9647034 ], [ 108.6561226, 21.9647016 ] ] } },
{ "type": "Feature", "properties": { "osm_id": "1462222106", "name": "瀛愭潗涓滃ぇ琛", "highway": "secondary" }, "geometry": { "type": "LineString", "coordinates": [ [ 108.6443721, 21.9647657 ], [ 108.6451516, 21.9647019 ] ] } },
{ "type": "Feature", "properties": { "osm_id": "1487202030", "name": null, "highway": "secondary" }, "geometry": { "type": "LineString", "coordinates": [ [ 108.620593, 21.9649733 ], [ 108.6205331, 21.9649088 ], [ 108.6204979, 21.9648302 ], [ 108.6204906, 21.9647454 ] ] } },
{ "type": "Feature", "properties": { "osm_id": "807985888", "name": null, "highway": "secondary" }, "geometry": { "type": "LineString", "coordinates": [ [ 108.620593, 21.9649733 ], [ 108.6204773, 21.9649581 ], [ 108.6202825, 21.9649826 ], [ 108.6204271, 21.9648475 ], [ 108.6204906, 21.9647454 ] ] } },
{ "type": "Feature", "properties": { "osm_id": "1001375955", "name": "瀛愭潗涓滃ぇ琛", "highway": "secondary" }, "geometry": { "type": "LineString", "coordinates": [ [ 108.6552465, 21.9648029 ], [ 108.6516337, 21.9648447 ], [ 108.6515177, 21.9648447 ], [ 108.6494453, 21.9648384 ], [ 108.6493467, 21.9648388 ], [ 108.6486754, 21.9648415 ], [ 108.6477729, 21.9648451 ], [ 108.6471803, 21.9648474 ], [ 108.645165, 21.9648554 ], [ 108.6443945, 21.9648933 ], [ 108.6441718, 21.9649519 ] ] } },
{ "type": "Feature", "properties": { "osm_id": "1487202032", "name": null, "highway": "secondary" }, "geometry": { "type": "LineString", "coordinates": [ [ 108.6210646, 21.9648342 ], [ 108.6210228, 21.9649195 ], [ 108.6209861, 21.9649544 ] ] } },
{ "type": "Feature", "properties": { "osm_id": "1487202031", "name": null, "highway": "secondary" }, "geometry": { "type": "LineString", "coordinates": [ [ 108.6206714, 21.9650174 ], [ 108.620593, 21.9649733 ] ] } },
{ "type": "Feature", "properties": { "osm_id": "807985886", "name": null, "highway": "secondary" }, "geometry": { "type": "LineString", "coordinates": [ [ 108.6209861, 21.9649544 ], [ 108.6209522, 21.9649865 ], [ 108.6208612, 21.9650272 ], [ 108.6207608, 21.9650368 ], [ 108.6206714, 21.9650174 ] ] } },
{ "type": "Feature", "properties": { "osm_id": "1001375954", "name": "瀛愭潗涓滃ぇ琛", "highway": "secondary" }, "geometry": { "type": "LineString", "coordinates": [ [ 108.6441718, 21.9649519 ], [ 108.6438893, 21.965066 ], [ 108.6433594, 21.9652668 ] ] } },
{ "type": "Feature", "properties": { "osm_id": "912683279", "name": "鍗楃彔瑗垮ぇ琛", "highway": "secondary" }, "geometry": { "type": "LineString", "coordinates": [ [ 108.6187172, 21.965713 ], [ 108.6202825, 21.9649826 ] ] } },
{ "type": "Feature", "properties": { "osm_id": "1001375935", "name": "瀛愭潗涓滃ぇ琛", "highway": "secondary" }, "geometry": { "type": "LineString", "coordinates": [ [ 108.6413772, 21.9660089 ], [ 108.6428747, 21.9653248 ], [ 108.6432958, 21.9651324 ], [ 108.6438477, 21.9649446 ], [ 108.6441568, 21.9648137 ], [ 108.6443721, 21.9647657 ] ] } },
{ "type": "Feature", "properties": { "osm_id": "1462222115", "name": "鏉ㄥ竼鍖楀ぇ閬", "highway": "secondary" }, "geometry": { "type": "LineString", "coordinates": [ [ 108.6441735, 21.9658234 ], [ 108.6441718, 21.9649519 ] ] } },
{ "type": "Feature", "properties": { "osm_id": "1462222114", "name": "瀛愭潗涓滃ぇ琛", "highway": "secondary" }, "geometry": { "type": "LineString", "coordinates": [ [ 108.6433594, 21.9652668 ], [ 108.64144, 21.9661366 ] ] } },
{ "type": "Feature", "properties": { "osm_id": "912768843", "name": "瀛愭潗澶фˉ", "highway": "secondary" }, "geometry": { "type": "LineString", "coordinates": [ [ 108.6398942, 21.9666873 ], [ 108.6413772, 21.9660089 ] ] } },
{ "type": "Feature", "properties": { "osm_id": "375401690", "name": "鍏閽﹂珮閫", "highway": "motorway" }, "geometry": { "type": "LineString", "coordinates": [ [ 108.729077, 21.9734482 ], [ 108.7310454, 21.9678414 ], [ 108.7320933, 21.9647918 ], [ 108.7322011, 21.9631502 ], [ 108.7322645, 21.9610346 ], [ 108.731929, 21.9532631 ], [ 108.7316135, 21.9505964 ], [ 108.7311161, 21.9491588 ], [ 108.7309189, 21.9487671 ] ] } },
{ "type": "Feature", "properties": { "osm_id": "375401756", "name": null, "highway": "primary" }, "geometry": { "type": "LineString", "coordinates": [ [ 108.7381221, 21.9752371 ], [ 108.7397902, 21.9740346 ], [ 108.7416168, 21.9728383 ], [ 108.7460117, 21.9701981 ], [ 108.7470873, 21.9699005 ], [ 108.7485529, 21.9699251 ], [ 108.749067, 21.9700322 ], [ 108.7497382, 21.970297 ], [ 108.7508581, 21.9706065 ], [ 108.7515488, 21.9706678 ], [ 108.75238, 21.9706472 ], [ 108.7527047, 21.9706168 ], [ 108.7533668, 21.970422 ], [ 108.7536229, 21.9703879 ], [ 108.7540619, 21.9703692 ], [ 108.7547644, 21.9704408 ], [ 108.7550311, 21.9704922 ], [ 108.756161833500244, 21.970664328985805 ] ] } },
{ "type": "Feature", "properties": { "osm_id": "375401685", "name": "鍏閽﹂珮閫", "highway": "motorway" }, "geometry": { "type": "LineString", "coordinates": [ [ 108.7289212, 21.9739939 ], [ 108.729077, 21.9734482 ] ] } },
{ "type": "Feature", "properties": { "osm_id": "375401687", "name": "鍏閽﹂珮閫", "highway": "motorway" }, "geometry": { "type": "LineString", "coordinates": [ [ 108.7291691, 21.9735599 ], [ 108.7290098, 21.9741537 ] ] } },
{ "type": "Feature", "properties": { "osm_id": "1274187743", "name": null, "highway": "primary" }, "geometry": { "type": "LineString", "coordinates": [ [ 108.7375011, 21.9757348 ], [ 108.7381221, 21.9752371 ] ] } },
{ "type": "Feature", "properties": { "osm_id": "281651020", "name": "鍏閽﹂珮閫", "highway": "motorway" }, "geometry": { "type": "LineString", "coordinates": [ [ 108.7291631, 21.9833061 ], [ 108.7289431, 21.9821872 ], [ 108.7285565, 21.9802207 ], [ 108.7285033, 21.9791975 ], [ 108.7284966, 21.9778845 ], [ 108.7284934, 21.9769336 ], [ 108.7285693, 21.9754636 ], [ 108.7288435, 21.9742659 ], [ 108.7289212, 21.9739939 ] ] } },
{ "type": "Feature", "properties": { "osm_id": "913763586", "name": "瀛愭潗澶фˉ", "highway": "secondary" }, "geometry": { "type": "LineString", "coordinates": [ [ 108.64144, 21.9661366 ], [ 108.6399628, 21.9668046 ] ] } },
{ "type": "Feature", "properties": { "osm_id": "907852247", "name": "鏉ㄥ竼鍖楀ぇ閬", "highway": "secondary" }, "geometry": { "type": "LineString", "coordinates": [ [ 108.6443721, 21.9647657 ], [ 108.6443945, 21.9648933 ], [ 108.6443902, 21.9656841 ], [ 108.6443745, 21.9686418 ] ] } },
{ "type": "Feature", "properties": { "osm_id": "697823090", "name": "瀛愭潗涓滃ぇ琛", "highway": "secondary" }, "geometry": { "type": "LineString", "coordinates": [ [ 108.6366869, 21.9685106 ], [ 108.6366802, 21.9681101 ], [ 108.6367003, 21.9680069 ], [ 108.6370906, 21.9678353 ], [ 108.6375315, 21.9675668 ], [ 108.6377424, 21.9675219 ], [ 108.6397836, 21.9665891 ], [ 108.6408407, 21.9661121 ], [ 108.6413772, 21.9660089 ] ] } },
{ "type": "Feature", "properties": { "osm_id": "226254325", "name": "鏉ㄥ竼鍖楀ぇ閬", "highway": "secondary" }, "geometry": { "type": "LineString", "coordinates": [ [ 108.6441783, 21.9687536 ], [ 108.6441789, 21.9686427 ], [ 108.6441735, 21.9658234 ] ] } },
{ "type": "Feature", "properties": { "osm_id": "697823091", "name": "瀛愭潗涓滃ぇ琛", "highway": "secondary" }, "geometry": { "type": "LineString", "coordinates": [ [ 108.64144, 21.9661366 ], [ 108.6410013, 21.9664547 ], [ 108.6381125, 21.9677806 ], [ 108.6377746, 21.967997 ], [ 108.6374876, 21.9681313 ], [ 108.6372355, 21.9681686 ], [ 108.6368263, 21.968345 ], [ 108.6366869, 21.9685106 ] ] } },
{ "type": "Feature", "properties": { "osm_id": "913763576", "name": "瀛愭潗澶фˉ", "highway": "secondary" }, "geometry": { "type": "LineString", "coordinates": [ [ 108.6350385, 21.9689045 ], [ 108.6398942, 21.9666873 ] ] } },
{ "type": "Feature", "properties": { "osm_id": "912790998", "name": "瀛愭潗澶фˉ", "highway": "secondary" }, "geometry": { "type": "LineString", "coordinates": [ [ 108.6399628, 21.9668046 ], [ 108.6350956, 21.9690043 ] ] } },
{ "type": "Feature", "properties": { "osm_id": "1487202028", "name": "閽﹀窞婀惧ぇ閬", "highway": "secondary" }, "geometry": { "type": "LineString", "coordinates": [ [ 108.6209861, 21.9649544 ], [ 108.620938, 21.9650397 ], [ 108.6209046, 21.9651367 ], [ 108.620893, 21.9652509 ], [ 108.621007, 21.9662412 ], [ 108.6213199, 21.9684671 ], [ 108.6213482, 21.9685757 ], [ 108.6216671, 21.9699064 ], [ 108.621718, 21.9701187 ], [ 108.6220144, 21.9713554 ], [ 108.6221664, 21.972065 ] ] } },
{ "type": "Feature", "properties": { "osm_id": "1487202026", "name": "閽﹀窞婀惧ぇ閬", "highway": "secondary" }, "geometry": { "type": "LineString", "coordinates": [ [ 108.6220808, 21.9721777 ], [ 108.6220528, 21.9720791 ], [ 108.6212655, 21.9685937 ], [ 108.6212359, 21.9684799 ], [ 108.6209247, 21.9662501 ], [ 108.6208261, 21.9652528 ], [ 108.6207811, 21.9651348 ], [ 108.6207184, 21.9650688 ], [ 108.6206714, 21.9650174 ] ] } },
{ "type": "Feature", "properties": { "osm_id": "202511560", "name": "鍗楃彔瑗垮ぇ琛", "highway": "secondary" }, "geometry": { "type": "LineString", "coordinates": [ [ 108.6080774, 21.9719288 ], [ 108.6082718, 21.9718728 ], [ 108.6087759, 21.9717163 ], [ 108.6093541, 21.9715046 ], [ 108.6099001, 21.9712205 ], [ 108.610127, 21.9710995 ], [ 108.6102267, 21.9710464 ], [ 108.6105711, 21.9708732 ], [ 108.6117544, 21.9701966 ], [ 108.6119861, 21.9700641 ], [ 108.6127252, 21.9696414 ], [ 108.6140727, 21.9689149 ], [ 108.6147076, 21.9685952 ], [ 108.6157895, 21.9680652 ], [ 108.6159961, 21.9679345 ], [ 108.6161857, 21.9677828 ], [ 108.6164208, 21.9675486 ], [ 108.6175294, 21.9664887 ], [ 108.6178986, 21.9662164 ], [ 108.6183453, 21.9659335 ], [ 108.6187172, 21.965713 ] ] } },
{ "type": "Feature", "properties": { "osm_id": "311200699", "name": "瀛愭潗澶фˉ", "highway": "secondary" }, "geometry": { "type": "LineString", "coordinates": [ [ 108.6327027, 21.9699723 ], [ 108.6350385, 21.9689045 ] ] } },
{ "type": "Feature", "properties": { "osm_id": "395668231", "name": "瀛愭潗澶фˉ", "highway": "secondary" }, "geometry": { "type": "LineString", "coordinates": [ [ 108.6350956, 21.9690043 ], [ 108.6327566, 21.9700598 ] ] } },
{ "type": "Feature", "properties": { "osm_id": "809934314", "name": "瀛愭潗瑗垮ぇ琛", "highway": "secondary" }, "geometry": { "type": "LineString", "coordinates": [ [ 108.6304523, 21.9707277 ], [ 108.6307861, 21.9706311 ], [ 108.6308706, 21.970574 ], [ 108.6312115, 21.9702946 ], [ 108.6319367, 21.9699803 ], [ 108.6320893, 21.9700803 ] ] } },
{ "type": "Feature", "properties": { "osm_id": "912790995", "name": "瀛愭潗澶фˉ", "highway": "secondary" }, "geometry": { "type": "LineString", "coordinates": [ [ 108.6277526, 21.9713873 ], [ 108.6304109, 21.9708608 ], [ 108.6308664, 21.9707345 ], [ 108.6315392, 21.9705042 ], [ 108.6327027, 21.9699723 ] ] } },
{ "type": "Feature", "properties": { "osm_id": "395668225", "name": "瀛愭潗澶фˉ", "highway": "secondary" }, "geometry": { "type": "LineString", "coordinates": [ [ 108.6327566, 21.9700598 ], [ 108.6315968, 21.9705832 ], [ 108.630897, 21.9708348 ], [ 108.6304327, 21.9709452 ], [ 108.6277515, 21.9714824 ] ] } },
{ "type": "Feature", "properties": { "osm_id": "1487202024", "name": "瀛愭潗瑗垮ぇ琛", "highway": "secondary" }, "geometry": { "type": "LineString", "coordinates": [ [ 108.630509, 21.9710491 ], [ 108.6304013, 21.9710691 ] ] } },
{ "type": "Feature", "properties": { "osm_id": "912790991", "name": "瀛愭潗瑗垮ぇ琛", "highway": "secondary" }, "geometry": { "type": "LineString", "coordinates": [ [ 108.6266462, 21.9715244 ], [ 108.627546, 21.9712804 ], [ 108.6280741, 21.9711907 ], [ 108.6283957, 21.9711069 ], [ 108.6289194, 21.9710089 ], [ 108.6302627, 21.9707576 ], [ 108.6303436, 21.9707424 ], [ 108.6304523, 21.9707277 ] ] } },
{ "type": "Feature", "properties": { "osm_id": "912790994", "name": "瀛愭潗瑗垮ぇ琛", "highway": "secondary" }, "geometry": { "type": "LineString", "coordinates": [ [ 108.6304013, 21.9710691 ], [ 108.6290988, 21.9713223 ], [ 108.6277479, 21.9715849 ], [ 108.6272898, 21.9716311 ], [ 108.6269784, 21.9716385 ], [ 108.6266617, 21.9716141 ] ] } },
{ "type": "Feature", "properties": { "osm_id": "912790997", "name": "瀛愭潗澶фˉ", "highway": "secondary" }, "geometry": { "type": "LineString", "coordinates": [ [ 108.6266462, 21.9715244 ], [ 108.6277526, 21.9713873 ] ] } },
{ "type": "Feature", "properties": { "osm_id": "912790992", "name": "瀛愭潗澶фˉ", "highway": "secondary" }, "geometry": { "type": "LineString", "coordinates": [ [ 108.6277515, 21.9714824 ], [ 108.6266617, 21.9716141 ] ] } },
{ "type": "Feature", "properties": { "osm_id": "202511559", "name": "瀛愭潗涓滃ぇ琛", "highway": "secondary" }, "geometry": { "type": "LineString", "coordinates": [ [ 108.6561226, 21.9647016 ], [ 108.6627627, 21.9646205 ], [ 108.6662223, 21.9646325 ], [ 108.6696412, 21.9646443 ], [ 108.6697835, 21.9646422 ], [ 108.6744957, 21.9647774 ], [ 108.6752038, 21.9648051 ], [ 108.6758393, 21.964896 ], [ 108.6764663, 21.9650622 ], [ 108.6767749, 21.9651624 ] ] } },
{ "type": "Feature", "properties": { "osm_id": "395668236", "name": "瀛愭潗涓滃ぇ琛", "highway": "secondary" }, "geometry": { "type": "LineString", "coordinates": [ [ 108.6767062, 21.965323 ], [ 108.6764109, 21.9652125 ], [ 108.6756687, 21.9650305 ], [ 108.6751184, 21.9649593 ], [ 108.6745341, 21.9649316 ], [ 108.6698005, 21.9647831 ], [ 108.6696598, 21.964786 ], [ 108.6662221, 21.9647501 ], [ 108.662763, 21.964714 ], [ 108.6561234, 21.9647946 ], [ 108.6559749, 21.9647945 ], [ 108.6552465, 21.9648029 ] ] } },
{ "type": "Feature", "properties": { "osm_id": "185762382", "name": null, "highway": "trunk" }, "geometry": { "type": "LineString", "coordinates": [ [ 108.6852059, 21.9547496 ], [ 108.6852832, 21.9551377 ], [ 108.6853379, 21.9555241 ], [ 108.6853673, 21.9557856 ], [ 108.6853673, 21.9560081 ], [ 108.6853463, 21.9565234 ], [ 108.6852958, 21.9571557 ], [ 108.6852832, 21.9574836 ], [ 108.685279, 21.9577139 ], [ 108.6853084, 21.9580886 ], [ 108.6853589, 21.9584984 ], [ 108.6853712, 21.9585444 ], [ 108.6854684, 21.9589083 ], [ 108.685582, 21.9592439 ], [ 108.685704, 21.9595172 ], [ 108.6860744, 21.9603173 ], [ 108.6861876, 21.9606074 ], [ 108.6862343, 21.9607272 ], [ 108.6863311, 21.9610785 ], [ 108.6863564, 21.9614297 ], [ 108.6863269, 21.9618474 ], [ 108.6862259, 21.9622065 ], [ 108.686066, 21.9625695 ], [ 108.6858513, 21.9628739 ], [ 108.6856241, 21.9631354 ], [ 108.6852958, 21.9634399 ], [ 108.6842942, 21.9642517 ], [ 108.6829053, 21.9653953 ], [ 108.6819036, 21.9662253 ], [ 108.6818543, 21.9662707 ], [ 108.6805347, 21.9674851 ], [ 108.6799793, 21.9680187 ], [ 108.6793988, 21.9686434 ], [ 108.6784499, 21.9697956 ], [ 108.6780811, 21.9702772 ], [ 108.6773518, 21.9712967 ], [ 108.6767159, 21.9721919 ], [ 108.6761897, 21.9729131 ], [ 108.6758829, 21.9733412 ], [ 108.675593, 21.9737142 ], [ 108.6749921, 21.974429 ], [ 108.674676, 21.9748371 ], [ 108.6744593, 21.9751493 ], [ 108.6738346, 21.9761856 ] ] } },
{ "type": "Feature", "properties": { "osm_id": "1001375931", "name": "钃鑾卞寳澶ч亾", "highway": "secondary" }, "geometry": { "type": "LineString", "coordinates": [ [ 108.6561226, 21.9647016 ], [ 108.6561234, 21.9647946 ], [ 108.6561576, 21.9686002 ], [ 108.6561585, 21.9686972 ], [ 108.6561788, 21.9777919 ], [ 108.6561801, 21.9779302 ] ] } },
{ "type": "Feature", "properties": { "osm_id": "1001375956", "name": "钃鑾卞寳澶ч亾", "highway": "secondary" }, "geometry": { "type": "LineString", "coordinates": [ [ 108.6560428, 21.9771704 ], [ 108.6560679, 21.972606 ], [ 108.6560327, 21.9689098 ], [ 108.6560308, 21.9686972 ], [ 108.65603, 21.9686007 ], [ 108.6559865, 21.9655939 ] ] } },
{ "type": "Feature", "properties": { "osm_id": "1342442928", "name": null, "highway": "trunk" }, "geometry": { "type": "LineString", "coordinates": [ [ 108.6549346, 22.0015731 ], [ 108.6552723, 22.0013564 ], [ 108.6555178, 22.0011524 ], [ 108.6557675, 22.000913 ], [ 108.6560806, 22.0005403 ], [ 108.6562896, 22.0002509 ], [ 108.6570582, 21.9991865 ], [ 108.6575026, 21.9985783 ], [ 108.6578073, 21.9981467 ], [ 108.6581501, 21.9977269 ], [ 108.658459, 21.9973973 ], [ 108.6586854, 21.9971767 ], [ 108.6589504, 21.9969659 ], [ 108.6591341, 21.9968454 ], [ 108.6593562, 21.9966988 ], [ 108.661286, 21.9956276 ], [ 108.6618911, 21.9952666 ], [ 108.6624371, 21.9948506 ], [ 108.6629364, 21.9943915 ], [ 108.6633173, 21.9939834 ], [ 108.6636009, 21.9936342 ], [ 108.6638172, 21.9933429 ], [ 108.6640622, 21.9930181 ], [ 108.6646589, 21.9921313 ], [ 108.6660004, 21.9902046 ], [ 108.6670796, 21.9886074 ], [ 108.6676043, 21.9877912 ], [ 108.6681756, 21.986767 ], [ 108.6685227, 21.9860999 ], [ 108.6690982, 21.9849187 ], [ 108.6700292, 21.982831 ], [ 108.6706598, 21.9814614 ], [ 108.6712438, 21.9803273 ], [ 108.6717644, 21.979409 ], [ 108.6724525, 21.9783575 ], [ 108.6729874, 21.9775095 ], [ 108.6733941, 21.9768186 ], [ 108.6737496, 21.9761475 ], [ 108.6741644, 21.9754215 ], [ 108.6745918, 21.9747857 ], [ 108.6751166, 21.9741303 ], [ 108.6755567, 21.9735691 ], [ 108.6764496, 21.9723878 ], [ 108.677605, 21.9707473 ], [ 108.6782398, 21.9698839 ], [ 108.6786589, 21.9693647 ], [ 108.6795637, 21.9683109 ], [ 108.6808389, 21.9670385 ], [ 108.6817059, 21.9662423 ], [ 108.6838943, 21.9644391 ], [ 108.6852074, 21.9633774 ], [ 108.6855231, 21.9630769 ], [ 108.6857293, 21.9628115 ], [ 108.6859355, 21.9624953 ], [ 108.686087, 21.9621401 ], [ 108.6861501, 21.9617966 ], [ 108.6861754, 21.9615429 ], [ 108.6861544, 21.9612619 ], [ 108.6860532, 21.9608384 ], [ 108.6859396, 21.9605495 ], [ 108.6854135, 21.9594293 ], [ 108.6852578, 21.9589921 ], [ 108.685182, 21.9586721 ], [ 108.6851441, 21.9584301 ], [ 108.6851147, 21.9581022 ], [ 108.6851021, 21.9578016 ], [ 108.6851273, 21.9574425 ], [ 108.6852073, 21.9565526 ], [ 108.6852367, 21.9562286 ], [ 108.6852451, 21.955889 ], [ 108.6852367, 21.9555729 ], [ 108.6851904, 21.9552059 ], [ 108.68506, 21.9545736 ], [ 108.6849843, 21.9543032 ], [ 108.6847208, 21.9533623 ], [ 108.6846644, 21.9531606 ], [ 108.6846084, 21.952957 ], [ 108.6845666, 21.9528054 ], [ 108.6845086, 21.9525946 ], [ 108.6840962, 21.9511932 ], [ 108.6838647, 21.9503228 ], [ 108.6836417, 21.9494445 ], [ 108.6835533, 21.9490346 ], [ 108.6835112, 21.9486013 ], [ 108.683486, 21.9481875 ], [ 108.6835028, 21.9477074 ], [ 108.6835533, 21.9473326 ], [ 108.6835999, 21.9470214 ], [ 108.6836588, 21.9467209 ], [ 108.6838693, 21.9460846 ], [ 108.6841639, 21.9453975 ], [ 108.6843701, 21.9450462 ], [ 108.6849929, 21.9441288 ], [ 108.6855822, 21.9434535 ], [ 108.6861279, 21.942703 ] ] } },
{ "type": "Feature", "properties": { "osm_id": "1274187747", "name": null, "highway": "primary" }, "geometry": { "type": "LineString", "coordinates": [ [ 108.7130413, 21.9725233 ], [ 108.713315, 21.9727621 ], [ 108.7134889, 21.9728314 ], [ 108.7136559, 21.972825 ], [ 108.7138738, 21.9727279 ], [ 108.7140512, 21.9726426 ] ] } },
{ "type": "Feature", "properties": { "osm_id": "914632805", "name": "292鍘块亾", "highway": "secondary" }, "geometry": { "type": "LineString", "coordinates": [ [ 108.6695291, 21.9754186 ], [ 108.6694756, 21.9752764 ], [ 108.6692752, 21.9750681 ], [ 108.6688077, 21.9741998 ], [ 108.668797, 21.9741351 ], [ 108.6687595, 21.9740953 ], [ 108.668738, 21.9740306 ], [ 108.6684966, 21.9738316 ], [ 108.668223, 21.9736326 ], [ 108.668046, 21.9735629 ], [ 108.6671019, 21.973344 ], [ 108.666485, 21.9732942 ], [ 108.6662704, 21.9732594 ], [ 108.6660343, 21.9731499 ], [ 108.6657983, 21.9729559 ], [ 108.6654604, 21.9726574 ], [ 108.6652672, 21.9724385 ], [ 108.664881, 21.9719061 ], [ 108.6647308, 21.9717319 ], [ 108.664484, 21.9715279 ], [ 108.6640281, 21.9712493 ], [ 108.6632556, 21.9707866 ] ] } },
{ "type": "Feature", "properties": { "osm_id": "1274187746", "name": null, "highway": "primary" }, "geometry": { "type": "LineString", "coordinates": [ [ 108.7140512, 21.9726426 ], [ 108.7138694, 21.9728779 ], [ 108.7136792, 21.97313 ], [ 108.7135876, 21.9734107 ], [ 108.7135681, 21.9737459 ] ] } },
{ "type": "Feature", "properties": { "osm_id": "1274187742", "name": null, "highway": "primary" }, "geometry": { "type": "LineString", "coordinates": [ [ 108.7140512, 21.9726426 ], [ 108.7174972, 21.9698557 ], [ 108.718128, 21.9695358 ], [ 108.7187241, 21.9693936 ], [ 108.7192509, 21.9693809 ], [ 108.719744, 21.9694031 ], [ 108.7201943, 21.9695465 ], [ 108.7204595, 21.9696836 ], [ 108.7207595, 21.9697962 ], [ 108.7226748, 21.970828 ], [ 108.7236145, 21.9713985 ], [ 108.7241196, 21.9716134 ], [ 108.724372, 21.9716888 ], [ 108.7261368, 21.9719558 ], [ 108.7271519, 21.9721332 ], [ 108.7277779, 21.972417 ], [ 108.7283088, 21.9728995 ], [ 108.7287188, 21.9733873 ], [ 108.7291612, 21.9741146 ], [ 108.7305412, 21.9761102 ], [ 108.7310494, 21.9765814 ], [ 108.7317559, 21.9770814 ], [ 108.7324854, 21.9773895 ], [ 108.7332338, 21.9775598 ], [ 108.7341504, 21.977578 ], [ 108.7349847, 21.9773695 ], [ 108.7356635, 21.9770527 ], [ 108.7362896, 21.9767547 ], [ 108.7375011, 21.9757348 ] ] } },
{ "type": "Feature", "properties": { "osm_id": "1487202025", "name": "瀛愭潗瑗垮ぇ琛", "highway": "secondary" }, "geometry": { "type": "LineString", "coordinates": [ [ 108.6221664, 21.972065 ], [ 108.6238557, 21.9718659 ], [ 108.6244761, 21.9717981 ], [ 108.6251748, 21.9717105 ], [ 108.6254527, 21.9716757 ], [ 108.6266462, 21.9715244 ] ] } },
{ "type": "Feature", "properties": { "osm_id": "807619526", "name": "鍗楃彔瑗垮ぇ琛", "highway": "secondary" }, "geometry": { "type": "LineString", "coordinates": [ [ 108.5919393, 21.9718231 ], [ 108.5919603, 21.9717757 ], [ 108.5951556, 21.971763 ], [ 108.5952789, 21.9717656 ], [ 108.5965739, 21.9717854 ], [ 108.5976363, 21.9718523 ], [ 108.5979012, 21.9718538 ], [ 108.6015149, 21.9719453 ], [ 108.6066394, 21.9719882 ], [ 108.6072647, 21.9719952 ], [ 108.6074983, 21.9719777 ], [ 108.6078637, 21.9719288 ], [ 108.6080774, 21.9719288 ] ] } },
{ "type": "Feature", "properties": { "osm_id": "1487202027", "name": "瀛愭潗瑗垮ぇ琛", "highway": "secondary" }, "geometry": { "type": "LineString", "coordinates": [ [ 108.6266617, 21.9716141 ], [ 108.6244872, 21.9718726 ], [ 108.6221951, 21.9721656 ], [ 108.6220808, 21.9721777 ] ] } },
{ "type": "Feature", "properties": { "osm_id": "807619536", "name": "鍗楃彔瑗垮ぇ琛", "highway": "secondary" }, "geometry": { "type": "LineString", "coordinates": [ [ 108.6080774, 21.9719288 ], [ 108.6078745, 21.9720139 ], [ 108.607517, 21.9720671 ], [ 108.607265, 21.972099 ], [ 108.6066347, 21.9721053 ], [ 108.6057524, 21.9720891 ], [ 108.6033524, 21.9720922 ], [ 108.603039, 21.9720908 ], [ 108.6015111, 21.9720814 ], [ 108.5979012, 21.9720012 ], [ 108.5966127, 21.9719208 ], [ 108.5952736, 21.9719056 ], [ 108.5951544, 21.9719033 ], [ 108.592098, 21.9718659 ], [ 108.5919393, 21.9718231 ] ] } },
{ "type": "Feature", "properties": { "osm_id": "809926753", "name": "瀛愭潗瑗垮ぇ琛", "highway": "secondary" }, "geometry": { "type": "LineString", "coordinates": [ [ 108.6079627, 21.9739103 ], [ 108.6082867, 21.9738613 ], [ 108.609196, 21.9737377 ], [ 108.6106342, 21.9735524 ], [ 108.6112729, 21.9734744 ], [ 108.612032, 21.9733747 ], [ 108.6134534, 21.9731875 ], [ 108.615106, 21.9729689 ], [ 108.6176056, 21.972659 ], [ 108.6193592, 21.9724359 ], [ 108.6211217, 21.9722056 ], [ 108.6220528, 21.9720791 ], [ 108.6221664, 21.972065 ] ] } },
{ "type": "Feature", "properties": { "osm_id": "912791000", "name": "瀛愭潗瑗垮ぇ琛", "highway": "secondary" }, "geometry": { "type": "LineString", "coordinates": [ [ 108.6220808, 21.9721777 ], [ 108.6212325, 21.9722858 ], [ 108.6207127, 21.972364 ], [ 108.6182376, 21.9726651 ], [ 108.6173174, 21.9727829 ], [ 108.6163247, 21.97291 ], [ 108.6151088, 21.9730656 ], [ 108.6132386, 21.9732949 ], [ 108.6120435, 21.9734415 ], [ 108.6114014, 21.9735258 ], [ 108.610863, 21.9735965 ], [ 108.6079525, 21.9739785 ] ] } },
{ "type": "Feature", "properties": { "osm_id": "916383803", "name": "鏉ㄥ竼鍖楀ぇ閬", "highway": "secondary" }, "geometry": { "type": "LineString", "coordinates": [ [ 108.6443745, 21.9686418 ], [ 108.644374, 21.9687523 ], [ 108.6443972, 21.9716343 ], [ 108.6444102, 21.9733735 ], [ 108.6444163, 21.9752275 ], [ 108.6444208, 21.9766072 ], [ 108.6444054, 21.9775732 ], [ 108.6444045, 21.9777014 ], [ 108.6443997, 21.9781026 ], [ 108.644329, 21.9784224 ] ] } },
{ "type": "Feature", "properties": { "osm_id": "807612012", "name": "鏉ㄥ竼鍖楀ぇ閬", "highway": "secondary" }, "geometry": { "type": "LineString", "coordinates": [ [ 108.644329, 21.9784224 ], [ 108.6442993, 21.9782829 ], [ 108.6442583, 21.9781035 ], [ 108.6442545, 21.977701 ], [ 108.644239, 21.9752303 ], [ 108.6442216, 21.973374 ], [ 108.6442104, 21.9721804 ], [ 108.6441783, 21.9687536 ] ] } },
{ "type": "Feature", "properties": { "osm_id": "807619528", "name": "瑗跨幆鍖楄矾", "highway": "primary" }, "geometry": { "type": "LineString", "coordinates": [ [ 108.5919393, 21.9718231 ], [ 108.5923362, 21.9720161 ], [ 108.5956042, 21.9736066 ], [ 108.5962047, 21.9738932 ], [ 108.600728, 21.9760519 ], [ 108.6032163, 21.9772394 ] ] } },
{ "type": "Feature", "properties": { "osm_id": "807619539", "name": "瑗跨幆鍖楄矾", "highway": "primary" }, "geometry": { "type": "LineString", "coordinates": [ [ 108.6030752, 21.9773271 ], [ 108.5961042, 21.9740091 ], [ 108.5955266, 21.9737342 ], [ 108.5923007, 21.9721465 ], [ 108.5918373, 21.9718917 ] ] } },
{ "type": "Feature", "properties": { "osm_id": "42375539", "name": "閽﹀窞婀惧ぇ閬", "highway": "secondary" }, "geometry": { "type": "LineString", "coordinates": [ [ 108.6243535, 21.9808454 ], [ 108.6240306, 21.9797365 ], [ 108.6239622, 21.9794568 ], [ 108.6239286, 21.9793424 ], [ 108.6238712, 21.9790926 ], [ 108.623398, 21.9770349 ], [ 108.6232385, 21.9763119 ], [ 108.6224342, 21.9732829 ], [ 108.6220808, 21.9721777 ] ] } },
{ "type": "Feature", "properties": { "osm_id": "807619540", "name": null, "highway": "primary" }, "geometry": { "type": "LineString", "coordinates": [ [ 108.6032163, 21.9772394 ], [ 108.6037494, 21.9774938 ] ] } },
{ "type": "Feature", "properties": { "osm_id": "807619542", "name": null, "highway": "primary" }, "geometry": { "type": "LineString", "coordinates": [ [ 108.603621, 21.9775868 ], [ 108.6030752, 21.9773271 ] ] } },
{ "type": "Feature", "properties": { "osm_id": "1462083869", "name": "姘哥忎笢澶ц", "highway": "secondary" }, "geometry": { "type": "LineString", "coordinates": [ [ 108.6441326, 21.9776997 ], [ 108.6442545, 21.977701 ], [ 108.6444045, 21.9777014 ], [ 108.6471198, 21.9777081 ], [ 108.6487229, 21.9777121 ], [ 108.6491083, 21.9778051 ] ] } },
{ "type": "Feature", "properties": { "osm_id": "1462222101", "name": "姘哥忎笢澶ц", "highway": "secondary" }, "geometry": { "type": "LineString", "coordinates": [ [ 108.6515802, 21.9778077 ], [ 108.6516785, 21.9778051 ], [ 108.651823, 21.9778047 ], [ 108.6547985, 21.977796 ] ] } },
{ "type": "Feature", "properties": { "osm_id": "918775317", "name": "姘哥忎笢澶ц", "highway": "secondary" }, "geometry": { "type": "LineString", "coordinates": [ [ 108.6491083, 21.9778051 ], [ 108.6493038, 21.9778033 ], [ 108.6493966, 21.9778024 ], [ 108.6494922, 21.9778017 ], [ 108.6515802, 21.9778077 ] ] } },
{ "type": "Feature", "properties": { "osm_id": "1338787306", "name": "閽︽睙浜屾ˉ", "highway": "secondary" }, "geometry": { "type": "LineString", "coordinates": [ [ 108.6487234, 21.9778088 ], [ 108.6491083, 21.9778051 ] ] } },
{ "type": "Feature", "properties": { "osm_id": "1338787303", "name": "姘哥忓ぇ妗", "highway": "secondary" }, "geometry": { "type": "LineString", "coordinates": [ [ 108.63974, 21.9778223 ], [ 108.6487234, 21.9778088 ] ] } },
{ "type": "Feature", "properties": { "osm_id": "793369918", "name": "姘哥忓ぇ妗", "highway": "secondary" }, "geometry": { "type": "LineString", "coordinates": [ [ 108.637385, 21.9778353 ], [ 108.63974, 21.9778223 ] ] } },
{ "type": "Feature", "properties": { "osm_id": "1338787302", "name": "姘哥忓ぇ妗", "highway": "secondary" }, "geometry": { "type": "LineString", "coordinates": [ [ 108.6335817, 21.9779093 ], [ 108.6368975, 21.977838 ], [ 108.637385, 21.9778353 ] ] } },
{ "type": "Feature", "properties": { "osm_id": "917063358", "name": "姘哥忓ぇ妗", "highway": "secondary" }, "geometry": { "type": "LineString", "coordinates": [ [ 108.6321218, 21.9779235 ], [ 108.6335817, 21.9779093 ] ] } },
{ "type": "Feature", "properties": { "osm_id": "924748936", "name": "姘哥忎笢澶ц", "highway": "secondary" }, "geometry": { "type": "LineString", "coordinates": [ [ 108.6561801, 21.9779302 ], [ 108.6560388, 21.9779306 ], [ 108.6546386, 21.9779347 ], [ 108.6539476, 21.9779368 ], [ 108.6519951, 21.9779425 ], [ 108.6516339, 21.9779435 ] ] } },
{ "type": "Feature", "properties": { "osm_id": "375401696", "name": "姘哥忎笢澶ц", "highway": "secondary" }, "geometry": { "type": "LineString", "coordinates": [ [ 108.6516339, 21.9779435 ], [ 108.6515158, 21.9779445 ], [ 108.6514596, 21.977945 ], [ 108.6496238, 21.97796 ], [ 108.6494558, 21.9779614 ], [ 108.6491087, 21.9779735 ] ] } },
{ "type": "Feature", "properties": { "osm_id": "1338787304", "name": "閽︽睙浜屾ˉ", "highway": "secondary" }, "geometry": { "type": "LineString", "coordinates": [ [ 108.6491087, 21.9779735 ], [ 108.6487288, 21.977987 ] ] } },
{ "type": "Feature", "properties": { "osm_id": "1338787305", "name": "姘哥忓ぇ妗", "highway": "secondary" }, "geometry": { "type": "LineString", "coordinates": [ [ 108.6487288, 21.977987 ], [ 108.6397411, 21.9780006 ] ] } },
{ "type": "Feature", "properties": { "osm_id": "395668243", "name": "姘哥忓ぇ妗", "highway": "secondary" }, "geometry": { "type": "LineString", "coordinates": [ [ 108.6397411, 21.9780006 ], [ 108.6373856, 21.9780136 ] ] } },
{ "type": "Feature", "properties": { "osm_id": "917063357", "name": "姘哥忓ぇ妗", "highway": "secondary" }, "geometry": { "type": "LineString", "coordinates": [ [ 108.6373856, 21.9780136 ], [ 108.6368841, 21.9780163 ], [ 108.6335304, 21.9780297 ] ] } },
{ "type": "Feature", "properties": { "osm_id": "917063359", "name": "姘哥忓ぇ妗", "highway": "secondary" }, "geometry": { "type": "LineString", "coordinates": [ [ 108.6335304, 21.9780297 ], [ 108.6321257, 21.9780138 ] ] } },
{ "type": "Feature", "properties": { "osm_id": "1462083870", "name": "姘哥忎笢澶ц", "highway": "secondary" }, "geometry": { "type": "LineString", "coordinates": [ [ 108.6491087, 21.9779735 ], [ 108.648726, 21.9780758 ], [ 108.646716, 21.9780883 ], [ 108.6465779, 21.9780891 ], [ 108.6446193, 21.9781012 ], [ 108.6443997, 21.9781026 ], [ 108.6442583, 21.9781035 ], [ 108.643603, 21.9782002 ] ] } },
{ "type": "Feature", "properties": { "osm_id": "807619541", "name": null, "highway": "primary" }, "geometry": { "type": "LineString", "coordinates": [ [ 108.6037494, 21.9774938 ], [ 108.6067967, 21.9789481 ], [ 108.607091, 21.979104 ], [ 108.6072095, 21.9791668 ] ] } },
{ "type": "Feature", "properties": { "osm_id": "914632804", "name": null, "highway": "primary" }, "geometry": { "type": "LineString", "coordinates": [ [ 108.6696568, 21.9755179 ], [ 108.6695291, 21.9754186 ] ] } },
{ "type": "Feature", "properties": { "osm_id": "929271086", "name": "292鍘块亾", "highway": "secondary" }, "geometry": { "type": "LineString", "coordinates": [ [ 108.6706611, 21.9769432 ], [ 108.6703902, 21.9766423 ], [ 108.6699825, 21.9761 ], [ 108.6696568, 21.9755179 ] ] } },
{ "type": "Feature", "properties": { "osm_id": "680933372", "name": null, "highway": "trunk" }, "geometry": { "type": "LineString", "coordinates": [ [ 108.6738346, 21.9761856 ], [ 108.6735488, 21.9767234 ], [ 108.6734725, 21.9768669 ] ] } },
{ "type": "Feature", "properties": { "osm_id": "929271087", "name": "292鍘块亾", "highway": "secondary" }, "geometry": { "type": "LineString", "coordinates": [ [ 108.6707764, 21.977049 ], [ 108.6706611, 21.9769432 ] ] } },
{ "type": "Feature", "properties": { "osm_id": "929271084", "name": "292鍘块亾", "highway": "secondary" }, "geometry": { "type": "LineString", "coordinates": [ [ 108.6710728, 21.9772939 ], [ 108.6707764, 21.977049 ] ] } },
{ "type": "Feature", "properties": { "osm_id": "929271085", "name": "292鍘块亾", "highway": "secondary" }, "geometry": { "type": "LineString", "coordinates": [ [ 108.6711775, 21.9773885 ], [ 108.6710728, 21.9772939 ] ] } },
{ "type": "Feature", "properties": { "osm_id": "807907857", "name": "姘哥忎笢澶ц", "highway": "secondary" }, "geometry": { "type": "LineString", "coordinates": [ [ 108.6647368, 21.9782594 ], [ 108.6645378, 21.9781895 ], [ 108.6642226, 21.9781074 ], [ 108.6639654, 21.9780536 ], [ 108.6636861, 21.9780048 ], [ 108.663404, 21.9779766 ], [ 108.6630019, 21.9779461 ], [ 108.6625773, 21.9779115 ], [ 108.6598645, 21.9779194 ], [ 108.658954, 21.9779221 ], [ 108.6561801, 21.9779302 ] ] } },
{ "type": "Feature", "properties": { "osm_id": "793369919", "name": "姘哥忎笢澶ц", "highway": "secondary" }, "geometry": { "type": "LineString", "coordinates": [ [ 108.6547985, 21.977796 ], [ 108.656039, 21.9777923 ], [ 108.6561788, 21.9777919 ], [ 108.6625769, 21.9777732 ], [ 108.663027, 21.9777961 ], [ 108.663368, 21.9778202 ], [ 108.6636391, 21.9778484 ], [ 108.663946, 21.9778971 ], [ 108.664217, 21.9779484 ], [ 108.6645157, 21.9780202 ], [ 108.6647895, 21.9781023 ], [ 108.6650965, 21.9782049 ], [ 108.6653951, 21.978328 ], [ 108.6656781, 21.9784769 ], [ 108.6658393, 21.9786095 ] ] } },
{ "type": "Feature", "properties": { "osm_id": "1001375932", "name": "姘哥忎笢澶ц", "highway": "secondary" }, "geometry": { "type": "LineString", "coordinates": [ [ 108.6656574, 21.9787377 ], [ 108.6654861, 21.9786124 ], [ 108.6652071, 21.9784613 ], [ 108.6648808, 21.97831 ], [ 108.6647368, 21.9782594 ] ] } },
{ "type": "Feature", "properties": { "osm_id": "281587456", "name": null, "highway": "motorway_link" }, "geometry": { "type": "LineString", "coordinates": [ [ 108.7267615, 21.9822522 ], [ 108.7272799, 21.9820213 ], [ 108.7280258, 21.981511 ], [ 108.7283227, 21.9812424 ], [ 108.7284458, 21.9809201 ], [ 108.7285182, 21.9805239 ], [ 108.7284199, 21.9786893 ], [ 108.7284966, 21.9778845 ] ] } },
{ "type": "Feature", "properties": { "osm_id": "807619543", "name": null, "highway": "primary" }, "geometry": { "type": "LineString", "coordinates": [ [ 108.607185, 21.979326 ], [ 108.6070677, 21.9792593 ], [ 108.6067236, 21.9790635 ], [ 108.603621, 21.9775868 ] ] } },
{ "type": "Feature", "properties": { "osm_id": "486339475", "name": "閽﹀窞婀惧ぇ閬", "highway": "secondary" }, "geometry": { "type": "LineString", "coordinates": [ [ 108.6221664, 21.972065 ], [ 108.6221951, 21.9721656 ], [ 108.6224944, 21.9731688 ], [ 108.6231675, 21.9757153 ], [ 108.6233209, 21.9762929 ], [ 108.623612, 21.9773745 ], [ 108.6239461, 21.9789645 ], [ 108.6240211, 21.9793212 ], [ 108.6240563, 21.9794331 ], [ 108.6241604, 21.9798057 ], [ 108.624444, 21.9808212 ], [ 108.6248357, 21.9824341 ], [ 108.6252265, 21.9839516 ], [ 108.6256219, 21.9855948 ] ] } },
{ "type": "Feature", "properties": { "osm_id": "226254308", "name": "姘哥忚タ澶ц", "highway": "secondary" }, "geometry": { "type": "LineString", "coordinates": [ [ 108.6205165, 21.980323 ], [ 108.6207217, 21.9802286 ], [ 108.6211031, 21.9801232 ], [ 108.6214472, 21.9800281 ], [ 108.6236226, 21.979427 ], [ 108.6239286, 21.9793424 ], [ 108.6240211, 21.9793212 ], [ 108.6244535, 21.9791999 ], [ 108.6251744, 21.9789977 ], [ 108.6265046, 21.9786174 ], [ 108.6279073, 21.9782164 ], [ 108.6289689, 21.9779279 ], [ 108.6290221, 21.9779279 ], [ 108.6321218, 21.9779235 ] ] } },
{ "type": "Feature", "properties": { "osm_id": "395668221", "name": "姘哥忚タ澶ц", "highway": "secondary" }, "geometry": { "type": "LineString", "coordinates": [ [ 108.6321257, 21.9780138 ], [ 108.6289958, 21.9780443 ], [ 108.6289419, 21.9780448 ], [ 108.627924, 21.9783306 ], [ 108.626749, 21.9786658 ], [ 108.6252109, 21.9791073 ], [ 108.6243833, 21.9793408 ], [ 108.6240563, 21.9794331 ], [ 108.6239622, 21.9794568 ], [ 108.6235964, 21.9795608 ], [ 108.6215783, 21.9801342 ], [ 108.6207734, 21.9803421 ], [ 108.620598, 21.9804073 ], [ 108.6204794, 21.9805571 ], [ 108.6202484, 21.9808875 ], [ 108.6192371, 21.9823341 ], [ 108.618853, 21.9828836 ], [ 108.6186099, 21.9832324 ], [ 108.6174337, 21.9849198 ], [ 108.6171342, 21.9853673 ], [ 108.6170584, 21.98548 ], [ 108.616733, 21.9859185 ], [ 108.6164399, 21.986307 ] ] } },
{ "type": "Feature", "properties": { "osm_id": "925804995", "name": "閽﹀窞婀惧ぇ閬", "highway": "secondary" }, "geometry": { "type": "LineString", "coordinates": [ [ 108.6255447, 21.9856107 ], [ 108.6252779, 21.9844346 ], [ 108.625151, 21.9839514 ], [ 108.6247274, 21.9823741 ], [ 108.6243535, 21.9808454 ] ] } },
{ "type": "Feature", "properties": { "osm_id": "807612013", "name": "鏉ㄥ竼鍖楀ぇ閬", "highway": "secondary" }, "geometry": { "type": "LineString", "coordinates": [ [ 108.644329, 21.9784224 ], [ 108.6443481, 21.9802645 ], [ 108.644354, 21.9824221 ], [ 108.6443556, 21.9825436 ], [ 108.6443624, 21.9845925 ], [ 108.6443628, 21.9847268 ], [ 108.6443723, 21.9875998 ], [ 108.6443742, 21.9881705 ] ] } },
{ "type": "Feature", "properties": { "osm_id": "486339464", "name": "姘哥忚タ澶ц", "highway": "secondary" }, "geometry": { "type": "LineString", "coordinates": [ [ 108.6164399, 21.986307 ], [ 108.6163338, 21.9862455 ], [ 108.6166128, 21.9858591 ], [ 108.6169406, 21.9854059 ], [ 108.6170164, 21.9852989 ], [ 108.6173387, 21.9848664 ], [ 108.6181704, 21.9836589 ], [ 108.6185352, 21.9831301 ], [ 108.6187549, 21.9828118 ], [ 108.6188658, 21.9826535 ], [ 108.6202249, 21.9807142 ], [ 108.6203847, 21.9804862 ], [ 108.6205165, 21.980323 ] ] } },
{ "type": "Feature", "properties": { "osm_id": "807619521", "name": "瑗跨幆鍖楄矾", "highway": "primary" }, "geometry": { "type": "LineString", "coordinates": [ [ 108.6072095, 21.9791668 ], [ 108.6105601, 21.9811165 ], [ 108.6124751, 21.9824616 ], [ 108.6143339, 21.9836412 ], [ 108.6160044, 21.9846844 ], [ 108.6164593, 21.984961 ], [ 108.6170164, 21.9852989 ], [ 108.6171342, 21.9853673 ], [ 108.6176415, 21.9857771 ], [ 108.6193137, 21.9871701 ], [ 108.6205422, 21.9879401 ], [ 108.62113, 21.9883085 ], [ 108.6212474, 21.9883696 ], [ 108.6245692, 21.9901003 ], [ 108.6253645, 21.9904501 ], [ 108.6257738, 21.990565 ], [ 108.6261468, 21.9905995 ], [ 108.6263067, 21.9906086 ], [ 108.6264004, 21.9906139 ], [ 108.6268189, 21.9905774 ] ] } },
{ "type": "Feature", "properties": { "osm_id": "226254324", "name": "瑗跨幆鍖楄矾", "highway": "primary" }, "geometry": { "type": "LineString", "coordinates": [ [ 108.6268679, 21.9907128 ], [ 108.6263904, 21.9907431 ], [ 108.6261169, 21.9907394 ], [ 108.6257403, 21.990702 ], [ 108.625072, 21.9905143 ], [ 108.6244996, 21.9902225 ], [ 108.6210349, 21.9884277 ], [ 108.6192433, 21.9872867 ], [ 108.6175599, 21.9858759 ], [ 108.6170584, 21.98548 ], [ 108.6169406, 21.9854059 ], [ 108.6164536, 21.9851076 ], [ 108.6159115, 21.9847757 ], [ 108.6142404, 21.9837385 ], [ 108.6134479, 21.983228 ], [ 108.6123955, 21.982555 ], [ 108.610432, 21.9812502 ], [ 108.6074254, 21.9794628 ], [ 108.607185, 21.979326 ] ] } },
{ "type": "Feature", "properties": { "osm_id": "907809750", "name": "閽﹀窞婀惧ぇ閬", "highway": "secondary" }, "geometry": { "type": "LineString", "coordinates": [ [ 108.6256219, 21.9855948 ], [ 108.6260568, 21.9873097 ], [ 108.6267799, 21.9900883 ], [ 108.626848, 21.9903571 ], [ 108.6269289, 21.9905654 ] ] } },
{ "type": "Feature", "properties": { "osm_id": "914632803", "name": "292鍘块亾", "highway": "secondary" }, "geometry": { "type": "LineString", "coordinates": [ [ 108.6763823, 21.9837417 ], [ 108.6762321, 21.9835228 ], [ 108.6759585, 21.9828064 ], [ 108.6757224, 21.9819954 ], [ 108.6755669, 21.9816273 ], [ 108.6753094, 21.9811745 ], [ 108.6747729, 21.9805875 ], [ 108.6735928, 21.9792741 ], [ 108.6732494, 21.9789358 ], [ 108.6725216, 21.9784077 ], [ 108.6724525, 21.9783575 ], [ 108.6723375, 21.9782741 ], [ 108.6722463, 21.9782442 ], [ 108.6717635, 21.9779159 ], [ 108.6711775, 21.9773885 ] ] } },
{ "type": "Feature", "properties": { "osm_id": "226254306", "name": "钃鑾卞寳澶ч亾", "highway": "secondary" }, "geometry": { "type": "LineString", "coordinates": [ [ 108.6570453, 21.9873698 ], [ 108.65687, 21.9872001 ], [ 108.6566454, 21.9869325 ], [ 108.6564565, 21.9866657 ], [ 108.6563184, 21.9863592 ], [ 108.6562189, 21.9860456 ], [ 108.6561625, 21.9857016 ], [ 108.6561364, 21.9844014 ], [ 108.6561075, 21.982375 ], [ 108.6561051, 21.981862 ], [ 108.6560772, 21.9801881 ], [ 108.6560388, 21.9779306 ], [ 108.656039, 21.9777923 ], [ 108.6560428, 21.9771704 ] ] } },
{ "type": "Feature", "properties": { "osm_id": "904606379", "name": "钃鑾卞寳澶ч亾", "highway": "secondary" }, "geometry": { "type": "LineString", "coordinates": [ [ 108.6561801, 21.9779302 ], [ 108.6562106, 21.9801877 ], [ 108.656202, 21.9818582 ], [ 108.6562066, 21.9823744 ], [ 108.6562359, 21.9856987 ], [ 108.6562918, 21.9860305 ], [ 108.65638, 21.9863352 ], [ 108.6564937, 21.9865758 ], [ 108.6565225, 21.9866367 ], [ 108.6566947, 21.9868776 ], [ 108.6569358, 21.9871368 ], [ 108.657098, 21.9872983 ], [ 108.6571963, 21.9874384 ] ] } },
{ "type": "Feature", "properties": { "osm_id": "281587447", "name": null, "highway": "motorway_link" }, "geometry": { "type": "LineString", "coordinates": [ [ 108.7210667, 21.9844012 ], [ 108.7212574, 21.9843402 ], [ 108.7221681, 21.9840304 ], [ 108.7238656, 21.9830472 ], [ 108.7243705, 21.9827811 ], [ 108.7250206, 21.9825401 ], [ 108.7255377, 21.9824407 ], [ 108.7267615, 21.9822522 ], [ 108.7271297, 21.9821539 ], [ 108.7275664, 21.9820012 ], [ 108.7285482, 21.9815594 ] ] } },
{ "type": "Feature", "properties": { "osm_id": "924748938", "name": "鐜鍩庝笢璺", "highway": "primary" }, "geometry": { "type": "LineString", "coordinates": [ [ 108.6658393, 21.9786095 ], [ 108.6656574, 21.9787377 ], [ 108.6652218, 21.9790463 ], [ 108.6647369, 21.9794087 ], [ 108.6645196, 21.9795787 ], [ 108.6637447, 21.9802802 ], [ 108.6623484, 21.9815744 ], [ 108.6612325, 21.982607 ], [ 108.6603972, 21.9833868 ], [ 108.6599182, 21.9838335 ], [ 108.6597243, 21.984046 ], [ 108.6595274, 21.9842831 ], [ 108.6571963, 21.9874384 ] ] } },
{ "type": "Feature", "properties": { "osm_id": "281587448", "name": null, "highway": "motorway_link" }, "geometry": { "type": "LineString", "coordinates": [ [ 108.7285761, 21.9816117 ], [ 108.7275913, 21.9820549 ], [ 108.7271496, 21.9822093 ], [ 108.7267755, 21.9823092 ], [ 108.7255492, 21.9824981 ], [ 108.7250388, 21.9825962 ], [ 108.7243979, 21.9828338 ], [ 108.7238979, 21.9830974 ], [ 108.722196, 21.9840831 ], [ 108.7212788, 21.9843951 ], [ 108.721082, 21.9844603 ] ] } },
{ "type": "Feature", "properties": { "osm_id": "924748939", "name": "鐜鍩庝笢璺", "highway": "primary" }, "geometry": { "type": "LineString", "coordinates": [ [ 108.6570453, 21.9873698 ], [ 108.657098, 21.9872983 ], [ 108.6593825, 21.9841994 ], [ 108.6595914, 21.9839402 ], [ 108.6597941, 21.9837209 ], [ 108.6602628, 21.983283 ], [ 108.6630844, 21.9806551 ], [ 108.663353, 21.9803917 ], [ 108.6636907, 21.9800606 ], [ 108.6640859, 21.9797118 ], [ 108.6643871, 21.9794599 ], [ 108.6645985, 21.9792831 ] ] } },
{ "type": "Feature", "properties": { "osm_id": "968261877", "name": null, "highway": "motorway_link" }, "geometry": { "type": "LineString", "coordinates": [ [ 108.7185914, 21.985198 ], [ 108.7186809, 21.9851638 ], [ 108.7191457, 21.9850152 ], [ 108.7210667, 21.9844012 ] ] } },
{ "type": "Feature", "properties": { "osm_id": "968261876", "name": null, "highway": "motorway_link" }, "geometry": { "type": "LineString", "coordinates": [ [ 108.721082, 21.9844603 ], [ 108.7191628, 21.9850678 ], [ 108.7187027, 21.9852131 ], [ 108.7186132, 21.9852474 ] ] } },
{ "type": "Feature", "properties": { "osm_id": "1001375938", "name": null, "highway": "motorway_link" }, "geometry": { "type": "LineString", "coordinates": [ [ 108.7185385, 21.9848457 ], [ 108.7186727, 21.9849679 ], [ 108.71878, 21.9850077 ], [ 108.7189087, 21.9850251 ], [ 108.7191457, 21.9850152 ] ] } },
{ "type": "Feature", "properties": { "osm_id": "907809748", "name": "閽﹀窞婀惧ぇ閬", "highway": "secondary" }, "geometry": { "type": "LineString", "coordinates": [ [ 108.6268189, 21.9905774 ], [ 108.6267438, 21.9903712 ], [ 108.6266911, 21.9901628 ], [ 108.6259531, 21.9872412 ], [ 108.6255447, 21.9856107 ] ] } },
{ "type": "Feature", "properties": { "osm_id": "910588905", "name": "鍖楃幆涓滆矾", "highway": "primary" }, "geometry": { "type": "LineString", "coordinates": [ [ 108.6480138, 21.9901264 ], [ 108.6484931, 21.990126 ], [ 108.6502221, 21.9901489 ], [ 108.6513987, 21.9901777 ], [ 108.6521653, 21.9901732 ], [ 108.6525318, 21.9901488 ], [ 108.6528743, 21.9901066 ], [ 108.6532552, 21.9900355 ], [ 108.6536601, 21.9899356 ], [ 108.6540433, 21.9898112 ], [ 108.6543979, 21.9896757 ], [ 108.6547165, 21.9895247 ], [ 108.6550399, 21.989347 ], [ 108.655301, 21.9891826 ], [ 108.6555812, 21.9889782 ], [ 108.6558831, 21.9887361 ], [ 108.6561561, 21.9884807 ], [ 108.6564388, 21.988163 ], [ 108.6566472, 21.9879098 ], [ 108.6570453, 21.9873698 ] ] } },
{ "type": "Feature", "properties": { "osm_id": "910588903", "name": "鍖楃幆涓滆矾", "highway": "primary" }, "geometry": { "type": "LineString", "coordinates": [ [ 108.6571963, 21.9874384 ], [ 108.6567919, 21.9879858 ], [ 108.6565686, 21.9882528 ], [ 108.6562747, 21.9885688 ], [ 108.655978, 21.9888467 ], [ 108.6556694, 21.9890974 ], [ 108.6553903, 21.9892908 ], [ 108.6550965, 21.9894734 ], [ 108.6547762, 21.9896477 ], [ 108.6544589, 21.989803 ], [ 108.6540945, 21.9899447 ], [ 108.6537037, 21.9900673 ], [ 108.6532924, 21.9901681 ], [ 108.6529045, 21.9902417 ], [ 108.6525402, 21.9902826 ], [ 108.6521758, 21.9903043 ], [ 108.6514031, 21.9903098 ], [ 108.6502252, 21.9902816 ], [ 108.6484885, 21.9902619 ], [ 108.648006, 21.9902531 ] ] } },
{ "type": "Feature", "properties": { "osm_id": "807612014", "name": null, "highway": "secondary" }, "geometry": { "type": "LineString", "coordinates": [ [ 108.6443742, 21.9881705 ], [ 108.6449561, 21.9881719 ], [ 108.6454257, 21.9881731 ], [ 108.6456321, 21.9881844 ], [ 108.6458426, 21.9882181 ], [ 108.6460146, 21.9882688 ], [ 108.6461948, 21.9883401 ], [ 108.6463546, 21.9884189 ], [ 108.6464801, 21.9885053 ], [ 108.6466178, 21.9886122 ], [ 108.6467594, 21.9887549 ], [ 108.6468869, 21.9889313 ], [ 108.6469901, 21.989087 ], [ 108.647059, 21.9892278 ], [ 108.6471217, 21.9893685 ], [ 108.6471778, 21.9895102 ], [ 108.6472047, 21.9896632 ], [ 108.6472128, 21.9898696 ], [ 108.6472229, 21.990898 ], [ 108.6472503, 21.9909613 ], [ 108.6473282, 21.9910046 ] ] } },
{ "type": "Feature", "properties": { "osm_id": "807605686", "name": "鏁忔槍澶фˉ", "highway": "primary" }, "geometry": { "type": "LineString", "coordinates": [ [ 108.6430559, 21.9901584 ], [ 108.6480138, 21.9901264 ] ] } },
{ "type": "Feature", "properties": { "osm_id": "1560643127", "name": "鏁忔槍澶фˉ", "highway": "primary" }, "geometry": { "type": "LineString", "coordinates": [ [ 108.638098, 21.9901904 ], [ 108.6430559, 21.9901584 ] ] } },
{ "type": "Feature", "properties": { "osm_id": "807605687", "name": "鏁忔槍澶фˉ", "highway": "primary" }, "geometry": { "type": "LineString", "coordinates": [ [ 108.648006, 21.9902531 ], [ 108.6430543, 21.9902863 ] ] } },
{ "type": "Feature", "properties": { "osm_id": "1560643126", "name": "鏁忔槍澶фˉ", "highway": "primary" }, "geometry": { "type": "LineString", "coordinates": [ [ 108.6430543, 21.9902863 ], [ 108.6381026, 21.9903194 ] ] } },
{ "type": "Feature", "properties": { "osm_id": "910588908", "name": "鍖楃幆瑗胯矾", "highway": "primary" }, "geometry": { "type": "LineString", "coordinates": [ [ 108.6269289, 21.9905654 ], [ 108.6276084, 21.9904918 ], [ 108.6298659, 21.9902474 ], [ 108.6306542, 21.9902201 ], [ 108.6313169, 21.9902181 ], [ 108.6316796, 21.990217 ], [ 108.6359044, 21.9902041 ], [ 108.6360372, 21.9902037 ], [ 108.638098, 21.9901904 ] ] } },
{ "type": "Feature", "properties": { "osm_id": "910588907", "name": "鍖楃幆瑗胯矾", "highway": "primary" }, "geometry": { "type": "LineString", "coordinates": [ [ 108.6381026, 21.9903194 ], [ 108.6360346, 21.9903333 ], [ 108.6359075, 21.9903338 ], [ 108.630653, 21.9903534 ], [ 108.6298845, 21.9903848 ], [ 108.6282561, 21.9905632 ], [ 108.6269851, 21.9907025 ] ] } },
{ "type": "Feature", "properties": { "osm_id": "375401689", "name": "鍏閽﹂珮閫", "highway": "motorway" }, "geometry": { "type": "LineString", "coordinates": [ [ 108.7290098, 21.9741537 ], [ 108.7289694, 21.9743046 ], [ 108.7286995, 21.9754779 ], [ 108.7286242, 21.9769363 ], [ 108.7286273, 21.9778841 ], [ 108.7286341, 21.9791943 ], [ 108.7286867, 21.9802069 ], [ 108.7290718, 21.9821655 ], [ 108.7292901, 21.983276 ] ] } },
{ "type": "Feature", "properties": { "osm_id": "194838746", "name": null, "highway": "motorway_link" }, "geometry": { "type": "LineString", "coordinates": [ [ 108.7286242, 21.9769363 ], [ 108.728721, 21.9775961 ], [ 108.728721, 21.9786235 ], [ 108.7287789, 21.978966 ], [ 108.7289165, 21.9792883 ], [ 108.7291844, 21.9795502 ], [ 108.729742, 21.9799397 ], [ 108.7300027, 21.9801881 ], [ 108.7300968, 21.9805037 ], [ 108.7300606, 21.980732 ], [ 108.7298506, 21.9809872 ], [ 108.7294451, 21.9812357 ], [ 108.7291048, 21.9813633 ] ] } },
{ "type": "Feature", "properties": { "osm_id": "281587449", "name": null, "highway": "motorway_link" }, "geometry": { "type": "LineString", "coordinates": [ [ 108.7290787, 21.9813101 ], [ 108.7294156, 21.9811837 ], [ 108.729807, 21.9809439 ], [ 108.7300007, 21.9807086 ], [ 108.7300326, 21.9805074 ], [ 108.7299463, 21.9802181 ], [ 108.7297203, 21.980027 ], [ 108.7294523, 21.9799733 ], [ 108.7292279, 21.9800337 ], [ 108.7290251, 21.9801814 ], [ 108.728931, 21.9803694 ], [ 108.7288803, 21.9806112 ], [ 108.7290718, 21.9821655 ] ] } },
{ "type": "Feature", "properties": { "osm_id": "281587451", "name": null, "highway": "motorway_link" }, "geometry": { "type": "LineString", "coordinates": [ [ 108.7285482, 21.9815594 ], [ 108.7290787, 21.9813101 ] ] } },
{ "type": "Feature", "properties": { "osm_id": "281587452", "name": null, "highway": "motorway_link" }, "geometry": { "type": "LineString", "coordinates": [ [ 108.7291048, 21.9813633 ], [ 108.7285761, 21.9816117 ] ] } },
{ "type": "Feature", "properties": { "osm_id": "281587458", "name": null, "highway": "motorway_link" }, "geometry": { "type": "LineString", "coordinates": [ [ 108.7291631, 21.9833061 ], [ 108.7290758, 21.9830957 ], [ 108.7289165, 21.9827532 ], [ 108.7287572, 21.9824846 ], [ 108.7285037, 21.9822362 ], [ 108.728272, 21.9821288 ], [ 108.7279027, 21.9820885 ], [ 108.7276999, 21.9820952 ], [ 108.7271496, 21.9822093 ] ] } },
{ "type": "Feature", "properties": { "osm_id": "281651021", "name": "鍏閽﹂珮閫", "highway": "motorway" }, "geometry": { "type": "LineString", "coordinates": [ [ 108.7292901, 21.983276 ], [ 108.7296623, 21.9843178 ] ] } },
{ "type": "Feature", "properties": { "osm_id": "281651022", "name": "鍏閽﹂珮閫", "highway": "motorway" }, "geometry": { "type": "LineString", "coordinates": [ [ 108.7295392, 21.9843587 ], [ 108.7291631, 21.9833061 ] ] } },
{ "type": "Feature", "properties": { "osm_id": "281651019", "name": "鍏閽﹂珮閫", "highway": "motorway" }, "geometry": { "type": "LineString", "coordinates": [ [ 108.7296623, 21.9843178 ], [ 108.7299303, 21.9849624 ], [ 108.730197, 21.985675 ], [ 108.7305354, 21.987288 ], [ 108.7307922, 21.9889665 ], [ 108.7309159, 21.9931859 ], [ 108.7311134, 21.994179 ], [ 108.7314983, 21.9954187 ], [ 108.7318158, 21.9963207 ], [ 108.732289, 21.9972782 ], [ 108.7341302, 22.0002398 ], [ 108.734618, 22.0015708 ], [ 108.7350032, 22.0029657 ], [ 108.7356359, 22.0052738 ], [ 108.7365199, 22.007388 ], [ 108.7370147, 22.0083042 ] ] } },
{ "type": "Feature", "properties": { "osm_id": "281651018", "name": "鍏閽﹂珮閫", "highway": "motorway" }, "geometry": { "type": "LineString", "coordinates": [ [ 108.7368844, 22.0083647 ], [ 108.7364011, 22.007439 ], [ 108.7355116, 22.0053124 ], [ 108.7348772, 22.0029983 ], [ 108.7345094, 22.0016312 ], [ 108.7340095, 22.000289 ], [ 108.7321699, 21.9973298 ], [ 108.7317144, 21.9963946 ], [ 108.7313733, 21.9954546 ], [ 108.7310193, 21.9942663 ], [ 108.7307564, 21.9931692 ], [ 108.7306615, 21.9889757 ], [ 108.7304064, 21.9873081 ], [ 108.7300704, 21.9857066 ], [ 108.7298074, 21.9850041 ], [ 108.7295392, 21.9843587 ] ] } },
{ "type": "Feature", "properties": { "osm_id": "807605682", "name": null, "highway": "primary" }, "geometry": { "type": "LineString", "coordinates": [ [ 108.6268189, 21.9905774 ], [ 108.6269289, 21.9905654 ] ] } },
{ "type": "Feature", "properties": { "osm_id": "910588909", "name": null, "highway": "primary" }, "geometry": { "type": "LineString", "coordinates": [ [ 108.6269851, 21.9907025 ], [ 108.6268679, 21.9907128 ] ] } },
{ "type": "Feature", "properties": { "osm_id": "185642676", "name": "閽﹀窞婀惧ぇ閬", "highway": "primary" }, "geometry": { "type": "LineString", "coordinates": [ [ 108.6269289, 21.9905654 ], [ 108.6269851, 21.9907025 ], [ 108.6272892, 21.9914723 ], [ 108.6276751, 21.9924491 ], [ 108.628923, 21.9956082 ], [ 108.6294628, 21.9969952 ], [ 108.6312085, 22.001514 ], [ 108.6316903, 22.002761 ], [ 108.6320842, 22.0037346 ], [ 108.6326212, 22.0051717 ], [ 108.6331922, 22.006681 ], [ 108.633603, 22.0077062 ], [ 108.6336685, 22.0078392 ], [ 108.6337555, 22.0079588 ], [ 108.6338864, 22.008084 ], [ 108.6340861, 22.0082529 ], [ 108.634196, 22.0083527 ] ] } },
{ "type": "Feature", "properties": { "osm_id": "226254307", "name": "閽﹀窞婀惧ぇ閬", "highway": "primary" }, "geometry": { "type": "LineString", "coordinates": [ [ 108.6334741, 22.0088749 ], [ 108.6333928, 22.0087543 ], [ 108.6333312, 22.0086262 ], [ 108.6332868, 22.008455 ], [ 108.6330988, 22.0069844 ], [ 108.6330452, 22.006745 ], [ 108.6324834, 22.0052241 ], [ 108.6320889, 22.0042288 ], [ 108.6315374, 22.0028117 ], [ 108.6303299, 21.9997086 ], [ 108.6292833, 21.9970191 ], [ 108.6289633, 21.9961969 ], [ 108.6281982, 21.9941896 ], [ 108.6278598, 21.9933016 ], [ 108.6270924, 21.9912988 ], [ 108.6268679, 21.9907128 ], [ 108.6268189, 21.9905774 ] ] } },
{ "type": "Feature", "properties": { "osm_id": "1342442932", "name": null, "highway": "trunk" }, "geometry": { "type": "LineString", "coordinates": [ [ 108.6549346, 22.0015731 ], [ 108.6545087, 22.0017964 ], [ 108.6536388, 22.0020561 ] ] } },
{ "type": "Feature", "properties": { "osm_id": "185759460", "name": "閽︽睙澶фˉ", "highway": "trunk" }, "geometry": { "type": "LineString", "coordinates": [ [ 108.6536388, 22.0020561 ], [ 108.6505838, 22.0026821 ], [ 108.6492296, 22.0029414 ], [ 108.6477457, 22.0032505 ] ] } },
{ "type": "Feature", "properties": { "osm_id": "185759463", "name": null, "highway": "trunk" }, "geometry": { "type": "LineString", "coordinates": [ [ 108.6477457, 22.0032505 ], [ 108.6467643, 22.003388 ], [ 108.6453001, 22.00354 ] ] } },
{ "type": "Feature", "properties": { "osm_id": "226254323", "name": null, "highway": "trunk" }, "geometry": { "type": "LineString", "coordinates": [ [ 108.638994, 22.0052483 ], [ 108.6399045, 22.0046522 ], [ 108.6403098, 22.0044242 ], [ 108.6407304, 22.0042261 ], [ 108.6410935, 22.0040892 ], [ 108.6414414, 22.0039879 ], [ 108.6417418, 22.0039194 ], [ 108.6425114, 22.0037845 ], [ 108.6436781, 22.0036744 ], [ 108.6453001, 22.00354 ] ] } },
{ "type": "Feature", "properties": { "osm_id": "1540798803", "name": null, "highway": "trunk" }, "geometry": { "type": "LineString", "coordinates": [ [ 108.6453001, 22.00354 ], [ 108.6450179, 22.0037311 ], [ 108.6448154, 22.0037858 ], [ 108.6436835, 22.0038442 ], [ 108.6425044, 22.0039267 ], [ 108.6417532, 22.0040085 ], [ 108.6414704, 22.0040736 ], [ 108.6411263, 22.0041738 ], [ 108.6407706, 22.0043079 ], [ 108.640357, 22.0045027 ], [ 108.6399577, 22.0047273 ], [ 108.6390205, 22.0053409 ] ] } },
{ "type": "Feature", "properties": { "osm_id": "1540798801", "name": null, "highway": "trunk" }, "geometry": { "type": "LineString", "coordinates": [ [ 108.6386818, 22.0054526 ], [ 108.638994, 22.0052483 ] ] } },
{ "type": "Feature", "properties": { "osm_id": "1001375953", "name": null, "highway": "motorway_link" }, "geometry": { "type": "LineString", "coordinates": [ [ 108.7191628, 21.9850678 ], [ 108.7189704, 21.9852017 ], [ 108.7188926, 21.9852838 ], [ 108.7188524, 21.9853808 ], [ 108.7188458, 21.9855354 ] ] } },
{ "type": "Feature", "properties": { "osm_id": "1487202022", "name": "钃鑾卞寳澶ч亾", "highway": "secondary" }, "geometry": { "type": "LineString", "coordinates": [ [ 108.6571963, 21.9874384 ], [ 108.6570453, 21.9873698 ] ] } },
{ "type": "Feature", "properties": { "osm_id": "395668751", "name": null, "highway": "secondary" }, "geometry": { "type": "LineString", "coordinates": [ [ 108.6571963, 21.9874384 ], [ 108.6583779, 21.9884912 ] ] } },
{ "type": "Feature", "properties": { "osm_id": "807907848", "name": null, "highway": "secondary" }, "geometry": { "type": "LineString", "coordinates": [ [ 108.6583779, 21.9884912 ], [ 108.6590678, 21.9890972 ] ] } },
{ "type": "Feature", "properties": { "osm_id": "680933371", "name": null, "highway": "trunk" }, "geometry": { "type": "LineString", "coordinates": [ [ 108.6734725, 21.9768669 ], [ 108.673326, 21.9771328 ], [ 108.6731228, 21.9774546 ], [ 108.6726615, 21.9781885 ], [ 108.6725216, 21.9784077 ], [ 108.6722934, 21.9787654 ], [ 108.6718448, 21.9794875 ], [ 108.6713369, 21.9803744 ], [ 108.6709518, 21.9811435 ], [ 108.6705879, 21.9818735 ], [ 108.6695934, 21.9840711 ], [ 108.6689586, 21.9854171 ], [ 108.6684338, 21.9864962 ], [ 108.667926, 21.9874537 ], [ 108.6668807, 21.9891215 ], [ 108.6653825, 21.9912955 ], [ 108.6641087, 21.993128 ], [ 108.6638779, 21.9934381 ], [ 108.6636855, 21.9937048 ], [ 108.6632792, 21.9941718 ], [ 108.6627164, 21.994729 ], [ 108.6621832, 21.9951606 ], [ 108.661688, 21.9954981 ], [ 108.6612606, 21.9957492 ], [ 108.6608035, 21.9960082 ], [ 108.6602068, 21.9963299 ], [ 108.6597159, 21.9966046 ], [ 108.6590896, 21.996997 ], [ 108.6587341, 21.9972952 ], [ 108.6583871, 21.997617 ], [ 108.6580908, 21.9979348 ], [ 108.6576634, 21.9985352 ], [ 108.6569447, 21.9995391 ], [ 108.6563769, 22.0003323 ], [ 108.6563282, 22.000394 ], [ 108.6558098, 22.0010504 ], [ 108.6555728, 22.0012622 ], [ 108.6553019, 22.001427 ], [ 108.6549346, 22.0015731 ] ] } },
{ "type": "Feature", "properties": { "osm_id": "1487202023", "name": null, "highway": "secondary" }, "geometry": { "type": "LineString", "coordinates": [ [ 108.6590678, 21.9890972 ], [ 108.6612138, 21.9909823 ] ] } },
{ "type": "Feature", "properties": { "osm_id": "807907847", "name": null, "highway": "secondary" }, "geometry": { "type": "LineString", "coordinates": [ [ 108.6612138, 21.9909823 ], [ 108.6637326, 21.9932416 ], [ 108.6638172, 21.9933429 ], [ 108.6638779, 21.9934381 ] ] } },
{ "type": "Feature", "properties": { "osm_id": "1464536341", "name": "292鍘块亾", "highway": "secondary" }, "geometry": { "type": "LineString", "coordinates": [ [ 108.6763823, 21.9837417 ], [ 108.67659, 21.9841714 ], [ 108.6767875, 21.9844977 ], [ 108.6768046, 21.9847683 ], [ 108.6766415, 21.9856676 ], [ 108.6764613, 21.9866545 ], [ 108.6764355, 21.9873231 ], [ 108.6764441, 21.9880871 ], [ 108.6766244, 21.9889944 ], [ 108.6769162, 21.9897744 ], [ 108.6774741, 21.9904588 ], [ 108.677929, 21.9908567 ], [ 108.6792508, 21.991573 ], [ 108.6815253, 21.9927588 ], [ 108.6828814, 21.9937059 ], [ 108.6832677, 21.9940959 ], [ 108.6836968, 21.9944938 ], [ 108.684435, 21.9949235 ], [ 108.6850018, 21.9951758 ], [ 108.6860222, 21.99529 ], [ 108.6871462, 21.9955049 ], [ 108.688561, 21.9958431 ], [ 108.689335, 21.9960076 ], [ 108.689828, 21.9961722 ], [ 108.6902075, 21.9964419 ], [ 108.6909322, 21.9969538 ], [ 108.6915977, 21.997356 ], [ 108.691919, 21.9975669 ], [ 108.6923481, 21.9976903 ], [ 108.6938759, 21.9977022 ], [ 108.6948759, 21.9976425 ], [ 108.6954209, 21.9974874 ], [ 108.6960474, 21.9971929 ], [ 108.6964466, 21.9969422 ], [ 108.6969015, 21.9968069 ], [ 108.6976353, 21.9967035 ], [ 108.6979826, 21.9966588 ], [ 108.6984781, 21.9966611 ], [ 108.6988231, 21.9966885 ], [ 108.6992767, 21.9968462 ], [ 108.6994608, 21.996985 ], [ 108.6995952, 21.9971777 ], [ 108.6998183, 21.9976655 ], [ 108.6999753, 21.9978873 ], [ 108.7005778, 21.998454 ], [ 108.7008673, 21.998712 ], [ 108.7015111, 21.9992637 ], [ 108.7028676, 22.0004607 ], [ 108.703293, 22.0008164 ], [ 108.7040054, 22.001435 ], [ 108.7041508, 22.0015333 ], [ 108.7047251, 22.0018235 ], [ 108.7057037, 22.0023034 ], [ 108.7060093, 22.0024382 ], [ 108.706384, 22.0025114 ], [ 108.7072072, 22.0027033 ], [ 108.708728, 22.0030598 ], [ 108.7092604, 22.0031558 ], [ 108.7097436, 22.0032861 ], [ 108.7101133, 22.0033661 ], [ 108.7105865, 22.0033775 ], [ 108.7110154, 22.0033844 ], [ 108.7116415, 22.0034324 ], [ 108.7120827, 22.0034369 ], [ 108.7124869, 22.0035398 ], [ 108.7130834, 22.0036883 ], [ 108.7134162, 22.0038049 ], [ 108.7137958, 22.0039991 ], [ 108.7144169, 22.0044013 ], [ 108.7151095, 22.004831 ], [ 108.7158539, 22.0052949 ], [ 108.7166993, 22.0055965 ], [ 108.7170691, 22.0056994 ], [ 108.7175967, 22.005826 ], [ 108.7177636, 22.0058295 ] ] } },
{ "type": "Feature", "properties": { "osm_id": "1540671789", "name": "292鍘块亾", "highway": "secondary" }, "geometry": { "type": "LineString", "coordinates": [ [ 108.7177636, 22.0058295 ], [ 108.7178524, 22.0058747 ], [ 108.7184032, 22.0061549 ], [ 108.7187608, 22.0062574 ], [ 108.7190143, 22.0064533 ], [ 108.7191769, 22.0067848 ], [ 108.7192874, 22.0072248 ], [ 108.7192971, 22.0078969 ], [ 108.7193199, 22.0080747 ], [ 108.7193719, 22.0081802 ], [ 108.7196645, 22.0084725 ], [ 108.7198465, 22.0087106 ], [ 108.719983, 22.0090512 ], [ 108.7200578, 22.0091868 ], [ 108.7203243, 22.0094731 ], [ 108.7205974, 22.0097624 ], [ 108.7212183, 22.0108986 ], [ 108.721332, 22.0111186 ], [ 108.7213938, 22.011429 ], [ 108.7214783, 22.0120528 ], [ 108.7214295, 22.0124506 ] ] } },
{ "type": "Feature", "properties": { "osm_id": "396924593", "name": "閽︾伒鍏璺", "highway": "trunk" }, "geometry": { "type": "LineString", "coordinates": [ [ 108.686316, 21.9426217 ], [ 108.6865794, 21.9427892 ], [ 108.6871498, 21.9433475 ], [ 108.6876342, 21.943728 ], [ 108.688213, 21.9440999 ], [ 108.688858, 21.9444707 ], [ 108.6969244, 21.9486309 ], [ 108.6980546, 21.9493127 ], [ 108.6991049, 21.9500772 ], [ 108.6998547, 21.9508329 ], [ 108.7004845, 21.9515324 ], [ 108.700977, 21.9522176 ], [ 108.7042359, 21.9573269 ], [ 108.7096996, 21.9658912 ], [ 108.7106673, 21.9676164 ], [ 108.7120641, 21.9702935 ], [ 108.7130413, 21.9725233 ], [ 108.7134304, 21.9734383 ], [ 108.7135681, 21.9737459 ], [ 108.7185385, 21.9848457 ], [ 108.7186809, 21.9851638 ], [ 108.7187027, 21.9852131 ], [ 108.7188458, 21.9855354 ], [ 108.7205067, 21.989276 ], [ 108.7208338, 21.9901533 ], [ 108.7210614, 21.9910429 ], [ 108.7211916, 21.9920234 ], [ 108.7211889, 21.9928226 ], [ 108.7210669, 21.9937752 ], [ 108.7207893, 21.9948849 ], [ 108.7178581, 22.0058495 ], [ 108.7178524, 22.0058747 ], [ 108.7173141, 22.0082649 ], [ 108.7159492, 22.0158426 ], [ 108.714833, 22.0220289 ], [ 108.7135569, 22.0292238 ], [ 108.7132868, 22.0309643 ], [ 108.7132367, 22.0322145 ], [ 108.7133512, 22.0336135 ], [ 108.7135592, 22.0345867 ], [ 108.7140188, 22.0360319 ], [ 108.7156859, 22.0392479 ], [ 108.7165026, 22.0407882 ], [ 108.7167992, 22.0413284 ], [ 108.7172905, 22.0423076 ], [ 108.7178843, 22.0434256 ], [ 108.7183894, 22.0443766 ], [ 108.7197682, 22.0468824 ], [ 108.7210659, 22.0488954 ], [ 108.7237243, 22.0525705 ], [ 108.7279147, 22.0583669 ], [ 108.7285896, 22.0592922 ], [ 108.7330334, 22.0654743 ], [ 108.733566, 22.066112 ], [ 108.7343524, 22.0669273 ], [ 108.7353422, 22.0677069 ], [ 108.736583, 22.0684579 ], [ 108.7376326, 22.068917 ], [ 108.7515666, 22.074824 ], [ 108.75238, 22.0752309 ], [ 108.753489, 22.0757933 ], [ 108.7638396, 22.0813213 ] ] } },
{ "type": "Feature", "properties": { "osm_id": "185642039", "name": null, "highway": "trunk" }, "geometry": { "type": "LineString", "coordinates": [ [ 108.6390205, 22.0053409 ], [ 108.6387063, 22.0055466 ] ] } },
{ "type": "Feature", "properties": { "osm_id": "185642041", "name": null, "highway": "trunk" }, "geometry": { "type": "LineString", "coordinates": [ [ 108.6387063, 22.0055466 ], [ 108.6374789, 22.0063502 ], [ 108.6356783, 22.007529 ] ] } },
{ "type": "Feature", "properties": { "osm_id": "1540798802", "name": null, "highway": "trunk" }, "geometry": { "type": "LineString", "coordinates": [ [ 108.6339626, 22.0082662 ], [ 108.6340861, 22.0082529 ], [ 108.6344795, 22.0082048 ], [ 108.6346364, 22.0081576 ], [ 108.6348215, 22.0080718 ], [ 108.6356223, 22.0074557 ], [ 108.6374514, 22.0062582 ], [ 108.6386818, 22.0054526 ] ] } },
{ "type": "Feature", "properties": { "osm_id": "226254335", "name": null, "highway": "trunk" }, "geometry": { "type": "LineString", "coordinates": [ [ 108.6356783, 22.007529 ], [ 108.6351702, 22.007978 ], [ 108.6349862, 22.0081699 ], [ 108.6347696, 22.0084305 ], [ 108.6346163, 22.008688 ], [ 108.6344026, 22.0091425 ] ] } },
{ "type": "Feature", "properties": { "osm_id": "252424336", "name": null, "highway": "trunk" }, "geometry": { "type": "LineString", "coordinates": [ [ 108.6339626, 22.0082662 ], [ 108.6341196, 22.0083045 ], [ 108.634196, 22.0083527 ], [ 108.6342539, 22.0083892 ], [ 108.6343501, 22.0085105 ], [ 108.6343972, 22.0086546 ], [ 108.6343949, 22.0087803 ], [ 108.6343549, 22.0089003 ], [ 108.6342802, 22.0090052 ], [ 108.6341536, 22.0090995 ], [ 108.6340003, 22.0091492 ], [ 108.6338379, 22.0091488 ], [ 108.6336849, 22.0090982 ], [ 108.6335589, 22.0090033 ], [ 108.6334741, 22.0088749 ], [ 108.6334404, 22.0087276 ], [ 108.6334615, 22.0085783 ], [ 108.633535, 22.008444 ], [ 108.6336526, 22.0083402 ], [ 108.6338007, 22.0082785 ], [ 108.6339626, 22.0082662 ] ] } },
{ "type": "Feature", "properties": { "osm_id": "807655978", "name": "閽﹀窞婀惧ぇ閬", "highway": "primary" }, "geometry": { "type": "LineString", "coordinates": [ [ 108.6333572, 22.0090212 ], [ 108.6332868, 22.008455 ] ] } },
{ "type": "Feature", "properties": { "osm_id": "281579504", "name": null, "highway": "trunk_link" }, "geometry": { "type": "LineString", "coordinates": [ [ 108.6346163, 22.008688 ], [ 108.6344083, 22.0088734 ], [ 108.6342802, 22.0090052 ] ] } },
{ "type": "Feature", "properties": { "osm_id": "281579505", "name": null, "highway": "trunk_link" }, "geometry": { "type": "LineString", "coordinates": [ [ 108.6343972, 22.0086546 ], [ 108.6344083, 22.0088734 ], [ 108.6344026, 22.0091425 ] ] } },
{ "type": "Feature", "properties": { "osm_id": "807655977", "name": null, "highway": "trunk_link" }, "geometry": { "type": "LineString", "coordinates": [ [ 108.6339261, 22.0102331 ], [ 108.6338988, 22.0102834 ], [ 108.6338519, 22.0103354 ], [ 108.6337892, 22.0103702 ], [ 108.6337176, 22.010384 ], [ 108.6336469, 22.0103756 ], [ 108.6335828, 22.0103467 ], [ 108.6335321, 22.0103003 ], [ 108.6335002, 22.0102412 ], [ 108.6334815, 22.0101859 ] ] } },
{ "type": "Feature", "properties": { "osm_id": "185642322", "name": null, "highway": "trunk" }, "geometry": { "type": "LineString", "coordinates": [ [ 108.6344026, 22.0091425 ], [ 108.6339977, 22.010034 ], [ 108.6339261, 22.0102331 ], [ 108.6337792, 22.0109037 ], [ 108.6337482, 22.0112426 ], [ 108.6338614, 22.012665 ], [ 108.6340296, 22.0157216 ], [ 108.6340534, 22.0164055 ], [ 108.6340408, 22.0170692 ], [ 108.6340405, 22.0170864 ], [ 108.6339452, 22.0192631 ], [ 108.6338371, 22.0208132 ], [ 108.6337972, 22.0218017 ], [ 108.6337275, 22.0235219 ], [ 108.6336109, 22.0252697 ], [ 108.6334603, 22.0262044 ], [ 108.6332961, 22.0269296 ], [ 108.6331565, 22.0274109 ], [ 108.6331052, 22.0275446 ], [ 108.6329317, 22.0279883 ], [ 108.6325908, 22.0286735 ], [ 108.6323469, 22.0291497 ], [ 108.632103, 22.0295561 ], [ 108.6307442, 22.0316944 ], [ 108.6293273, 22.0339201 ], [ 108.6290716, 22.0344501 ], [ 108.6289101, 22.0349765 ], [ 108.6288365, 22.0353975 ], [ 108.6288223, 22.0357755 ], [ 108.6288496, 22.0360908 ], [ 108.6289545, 22.0365921 ], [ 108.6291347, 22.0371738 ], [ 108.6293127, 22.0376229 ], [ 108.6298515, 22.0388446 ], [ 108.6300854, 22.0394778 ], [ 108.6302099, 22.0399376 ], [ 108.6302929, 22.0404114 ], [ 108.6303019, 22.040488 ], [ 108.6303357, 22.0407758 ], [ 108.6302842, 22.04121 ], [ 108.6301643, 22.0417256 ], [ 108.6300407, 22.0421295 ], [ 108.6291695, 22.0450133 ], [ 108.6290008, 22.0456549 ], [ 108.6288857, 22.0462148 ], [ 108.628845, 22.04653 ], [ 108.6288113, 22.0470343 ], [ 108.6288284, 22.0474191 ], [ 108.6288739, 22.0478323 ], [ 108.6288869, 22.0479506 ], [ 108.6290138, 22.0485059 ], [ 108.6292048, 22.0490228 ], [ 108.6292421, 22.0491224 ], [ 108.6297016, 22.0503485 ], [ 108.6299173, 22.050924 ], [ 108.6301171, 22.0514766 ], [ 108.6304147, 22.0522997 ], [ 108.6307452, 22.0533659 ], [ 108.6302825, 22.0523373 ], [ 108.6296679, 22.0506728 ], [ 108.6290753, 22.0490676 ], [ 108.6288961, 22.0485219 ], [ 108.6287553, 22.0479684 ], [ 108.6286956, 22.0474346 ], [ 108.6286658, 22.0470314 ], [ 108.6286913, 22.0465213 ], [ 108.628734, 22.0462153 ], [ 108.6288534, 22.0456238 ], [ 108.6290497, 22.0449635 ], [ 108.6299156, 22.042085 ], [ 108.6300308, 22.0416896 ], [ 108.6301417, 22.0412072 ], [ 108.6301972, 22.0407842 ], [ 108.6301758, 22.0404323 ], [ 108.6300905, 22.0399736 ], [ 108.629954, 22.039511 ], [ 108.6297322, 22.0388902 ], [ 108.6291862, 22.0376842 ], [ 108.629007, 22.0372295 ], [ 108.6288151, 22.0366285 ], [ 108.6287212, 22.0361105 ], [ 108.6286956, 22.0357665 ], [ 108.6287084, 22.0353869 ], [ 108.6287852, 22.03494 ], [ 108.6289516, 22.0344023 ], [ 108.629216, 22.0338605 ], [ 108.6306451, 22.0316264 ], [ 108.6308424, 22.0313153 ], [ 108.6315738, 22.0301626 ], [ 108.6319973, 22.029495 ], [ 108.6322191, 22.0290957 ], [ 108.6324623, 22.028633 ], [ 108.6327907, 22.0279291 ], [ 108.6329568, 22.0275338 ], [ 108.6330023, 22.0273993 ], [ 108.6331533, 22.0268931 ], [ 108.6333282, 22.0261892 ], [ 108.6333522, 22.0260365 ], [ 108.6334733, 22.0252639 ], [ 108.633511, 22.0247105 ], [ 108.6335927, 22.023512 ], [ 108.633678, 22.0217958 ], [ 108.6337207, 22.0208071 ], [ 108.633806, 22.019249 ], [ 108.6339084, 22.017074 ], [ 108.6339254, 22.0164057 ], [ 108.6339041, 22.0157215 ], [ 108.6336632, 22.0120024 ], [ 108.6335549, 22.0108734 ], [ 108.6334815, 22.0101859 ], [ 108.6333572, 22.0090212 ], [ 108.6333656, 22.0089109 ], [ 108.6333928, 22.0087543 ], [ 108.6333999, 22.0087133 ], [ 108.6334615, 22.0085783 ] ] } },
{ "type": "Feature", "properties": { "osm_id": "281651024", "name": "鍏閽﹂珮閫", "highway": "motorway" }, "geometry": { "type": "LineString", "coordinates": [ [ 108.7370147, 22.0083042 ], [ 108.7373132, 22.0088151 ] ] } },
{ "type": "Feature", "properties": { "osm_id": "281651023", "name": "鍏閽﹂珮閫", "highway": "motorway" }, "geometry": { "type": "LineString", "coordinates": [ [ 108.7372033, 22.008882 ], [ 108.7368844, 22.0083647 ] ] } },
{ "type": "Feature", "properties": { "osm_id": "968261875", "name": "鍏閽﹂珮閫", "highway": "motorway" }, "geometry": { "type": "LineString", "coordinates": [ [ 108.7373132, 22.0088151 ], [ 108.7381854, 22.0098452 ], [ 108.7390682, 22.010747 ], [ 108.7436816, 22.0150952 ], [ 108.7486892, 22.0199629 ], [ 108.7498237, 22.0211057 ], [ 108.7517961, 22.0235929 ], [ 108.7547233, 22.0282107 ], [ 108.755301, 22.0291747 ], [ 108.757913, 22.0332643 ], [ 108.7592764, 22.0353903 ], [ 108.7604513, 22.0371905 ], [ 108.7616681, 22.038809 ], [ 108.7621057, 22.0393249 ], [ 108.7648339, 22.0425414 ], [ 108.7670475, 22.0451912 ], [ 108.7690505, 22.0475889 ], [ 108.770644, 22.0494542 ] ] } },
{ "type": "Feature", "properties": { "osm_id": "968261874", "name": "鍏閽﹂珮閫", "highway": "motorway" }, "geometry": { "type": "LineString", "coordinates": [ [ 108.7705572, 22.0495296 ], [ 108.768122, 22.0466864 ], [ 108.7647084, 22.0426276 ], [ 108.7631026, 22.040706 ], [ 108.7616208, 22.0389327 ], [ 108.7603757, 22.0372589 ], [ 108.7590259, 22.035435 ], [ 108.7568732, 22.0320456 ], [ 108.7551867, 22.0292336 ], [ 108.7546097, 22.0282709 ], [ 108.751688, 22.0236616 ], [ 108.7496065, 22.0210856 ], [ 108.7485904, 22.0200426 ], [ 108.7435877, 22.0151795 ], [ 108.7389731, 22.0108303 ], [ 108.7380863, 22.0099244 ], [ 108.7372033, 22.008882 ] ] } },
{ "type": "Feature", "properties": { "osm_id": "1181194190", "name": null, "highway": "motorway_link" }, "geometry": { "type": "LineString", "coordinates": [ [ 108.7621057, 22.0393249 ], [ 108.7623981, 22.039578 ], [ 108.763074, 22.0403612 ], [ 108.7635836, 22.0409131 ], [ 108.7644687, 22.0418852 ], [ 108.7657025, 22.0433247 ], [ 108.7662739, 22.044078 ], [ 108.7668505, 22.0448884 ], [ 108.7670475, 22.0451912 ] ] } },
{ "type": "Feature", "properties": { "osm_id": "1181194189", "name": null, "highway": "motorway_link" }, "geometry": { "type": "LineString", "coordinates": [ [ 108.768122, 22.0466864 ], [ 108.7679073, 22.0465342 ], [ 108.7673736, 22.0459699 ], [ 108.7668237, 22.0453161 ], [ 108.7659091, 22.044339 ], [ 108.7651983, 22.0435609 ], [ 108.7646297, 22.0428796 ], [ 108.7641603, 22.0422581 ], [ 108.7638465, 22.0417733 ], [ 108.7633154, 22.0410971 ], [ 108.7631437, 22.0408559 ], [ 108.7631026, 22.040706 ] ] } },
{ "type": "Feature", "properties": { "osm_id": "968261872", "name": "鍏閽﹂珮閫", "highway": "motorway" }, "geometry": { "type": "LineString", "coordinates": [ [ 108.770644, 22.0494542 ], [ 108.7708399, 22.0496639 ] ] } },
{ "type": "Feature", "properties": { "osm_id": "968261873", "name": "鍏閽﹂珮閫", "highway": "motorway" }, "geometry": { "type": "LineString", "coordinates": [ [ 108.7707365, 22.0497232 ], [ 108.7705572, 22.0495296 ] ] } },
{ "type": "Feature", "properties": { "osm_id": "968261871", "name": "鍏閽﹂珮閫", "highway": "motorway" }, "geometry": { "type": "LineString", "coordinates": [ [ 108.7708399, 22.0496639 ], [ 108.7728437, 22.0520665 ], [ 108.7738588, 22.0531755 ], [ 108.7750043, 22.0542162 ], [ 108.7757421, 22.0547838 ], [ 108.7765692, 22.0552579 ] ] } },
{ "type": "Feature", "properties": { "osm_id": "968261869", "name": "鍏閽﹂珮閫", "highway": "motorway" }, "geometry": { "type": "LineString", "coordinates": [ [ 108.7765239, 22.0553707 ], [ 108.7756635, 22.0548826 ], [ 108.7749246, 22.0543301 ], [ 108.7739863, 22.0534827 ], [ 108.7730801, 22.052561 ], [ 108.7707365, 22.0497232 ] ] } },
{ "type": "Feature", "properties": { "osm_id": "281651016", "name": "閽︾伒鍏璺", "highway": "trunk" }, "geometry": { "type": "LineString", "coordinates": [ [ 108.7638327, 22.0814317 ], [ 108.7534368, 22.0758794 ], [ 108.752329, 22.0753177 ], [ 108.751519, 22.0749125 ], [ 108.7375876, 22.0690067 ], [ 108.7365308, 22.0685443 ], [ 108.7352783, 22.0677862 ], [ 108.7342778, 22.0669982 ], [ 108.7334865, 22.0661779 ], [ 108.7329394, 22.0655242 ], [ 108.7306686, 22.0623925 ], [ 108.7284754, 22.0593594 ], [ 108.7278129, 22.0584158 ], [ 108.7258705, 22.0557356 ], [ 108.7236164, 22.0526119 ], [ 108.7209648, 22.048952 ], [ 108.7200794, 22.0476475 ], [ 108.718782, 22.0453433 ], [ 108.7180139, 22.0439129 ], [ 108.7172046, 22.0424059 ], [ 108.7165886, 22.0414145 ], [ 108.7163748, 22.0408051 ], [ 108.715535, 22.0392163 ], [ 108.7140709, 22.036361 ], [ 108.7137375, 22.0354809 ], [ 108.7134403, 22.0345269 ], [ 108.7132385, 22.0336135 ], [ 108.7131333, 22.0322186 ], [ 108.7131903, 22.0309556 ], [ 108.7134612, 22.0292101 ], [ 108.7147379, 22.0220119 ], [ 108.7158537, 22.0158278 ], [ 108.7172189, 22.0082483 ], [ 108.7177636, 22.0058295 ], [ 108.7206951, 21.994864 ], [ 108.7209713, 21.9937598 ], [ 108.721092, 21.9928172 ], [ 108.7210947, 21.9920288 ], [ 108.720966, 21.9910588 ], [ 108.7207407, 21.9901784 ], [ 108.7204161, 21.9893079 ], [ 108.7186132, 21.9852474 ], [ 108.7185914, 21.985198 ], [ 108.7134018, 21.9736085 ], [ 108.7128756, 21.9724332 ], [ 108.711935, 21.9703327 ], [ 108.7105805, 21.9676562 ], [ 108.7096149, 21.9659348 ], [ 108.7041526, 21.9573726 ], [ 108.700895, 21.9522654 ], [ 108.7004068, 21.9515862 ], [ 108.6997819, 21.9508922 ], [ 108.6990389, 21.9501433 ], [ 108.6979982, 21.9493858 ], [ 108.6968744, 21.9487079 ], [ 108.688809, 21.9445482 ], [ 108.6881599, 21.944175 ], [ 108.6875752, 21.9437994 ], [ 108.6870843, 21.9434137 ], [ 108.6864561, 21.9428786 ], [ 108.6862563, 21.9427673 ], [ 108.6861279, 21.942703 ] ] } },
{ "type": "Feature", "properties": { "osm_id": "905780512", "name": "292鍘块亾", "highway": "secondary" }, "geometry": { "type": "LineString", "coordinates": [ [ 108.7214295, 22.0124506 ], [ 108.721059, 22.0130408 ], [ 108.7201578, 22.0140266 ], [ 108.7193828, 22.0154971 ], [ 108.7186799, 22.0184378 ], [ 108.7184276, 22.0196576 ], [ 108.7183735, 22.0209441 ], [ 108.7189863, 22.0220248 ], [ 108.7198163, 22.0235812 ], [ 108.7200774, 22.0252337 ], [ 108.7205429, 22.0263178 ], [ 108.7207927, 22.029307 ], [ 108.7206564, 22.0304437 ], [ 108.7207353, 22.0307425 ], [ 108.720611, 22.0312751 ] ] } },
{ "type": "Feature", "properties": { "osm_id": "1540671785", "name": "292鍘块亾", "highway": "secondary" }, "geometry": { "type": "LineString", "coordinates": [ [ 108.720611, 22.0312751 ], [ 108.7209062, 22.0319592 ], [ 108.7215193, 22.0350851 ], [ 108.7208608, 22.0385056 ], [ 108.7189874, 22.0400842 ], [ 108.718525, 22.0406223 ] ] } },
{ "type": "Feature", "properties": { "osm_id": "1540671795", "name": "292鍘块亾", "highway": "secondary" }, "geometry": { "type": "LineString", "coordinates": [ [ 108.718525, 22.0406223 ], [ 108.7180965, 22.0415226 ], [ 108.7181115, 22.042091 ] ] } },
{ "type": "Feature", "properties": { "osm_id": "1540671794", "name": "292鍘块亾", "highway": "secondary" }, "geometry": { "type": "LineString", "coordinates": [ [ 108.7181115, 22.042091 ], [ 108.718129, 22.0427519 ], [ 108.7179909, 22.0433693 ], [ 108.7178843, 22.0434256 ] ] } },
{ "type": "Feature", "properties": { "osm_id": "905780518", "name": null, "highway": "primary" }, "geometry": { "type": "LineString", "coordinates": [ [ 108.7210659, 22.0488954 ], [ 108.7209648, 22.048952 ], [ 108.7172241, 22.0511206 ], [ 108.7167238, 22.0514987 ], [ 108.7164861, 22.0516783 ], [ 108.7158276, 22.0525518 ], [ 108.7153734, 22.0536357 ], [ 108.7147603, 22.0550563 ], [ 108.7142039, 22.0558561 ], [ 108.7132616, 22.05674 ], [ 108.7118853, 22.057627 ], [ 108.711286, 22.0580133 ], [ 108.7098306, 22.0587727 ] ] } },
{ "type": "Feature", "properties": { "osm_id": "905780520", "name": null, "highway": "primary" }, "geometry": { "type": "LineString", "coordinates": [ [ 108.7098306, 22.0587727 ], [ 108.7083446, 22.0596162 ] ] } },
{ "type": "Feature", "properties": { "osm_id": "281579516", "name": null, "highway": "primary" }, "geometry": { "type": "LineString", "coordinates": [ [ 108.6670731, 22.0861731 ], [ 108.669154, 22.0851286 ], [ 108.6697263, 22.0849298 ], [ 108.6738175, 22.0842405 ], [ 108.6750907, 22.0838694 ], [ 108.6759347, 22.0833656 ], [ 108.6786813, 22.0810724 ], [ 108.6797112, 22.0796275 ], [ 108.681342, 22.0785803 ], [ 108.6817998, 22.0771619 ], [ 108.6827835, 22.0756034 ], [ 108.6832717, 22.0744355 ], [ 108.6837145, 22.0735937 ], [ 108.6863713, 22.0716051 ], [ 108.6877338, 22.0701215 ], [ 108.6884945, 22.0695112 ], [ 108.6910492, 22.0684906 ], [ 108.6919235, 22.0677116 ], [ 108.6920887, 22.0675643 ], [ 108.6925252, 22.0671753 ], [ 108.6934789, 22.0667965 ], [ 108.6969533, 22.0664703 ], [ 108.6978843, 22.0663441 ], [ 108.6990424, 22.0660389 ], [ 108.699932, 22.0654002 ], [ 108.7007835, 22.0643479 ], [ 108.7011092, 22.0640187 ], [ 108.7017827, 22.0633378 ], [ 108.7083446, 22.0596162 ] ] } },
{ "type": "Feature", "properties": { "osm_id": "1381017575", "name": null, "highway": "primary" }, "geometry": { "type": "LineString", "coordinates": [ [ 108.6666387, 22.0864585 ], [ 108.6670731, 22.0861731 ] ] } },
{ "type": "Feature", "properties": { "osm_id": "281579513", "name": null, "highway": "primary" }, "geometry": { "type": "LineString", "coordinates": [ [ 108.7142353, 22.1491381 ], [ 108.71359, 22.1485875 ], [ 108.7125968, 22.1478018 ], [ 108.7109873, 22.1464723 ], [ 108.7093996, 22.1451628 ], [ 108.7088196, 22.1447935 ], [ 108.7080298, 22.1444047 ], [ 108.7072101, 22.1440011 ], [ 108.7060718, 22.1435176 ], [ 108.7058181, 22.143343 ], [ 108.7051439, 22.1426312 ], [ 108.7044334, 22.1419798 ], [ 108.7038244, 22.1414695 ], [ 108.7032444, 22.1409054 ], [ 108.7025266, 22.1402876 ], [ 108.7022584, 22.1400928 ], [ 108.7010476, 22.1399048 ], [ 108.7007141, 22.1398443 ], [ 108.7000109, 22.1394951 ], [ 108.6996122, 22.1393407 ], [ 108.6981332, 22.1390251 ], [ 108.6977852, 22.1388908 ], [ 108.6969587, 22.1385684 ], [ 108.6964004, 22.1383804 ], [ 108.6961177, 22.1382528 ], [ 108.6947619, 22.1372388 ], [ 108.6943777, 22.1369634 ], [ 108.6941385, 22.1368493 ], [ 108.693109, 22.1367217 ], [ 108.6927755, 22.1366948 ], [ 108.6923622, 22.1365471 ], [ 108.6912385, 22.1358688 ], [ 108.6904337, 22.1351234 ], [ 108.6900132, 22.1347003 ], [ 108.6893897, 22.1340757 ], [ 108.6891505, 22.1338742 ], [ 108.688614, 22.1336593 ], [ 108.687715, 22.1333639 ], [ 108.6866638, 22.1331691 ], [ 108.6863883, 22.1331624 ], [ 108.6860765, 22.1329811 ], [ 108.6856488, 22.1326453 ], [ 108.685366, 22.1325781 ], [ 108.6848658, 22.1326721 ], [ 108.6829228, 22.1329542 ], [ 108.6824443, 22.1329945 ], [ 108.6822375, 22.1329993 ], [ 108.6818643, 22.1330079 ], [ 108.6812698, 22.1328535 ], [ 108.6806173, 22.1327729 ], [ 108.6802476, 22.1328602 ], [ 108.6796096, 22.1331825 ], [ 108.6782031, 22.1337332 ], [ 108.6778261, 22.1338675 ], [ 108.6769271, 22.1342705 ], [ 108.6765864, 22.1343645 ], [ 108.6762746, 22.1343578 ], [ 108.6744694, 22.1338474 ], [ 108.6733384, 22.133478 ], [ 108.6722654, 22.133243 ], [ 108.6717652, 22.1330885 ], [ 108.6712867, 22.1328333 ], [ 108.6708589, 22.1326923 ], [ 108.6682127, 22.1319401 ], [ 108.6679227, 22.1317924 ], [ 108.6674659, 22.1314297 ], [ 108.6670817, 22.1310939 ], [ 108.66677, 22.1309193 ], [ 108.6650662, 22.1301604 ], [ 108.6629927, 22.1292874 ], [ 108.6616514, 22.1286764 ], [ 108.660796, 22.1282867 ], [ 108.6578924, 22.126742 ], [ 108.6571386, 22.1264063 ], [ 108.6564645, 22.126131 ], [ 108.6555947, 22.1257819 ], [ 108.6552106, 22.1255804 ], [ 108.6545582, 22.1251306 ], [ 108.6538044, 22.1246337 ], [ 108.6529854, 22.1241167 ], [ 108.65242, 22.1237742 ], [ 108.6519634, 22.1232438 ], [ 108.6511298, 22.1219814 ], [ 108.6498541, 22.1199939 ], [ 108.6494627, 22.1194433 ], [ 108.6491075, 22.1190404 ], [ 108.6484842, 22.1185502 ], [ 108.6473027, 22.1177981 ], [ 108.6461575, 22.1170729 ], [ 108.6452152, 22.1164216 ], [ 108.6443962, 22.1160187 ], [ 108.6435572, 22.1156439 ], [ 108.6432539, 22.1155119 ] ] } },
{ "type": "Feature", "properties": { "osm_id": "1435801947", "name": null, "highway": "motorway_link" }, "geometry": { "type": "LineString", "coordinates": [ [ 108.5662403, 22.0564103 ], [ 108.5660732, 22.0566388 ], [ 108.5659786, 22.0568115 ], [ 108.5659236, 22.056965 ], [ 108.5659065, 22.057117 ], [ 108.565925, 22.057273 ], [ 108.5659892, 22.0574404 ], [ 108.5661006, 22.0575696 ], [ 108.5662523, 22.0576506 ], [ 108.5664346, 22.0576996 ], [ 108.5666156, 22.0576814 ], [ 108.5668114, 22.0575994 ], [ 108.5669348, 22.0574925 ], [ 108.5670045, 22.0573731 ], [ 108.5670501, 22.0572265 ], [ 108.5670689, 22.0570898 ], [ 108.5670555, 22.0569555 ], [ 108.5670152, 22.0568188 ], [ 108.5669079, 22.05661 ], [ 108.5667551, 22.056431 ], [ 108.5649405, 22.0547057 ] ] } },
{ "type": "Feature", "properties": { "osm_id": "1435801976", "name": null, "highway": "motorway_link" }, "geometry": { "type": "LineString", "coordinates": [ [ 108.5669561, 22.0558118 ], [ 108.5672173, 22.0557053 ], [ 108.5674816, 22.055648 ], [ 108.5677133, 22.0556208 ], [ 108.5679762, 22.055615 ], [ 108.5682571, 22.0556381 ], [ 108.5685156, 22.0556869 ], [ 108.5687556, 22.0557692 ], [ 108.5690241, 22.0559125 ], [ 108.5692216, 22.0560479 ], [ 108.5694491, 22.0562236 ], [ 108.5696367, 22.0564328 ], [ 108.5699154, 22.0568538 ], [ 108.5706883, 22.0580216 ], [ 108.5708206, 22.0581784 ], [ 108.5710165, 22.0583538 ], [ 108.5711972, 22.0584555 ], [ 108.5714014, 22.0585241 ], [ 108.5716166, 22.0585538 ], [ 108.5718108, 22.0585461 ], [ 108.5720432, 22.0585049 ], [ 108.5723421, 22.0584272 ] ] } },
{ "type": "Feature", "properties": { "osm_id": "1435801977", "name": null, "highway": "motorway_link" }, "geometry": { "type": "LineString", "coordinates": [ [ 108.5723421, 22.0584272 ], [ 108.5720562, 22.0585483 ], [ 108.5718164, 22.0585908 ], [ 108.5716141, 22.0585988 ], [ 108.5713894, 22.0585679 ], [ 108.5711762, 22.0584962 ], [ 108.5709867, 22.0583896 ], [ 108.5707845, 22.0582085 ], [ 108.5706485, 22.0580472 ], [ 108.5698737, 22.0568768 ], [ 108.5695972, 22.056459 ], [ 108.5694147, 22.0562555 ], [ 108.5691916, 22.0560832 ], [ 108.5689975, 22.0559501 ], [ 108.5687349, 22.05581 ], [ 108.5685023, 22.0557302 ], [ 108.5682501, 22.0556827 ], [ 108.5679746, 22.05566 ], [ 108.5677169, 22.0556657 ], [ 108.5674901, 22.0556923 ], [ 108.5672327, 22.0557481 ], [ 108.5669778, 22.055852 ] ] } },
{ "type": "Feature", "properties": { "osm_id": "1435801975", "name": null, "highway": "motorway_link" }, "geometry": { "type": "LineString", "coordinates": [ [ 108.5689975, 22.0559501 ], [ 108.5687278, 22.055848 ], [ 108.5684918, 22.0558021 ], [ 108.5682383, 22.055776 ], [ 108.5679808, 22.0557896 ], [ 108.567789, 22.0558617 ], [ 108.5676751, 22.0559512 ], [ 108.5675691, 22.0560805 ], [ 108.5675047, 22.0562097 ], [ 108.5674739, 22.0563378 ], [ 108.5674685, 22.0564745 ], [ 108.5675061, 22.0566311 ], [ 108.5675731, 22.0567865 ], [ 108.5678494, 22.0572141 ], [ 108.5683805, 22.0579275 ], [ 108.5690296, 22.0588373 ], [ 108.569601, 22.0598414 ] ] } },
{ "type": "Feature", "properties": { "osm_id": "1435801946", "name": null, "highway": "motorway_link" }, "geometry": { "type": "LineString", "coordinates": [ [ 108.5695137, 22.0598901 ], [ 108.5689706, 22.0591307 ], [ 108.5683134, 22.058288 ], [ 108.5680479, 22.0580443 ], [ 108.5678548, 22.0579126 ], [ 108.5676321, 22.0578206 ], [ 108.5674202, 22.0577634 ], [ 108.5672057, 22.0577411 ], [ 108.5669562, 22.0577535 ], [ 108.5666692, 22.0577734 ], [ 108.5664211, 22.0577427 ], [ 108.5662332, 22.0576923 ], [ 108.5660684, 22.0576043 ], [ 108.5659463, 22.0574626 ], [ 108.5658775, 22.0572831 ], [ 108.5658577, 22.0571172 ], [ 108.5658759, 22.0569555 ], [ 108.5659337, 22.0567941 ], [ 108.5660314, 22.0566159 ], [ 108.5662023, 22.0563821 ] ] } },
{ "type": "Feature", "properties": { "osm_id": "1536406440", "name": "閽﹀窞缁曞煄楂橀", "highway": "motorway" }, "geometry": { "type": "LineString", "coordinates": [ [ 108.5611334, 22.0523158 ], [ 108.5619869, 22.0527163 ], [ 108.5631076, 22.0533355 ], [ 108.563788, 22.0537646 ], [ 108.5650061, 22.0546333 ], [ 108.5661566, 22.0555998 ], [ 108.5669059, 22.0563135 ], [ 108.567613, 22.0570696 ], [ 108.5683296, 22.0579589 ], [ 108.5689944, 22.058879 ], [ 108.569601, 22.0598414 ], [ 108.5699939, 22.0605353 ], [ 108.5707343, 22.0621127 ], [ 108.570981219643841, 22.062872732284294 ] ] } },
{ "type": "Feature", "properties": { "osm_id": "1536406439", "name": "閽﹀窞缁曞煄楂橀", "highway": "motorway" }, "geometry": { "type": "LineString", "coordinates": [ [ 108.570879099464477, 22.062906583187086 ], [ 108.5706389, 22.062146 ], [ 108.5699026, 22.0605774 ], [ 108.5695137, 22.0598901 ], [ 108.5689096, 22.0589313 ], [ 108.5682463, 22.0580133 ], [ 108.5675342, 22.0571295 ], [ 108.5668321, 22.0563786 ], [ 108.5660832, 22.0556654 ], [ 108.5649405, 22.0547057 ], [ 108.5637295, 22.0538419 ], [ 108.5630536, 22.0534156 ], [ 108.5619378, 22.052799 ], [ 108.5610902, 22.0524013 ] ] } },
{ "type": "Feature", "properties": { "osm_id": "968261870", "name": "鍏閽﹂珮閫", "highway": "motorway" }, "geometry": { "type": "LineString", "coordinates": [ [ 108.7765692, 22.0552579 ], [ 108.7769466, 22.0554873 ] ] } },
{ "type": "Feature", "properties": { "osm_id": "968261868", "name": "鍏閽﹂珮閫", "highway": "motorway" }, "geometry": { "type": "LineString", "coordinates": [ [ 108.7769114, 22.055605 ], [ 108.7765239, 22.0553707 ] ] } },
{ "type": "Feature", "properties": { "osm_id": "968261867", "name": "鍏閽﹂珮閫", "highway": "motorway" }, "geometry": { "type": "LineString", "coordinates": [ [ 108.7769466, 22.0554873 ], [ 108.7780595, 22.0561625 ], [ 108.7790291, 22.0566662 ], [ 108.7799746, 22.0570102 ] ] } },
{ "type": "Feature", "properties": { "osm_id": "968261865", "name": "鍏閽﹂珮閫", "highway": "motorway" }, "geometry": { "type": "LineString", "coordinates": [ [ 108.7798807, 22.0570748 ], [ 108.7789644, 22.056737 ], [ 108.7780112, 22.0562719 ], [ 108.7769114, 22.055605 ] ] } },
{ "type": "Feature", "properties": { "osm_id": "968261866", "name": "鍏閽﹂珮閫", "highway": "motorway" }, "geometry": { "type": "LineString", "coordinates": [ [ 108.7799746, 22.0570102 ], [ 108.7804086, 22.0571525 ] ] } },
{ "type": "Feature", "properties": { "osm_id": "968261864", "name": "鍏閽﹂珮閫", "highway": "motorway" }, "geometry": { "type": "LineString", "coordinates": [ [ 108.780312, 22.0572255 ], [ 108.7798807, 22.0570748 ] ] } },
{ "type": "Feature", "properties": { "osm_id": "281651025", "name": "鍏閽﹂珮閫", "highway": "motorway" }, "geometry": { "type": "LineString", "coordinates": [ [ 108.7804086, 22.0571525 ], [ 108.781144, 22.057403 ], [ 108.7826531, 22.0578202 ], [ 108.7840023, 22.0582744 ], [ 108.7850231, 22.0586423 ], [ 108.7856695, 22.0589261 ], [ 108.786299, 22.0592257 ], [ 108.7872262, 22.0597535 ], [ 108.7885286, 22.060551 ], [ 108.7896006, 22.061381 ], [ 108.7913574, 22.0630293 ], [ 108.7920018, 22.0637199 ], [ 108.7925106, 22.0643709 ], [ 108.7945954, 22.067467 ], [ 108.795203, 22.0682499 ], [ 108.7960277, 22.0691886 ], [ 108.7973241, 22.0703973 ], [ 108.7985244, 22.071326 ], [ 108.7997618, 22.0721405 ], [ 108.8012732, 22.0730954 ], [ 108.8031137, 22.0741672 ], [ 108.8042187, 22.0748714 ], [ 108.8052427, 22.075591 ] ] } },
{ "type": "Feature", "properties": { "osm_id": "281651026", "name": "鍏閽﹂珮閫", "highway": "motorway" }, "geometry": { "type": "LineString", "coordinates": [ [ 108.8051614, 22.0756588 ], [ 108.8041487, 22.0749598 ], [ 108.8012167, 22.0731841 ], [ 108.7996888, 22.0722181 ], [ 108.7984858, 22.0714051 ], [ 108.7972725, 22.0704849 ], [ 108.7959315, 22.0692518 ], [ 108.7951095, 22.0683092 ], [ 108.7944919, 22.0675013 ], [ 108.7924188, 22.0644249 ], [ 108.7919084, 22.0637777 ], [ 108.791274, 22.0631056 ], [ 108.7895155, 22.0614606 ], [ 108.7884651, 22.0606331 ], [ 108.7871476, 22.0598324 ], [ 108.786232, 22.0593321 ], [ 108.7854549, 22.0589378 ], [ 108.7839363, 22.0583606 ], [ 108.7826547, 22.0579308 ], [ 108.781085, 22.05748 ], [ 108.780312, 22.0572255 ] ] } },
{ "type": "Feature", "properties": { "osm_id": "1181194203", "name": "鍏閽﹂珮閫", "highway": "motorway" }, "geometry": { "type": "LineString", "coordinates": [ [ 108.8052427, 22.075591 ], [ 108.8057189, 22.0759585 ] ] } },
{ "type": "Feature", "properties": { "osm_id": "1181194205", "name": "鍏閽﹂珮閫", "highway": "motorway" }, "geometry": { "type": "LineString", "coordinates": [ [ 108.8056532, 22.0760576 ], [ 108.8051614, 22.0756588 ] ] } },
{ "type": "Feature", "properties": { "osm_id": "1001375952", "name": "閽︾伒鍏璺", "highway": "trunk" }, "geometry": { "type": "LineString", "coordinates": [ [ 108.7638396, 22.0813213 ], [ 108.764108, 22.0814644 ] ] } },
{ "type": "Feature", "properties": { "osm_id": "396924592", "name": "閽︾伒鍏璺", "highway": "trunk" }, "geometry": { "type": "LineString", "coordinates": [ [ 108.7640975, 22.0815799 ], [ 108.7638327, 22.0814317 ] ] } },
{ "type": "Feature", "properties": { "osm_id": "1181194204", "name": "鍏閽﹂珮閫", "highway": "motorway" }, "geometry": { "type": "LineString", "coordinates": [ [ 108.8057189, 22.0759585 ], [ 108.8064264, 22.0765718 ], [ 108.8069263, 22.0770772 ], [ 108.8077453, 22.0780885 ], [ 108.809065, 22.0797313 ], [ 108.8096339, 22.0807053 ], [ 108.8101362, 22.0816897 ], [ 108.8105696, 22.0827336 ], [ 108.8109349, 22.083804 ], [ 108.8115993, 22.0861114 ], [ 108.8121433, 22.0876885 ], [ 108.8128011, 22.0891388 ], [ 108.8131481, 22.0897731 ] ] } },
{ "type": "Feature", "properties": { "osm_id": "1181194206", "name": "鍏閽﹂珮閫", "highway": "motorway" }, "geometry": { "type": "LineString", "coordinates": [ [ 108.8130274, 22.0898252 ], [ 108.812676, 22.0891758 ], [ 108.8120537, 22.087759 ], [ 108.8114973, 22.0861394 ], [ 108.810822, 22.0838324 ], [ 108.8104616, 22.0827702 ], [ 108.8100329, 22.0817343 ], [ 108.8095265, 22.0807563 ], [ 108.8089589, 22.0797984 ], [ 108.8076648, 22.0781417 ], [ 108.8068371, 22.0771297 ], [ 108.8063472, 22.0766416 ], [ 108.8056532, 22.0760576 ] ] } },
{ "type": "Feature", "properties": { "osm_id": "1181194207", "name": null, "highway": "motorway_link" }, "geometry": { "type": "LineString", "coordinates": [ [ 108.8060248, 22.0913534 ], [ 108.8083899, 22.0903248 ], [ 108.80898, 22.0899421 ], [ 108.8093796, 22.0895469 ], [ 108.8097417, 22.0890548 ], [ 108.8101494, 22.0882247 ], [ 108.8105732, 22.0872529 ], [ 108.8107717, 22.0866838 ], [ 108.8108709, 22.0861643 ], [ 108.8108844, 22.0855852 ], [ 108.8105839, 22.0837261 ], [ 108.8103265, 22.0828016 ], [ 108.8099402, 22.0817626 ], [ 108.8095265, 22.0807563 ] ] } },
{ "type": "Feature", "properties": { "osm_id": "1181194172", "name": null, "highway": "motorway_link" }, "geometry": { "type": "LineString", "coordinates": [ [ 108.8109349, 22.083804 ], [ 108.8115925, 22.0857343 ], [ 108.8117373, 22.0860351 ], [ 108.8119009, 22.0863259 ], [ 108.8122013, 22.0866763 ], [ 108.8126707, 22.0870317 ], [ 108.8128866, 22.0871808 ], [ 108.8131428, 22.0873498 ], [ 108.8133654, 22.0875785 ], [ 108.8135692, 22.0878618 ], [ 108.813706, 22.0882396 ], [ 108.8137579, 22.0884851 ] ] } },
{ "type": "Feature", "properties": { "osm_id": "1435801998", "name": null, "highway": "motorway_link" }, "geometry": { "type": "LineString", "coordinates": [ [ 108.8105786, 22.0876829 ], [ 108.8107502, 22.0875387 ], [ 108.8109353, 22.087412 ], [ 108.8111258, 22.0873101 ], [ 108.8113162, 22.0872256 ], [ 108.8116032, 22.087151 ], [ 108.8118902, 22.0871311 ], [ 108.8121557, 22.0871585 ], [ 108.8124722, 22.0872132 ] ] } },
{ "type": "Feature", "properties": { "osm_id": "1435801997", "name": null, "highway": "motorway_link" }, "geometry": { "type": "LineString", "coordinates": [ [ 108.8101494, 22.0882247 ], [ 108.8103667, 22.0879215 ], [ 108.8105786, 22.0876829 ] ] } },
{ "type": "Feature", "properties": { "osm_id": "1499982546", "name": null, "highway": "motorway_link" }, "geometry": { "type": "LineString", "coordinates": [ [ 108.8124722, 22.0872132 ], [ 108.8127029, 22.0873275 ], [ 108.8129094, 22.0874642 ], [ 108.8130972, 22.0876332 ], [ 108.8132796, 22.0878469 ], [ 108.8134324, 22.0881253 ], [ 108.8135424, 22.0884558 ], [ 108.813578, 22.0887027 ] ] } },
{ "type": "Feature", "properties": { "osm_id": "968261862", "name": "鍏閽﹂珮閫", "highway": "motorway" }, "geometry": { "type": "LineString", "coordinates": [ [ 108.8131481, 22.0897731 ], [ 108.8133862, 22.090165 ] ] } },
{ "type": "Feature", "properties": { "osm_id": "968261860", "name": "鍏閽﹂珮閫", "highway": "motorway" }, "geometry": { "type": "LineString", "coordinates": [ [ 108.8132715, 22.0902204 ], [ 108.8130274, 22.0898252 ] ] } },
{ "type": "Feature", "properties": { "osm_id": "1181194170", "name": null, "highway": "motorway_link" }, "geometry": { "type": "LineString", "coordinates": [ [ 108.8138204, 22.0893777 ], [ 108.8137682, 22.0896845 ], [ 108.8136482, 22.0899744 ], [ 108.8134657, 22.0902349 ], [ 108.8132286, 22.0904544 ], [ 108.8129474, 22.0906233 ], [ 108.8126344, 22.0907343 ], [ 108.8123033, 22.0907824 ] ] } },
{ "type": "Feature", "properties": { "osm_id": "1181194198", "name": null, "highway": "trunk_link" }, "geometry": { "type": "LineString", "coordinates": [ [ 108.7805876, 22.0904081 ], [ 108.7806425, 22.0903202 ] ] } },
{ "type": "Feature", "properties": { "osm_id": "1181194171", "name": null, "highway": "motorway_link" }, "geometry": { "type": "LineString", "coordinates": [ [ 108.8123033, 22.0907824 ], [ 108.8117963, 22.0907846 ], [ 108.8114892, 22.0907332 ], [ 108.8108012, 22.0905684 ], [ 108.8104311, 22.0904963 ], [ 108.8099697, 22.0904715 ] ] } },
{ "type": "Feature", "properties": { "osm_id": "1181194173", "name": null, "highway": "motorway_link" }, "geometry": { "type": "LineString", "coordinates": [ [ 108.8130918, 22.0911748 ], [ 108.8125607, 22.0910232 ], [ 108.8111955, 22.0907622 ], [ 108.8104633, 22.0905684 ], [ 108.8099697, 22.0904715 ], [ 108.8094091, 22.0904938 ], [ 108.8089451, 22.0905684 ], [ 108.8060564, 22.0914432 ] ] } },
{ "type": "Feature", "properties": { "osm_id": "1181194281", "name": "閽﹀窞缁曞煄楂橀", "highway": "motorway" }, "geometry": { "type": "LineString", "coordinates": [ [ 108.7861364, 22.0927398 ], [ 108.7871177, 22.0924778 ], [ 108.7884706, 22.0921956 ], [ 108.7897455, 22.092002 ], [ 108.7914463, 22.091836 ], [ 108.7932643, 22.0917937 ], [ 108.7946766, 22.0918637 ], [ 108.796266, 22.0920428 ], [ 108.7979254, 22.0921717 ], [ 108.7993575, 22.092241 ], [ 108.8009345, 22.0922287 ], [ 108.8019238, 22.0921756 ], [ 108.8033289, 22.0919912 ], [ 108.8045082, 22.091771 ], [ 108.8060248, 22.0913534 ] ] } },
{ "type": "Feature", "properties": { "osm_id": "1181194292", "name": "閽﹀窞缁曞煄楂橀", "highway": "motorway" }, "geometry": { "type": "LineString", "coordinates": [ [ 108.8060564, 22.0914432 ], [ 108.8045302, 22.0918632 ], [ 108.8033446, 22.0920844 ], [ 108.8019338, 22.0922696 ], [ 108.8009387, 22.092323 ], [ 108.7993562, 22.0923355 ], [ 108.7979185, 22.0922659 ], [ 108.7962555, 22.0921366 ], [ 108.7946677, 22.0919577 ], [ 108.7932622, 22.0918881 ], [ 108.7914517, 22.0919303 ], [ 108.7897593, 22.0920956 ], [ 108.7884906, 22.0922882 ], [ 108.7871441, 22.092569 ], [ 108.7861705, 22.0928287 ] ] } },
{ "type": "Feature", "properties": { "osm_id": "1246950212", "name": "閽︾伒鍏璺", "highway": "trunk" }, "geometry": { "type": "LineString", "coordinates": [ [ 108.8159403, 22.1035684 ], [ 108.8121343, 22.1022811 ], [ 108.8100958, 22.1017543 ], [ 108.8090068, 22.1015182 ], [ 108.7999222, 22.0999103 ], [ 108.7986132, 22.0996196 ], [ 108.7975806, 22.099304 ], [ 108.7960881, 22.0986739 ], [ 108.7943593, 22.0977805 ], [ 108.7873247, 22.0940147 ], [ 108.7872674, 22.093984 ], [ 108.7853828, 22.0929751 ], [ 108.7805876, 22.0904081 ], [ 108.7640975, 22.0815799 ] ] } },
{ "type": "Feature", "properties": { "osm_id": "1181194279", "name": "閽﹀窞缁曞煄楂橀", "highway": "motorway" }, "geometry": { "type": "LineString", "coordinates": [ [ 108.7848988, 22.0931209 ], [ 108.7861364, 22.0927398 ] ] } },
{ "type": "Feature", "properties": { "osm_id": "1181194212", "name": null, "highway": "trunk_link" }, "geometry": { "type": "LineString", "coordinates": [ [ 108.7854378, 22.0928885 ], [ 108.7853828, 22.0929751 ] ] } },
{ "type": "Feature", "properties": { "osm_id": "1181194291", "name": "閽﹀窞缁曞煄楂橀", "highway": "motorway" }, "geometry": { "type": "LineString", "coordinates": [ [ 108.7861705, 22.0928287 ], [ 108.7849353, 22.0932089 ] ] } },
{ "type": "Feature", "properties": { "osm_id": "1181194284", "name": "閽﹀窞缁曞煄楂橀", "highway": "motorway" }, "geometry": { "type": "LineString", "coordinates": [ [ 108.7817431, 22.094327 ], [ 108.7835627, 22.0935949 ], [ 108.7848988, 22.0931209 ] ] } },
{ "type": "Feature", "properties": { "osm_id": "1181194290", "name": "閽﹀窞缁曞煄楂橀", "highway": "motorway" }, "geometry": { "type": "LineString", "coordinates": [ [ 108.7849353, 22.0932089 ], [ 108.7836009, 22.0936824 ], [ 108.7817854, 22.0944128 ] ] } },
{ "type": "Feature", "properties": { "osm_id": "1181194209", "name": null, "highway": "motorway_link" }, "geometry": { "type": "LineString", "coordinates": [ [ 108.7849353, 22.0932089 ], [ 108.7830001, 22.0940776 ], [ 108.7826863, 22.0942789 ], [ 108.7824959, 22.0945249 ], [ 108.7824261, 22.0947958 ], [ 108.7824744, 22.0950965 ], [ 108.7826246, 22.0953252 ], [ 108.782815, 22.0954693 ], [ 108.7832133, 22.0957017 ] ] } },
{ "type": "Feature", "properties": { "osm_id": "1435801967", "name": null, "highway": "motorway_link" }, "geometry": { "type": "LineString", "coordinates": [ [ 108.7807775, 22.0946581 ], [ 108.7817431, 22.094327 ] ] } },
{ "type": "Feature", "properties": { "osm_id": "1181194283", "name": "閽﹀窞缁曞煄楂橀", "highway": "motorway" }, "geometry": { "type": "LineString", "coordinates": [ [ 108.7808441, 22.0946887 ], [ 108.7817431, 22.094327 ] ] } },
{ "type": "Feature", "properties": { "osm_id": "1181194289", "name": "閽﹀窞缁曞煄楂橀", "highway": "motorway" }, "geometry": { "type": "LineString", "coordinates": [ [ 108.7817854, 22.0944128 ], [ 108.7808845, 22.0947753 ] ] } },
{ "type": "Feature", "properties": { "osm_id": "1181194211", "name": null, "highway": "motorway_link" }, "geometry": { "type": "LineString", "coordinates": [ [ 108.7873811, 22.0939293 ], [ 108.7873247, 22.0940147 ], [ 108.7872219, 22.0942043 ], [ 108.7870663, 22.0943559 ], [ 108.7867338, 22.0945522 ], [ 108.786149, 22.0950245 ], [ 108.7850815, 22.0955861 ], [ 108.7846202, 22.0957626 ], [ 108.7841963, 22.0958271 ], [ 108.783668, 22.0958297 ], [ 108.7832039, 22.0957601 ], [ 108.7827801, 22.095606 ], [ 108.7824342, 22.0954295 ], [ 108.7822008, 22.095273 ], [ 108.7805432, 22.0940427 ], [ 108.7803742, 22.0939434 ], [ 108.7802213, 22.0938828 ], [ 108.7801035, 22.093849 ], [ 108.7800189, 22.0938346 ], [ 108.7799332, 22.0938274 ], [ 108.7798471, 22.0938274 ], [ 108.7797614, 22.0938346 ], [ 108.7796768, 22.093849 ], [ 108.7795861, 22.0938728 ], [ 108.7794984, 22.0939048 ], [ 108.7794145, 22.0939447 ], [ 108.7793353, 22.0939921 ], [ 108.7792616, 22.0940465 ], [ 108.779194, 22.0941074 ], [ 108.7791538, 22.0941497 ], [ 108.7791029, 22.0942419 ], [ 108.779075, 22.094373 ], [ 108.7790794, 22.094507 ], [ 108.7791169, 22.0946777 ], [ 108.7791981, 22.0947932 ], [ 108.7792504, 22.0948425 ], [ 108.7793095, 22.0948848 ], [ 108.7793741, 22.0949194 ], [ 108.779443, 22.0949458 ], [ 108.7795151, 22.0949633 ], [ 108.7795924, 22.0949858 ], [ 108.7797112, 22.0949892 ], [ 108.7798767, 22.094976 ], [ 108.780114, 22.0949126 ], [ 108.7807775, 22.0946581 ] ] } },
{ "type": "Feature", "properties": { "osm_id": "1181194208", "name": null, "highway": "motorway_link" }, "geometry": { "type": "LineString", "coordinates": [ [ 108.7832039, 22.0957601 ], [ 108.7827533, 22.0956905 ], [ 108.7823698, 22.0955314 ], [ 108.781997, 22.0953426 ], [ 108.7816563, 22.0952233 ], [ 108.781203, 22.0951263 ], [ 108.7808624, 22.0950915 ], [ 108.7804037, 22.0951413 ], [ 108.7799746, 22.0952332 ], [ 108.7787005, 22.0956731 ] ] } },
{ "type": "Feature", "properties": { "osm_id": "1181194210", "name": null, "highway": "motorway_link" }, "geometry": { "type": "LineString", "coordinates": [ [ 108.7747628, 22.0971652 ], [ 108.7773859, 22.0959913 ], [ 108.7779415, 22.0957278 ], [ 108.7782285, 22.0955563 ], [ 108.7784533, 22.0953493 ], [ 108.7785503, 22.0952183 ], [ 108.7786515, 22.0950674 ], [ 108.7787381, 22.0948803 ], [ 108.7789071, 22.0943882 ], [ 108.7789939, 22.0942437 ], [ 108.779145, 22.0940701 ], [ 108.7792198, 22.0940026 ], [ 108.7792985, 22.0939446 ], [ 108.7793829, 22.093894 ], [ 108.7794724, 22.0938515 ], [ 108.7795659, 22.0938174 ], [ 108.7796625, 22.093792 ], [ 108.7797529, 22.0937767 ], [ 108.7798443, 22.093769 ], [ 108.7799361, 22.093769 ], [ 108.7800274, 22.0937767 ], [ 108.7801177, 22.0937921 ], [ 108.780241, 22.0938273 ], [ 108.7804031, 22.0938911 ], [ 108.7805813, 22.0939961 ], [ 108.7822431, 22.0952297 ], [ 108.7824726, 22.0953828 ], [ 108.782806, 22.0955523 ], [ 108.7832133, 22.0957017 ], [ 108.7836624, 22.0957713 ], [ 108.7841896, 22.0957534 ], [ 108.7849367, 22.0953691 ], [ 108.7860141, 22.0948155 ], [ 108.7866945, 22.0945065 ], [ 108.7870207, 22.0943137 ], [ 108.7871683, 22.0941621 ], [ 108.7872674, 22.093984 ], [ 108.7873238, 22.0938985 ] ] } },
{ "type": "Feature", "properties": { "osm_id": "807655976", "name": "325鍥介亾", "highway": "trunk" }, "geometry": { "type": "LineString", "coordinates": [ [ 108.6307452, 22.0533659 ], [ 108.6318857, 22.0564921 ], [ 108.632235, 22.0574497 ], [ 108.6323216, 22.0576874 ], [ 108.6327905, 22.0589726 ], [ 108.633086, 22.0599015 ], [ 108.6332885, 22.0607844 ], [ 108.6333168, 22.0610206 ], [ 108.6333253, 22.0610916 ], [ 108.6334007, 22.0617193 ], [ 108.6334421, 22.0623552 ], [ 108.6333839, 22.0636303 ], [ 108.632513, 22.071617 ], [ 108.632364, 22.07373 ], [ 108.632374, 22.074994 ], [ 108.632699, 22.079188 ], [ 108.632723, 22.080337 ], [ 108.632613, 22.083703 ], [ 108.6326471, 22.0854454 ], [ 108.632654, 22.085796 ], [ 108.633035, 22.089608 ], [ 108.632948, 22.090373 ], [ 108.632548, 22.091341 ], [ 108.6321232, 22.0920536 ], [ 108.631609, 22.092916 ], [ 108.631294, 22.093902 ], [ 108.631292, 22.094987 ], [ 108.631695, 22.096535 ], [ 108.632728, 22.100004 ], [ 108.632957, 22.100992 ], [ 108.633019, 22.101503 ], [ 108.633023, 22.102195 ], [ 108.632897, 22.103064 ], [ 108.6328599, 22.1031887 ], [ 108.632711, 22.10369 ], [ 108.632174, 22.104754 ], [ 108.631812, 22.105212 ], [ 108.631209, 22.105856 ], [ 108.6308149, 22.1061435 ], [ 108.630673, 22.106247 ], [ 108.6302438, 22.1064968 ], [ 108.629929, 22.10668 ], [ 108.6294255, 22.106906 ], [ 108.6282677, 22.1074256 ], [ 108.627605, 22.107723 ], [ 108.626935, 22.108066 ], [ 108.625973, 22.108716 ], [ 108.625147436411567, 22.10942711570048 ] ] } },
{ "type": "Feature", "properties": { "osm_id": "1381017574", "name": null, "highway": "primary" }, "geometry": { "type": "LineString", "coordinates": [ [ 108.6414564, 22.11395 ], [ 108.642475, 22.1132805 ], [ 108.6428326, 22.1126311 ], [ 108.6428612, 22.1115311 ], [ 108.6431044, 22.1109347 ], [ 108.6450105, 22.1091847 ], [ 108.6456109, 22.108771 ], [ 108.6461425, 22.1087719 ], [ 108.6471008, 22.1088825 ], [ 108.6482283, 22.1091471 ], [ 108.6486851, 22.1092815 ], [ 108.6500281, 22.1093443 ], [ 108.6510152, 22.1088407 ], [ 108.651945, 22.1076612 ], [ 108.6531609, 22.1063093 ], [ 108.6549491, 22.105037 ], [ 108.6556214, 22.1045201 ], [ 108.6575526, 22.1012331 ], [ 108.6586777, 22.0994755 ], [ 108.6587828, 22.0993113 ], [ 108.6596268, 22.097734 ], [ 108.6604136, 22.0957857 ], [ 108.6616153, 22.0926973 ], [ 108.6630458, 22.0897812 ], [ 108.6643761, 22.0879859 ], [ 108.6648339, 22.0876472 ], [ 108.6666387, 22.0864585 ] ] } },
{ "type": "Feature", "properties": { "osm_id": "1181194282", "name": "閽﹀窞缁曞煄楂橀", "highway": "motorway" }, "geometry": { "type": "LineString", "coordinates": [ [ 108.7747628, 22.0971652 ], [ 108.7786582, 22.0955872 ], [ 108.7792961, 22.0953282 ], [ 108.780085, 22.0950151 ], [ 108.7808441, 22.0946887 ] ] } },
{ "type": "Feature", "properties": { "osm_id": "1181194288", "name": "閽﹀窞缁曞煄楂橀", "highway": "motorway" }, "geometry": { "type": "LineString", "coordinates": [ [ 108.7808845, 22.0947753 ], [ 108.7801262, 22.0951015 ], [ 108.7793439, 22.0954115 ], [ 108.7787005, 22.0956731 ], [ 108.7748021, 22.0972523 ] ] } },
{ "type": "Feature", "properties": { "osm_id": "1181194280", "name": "閽﹀窞缁曞煄楂橀", "highway": "motorway" }, "geometry": { "type": "LineString", "coordinates": [ [ 108.7739429, 22.0974973 ], [ 108.7747628, 22.0971652 ] ] } },
{ "type": "Feature", "properties": { "osm_id": "1181194287", "name": "閽﹀窞缁曞煄楂橀", "highway": "motorway" }, "geometry": { "type": "LineString", "coordinates": [ [ 108.7748021, 22.0972523 ], [ 108.7739825, 22.0975843 ] ] } },
{ "type": "Feature", "properties": { "osm_id": "1181194285", "name": "閽﹀窞缁曞煄楂橀", "highway": "motorway" }, "geometry": { "type": "LineString", "coordinates": [ [ 108.746057, 22.1146442 ], [ 108.7486129, 22.1111409 ], [ 108.7502284, 22.1093449 ], [ 108.7514244, 22.1082169 ], [ 108.7525017, 22.1073186 ], [ 108.7538509, 22.1063086 ], [ 108.7553271, 22.10551 ], [ 108.7572309, 22.1044636 ], [ 108.764607, 22.1014196 ], [ 108.7705407, 22.098964 ], [ 108.7739429, 22.0974973 ] ] } },
{ "type": "Feature", "properties": { "osm_id": "1181194286", "name": "閽﹀窞缁曞煄楂橀", "highway": "motorway" }, "geometry": { "type": "LineString", "coordinates": [ [ 108.7739825, 22.0975843 ], [ 108.7705815, 22.0990505 ], [ 108.7646484, 22.1015058 ], [ 108.7572777, 22.1045475 ], [ 108.7553787, 22.1055913 ], [ 108.7539089, 22.1063865 ], [ 108.7525678, 22.1073904 ], [ 108.7514949, 22.108285 ], [ 108.750304, 22.1094082 ], [ 108.7486946, 22.1111974 ], [ 108.7461533, 22.1147146 ] ] } },
{ "type": "Feature", "properties": { "osm_id": "1179587431", "name": null, "highway": "secondary" }, "geometry": { "type": "LineString", "coordinates": [ [ 108.8032937, 22.1103823 ], [ 108.8035834, 22.110437 ], [ 108.8038301, 22.1103873 ], [ 108.8039803, 22.1103028 ], [ 108.8040823, 22.1101637 ], [ 108.804329, 22.109945 ], [ 108.8045704, 22.109781 ], [ 108.8046777, 22.1095971 ], [ 108.8047153, 22.1093784 ], [ 108.8048547, 22.1089957 ], [ 108.8049942, 22.1087025 ], [ 108.805182, 22.1083546 ], [ 108.8053107, 22.1081956 ], [ 108.805933, 22.1075942 ], [ 108.8062697, 22.1071945 ] ] } },
{ "type": "Feature", "properties": { "osm_id": "1179587432", "name": null, "highway": "secondary" }, "geometry": { "type": "LineString", "coordinates": [ [ 108.8031006, 22.1103774 ], [ 108.8032937, 22.1103823 ] ] } },
{ "type": "Feature", "properties": { "osm_id": "1179587490", "name": "閽﹀窞缁曞煄楂橀", "highway": "motorway" }, "geometry": { "type": "LineString", "coordinates": [ [ 108.7359857, 22.1286563 ], [ 108.7364151, 22.1281857 ], [ 108.7375065, 22.1267783 ], [ 108.7388674, 22.1248723 ], [ 108.7398212, 22.1234825 ], [ 108.7416015, 22.1207502 ], [ 108.7438366, 22.1177634 ], [ 108.746057, 22.1146442 ] ] } },
{ "type": "Feature", "properties": { "osm_id": "1179587491", "name": "閽﹀窞缁曞煄楂橀", "highway": "motorway" }, "geometry": { "type": "LineString", "coordinates": [ [ 108.7461533, 22.1147146 ], [ 108.7439203, 22.1178172 ], [ 108.7416887, 22.1207989 ], [ 108.7399077, 22.1235321 ], [ 108.7389529, 22.1249236 ], [ 108.7375903, 22.1268318 ], [ 108.736496, 22.1282431 ], [ 108.7360738, 22.128741 ] ] } },
{ "type": "Feature", "properties": { "osm_id": "1499982545", "name": null, "highway": "motorway_link" }, "geometry": { "type": "LineString", "coordinates": [ [ 108.8137579, 22.0884851 ], [ 108.8137843, 22.0886103 ] ] } },
{ "type": "Feature", "properties": { "osm_id": "1499982547", "name": null, "highway": "motorway_link" }, "geometry": { "type": "LineString", "coordinates": [ [ 108.813578, 22.0887027 ], [ 108.8135987, 22.088846 ] ] } },
{ "type": "Feature", "properties": { "osm_id": "1499982544", "name": null, "highway": "motorway_link" }, "geometry": { "type": "LineString", "coordinates": [ [ 108.8137843, 22.0886103 ], [ 108.8138026, 22.0886969 ], [ 108.8138375, 22.0890051 ], [ 108.8138204, 22.0893777 ] ] } },
{ "type": "Feature", "properties": { "osm_id": "1499982548", "name": null, "highway": "motorway_link" }, "geometry": { "type": "LineString", "coordinates": [ [ 108.8135987, 22.088846 ], [ 108.8136685, 22.0894848 ], [ 108.8137275, 22.0898874 ], [ 108.8138294, 22.0902254 ], [ 108.8139474, 22.0905087 ], [ 108.8140168, 22.0906359 ] ] } },
{ "type": "Feature", "properties": { "osm_id": "1499982549", "name": null, "highway": "motorway_link" }, "geometry": { "type": "LineString", "coordinates": [ [ 108.8140168, 22.0906359 ], [ 108.8140717, 22.0907363 ] ] } },
{ "type": "Feature", "properties": { "osm_id": "1525169768", "name": null, "highway": "secondary" }, "geometry": { "type": "LineString", "coordinates": [ [ 108.837897625840569, 22.083013032952376 ], [ 108.8374642, 22.0834006 ], [ 108.8375715, 22.0853194 ], [ 108.8378075, 22.0862241 ], [ 108.8377753, 22.08691 ], [ 108.8385585, 22.0878346 ], [ 108.838698, 22.0889281 ], [ 108.8385907, 22.0893258 ], [ 108.8379684, 22.0898427 ], [ 108.8374105, 22.0902901 ], [ 108.835356, 22.0926213 ], [ 108.8340176, 22.092584 ], [ 108.8323291, 22.0935992 ], [ 108.8320569, 22.0947735 ], [ 108.8311503, 22.0953799 ], [ 108.8274327, 22.0942168 ], [ 108.8235088, 22.0980029 ], [ 108.8232861, 22.098195 ], [ 108.8228714, 22.0985223 ], [ 108.8226871, 22.0987073 ], [ 108.8225949, 22.0989066 ], [ 108.8225181, 22.0993406 ], [ 108.8225028, 22.0998103 ], [ 108.8225289, 22.1005189 ], [ 108.8222607, 22.1008271 ], [ 108.8218637, 22.1011452 ] ] } },
{ "type": "Feature", "properties": { "osm_id": "1499982543", "name": null, "highway": "motorway_link" }, "geometry": { "type": "LineString", "coordinates": [ [ 108.8136309, 22.0914581 ], [ 108.8130918, 22.0911748 ] ] } },
{ "type": "Feature", "properties": { "osm_id": "1001456541", "name": "閽︾伒鍏璺", "highway": "trunk" }, "geometry": { "type": "LineString", "coordinates": [ [ 108.9006889, 22.1783491 ], [ 108.9008008, 22.1786452 ] ] } },
{ "type": "Feature", "properties": { "osm_id": "260652626", "name": "閽︾伒鍏璺", "highway": "trunk" }, "geometry": { "type": "LineString", "coordinates": [ [ 108.9008008, 22.1786452 ], [ 108.9005938, 22.1784039 ] ] } },
{ "type": "Feature", "properties": { "osm_id": "260652625", "name": null, "highway": "secondary" }, "geometry": { "type": "LineString", "coordinates": [ [ 108.9020418, 22.180598 ], [ 108.9023683, 22.1808705 ], [ 108.9027845, 22.1811296 ], [ 108.9032006, 22.1812758 ], [ 108.9036312, 22.181402 ], [ 108.9040761, 22.181422 ], [ 108.9043703, 22.1813585 ], [ 108.9048151, 22.1812625 ] ] } },
{ "type": "Feature", "properties": { "osm_id": "260652624", "name": null, "highway": "secondary" }, "geometry": { "type": "LineString", "coordinates": [ [ 108.9048151, 22.1812625 ], [ 108.904198, 22.1815947 ], [ 108.903868, 22.1819336 ], [ 108.9036599, 22.1823588 ], [ 108.9036312, 22.1827509 ], [ 108.9037101, 22.1832824 ] ] } },
{ "type": "Feature", "properties": { "osm_id": "260652623", "name": null, "highway": "secondary" }, "geometry": { "type": "LineString", "coordinates": [ [ 108.9048151, 22.1812625 ], [ 108.9095976, 22.179701 ], [ 108.911327, 22.1791495 ], [ 108.9120876, 22.1789236 ], [ 108.9126903, 22.1788306 ], [ 108.9134437, 22.1788372 ], [ 108.9140824, 22.1789369 ], [ 108.9150439, 22.1792293 ], [ 108.9183662, 22.1804585 ], [ 108.9234465, 22.1823456 ], [ 108.9242142, 22.1826844 ], [ 108.925269, 22.1832824 ], [ 108.9297322, 22.1863189 ], [ 108.9317845, 22.1877075 ], [ 108.9329756, 22.1883255 ], [ 108.9339945, 22.1886842 ], [ 108.9353794, 22.189063 ], [ 108.9392255, 22.1898071 ], [ 108.9429281, 22.1905047 ], [ 108.9486111, 22.1915545 ], [ 108.9502176, 22.191844 ], [ 108.9518186, 22.1921325 ], [ 108.9529021, 22.1921857 ], [ 108.9539569, 22.1921458 ], [ 108.9561239, 22.1918003 ], [ 108.9622231, 22.1907439 ], [ 108.9630699, 22.1907439 ], [ 108.9648996, 22.19093 ], [ 108.9684802, 22.1916608 ], [ 108.9695422, 22.191807 ], [ 108.9706544, 22.1918203 ], [ 108.9768541, 22.1915611 ], [ 108.9777654, 22.1914814 ], [ 108.9789637, 22.1912024 ], [ 108.979918, 22.1908502 ], [ 108.9826089, 22.1893952 ], [ 108.9838431, 22.1885447 ], [ 108.9845391, 22.1879733 ], [ 108.985331159528329, 22.187188914323116 ] ] } },
{ "type": "Feature", "properties": { "osm_id": "968261858", "name": "鍏閽﹂珮閫", "highway": "motorway" }, "geometry": { "type": "LineString", "coordinates": [ [ 108.8133862, 22.090165 ], [ 108.8138828, 22.0909656 ], [ 108.8143498, 22.0916793 ], [ 108.8150818, 22.0924913 ] ] } },
{ "type": "Feature", "properties": { "osm_id": "968261859", "name": "鍏閽﹂珮閫", "highway": "motorway" }, "geometry": { "type": "LineString", "coordinates": [ [ 108.8149928, 22.0925585 ], [ 108.81428, 22.0917737 ], [ 108.8137489, 22.0910264 ], [ 108.8132715, 22.0902204 ] ] } },
{ "type": "Feature", "properties": { "osm_id": "1181194221", "name": null, "highway": "motorway_link" }, "geometry": { "type": "LineString", "coordinates": [ [ 108.8140717, 22.0907363 ], [ 108.8141781, 22.0909312 ], [ 108.8149211, 22.0921117 ], [ 108.8151692, 22.0924535 ] ] } },
{ "type": "Feature", "properties": { "osm_id": "1499982542", "name": null, "highway": "motorway_link" }, "geometry": { "type": "LineString", "coordinates": [ [ 108.8148755, 22.0927144 ], [ 108.8144061, 22.0922037 ], [ 108.8140038, 22.0917762 ], [ 108.8136309, 22.0914581 ] ] } },
{ "type": "Feature", "properties": { "osm_id": "1435801944", "name": null, "highway": "motorway_link" }, "geometry": { "type": "LineString", "coordinates": [ [ 108.8151692, 22.0924535 ], [ 108.8154307, 22.0927977 ] ] } },
{ "type": "Feature", "properties": { "osm_id": "968261857", "name": "鍏閽﹂珮閫", "highway": "motorway" }, "geometry": { "type": "LineString", "coordinates": [ [ 108.8150818, 22.0924913 ], [ 108.8153858, 22.0928188 ] ] } },
{ "type": "Feature", "properties": { "osm_id": "968261856", "name": "鍏閽﹂珮閫", "highway": "motorway" }, "geometry": { "type": "LineString", "coordinates": [ [ 108.81529, 22.0928944 ], [ 108.8149928, 22.0925585 ] ] } },
{ "type": "Feature", "properties": { "osm_id": "1181194174", "name": null, "highway": "motorway_link" }, "geometry": { "type": "LineString", "coordinates": [ [ 108.8152054, 22.0930276 ], [ 108.8148755, 22.0927144 ] ] } },
{ "type": "Feature", "properties": { "osm_id": "1435801943", "name": null, "highway": "motorway_link" }, "geometry": { "type": "LineString", "coordinates": [ [ 108.8154307, 22.0927977 ], [ 108.8164076, 22.0939004 ] ] } },
{ "type": "Feature", "properties": { "osm_id": "1181194175", "name": null, "highway": "motorway_link" }, "geometry": { "type": "LineString", "coordinates": [ [ 108.8163229, 22.0939739 ], [ 108.8154897, 22.0932848 ], [ 108.8152054, 22.0930276 ] ] } },
{ "type": "Feature", "properties": { "osm_id": "968261851", "name": "鍏閽﹂珮閫", "highway": "motorway" }, "geometry": { "type": "LineString", "coordinates": [ [ 108.8153858, 22.0928188 ], [ 108.8164076, 22.0939004 ], [ 108.8179765, 22.0954377 ], [ 108.81899, 22.0965926 ], [ 108.819682, 22.0975445 ], [ 108.8207868, 22.0993468 ], [ 108.8212278, 22.100454 ], [ 108.8215947, 22.1015574 ], [ 108.8222187, 22.1046745 ], [ 108.8224095, 22.1054389 ] ] } },
{ "type": "Feature", "properties": { "osm_id": "968261850", "name": "鍏閽﹂珮閫", "highway": "motorway" }, "geometry": { "type": "LineString", "coordinates": [ [ 108.8222363, 22.1053684 ], [ 108.8221001, 22.1047267 ], [ 108.8213478, 22.1015951 ], [ 108.8210246, 22.1005863 ], [ 108.8205823, 22.0994777 ], [ 108.8195908, 22.0975966 ], [ 108.8189068, 22.0966572 ], [ 108.8179037, 22.0955215 ], [ 108.8163229, 22.0939739 ], [ 108.81529, 22.0928944 ] ] } },
{ "type": "Feature", "properties": { "osm_id": "968261854", "name": null, "highway": "secondary" }, "geometry": { "type": "LineString", "coordinates": [ [ 108.8218637, 22.1011452 ], [ 108.8210751, 22.1015229 ] ] } },
{ "type": "Feature", "properties": { "osm_id": "968261855", "name": null, "highway": "secondary" }, "geometry": { "type": "LineString", "coordinates": [ [ 108.8210751, 22.1015229 ], [ 108.8197032, 22.1021365 ], [ 108.8187472, 22.102564 ], [ 108.8179639, 22.102564 ], [ 108.8175952, 22.1026708 ], [ 108.8170192, 22.1028914 ], [ 108.816689, 22.1031119 ], [ 108.8164586, 22.10324 ], [ 108.8160576, 22.1034997 ], [ 108.8159403, 22.1035684 ], [ 108.8157828, 22.1036741 ], [ 108.8155908, 22.1037879 ], [ 108.8152759, 22.1039729 ], [ 108.8112872, 22.1060355 ], [ 108.8083024, 22.1075235 ], [ 108.8074423, 22.1078722 ], [ 108.8072272, 22.1080145 ] ] } },
{ "type": "Feature", "properties": { "osm_id": "968261848", "name": "鍏閽﹂珮閫", "highway": "motorway" }, "geometry": { "type": "LineString", "coordinates": [ [ 108.8224794, 22.1062652 ], [ 108.8222363, 22.1053684 ] ] } },
{ "type": "Feature", "properties": { "osm_id": "968261849", "name": "鍏閽﹂珮閫", "highway": "motorway" }, "geometry": { "type": "LineString", "coordinates": [ [ 108.8224095, 22.1054389 ], [ 108.8226276, 22.1063394 ] ] } },
{ "type": "Feature", "properties": { "osm_id": "968261861", "name": "鍏閽﹂珮閫", "highway": "motorway" }, "geometry": { "type": "LineString", "coordinates": [ [ 108.8334566, 22.1204527 ], [ 108.8317815, 22.1186605 ], [ 108.8286914, 22.1154807 ], [ 108.8262019, 22.1127962 ], [ 108.8251245, 22.1115668 ], [ 108.8241605, 22.1102219 ], [ 108.8234221, 22.1085928 ], [ 108.8229918, 22.1076439 ], [ 108.822682, 22.1068783 ], [ 108.8224794, 22.1062652 ] ] } },
{ "type": "Feature", "properties": { "osm_id": "968261863", "name": "鍏閽﹂珮閫", "highway": "motorway" }, "geometry": { "type": "LineString", "coordinates": [ [ 108.8226276, 22.1063394 ], [ 108.8227939, 22.1068398 ], [ 108.8231045, 22.107634 ], [ 108.8235205, 22.1085763 ], [ 108.8243539, 22.1100775 ], [ 108.8253747, 22.1114854 ], [ 108.8266789, 22.1129775 ], [ 108.8301891, 22.1167442 ], [ 108.8318834, 22.1186024 ], [ 108.8336466, 22.120474 ] ] } },
{ "type": "Feature", "properties": { "osm_id": "968261846", "name": "鍏閽﹂珮閫", "highway": "motorway" }, "geometry": { "type": "LineString", "coordinates": [ [ 108.8337314, 22.1207467 ], [ 108.8334566, 22.1204527 ] ] } },
{ "type": "Feature", "properties": { "osm_id": "968261847", "name": "鍏閽﹂珮閫", "highway": "motorway" }, "geometry": { "type": "LineString", "coordinates": [ [ 108.8336466, 22.120474 ], [ 108.8339, 22.1207473 ] ] } },
{ "type": "Feature", "properties": { "osm_id": "968261843", "name": "鍏閽﹂珮閫", "highway": "motorway" }, "geometry": { "type": "LineString", "coordinates": [ [ 108.8339, 22.1207473 ], [ 108.8353203, 22.1223308 ], [ 108.8360859, 22.1232396 ], [ 108.8364091, 22.1236651 ], [ 108.8374298, 22.1252621 ], [ 108.8376048, 22.1256913 ], [ 108.8379786, 22.1264905 ], [ 108.8383741, 22.1274029 ], [ 108.8386617, 22.128362 ], [ 108.8395748, 22.1324579 ], [ 108.8398336, 22.1334968 ], [ 108.8403656, 22.1348221 ], [ 108.8408042, 22.1359143 ], [ 108.8414225, 22.1371197 ], [ 108.8416846, 22.1375022 ] ] } },
{ "type": "Feature", "properties": { "osm_id": "968261845", "name": "鍏閽﹂珮閫", "highway": "motorway" }, "geometry": { "type": "LineString", "coordinates": [ [ 108.8415343, 22.1375343 ], [ 108.8412949, 22.137185 ], [ 108.8406701, 22.1359668 ], [ 108.8402293, 22.1348691 ], [ 108.839694, 22.1335356 ], [ 108.8394326, 22.1324867 ], [ 108.8385202, 22.1283937 ], [ 108.8382361, 22.1274462 ], [ 108.8378444, 22.1265424 ], [ 108.8374713, 22.1257448 ], [ 108.8371351, 22.1252782 ], [ 108.8366587, 22.1244744 ], [ 108.836086, 22.1236182 ], [ 108.8348725, 22.1222051 ], [ 108.8337314, 22.1207467 ] ] } },
{ "type": "Feature", "properties": { "osm_id": "1001456542", "name": "閽︾伒鍏璺", "highway": "trunk" }, "geometry": { "type": "LineString", "coordinates": [ [ 108.764108, 22.0814644 ], [ 108.7806425, 22.0903202 ], [ 108.7854378, 22.0928885 ], [ 108.7873238, 22.0938985 ], [ 108.7873811, 22.0939293 ], [ 108.7944119, 22.0976946 ], [ 108.7961363, 22.0985856 ], [ 108.7976195, 22.0992118 ], [ 108.7986424, 22.0995244 ], [ 108.7999446, 22.0998137 ], [ 108.809029, 22.1014215 ], [ 108.8101223, 22.1016585 ], [ 108.8121669, 22.102187 ], [ 108.8160576, 22.1034997 ], [ 108.8234514, 22.1062588 ], [ 108.8257487, 22.1072497 ], [ 108.8272819, 22.1082317 ], [ 108.8291797, 22.109763 ], [ 108.8310063, 22.1114204 ], [ 108.8329484, 22.1132247 ], [ 108.8354444, 22.1155122 ], [ 108.836276, 22.1163527 ], [ 108.837624, 22.118036 ], [ 108.8407358, 22.1229907 ], [ 108.8484039, 22.1354264 ], [ 108.8489653, 22.1361287 ], [ 108.8497728, 22.1369494 ], [ 108.8505647, 22.1376433 ], [ 108.8515279, 22.1382644 ], [ 108.8540648, 22.139612 ], [ 108.859007, 22.1421567 ], [ 108.8635969, 22.1445481 ], [ 108.865252, 22.1453244 ], [ 108.867796, 22.1463931 ], [ 108.8726648, 22.1481051 ], [ 108.8762025, 22.1493362 ], [ 108.8773413, 22.1498036 ], [ 108.8781801, 22.1503125 ], [ 108.8790319, 22.1510011 ], [ 108.879947, 22.1519555 ], [ 108.8807232, 22.1529539 ], [ 108.8821786, 22.1548001 ], [ 108.8831618, 22.1559442 ], [ 108.8839932, 22.1567192 ], [ 108.884961, 22.1573931 ], [ 108.885919, 22.1578883 ], [ 108.8905724, 22.1599035 ], [ 108.8915862, 22.1604768 ], [ 108.8924111, 22.1610931 ], [ 108.8929861, 22.161653 ], [ 108.8934208, 22.162163 ], [ 108.8938934, 22.1628698 ], [ 108.8943306, 22.1637132 ], [ 108.8948257, 22.1649514 ], [ 108.8969203, 22.1706645 ], [ 108.897881, 22.1732206 ], [ 108.8985683, 22.1747719 ], [ 108.8991908, 22.1759051 ], [ 108.9001516, 22.1774853 ], [ 108.9006889, 22.1783491 ] ] } },
{ "type": "Feature", "properties": { "osm_id": "968261842", "name": "鍏閽﹂珮閫", "highway": "motorway" }, "geometry": { "type": "LineString", "coordinates": [ [ 108.8416846, 22.1375022 ], [ 108.8419394, 22.1378739 ] ] } },
{ "type": "Feature", "properties": { "osm_id": "968261844", "name": "鍏閽﹂珮閫", "highway": "motorway" }, "geometry": { "type": "LineString", "coordinates": [ [ 108.8417934, 22.1379123 ], [ 108.8415343, 22.1375343 ] ] } },
{ "type": "Feature", "properties": { "osm_id": "281651017", "name": "閽︾伒鍏璺", "highway": "trunk" }, "geometry": { "type": "LineString", "coordinates": [ [ 108.9005938, 22.1784039 ], [ 108.9000594, 22.1775403 ], [ 108.8991143, 22.175939 ], [ 108.8984853, 22.1748064 ], [ 108.8977839, 22.1732552 ], [ 108.8968196, 22.1706981 ], [ 108.8947168, 22.164985 ], [ 108.8942367, 22.1637442 ], [ 108.8937834, 22.162917 ], [ 108.8933274, 22.162229 ], [ 108.8928929, 22.1617247 ], [ 108.8923404, 22.1611807 ], [ 108.8915305, 22.1605763 ], [ 108.8905199, 22.1600041 ], [ 108.8858734, 22.1579821 ], [ 108.8849171, 22.1574694 ], [ 108.8839313, 22.1567913 ], [ 108.8830822, 22.1560115 ], [ 108.8821051, 22.1548536 ], [ 108.8806486, 22.1530054 ], [ 108.8798654, 22.1520266 ], [ 108.8789642, 22.1510776 ], [ 108.8781273, 22.1503994 ], [ 108.8772824, 22.1498976 ], [ 108.8761774, 22.1494181 ], [ 108.8726261, 22.1481934 ], [ 108.867766, 22.1464747 ], [ 108.8652128, 22.1454075 ], [ 108.8635611, 22.1446265 ], [ 108.8589542, 22.1422445 ], [ 108.8540116, 22.1396969 ], [ 108.8514715, 22.1383379 ], [ 108.8505113, 22.1377093 ], [ 108.8496852, 22.1370111 ], [ 108.8488913, 22.13619 ], [ 108.8483213, 22.1354732 ], [ 108.8406435, 22.1230402 ], [ 108.8375348, 22.1180905 ], [ 108.8361937, 22.1164157 ], [ 108.8353676, 22.1155808 ], [ 108.8328731, 22.1132947 ], [ 108.8309312, 22.1114906 ], [ 108.8291073, 22.1098357 ], [ 108.8272163, 22.1083099 ], [ 108.8256955, 22.1073357 ], [ 108.823409, 22.1063495 ], [ 108.8159403, 22.1035684 ] ] } },
{ "type": "Feature", "properties": { "osm_id": "260586565", "name": "鍏閽﹂珮閫", "highway": "motorway" }, "geometry": { "type": "LineString", "coordinates": [ [ 108.8419394, 22.1378739 ], [ 108.8422349, 22.1383052 ], [ 108.8429539, 22.1392042 ], [ 108.8436657, 22.1399634 ], [ 108.8445428, 22.1408425 ], [ 108.8455925, 22.1416749 ], [ 108.846937, 22.1426405 ], [ 108.8497481, 22.1442521 ], [ 108.8533645, 22.1461966 ], [ 108.8550182, 22.1471555 ], [ 108.8568659, 22.1481677 ], [ 108.8579444, 22.1488403 ], [ 108.8592888, 22.149726 ], [ 108.8603098, 22.1504851 ], [ 108.8616039, 22.1516637 ], [ 108.8625098, 22.1524828 ], [ 108.8635164, 22.1535482 ], [ 108.8648824, 22.1551464 ], [ 108.8665145, 22.1572039 ], [ 108.8677726, 22.1586555 ], [ 108.8695269, 22.1604866 ], [ 108.8709936, 22.1618583 ], [ 108.8733878, 22.1638691 ], [ 108.874876, 22.1650876 ], [ 108.8762349, 22.1662329 ], [ 108.8770689, 22.1671051 ], [ 108.8779676, 22.1680705 ], [ 108.878665, 22.1689295 ], [ 108.8793336, 22.1699082 ], [ 108.879916, 22.1707604 ], [ 108.8805271, 22.1719456 ], [ 108.8809513, 22.1730175 ], [ 108.8813971, 22.1744889 ], [ 108.8816939, 22.1756083 ] ] } },
{ "type": "Feature", "properties": { "osm_id": "313499871", "name": "鍏閽﹂珮閫", "highway": "motorway" }, "geometry": { "type": "LineString", "coordinates": [ [ 108.8815511, 22.175595 ], [ 108.8812563, 22.1745229 ], [ 108.8808128, 22.1730589 ], [ 108.8803929, 22.1719979 ], [ 108.8797885, 22.1708257 ], [ 108.8792107, 22.1699802 ], [ 108.8785452, 22.1690061 ], [ 108.8778543, 22.1681551 ], [ 108.8769593, 22.1671937 ], [ 108.8761312, 22.1663276 ], [ 108.8747789, 22.1651879 ], [ 108.8732907, 22.1639695 ], [ 108.870893, 22.1619557 ], [ 108.8694208, 22.1605788 ], [ 108.8676615, 22.1587424 ], [ 108.8663991, 22.157286 ], [ 108.8647667, 22.1552281 ], [ 108.8634045, 22.1536344 ], [ 108.8624041, 22.1525755 ], [ 108.8615021, 22.15176 ], [ 108.860213, 22.1505859 ], [ 108.8592011, 22.1498335 ], [ 108.8578616, 22.1489511 ], [ 108.8567882, 22.1482817 ], [ 108.8549425, 22.1472706 ], [ 108.8532894, 22.146312 ], [ 108.8496733, 22.1443676 ], [ 108.8468539, 22.1427513 ], [ 108.8455006, 22.1417794 ], [ 108.8444418, 22.1409397 ], [ 108.8435573, 22.1400533 ], [ 108.8428404, 22.1392886 ], [ 108.8421149, 22.1383815 ], [ 108.8417934, 22.1379123 ] ] } },
{ "type": "Feature", "properties": { "osm_id": "313499862", "name": "鍏閽﹂珮閫", "highway": "motorway" }, "geometry": { "type": "LineString", "coordinates": [ [ 108.881695, 22.1763063 ], [ 108.8815511, 22.175595 ] ] } },
{ "type": "Feature", "properties": { "osm_id": "313499868", "name": "鍏閽﹂珮閫", "highway": "motorway" }, "geometry": { "type": "LineString", "coordinates": [ [ 108.8816939, 22.1756083 ], [ 108.8818407, 22.1763014 ] ] } },
{ "type": "Feature", "properties": { "osm_id": "260621337", "name": null, "highway": "primary" }, "geometry": { "type": "LineString", "coordinates": [ [ 109.0003468, 22.2716862 ], [ 109.0000867, 22.2710555 ], [ 108.9994549, 22.2688561 ], [ 108.9993041, 22.268504 ], [ 108.9990313, 22.2680787 ], [ 108.9986866, 22.2677399 ], [ 108.9980978, 22.2673744 ], [ 108.9949745, 22.2656335 ], [ 108.994436, 22.2654674 ], [ 108.9937323, 22.2653478 ], [ 108.9906377, 22.2652813 ], [ 108.9897833, 22.2651551 ], [ 108.986782, 22.2644374 ], [ 108.9861861, 22.2644308 ], [ 108.9854896, 22.2645238 ], [ 108.9817129, 22.2652016 ], [ 108.9811457, 22.2652215 ], [ 108.9803834, 22.2651666 ], [ 108.9795282, 22.2650716 ], [ 108.9789142, 22.2650268 ], [ 108.9780889, 22.2650469 ], [ 108.975617, 22.2652082 ], [ 108.9747697, 22.2651351 ], [ 108.9690161, 22.2644738 ], [ 108.9681906, 22.2644805 ], [ 108.9676378, 22.2645203 ], [ 108.9667692, 22.2646931 ], [ 108.9660227, 22.2649123 ], [ 108.9635246, 22.2661014 ], [ 108.9600358, 22.2677489 ], [ 108.9595758, 22.2679664 ], [ 108.958715, 22.2683734 ], [ 108.9584287, 22.2685158 ], [ 108.9579541, 22.268752 ] ] } },
{ "type": "Feature", "properties": { "osm_id": "991656758", "name": null, "highway": "primary" }, "geometry": { "type": "LineString", "coordinates": [ [ 109.0003468, 22.2716862 ], [ 109.0004629, 22.2717029 ], [ 109.0011495, 22.2729737 ], [ 109.0020776, 22.2746839 ] ] } },
{ "type": "Feature", "properties": { "osm_id": "991656753", "name": null, "highway": "primary" }, "geometry": { "type": "LineString", "coordinates": [ [ 109.0019861, 22.2747255 ], [ 109.0010584, 22.273016 ], [ 109.0003717, 22.2717451 ], [ 109.0003468, 22.2716862 ] ] } },
{ "type": "Feature", "properties": { "osm_id": "991656757", "name": null, "highway": "primary" }, "geometry": { "type": "LineString", "coordinates": [ [ 109.0020776, 22.2746839 ], [ 109.0021875, 22.2748948 ] ] } },
{ "type": "Feature", "properties": { "osm_id": "991656751", "name": null, "highway": "primary" }, "geometry": { "type": "LineString", "coordinates": [ [ 109.0020966, 22.2749375 ], [ 109.0019861, 22.2747255 ] ] } },
{ "type": "Feature", "properties": { "osm_id": "991656756", "name": null, "highway": "primary" }, "geometry": { "type": "LineString", "coordinates": [ [ 109.0021875, 22.2748948 ], [ 109.0024477, 22.2753466 ], [ 109.002535, 22.2755068 ], [ 109.0026305, 22.275663 ], [ 109.0027338, 22.2758149 ], [ 109.0028447, 22.2759621 ], [ 109.0029644, 22.2761058 ], [ 109.0030913, 22.2762441 ], [ 109.0032253, 22.2763766 ], [ 109.003366, 22.276503 ], [ 109.003513, 22.2766231 ], [ 109.003666, 22.2767365 ], [ 109.0038248, 22.276843 ], [ 109.0039888, 22.2769424 ], [ 109.0041578, 22.2770344 ], [ 109.0043314, 22.2771188 ], [ 109.0045091, 22.2771954 ], [ 109.0046906, 22.2772641 ], [ 109.0048754, 22.2773247 ], [ 109.0050631, 22.2773771 ], [ 109.0052534, 22.2774211 ], [ 109.0054457, 22.2774566 ], [ 109.0056396, 22.2774836 ], [ 109.0086248, 22.2777119 ], [ 109.0096629, 22.2777839 ], [ 109.0104917, 22.2778212 ] ] } },
{ "type": "Feature", "properties": { "osm_id": "991656759", "name": null, "highway": "primary" }, "geometry": { "type": "LineString", "coordinates": [ [ 109.0104878, 22.2779154 ], [ 109.0096566, 22.2778781 ], [ 109.0086168, 22.277806 ], [ 109.0056278, 22.2775773 ], [ 109.0054281, 22.2775496 ], [ 109.005231, 22.2775131 ], [ 109.0050361, 22.2774681 ], [ 109.0048437, 22.2774144 ], [ 109.0046542, 22.2773523 ], [ 109.0044683, 22.2772819 ], [ 109.0042861, 22.2772033 ], [ 109.0041082, 22.2771168 ], [ 109.003935, 22.2770225 ], [ 109.0037669, 22.2769207 ], [ 109.0036042, 22.2768115 ], [ 109.0034474, 22.2766953 ], [ 109.0032967, 22.2765723 ], [ 109.0031525, 22.2764427 ], [ 109.0030152, 22.2763069 ], [ 109.0028851, 22.2761652 ], [ 109.0027625, 22.2760179 ], [ 109.0026488, 22.2758671 ], [ 109.0025429, 22.2757114 ], [ 109.0024451, 22.2755513 ], [ 109.0023572, 22.27539 ], [ 109.0020966, 22.2749375 ] ] } },
{ "type": "Feature", "properties": { "osm_id": "313499869", "name": "鍏閽﹂珮閫", "highway": "motorway" }, "geometry": { "type": "LineString", "coordinates": [ [ 108.8875191, 22.210642 ], [ 108.8880836, 22.209405 ], [ 108.8885614, 22.2080318 ], [ 108.8888896, 22.2066972 ], [ 108.8890958, 22.2055057 ], [ 108.8891314, 22.2041692 ], [ 108.8890673, 22.2031807 ], [ 108.8888815, 22.2018111 ], [ 108.8886682, 22.2007445 ], [ 108.8883624, 22.1998425 ], [ 108.8876013, 22.1978282 ], [ 108.8847544, 22.1905525 ], [ 108.8837242, 22.1878776 ], [ 108.8832621, 22.1862932 ], [ 108.8828373, 22.1846865 ], [ 108.8825332, 22.1834794 ], [ 108.8823239, 22.1816752 ], [ 108.8821078, 22.1801414 ], [ 108.8819498, 22.1780128 ], [ 108.881695, 22.1763063 ] ] } },
{ "type": "Feature", "properties": { "osm_id": "313499870", "name": "鍏閽﹂珮閫", "highway": "motorway" }, "geometry": { "type": "LineString", "coordinates": [ [ 108.8818407, 22.1763014 ], [ 108.8820945, 22.1779976 ], [ 108.8822526, 22.1801281 ], [ 108.8824683, 22.1816593 ], [ 108.8826768, 22.1834569 ], [ 108.8829788, 22.1846552 ], [ 108.883403, 22.1862596 ], [ 108.8838631, 22.1878374 ], [ 108.8848913, 22.190507 ], [ 108.8877384, 22.197783 ], [ 108.8885005, 22.1998 ], [ 108.8888096, 22.200712 ], [ 108.8890253, 22.2017904 ], [ 108.8892123, 22.2031683 ], [ 108.889277, 22.2041668 ], [ 108.889241, 22.205518 ], [ 108.8890325, 22.2067229 ], [ 108.8887018, 22.2080674 ], [ 108.8882201, 22.2094519 ], [ 108.8876521, 22.2106967 ] ] } },
{ "type": "Feature", "properties": { "osm_id": "968261838", "name": "鍏閽﹂珮閫", "highway": "motorway" }, "geometry": { "type": "LineString", "coordinates": [ [ 108.8873188, 22.2110393 ], [ 108.8875191, 22.210642 ] ] } },
{ "type": "Feature", "properties": { "osm_id": "968261839", "name": "鍏閽﹂珮閫", "highway": "motorway" }, "geometry": { "type": "LineString", "coordinates": [ [ 108.8876521, 22.2106967 ], [ 108.8874508, 22.211096 ] ] } },
{ "type": "Feature", "properties": { "osm_id": "968261841", "name": "鍏閽﹂珮閫", "highway": "motorway" }, "geometry": { "type": "LineString", "coordinates": [ [ 108.8829607, 22.2292982 ], [ 108.8827206, 22.2283318 ], [ 108.8825396, 22.2272663 ], [ 108.8823948, 22.2258187 ], [ 108.8823876, 22.224832 ], [ 108.882431, 22.2235976 ], [ 108.8826118, 22.2223862 ], [ 108.8827854, 22.2211942 ], [ 108.8830615, 22.2201784 ], [ 108.8834379, 22.2190461 ], [ 108.8839087, 22.2178996 ], [ 108.8873188, 22.2110393 ] ] } },
{ "type": "Feature", "properties": { "osm_id": "968261840", "name": "鍏閽﹂珮閫", "highway": "motorway" }, "geometry": { "type": "LineString", "coordinates": [ [ 108.8874508, 22.211096 ], [ 108.8840429, 22.2179517 ], [ 108.8835755, 22.2190899 ], [ 108.8832017, 22.2202147 ], [ 108.8829285, 22.2212197 ], [ 108.8827559, 22.2224044 ], [ 108.8825762, 22.2236091 ], [ 108.882533, 22.2248337 ], [ 108.8825402, 22.2258121 ], [ 108.882684, 22.2272496 ], [ 108.8828638, 22.2283079 ], [ 108.8830843, 22.2292834 ] ] } },
{ "type": "Feature", "properties": { "osm_id": "313499865", "name": "鍏閽﹂珮閫", "highway": "motorway" }, "geometry": { "type": "LineString", "coordinates": [ [ 108.8830843, 22.2292834 ], [ 108.8832161, 22.2297321 ] ] } },
{ "type": "Feature", "properties": { "osm_id": "313499867", "name": "鍏閽﹂珮閫", "highway": "motorway" }, "geometry": { "type": "LineString", "coordinates": [ [ 108.8830761, 22.2297716 ], [ 108.8829607, 22.2292982 ] ] } },
{ "type": "Feature", "properties": { "osm_id": "1498631010", "name": "鍏閽﹂珮閫", "highway": "motorway" }, "geometry": { "type": "LineString", "coordinates": [ [ 108.8843289, 22.2339015 ], [ 108.8843052, 22.2338208 ], [ 108.8833421, 22.2306207 ], [ 108.8830761, 22.2297716 ] ] } },
{ "type": "Feature", "properties": { "osm_id": "1498631013", "name": "鍏閽﹂珮閫", "highway": "motorway" }, "geometry": { "type": "LineString", "coordinates": [ [ 108.8832161, 22.2297321 ], [ 108.8834821, 22.230584 ], [ 108.8844455, 22.2337851 ], [ 108.8844953, 22.2339552 ] ] } },
{ "type": "Feature", "properties": { "osm_id": "247786699", "name": null, "highway": "primary" }, "geometry": { "type": "LineString", "coordinates": [ [ 108.535843671104615, 21.975448574108732 ], [ 108.5372043, 21.9738538 ], [ 108.5414283, 21.9681025 ] ] } },
{ "type": "Feature", "properties": { "osm_id": "1181194241", "name": "閽﹀窞缁曞煄楂橀", "highway": "motorway" }, "geometry": { "type": "LineString", "coordinates": [ [ 108.559298195568815, 22.051615085718691 ], [ 108.5593886, 22.0516469 ], [ 108.5600558, 22.0518863 ], [ 108.5611334, 22.0523158 ] ] } },
{ "type": "Feature", "properties": { "osm_id": "1181194244", "name": "閽﹀窞缁曞煄楂橀", "highway": "motorway" }, "geometry": { "type": "LineString", "coordinates": [ [ 108.5610902, 22.0524013 ], [ 108.5600173, 22.0519737 ], [ 108.5593521, 22.051735 ], [ 108.559275901339362, 22.051708179869657 ] ] } },
{ "type": "Feature", "properties": { "osm_id": "1435801974", "name": null, "highway": "motorway_link" }, "geometry": { "type": "LineString", "coordinates": [ [ 108.563788, 22.0537646 ], [ 108.5650572, 22.0545616 ], [ 108.5658914, 22.0551706 ], [ 108.5661731, 22.0553395 ], [ 108.5663998, 22.0554406 ], [ 108.5666232, 22.0555029 ], [ 108.5667976, 22.0555291 ], [ 108.5670286, 22.0555353 ], [ 108.5676911, 22.0555062 ], [ 108.5680023, 22.0555187 ], [ 108.5682759, 22.0555609 ], [ 108.5685897, 22.0556504 ], [ 108.5688204, 22.0557474 ], [ 108.5690241, 22.0559125 ] ] } },
{ "type": "Feature", "properties": { "osm_id": "1435801945", "name": null, "highway": "motorway_link" }, "geometry": { "type": "LineString", "coordinates": [ [ 108.5662023, 22.0563821 ], [ 108.5663852, 22.0562025 ], [ 108.5665515, 22.0560585 ], [ 108.5667147, 22.0559387 ], [ 108.5669561, 22.0558118 ] ] } },
{ "type": "Feature", "properties": { "osm_id": "1435801948", "name": null, "highway": "motorway_link" }, "geometry": { "type": "LineString", "coordinates": [ [ 108.5669778, 22.055852 ], [ 108.5667418, 22.0559761 ], [ 108.5665831, 22.0560925 ], [ 108.5664194, 22.0562344 ], [ 108.5662403, 22.0564103 ] ] } },
{ "type": "Feature", "properties": { "osm_id": "838831011", "name": null, "highway": "primary" }, "geometry": { "type": "LineString", "coordinates": [ [ 108.6326471, 22.0854454 ], [ 108.6313593, 22.0879923 ], [ 108.628321, 22.0911697 ], [ 108.6272999, 22.0919874 ], [ 108.6262364, 22.0929541 ], [ 108.6259635, 22.0932022 ], [ 108.6250937, 22.0942301 ], [ 108.6181254, 22.0942599 ], [ 108.6168992, 22.0942652 ], [ 108.6162058, 22.0948376 ], [ 108.6155757, 22.0948859 ], [ 108.6136754, 22.0950312 ], [ 108.6123013, 22.0953054 ], [ 108.6119591, 22.0952905 ], [ 108.6094359, 22.0951763 ], [ 108.6072171, 22.0947675 ], [ 108.6059438, 22.0944287 ], [ 108.6036367, 22.0947908 ], [ 108.601254, 22.0946857 ], [ 108.5998421, 22.0940432 ], [ 108.5984427, 22.0946156 ], [ 108.598345971852439, 22.094614052243809 ] ] } },
{ "type": "Feature", "properties": { "osm_id": "281579527", "name": null, "highway": "primary" }, "geometry": { "type": "LineString", "coordinates": [ [ 108.6308149, 22.1061435 ], [ 108.6306967, 22.1063594 ], [ 108.6306387, 22.1065274 ], [ 108.6306169, 22.1067289 ] ] } },
{ "type": "Feature", "properties": { "osm_id": "281547421", "name": null, "highway": "primary" }, "geometry": { "type": "LineString", "coordinates": [ [ 108.6302438, 22.1064968 ], [ 108.6304212, 22.1065609 ], [ 108.6306169, 22.1067289 ], [ 108.6308344, 22.1072663 ], [ 108.6309269, 22.1074251 ], [ 108.6314874, 22.1083873 ], [ 108.6315757, 22.108539 ], [ 108.6318713, 22.1090464 ] ] } },
{ "type": "Feature", "properties": { "osm_id": "281579507", "name": null, "highway": "primary" }, "geometry": { "type": "LineString", "coordinates": [ [ 108.6404883, 22.1131573 ], [ 108.6403616, 22.1130767 ], [ 108.6396655, 22.1127006 ], [ 108.6392885, 22.1125662 ], [ 108.6385489, 22.1124117 ], [ 108.6382662, 22.1122841 ], [ 108.6377296, 22.1117938 ], [ 108.6372946, 22.1111691 ], [ 108.6370263, 22.1109407 ], [ 108.6366276, 22.1107459 ], [ 108.6355037, 22.1102891 ], [ 108.635279, 22.1101077 ], [ 108.6344669, 22.1098256 ], [ 108.6339147, 22.1096155 ], [ 108.6332198, 22.1094763 ], [ 108.6320525, 22.1090397 ], [ 108.6318713, 22.1090464 ] ] } },
{ "type": "Feature", "properties": { "osm_id": "281579510", "name": null, "highway": "primary" }, "geometry": { "type": "LineString", "coordinates": [ [ 108.6407895, 22.1133455 ], [ 108.6404883, 22.1131573 ] ] } },
{ "type": "Feature", "properties": { "osm_id": "1460229426", "name": null, "highway": "primary" }, "geometry": { "type": "LineString", "coordinates": [ [ 108.6414564, 22.11395 ], [ 108.6409706, 22.1134865 ], [ 108.6407895, 22.1133455 ] ] } },
{ "type": "Feature", "properties": { "osm_id": "822639783", "name": null, "highway": "primary" }, "geometry": { "type": "LineString", "coordinates": [ [ 108.6428327, 22.1153485 ], [ 108.6422457, 22.1150727 ], [ 108.6417894, 22.1146604 ], [ 108.6414564, 22.11395 ] ] } },
{ "type": "Feature", "properties": { "osm_id": "822639784", "name": null, "highway": "primary" }, "geometry": { "type": "LineString", "coordinates": [ [ 108.6432539, 22.1155119 ], [ 108.6428327, 22.1153485 ] ] } },
{ "type": "Feature", "properties": { "osm_id": "905780541", "name": null, "highway": "secondary" }, "geometry": { "type": "LineString", "coordinates": [ [ 108.6385489, 22.1124117 ], [ 108.6372966, 22.1130685 ], [ 108.6358374, 22.1142215 ], [ 108.6353422, 22.1149501 ], [ 108.6351079, 22.1152949 ], [ 108.634221, 22.1166599 ], [ 108.6330479, 22.1176936 ], [ 108.6314315, 22.118555 ], [ 108.629401816403174, 22.119446180648975 ] ] } },
{ "type": "Feature", "properties": { "osm_id": "1181194257", "name": "閽﹀窞缁曞煄楂橀", "highway": "motorway" }, "geometry": { "type": "LineString", "coordinates": [ [ 108.633368614560581, 22.131427268909022 ], [ 108.6337225, 22.1315983 ] ] } },
{ "type": "Feature", "properties": { "osm_id": "1181194256", "name": "閽﹀窞缁曞煄楂橀", "highway": "motorway" }, "geometry": { "type": "LineString", "coordinates": [ [ 108.6337225, 22.1315983 ], [ 108.6343224, 22.1318882 ] ] } },
{ "type": "Feature", "properties": { "osm_id": "1181194266", "name": "閽﹀窞缁曞煄楂橀", "highway": "motorway" }, "geometry": { "type": "LineString", "coordinates": [ [ 108.6342753, 22.1319718 ], [ 108.633692307961084, 22.131690070724982 ] ] } },
{ "type": "Feature", "properties": { "osm_id": "1181194259", "name": "閽﹀窞缁曞煄楂橀", "highway": "motorway" }, "geometry": { "type": "LineString", "coordinates": [ [ 108.6343224, 22.1318882 ], [ 108.6346879, 22.1320649 ] ] } },
{ "type": "Feature", "properties": { "osm_id": "1181194249", "name": "閽﹀窞缁曞煄楂橀", "highway": "motorway" }, "geometry": { "type": "LineString", "coordinates": [ [ 108.7177483, 22.1378769 ], [ 108.7196688, 22.1373777 ], [ 108.7209404, 22.1368828 ], [ 108.7216115, 22.1365868 ], [ 108.7220392, 22.1363689 ], [ 108.7229974, 22.1359102 ], [ 108.7241471, 22.1354225 ], [ 108.7260343, 22.1345981 ], [ 108.728523, 22.1334753 ], [ 108.7302157, 22.1327211 ] ] } },
{ "type": "Feature", "properties": { "osm_id": "1181194274", "name": "閽﹀窞缁曞煄楂橀", "highway": "motorway" }, "geometry": { "type": "LineString", "coordinates": [ [ 108.7302625, 22.1328048 ], [ 108.7285674, 22.1335602 ], [ 108.7260783, 22.1346832 ], [ 108.72419, 22.135508 ], [ 108.723042, 22.135995 ], [ 108.7220871, 22.1364521 ], [ 108.721658, 22.1366708 ], [ 108.7209821, 22.1369689 ], [ 108.7197053, 22.1374658 ], [ 108.7177946, 22.1379986 ] ] } },
{ "type": "Feature", "properties": { "osm_id": "1435801969", "name": "閽﹀窞缁曞煄楂橀", "highway": "motorway" }, "geometry": { "type": "LineString", "coordinates": [ [ 108.6958556, 22.1376219 ], [ 108.6983756, 22.137193 ], [ 108.7000827, 22.1371229 ], [ 108.702378, 22.1371642 ], [ 108.7043066, 22.1373272 ], [ 108.7068384, 22.1376234 ], [ 108.7092564, 22.1379192 ], [ 108.7102662, 22.1380358 ] ] } },
{ "type": "Feature", "properties": { "osm_id": "1435801970", "name": "閽﹀窞缁曞煄楂橀", "highway": "motorway" }, "geometry": { "type": "LineString", "coordinates": [ [ 108.7102519, 22.1381291 ], [ 108.7092457, 22.1380131 ], [ 108.706824, 22.1377168 ], [ 108.704296, 22.1374211 ], [ 108.7023716, 22.1372583 ], [ 108.7000823, 22.1372174 ], [ 108.6983871, 22.1372869 ], [ 108.6958766, 22.1377143 ] ] } },
{ "type": "Feature", "properties": { "osm_id": "1181194251", "name": "閽﹀窞缁曞煄楂橀", "highway": "motorway" }, "geometry": { "type": "LineString", "coordinates": [ [ 108.6951761, 22.1377718 ], [ 108.6958556, 22.1376219 ] ] } },
{ "type": "Feature", "properties": { "osm_id": "1181194272", "name": "閽﹀窞缁曞煄楂橀", "highway": "motorway" }, "geometry": { "type": "LineString", "coordinates": [ [ 108.6958766, 22.1377143 ], [ 108.6952007, 22.1378633 ] ] } },
{ "type": "Feature", "properties": { "osm_id": "1181194222", "name": null, "highway": "motorway_link" }, "geometry": { "type": "LineString", "coordinates": [ [ 108.7102733, 22.1379714 ], [ 108.7115068, 22.1381804 ] ] } },
{ "type": "Feature", "properties": { "osm_id": "1181194223", "name": "閽﹀窞缁曞煄楂橀", "highway": "motorway" }, "geometry": { "type": "LineString", "coordinates": [ [ 108.7102662, 22.1380358 ], [ 108.7115068, 22.1381804 ] ] } },
{ "type": "Feature", "properties": { "osm_id": "1181194260", "name": "閽﹀窞缁曞煄楂橀", "highway": "motorway" }, "geometry": { "type": "LineString", "coordinates": [ [ 108.7115068, 22.1381804 ], [ 108.7129428, 22.138326 ], [ 108.7132929, 22.1383453 ], [ 108.7151955, 22.1383098 ], [ 108.7164974, 22.1381486 ], [ 108.7177483, 22.1378769 ] ] } },
{ "type": "Feature", "properties": { "osm_id": "1181194220", "name": "閽﹀窞缁曞煄楂橀", "highway": "motorway" }, "geometry": { "type": "LineString", "coordinates": [ [ 108.7114946, 22.1382764 ], [ 108.7102519, 22.1381291 ] ] } },
{ "type": "Feature", "properties": { "osm_id": "1179587433", "name": null, "highway": "secondary" }, "geometry": { "type": "LineString", "coordinates": [ [ 108.7656178, 22.1469818 ], [ 108.7660574, 22.146813 ], [ 108.7664977, 22.1466992 ], [ 108.7681755, 22.1462655 ], [ 108.768892, 22.1460371 ], [ 108.769471, 22.1458085 ], [ 108.7700343, 22.145729 ], [ 108.7708926, 22.1455749 ], [ 108.7711769, 22.1455799 ], [ 108.7735802, 22.1461066 ], [ 108.7750876, 22.1464395 ], [ 108.7755758, 22.1464444 ], [ 108.7774962, 22.1462358 ], [ 108.7783116, 22.146206 ], [ 108.7789124, 22.1462805 ], [ 108.7793362, 22.1463451 ], [ 108.7796527, 22.1463302 ], [ 108.7799424, 22.1462209 ], [ 108.780157, 22.1460917 ], [ 108.7804896, 22.1459625 ], [ 108.7806988, 22.1458184 ], [ 108.7809616, 22.1455551 ], [ 108.7813479, 22.1453265 ], [ 108.7816966, 22.1451675 ], [ 108.7818736, 22.1449439 ], [ 108.7819326, 22.14477 ], [ 108.7820828, 22.1445017 ], [ 108.7823027, 22.1443129 ], [ 108.7826353, 22.1440446 ], [ 108.7828284, 22.1438259 ], [ 108.7829626, 22.1435775 ], [ 108.7833059, 22.1429316 ], [ 108.7839121, 22.1418881 ], [ 108.7842983, 22.141277 ], [ 108.7844914, 22.1409341 ], [ 108.7847811, 22.140636 ], [ 108.7849206, 22.1404323 ], [ 108.7850439, 22.1401093 ], [ 108.7851888, 22.139836 ], [ 108.7853819, 22.1395577 ], [ 108.7855911, 22.1393938 ], [ 108.7857306, 22.139349 ], [ 108.786031, 22.1392497 ], [ 108.7861329, 22.1391056 ], [ 108.7861973, 22.1389863 ], [ 108.7864548, 22.1384745 ], [ 108.7866908, 22.1379577 ], [ 108.7867606, 22.1376844 ], [ 108.7867606, 22.1374907 ], [ 108.7867498, 22.1372174 ], [ 108.7867874, 22.1369242 ], [ 108.7868786, 22.1366757 ], [ 108.7869966, 22.1364571 ], [ 108.7871522, 22.1362832 ], [ 108.787238, 22.1362633 ], [ 108.7874365, 22.1362534 ], [ 108.7877905, 22.1361242 ], [ 108.7881446, 22.1359205 ], [ 108.7884611, 22.1357565 ], [ 108.7889063, 22.1355428 ], [ 108.7892926, 22.1353689 ], [ 108.7896627, 22.13519 ], [ 108.789829, 22.1350857 ], [ 108.7899631, 22.1349465 ], [ 108.7901992, 22.1345888 ], [ 108.7903655, 22.1344347 ], [ 108.790639, 22.1342906 ], [ 108.7908536, 22.1341863 ], [ 108.7911701, 22.1339974 ], [ 108.791315, 22.1338335 ], [ 108.7914652, 22.1335403 ], [ 108.7915188, 22.133267 ], [ 108.7915349, 22.132944 ], [ 108.7915295, 22.1327402 ], [ 108.7913793, 22.1323179 ], [ 108.7913793, 22.1319949 ], [ 108.7913793, 22.1315973 ], [ 108.7913793, 22.1312445 ], [ 108.7913686, 22.1306035 ], [ 108.7914437, 22.1303948 ], [ 108.7915939, 22.1301761 ], [ 108.7917119, 22.1299128 ], [ 108.7918782, 22.1295699 ], [ 108.7921786, 22.1289984 ], [ 108.7922698, 22.128586 ], [ 108.7923986, 22.1282729 ], [ 108.7926722, 22.1279002 ], [ 108.7928599, 22.1275077 ], [ 108.792994, 22.1272741 ], [ 108.7931871, 22.1270554 ], [ 108.7933803, 22.1267921 ], [ 108.7935251, 22.126479 ], [ 108.7935573, 22.1261957 ], [ 108.7935573, 22.1259075 ], [ 108.7936699, 22.1253062 ], [ 108.7937611, 22.125023 ], [ 108.7939435, 22.1247944 ], [ 108.7941313, 22.1246602 ], [ 108.7949762, 22.1241782 ], [ 108.79518, 22.1240341 ], [ 108.7952927, 22.1240117 ], [ 108.7954107, 22.1240341 ], [ 108.7955314, 22.1240763 ], [ 108.7961724, 22.1244689 ], [ 108.7964031, 22.1246254 ], [ 108.7967062, 22.1247198 ], [ 108.7971354, 22.1247695 ], [ 108.7983584, 22.1248143 ], [ 108.7987232, 22.1247596 ], [ 108.7989646, 22.1246602 ], [ 108.7991148, 22.1245211 ], [ 108.7991685, 22.1242726 ], [ 108.7991738, 22.1241036 ], [ 108.7992918, 22.1237657 ], [ 108.799426, 22.1234626 ], [ 108.7995279, 22.1231892 ], [ 108.7995762, 22.1227221 ], [ 108.7995762, 22.1224389 ], [ 108.7995762, 22.122086 ], [ 108.799485, 22.1213903 ], [ 108.799485, 22.1210176 ], [ 108.7994742, 22.1207293 ], [ 108.7993079, 22.1203765 ], [ 108.7985033, 22.1194919 ], [ 108.7983155, 22.1192037 ], [ 108.798117, 22.1187962 ], [ 108.7980473, 22.1184632 ], [ 108.7979293, 22.1181253 ], [ 108.7979025, 22.1179066 ], [ 108.7980151, 22.1176879 ], [ 108.7981707, 22.1174742 ], [ 108.7983584, 22.1172307 ], [ 108.7985569, 22.1168381 ], [ 108.7985569, 22.116535 ], [ 108.798632, 22.1161871 ], [ 108.7987715, 22.1159386 ], [ 108.7989592, 22.1156355 ], [ 108.7991309, 22.1153273 ], [ 108.7992489, 22.1150639 ], [ 108.7993562, 22.1146912 ], [ 108.799957, 22.1138016 ], [ 108.8001555, 22.1134736 ], [ 108.8003433, 22.1130263 ], [ 108.800472, 22.1127927 ], [ 108.8006544, 22.112584 ], [ 108.8008314, 22.1123951 ], [ 108.8009065, 22.112261 ], [ 108.8010031, 22.1118336 ], [ 108.8011479, 22.1115652 ], [ 108.8013732, 22.1113366 ], [ 108.8019043, 22.1109887 ], [ 108.802312, 22.1107551 ], [ 108.8025963, 22.1105513 ], [ 108.8027304, 22.1104122 ], [ 108.802886, 22.1103873 ], [ 108.8031006, 22.1103774 ] ] } },
{ "type": "Feature", "properties": { "osm_id": "1536406437", "name": "閽﹀窞缁曞煄楂橀", "highway": "motorway" }, "geometry": { "type": "LineString", "coordinates": [ [ 108.7302157, 22.1327211 ], [ 108.7307912, 22.1324249 ], [ 108.7322884, 22.1316026 ], [ 108.7335703, 22.1307615 ], [ 108.7345937, 22.130011 ], [ 108.7359857, 22.1286563 ] ] } },
{ "type": "Feature", "properties": { "osm_id": "1536406438", "name": "閽﹀窞缁曞煄楂橀", "highway": "motorway" }, "geometry": { "type": "LineString", "coordinates": [ [ 108.7360738, 22.128741 ], [ 108.7346613, 22.1300817 ], [ 108.7336314, 22.1308371 ], [ 108.7323439, 22.1316818 ], [ 108.7308419, 22.1325067 ], [ 108.7302625, 22.1328048 ] ] } },
{ "type": "Feature", "properties": { "osm_id": "1498631066", "name": null, "highway": "secondary" }, "geometry": { "type": "LineString", "coordinates": [ [ 108.7627977, 22.1507274 ], [ 108.7634146, 22.1495846 ], [ 108.7638599, 22.1487002 ], [ 108.7641442, 22.1482381 ], [ 108.7645733, 22.1477512 ], [ 108.7650615, 22.147304 ], [ 108.7656178, 22.1469818 ] ] } },
{ "type": "Feature", "properties": { "osm_id": "1498631069", "name": null, "highway": "secondary" }, "geometry": { "type": "LineString", "coordinates": [ [ 108.7627977, 22.1507274 ], [ 108.7619287, 22.1524961 ] ] } },
{ "type": "Feature", "properties": { "osm_id": "1498631064", "name": null, "highway": "secondary" }, "geometry": { "type": "LineString", "coordinates": [ [ 108.7619287, 22.1524961 ], [ 108.7617034, 22.1528787 ], [ 108.7612206, 22.153465 ], [ 108.7606559, 22.1540289 ], [ 108.7597936, 22.1547021 ], [ 108.759041, 22.1552851 ], [ 108.7582015, 22.1558372 ] ] } },
{ "type": "Feature", "properties": { "osm_id": "281579512", "name": null, "highway": "primary" }, "geometry": { "type": "LineString", "coordinates": [ [ 108.7539731, 22.1632966 ], [ 108.7538097, 22.1632486 ], [ 108.7536024, 22.1631985 ], [ 108.7533197, 22.1631246 ], [ 108.7528919, 22.1630575 ], [ 108.7522104, 22.1629299 ], [ 108.7511882, 22.1626345 ], [ 108.7494845, 22.1620369 ], [ 108.7474762, 22.1613118 ], [ 108.7473586, 22.1612698 ], [ 108.7438658, 22.1600226 ], [ 108.7407048, 22.1588341 ], [ 108.7377831, 22.1577397 ], [ 108.7355646, 22.1568802 ], [ 108.7346511, 22.1566586 ], [ 108.7327226, 22.1561819 ], [ 108.7325196, 22.156108 ], [ 108.7323384, 22.1560745 ], [ 108.7319831, 22.1560207 ], [ 108.7311599, 22.1559759 ], [ 108.7307506, 22.1559536 ], [ 108.7299096, 22.1559066 ], [ 108.7288076, 22.155685 ], [ 108.7283291, 22.1555642 ], [ 108.7273577, 22.1550404 ], [ 108.7265022, 22.1545704 ], [ 108.7247912, 22.153637 ], [ 108.7237689, 22.1530999 ], [ 108.7230584, 22.1527171 ], [ 108.7225147, 22.1524284 ], [ 108.7217535, 22.1521732 ], [ 108.7211735, 22.1520926 ], [ 108.7190927, 22.1517099 ], [ 108.718723, 22.1516025 ], [ 108.718085, 22.1512332 ], [ 108.7174615, 22.1509108 ], [ 108.7162073, 22.1502326 ], [ 108.7143875, 22.1492187 ] ] } },
{ "type": "Feature", "properties": { "osm_id": "1525169765", "name": null, "highway": "secondary" }, "geometry": { "type": "LineString", "coordinates": [ [ 108.7586497, 22.1593371 ], [ 108.7579215, 22.1580259 ], [ 108.7576157, 22.1575191 ], [ 108.757293, 22.1566604 ], [ 108.7573063, 22.1565014 ], [ 108.7573821, 22.1564245 ], [ 108.7578426, 22.1560764 ], [ 108.7579494, 22.1560171 ], [ 108.7582015, 22.1558372 ] ] } },
{ "type": "Feature", "properties": { "osm_id": "1525169764", "name": null, "highway": "secondary" }, "geometry": { "type": "LineString", "coordinates": [ [ 108.7544411, 22.1634793 ], [ 108.754515, 22.1631182 ], [ 108.7546492, 22.1629146 ], [ 108.7547859, 22.1629171 ], [ 108.7549795, 22.1629705 ], [ 108.7550584, 22.1626267 ], [ 108.7551652, 22.1623832 ], [ 108.7552802, 22.1622881 ], [ 108.7554076, 22.1619609 ], [ 108.7555637, 22.1618278 ], [ 108.7556376, 22.1615843 ], [ 108.755806, 22.1614131 ], [ 108.7559704, 22.1612799 ], [ 108.7561388, 22.1611543 ], [ 108.7562456, 22.1609565 ], [ 108.7563278, 22.1608081 ], [ 108.7565907, 22.1606027 ], [ 108.7566975, 22.1604429 ], [ 108.7567632, 22.1603326 ], [ 108.7568289, 22.1602945 ], [ 108.756944, 22.1602945 ], [ 108.7576177, 22.1603402 ], [ 108.757819, 22.1603097 ], [ 108.7579792, 22.1601537 ], [ 108.7582996, 22.1597809 ], [ 108.758427, 22.1596439 ], [ 108.7584681, 22.159507 ], [ 108.7585584, 22.1593966 ], [ 108.7586497, 22.1593371 ] ] } },
{ "type": "Feature", "properties": { "osm_id": "281579511", "name": null, "highway": "primary" }, "geometry": { "type": "LineString", "coordinates": [ [ 108.7542963, 22.1634106 ], [ 108.7539731, 22.1632966 ] ] } },
{ "type": "Feature", "properties": { "osm_id": "1181194273", "name": "閽﹀窞缁曞煄楂橀", "highway": "motorway" }, "geometry": { "type": "LineString", "coordinates": [ [ 108.7177946, 22.1379986 ], [ 108.7165188, 22.1382409 ], [ 108.7152059, 22.1384037 ], [ 108.7132921, 22.1384398 ], [ 108.7129327, 22.1384199 ], [ 108.7114946, 22.1382764 ] ] } },
{ "type": "Feature", "properties": { "osm_id": "1181194248", "name": "閽﹀窞缁曞煄楂橀", "highway": "motorway" }, "geometry": { "type": "LineString", "coordinates": [ [ 108.6636641, 22.1388623 ], [ 108.6648246, 22.1389018 ], [ 108.666575, 22.1387535 ], [ 108.6703283, 22.1382568 ], [ 108.6734344, 22.1378885 ], [ 108.6756225, 22.1378186 ], [ 108.6803694, 22.1381369 ], [ 108.682408, 22.1382508 ], [ 108.6837492, 22.1383258 ], [ 108.687034, 22.1385545 ], [ 108.6882426, 22.1386634 ], [ 108.6898531, 22.1386634 ], [ 108.69186, 22.1384953 ], [ 108.6932787, 22.1382286 ], [ 108.6939676, 22.1380627 ], [ 108.6951761, 22.1377718 ] ] } },
{ "type": "Feature", "properties": { "osm_id": "1181194271", "name": "閽﹀窞缁曞煄楂橀", "highway": "motorway" }, "geometry": { "type": "LineString", "coordinates": [ [ 108.6952007, 22.1378633 ], [ 108.6933308, 22.1383135 ], [ 108.6933017, 22.1383205 ], [ 108.6918747, 22.1385888 ], [ 108.6898577, 22.1387577 ], [ 108.6882377, 22.1387577 ], [ 108.6870253, 22.1386484 ], [ 108.6837423, 22.1384199 ], [ 108.6803627, 22.138231 ], [ 108.6756205, 22.137913 ], [ 108.6734426, 22.1379826 ], [ 108.670342, 22.1383503 ], [ 108.6665869, 22.1388472 ], [ 108.6648273, 22.1389962 ], [ 108.6636579, 22.1389565 ] ] } },
{ "type": "Feature", "properties": { "osm_id": "1181194255", "name": "閽﹀窞缁曞煄楂橀", "highway": "motorway" }, "geometry": { "type": "LineString", "coordinates": [ [ 108.6630334, 22.1388128 ], [ 108.6636641, 22.1388623 ] ] } },
{ "type": "Feature", "properties": { "osm_id": "1181194270", "name": "閽﹀窞缁曞煄楂橀", "highway": "motorway" }, "geometry": { "type": "LineString", "coordinates": [ [ 108.6636579, 22.1389565 ], [ 108.6630249, 22.1389068 ] ] } },
{ "type": "Feature", "properties": { "osm_id": "1181194218", "name": null, "highway": "motorway_link" }, "geometry": { "type": "LineString", "coordinates": [ [ 108.7102711, 22.1402268 ], [ 108.7105845, 22.139395 ], [ 108.7106381, 22.1391329 ], [ 108.7106073, 22.138841 ], [ 108.7104571, 22.1385391 ], [ 108.7102801, 22.1383702 ], [ 108.7099944, 22.1382149 ], [ 108.7092367, 22.138072 ], [ 108.706824, 22.1377168 ] ] } },
{ "type": "Feature", "properties": { "osm_id": "1181194219", "name": null, "highway": "motorway_link" }, "geometry": { "type": "LineString", "coordinates": [ [ 108.7152059, 22.1384037 ], [ 108.7132908, 22.1385441 ], [ 108.7129247, 22.1385441 ], [ 108.7122649, 22.1385453 ], [ 108.7118612, 22.1386422 ], [ 108.711479, 22.1388348 ], [ 108.7111625, 22.139118 ], [ 108.7108259, 22.1395515 ], [ 108.7103219, 22.140243 ] ] } },
{ "type": "Feature", "properties": { "osm_id": "1181194217", "name": null, "highway": "motorway_link" }, "geometry": { "type": "LineString", "coordinates": [ [ 108.7043066, 22.1373272 ], [ 108.7068585, 22.1375547 ], [ 108.7074959, 22.1376149 ], [ 108.7080941, 22.13759 ], [ 108.7084776, 22.1375031 ], [ 108.7088263, 22.1373366 ], [ 108.7090784, 22.1371379 ], [ 108.7093507, 22.136882 ], [ 108.7097181, 22.1367068 ], [ 108.7101392, 22.1367142 ], [ 108.7103981, 22.1367962 ], [ 108.7106073, 22.136908 ], [ 108.7108673, 22.1371885 ], [ 108.7110039, 22.1375366 ], [ 108.7110388, 22.1380082 ], [ 108.7110327, 22.1384879 ], [ 108.7109014, 22.1390695 ], [ 108.7107066, 22.139534 ], [ 108.7104505, 22.1400175 ], [ 108.7103219, 22.140243 ], [ 108.7096127, 22.1415592 ], [ 108.7093739, 22.1420022 ], [ 108.7080298, 22.1444047 ] ] } },
{ "type": "Feature", "properties": { "osm_id": "1181194224", "name": null, "highway": "motorway_link" }, "geometry": { "type": "LineString", "coordinates": [ [ 108.7080298, 22.1444047 ], [ 108.7093261, 22.1419804 ], [ 108.7095666, 22.1415341 ], [ 108.7102711, 22.1402268 ], [ 108.7104014, 22.1399981 ], [ 108.7106528, 22.1395266 ], [ 108.71085, 22.1390559 ], [ 108.7109801, 22.1384794 ], [ 108.7109855, 22.1380049 ], [ 108.7109506, 22.1375453 ], [ 108.7108219, 22.1372174 ], [ 108.7105711, 22.1369522 ], [ 108.7103659, 22.1368447 ], [ 108.7101178, 22.1367702 ], [ 108.7098978, 22.1367615 ], [ 108.7097141, 22.1367925 ], [ 108.7095572, 22.1368546 ], [ 108.7094043, 22.1369826 ], [ 108.7093011, 22.137149 ], [ 108.7092836, 22.1373366 ], [ 108.7093292, 22.1375316 ], [ 108.7094338, 22.137682 ], [ 108.7096162, 22.1378049 ], [ 108.709867, 22.1378981 ], [ 108.7102733, 22.1379714 ] ] } },
{ "type": "Feature", "properties": { "osm_id": "281579508", "name": null, "highway": "primary" }, "geometry": { "type": "LineString", "coordinates": [ [ 108.7143875, 22.1492187 ], [ 108.7142353, 22.1491381 ] ] } },
{ "type": "Feature", "properties": { "osm_id": "1181194267", "name": "閽﹀窞缁曞煄楂橀", "highway": "motorway" }, "geometry": { "type": "LineString", "coordinates": [ [ 108.6346408, 22.1321485 ], [ 108.6342753, 22.1319718 ] ] } },
{ "type": "Feature", "properties": { "osm_id": "1181194258", "name": "閽﹀窞缁曞煄楂橀", "highway": "motorway" }, "geometry": { "type": "LineString", "coordinates": [ [ 108.6346879, 22.1320649 ], [ 108.6354535, 22.1324349 ] ] } },
{ "type": "Feature", "properties": { "osm_id": "1181194268", "name": "閽﹀窞缁曞煄楂橀", "highway": "motorway" }, "geometry": { "type": "LineString", "coordinates": [ [ 108.6354064, 22.1325185 ], [ 108.6346408, 22.1321485 ] ] } },
{ "type": "Feature", "properties": { "osm_id": "1181194252", "name": "閽﹀窞缁曞煄楂橀", "highway": "motorway" }, "geometry": { "type": "LineString", "coordinates": [ [ 108.6354535, 22.1324349 ], [ 108.6357993, 22.132602 ], [ 108.6391332, 22.1342106 ], [ 108.641261, 22.1350921 ], [ 108.6433882, 22.1357555 ], [ 108.6456968, 22.1363198 ], [ 108.6484708, 22.1366968 ], [ 108.6544798, 22.1376113 ], [ 108.6592875, 22.1383469 ], [ 108.6611074, 22.1386642 ], [ 108.6630334, 22.1388128 ] ] } },
{ "type": "Feature", "properties": { "osm_id": "1181194269", "name": "閽﹀窞缁曞煄楂橀", "highway": "motorway" }, "geometry": { "type": "LineString", "coordinates": [ [ 108.6630249, 22.1389068 ], [ 108.6610937, 22.1387577 ], [ 108.6592698, 22.1384397 ], [ 108.6544633, 22.1377043 ], [ 108.6484551, 22.13679 ], [ 108.6456764, 22.1364124 ], [ 108.6433589, 22.1358459 ], [ 108.6412239, 22.1351801 ], [ 108.6390889, 22.1342956 ], [ 108.6357522, 22.1326856 ], [ 108.6354064, 22.1325185 ] ] } },
{ "type": "Feature", "properties": { "osm_id": "281579514", "name": null, "highway": "primary" }, "geometry": { "type": "LineString", "coordinates": [ [ 108.6318713, 22.1090464 ], [ 108.6319655, 22.1109675 ], [ 108.631951, 22.1113168 ], [ 108.6318278, 22.1115452 ], [ 108.631487, 22.1119214 ], [ 108.6312405, 22.1122169 ], [ 108.6303994, 22.113473 ], [ 108.630297171170511, 22.113609661363824 ] ] } },
{ "type": "Feature", "properties": { "osm_id": "281579506", "name": null, "highway": "primary" }, "geometry": { "type": "LineString", "coordinates": [ [ 108.8260317, 22.2731588 ], [ 108.8258542, 22.2716555 ], [ 108.8257885, 22.2712601 ], [ 108.8257022, 22.2708686 ], [ 108.8254147, 22.2701463 ], [ 108.8252093, 22.2698041 ], [ 108.82463, 22.2689259 ], [ 108.8243096, 22.2684051 ], [ 108.8241329, 22.2680896 ], [ 108.8232744, 22.2666411 ], [ 108.8228759, 22.2661089 ], [ 108.8225678, 22.2657781 ], [ 108.8214615, 22.2648313 ], [ 108.821091, 22.2644395 ], [ 108.8207955, 22.2641233 ], [ 108.8206417, 22.2638569 ], [ 108.8205943, 22.2637448 ], [ 108.8204361, 22.2633704 ], [ 108.8203704, 22.2631917 ], [ 108.8201639, 22.2626297 ], [ 108.8201035, 22.2624652 ], [ 108.8199764, 22.2622604 ], [ 108.8199032, 22.2621425 ], [ 108.8197673, 22.2619522 ], [ 108.8196404, 22.2618281 ], [ 108.8193114, 22.2615765 ], [ 108.8191862, 22.261464 ], [ 108.8190896, 22.2613713 ], [ 108.8189984, 22.2612274 ], [ 108.8188697, 22.2609444 ], [ 108.8188178, 22.2608087 ], [ 108.818766, 22.260572 ], [ 108.8187034, 22.2599481 ], [ 108.818664, 22.2596139 ], [ 108.8186354, 22.2594517 ], [ 108.8186222, 22.2594121 ], [ 108.8185889, 22.2593127 ], [ 108.8185246, 22.2591886 ], [ 108.8184209, 22.259038 ], [ 108.8174749, 22.2579722 ], [ 108.8164646, 22.2568618 ], [ 108.8162822, 22.2566665 ], [ 108.8161338, 22.2565093 ], [ 108.8160265, 22.2564199 ], [ 108.8157494, 22.2562048 ], [ 108.8154704, 22.2559549 ], [ 108.8153453, 22.255849 ], [ 108.8152147, 22.2557629 ], [ 108.8150949, 22.2556934 ], [ 108.8149858, 22.2556421 ], [ 108.8143975, 22.2554369 ], [ 108.8140828, 22.255321 ], [ 108.8138021, 22.2551787 ], [ 108.8134393, 22.2549015 ], [ 108.8132178, 22.2544391 ], [ 108.8122111, 22.2523566 ], [ 108.8120443, 22.2518935 ], [ 108.8118952, 22.2513949 ], [ 108.8118071, 22.2511958 ], [ 108.8117066, 22.2510256 ], [ 108.8115622, 22.2508558 ], [ 108.8112061, 22.2505708 ], [ 108.810249, 22.2498913 ], [ 108.8099967, 22.2496436 ], [ 108.8097694, 22.2493094 ], [ 108.8095887, 22.2490098 ], [ 108.809158, 22.248291 ], [ 108.8086641, 22.2476921 ], [ 108.8078025, 22.2467189 ], [ 108.8069083, 22.2458184 ], [ 108.8066367, 22.2454884 ], [ 108.8057809, 22.2441563 ], [ 108.8048859, 22.2430258 ], [ 108.8045595, 22.2426297 ], [ 108.8040373, 22.2422135 ], [ 108.8033918, 22.2419115 ], [ 108.8029784, 22.2415758 ], [ 108.8020501, 22.2409918 ], [ 108.8016004, 22.2407299 ], [ 108.8002514, 22.2402332 ], [ 108.7992723, 22.2398639 ], [ 108.7981553, 22.2395484 ], [ 108.7967701, 22.2393403 ], [ 108.7961754, 22.2391859 ], [ 108.7945, 22.2384005 ], [ 108.7926723, 22.2374136 ], [ 108.7919978, 22.2369571 ], [ 108.7910984, 22.2365543 ], [ 108.7905762, 22.2362858 ], [ 108.7901048, 22.2361448 ], [ 108.789278, 22.2360709 ], [ 108.788502, 22.2359568 ], [ 108.7871747, 22.2358293 ], [ 108.7868121, 22.2357756 ], [ 108.7850134, 22.2350975 ], [ 108.7837804, 22.2344933 ], [ 108.7827578, 22.2340099 ], [ 108.782018, 22.2336004 ], [ 108.7800163, 22.2321167 ], [ 108.7788993, 22.2311902 ], [ 108.7784062, 22.2306934 ], [ 108.777398, 22.2294783 ], [ 108.7770209, 22.2290217 ], [ 108.7752295, 22.2263564 ], [ 108.7744534, 22.2248726 ], [ 108.7743229, 22.2244966 ], [ 108.7739457, 22.2223817 ], [ 108.7735613, 22.2199781 ], [ 108.7731842, 22.2175475 ], [ 108.7731479, 22.2173931 ], [ 108.7727708, 22.2139688 ], [ 108.7727128, 22.2128072 ], [ 108.772807, 22.2112091 ], [ 108.7731842, 22.2070058 ], [ 108.7735142, 22.2038767 ], [ 108.7735867, 22.2031448 ], [ 108.7737317, 22.2026346 ], [ 108.7738623, 22.2021981 ], [ 108.7738985, 22.2016207 ], [ 108.7737607, 22.1993648 ], [ 108.77371, 22.1981495 ], [ 108.773623, 22.1972632 ], [ 108.7734344, 22.1964172 ], [ 108.7730573, 22.1950004 ], [ 108.7727673, 22.193859 ], [ 108.7724989, 22.1930599 ], [ 108.7718898, 22.1919923 ], [ 108.7709398, 22.1903875 ], [ 108.7703887, 22.1894878 ], [ 108.76962, 22.1880709 ], [ 108.7693444, 22.1874129 ], [ 108.7692574, 22.1867548 ], [ 108.7690688, 22.185714 ], [ 108.7690108, 22.1850425 ], [ 108.7692211, 22.1835988 ], [ 108.7692574, 22.1831825 ], [ 108.7691559, 22.1827326 ], [ 108.7686192, 22.181168 ], [ 108.7681479, 22.1798384 ], [ 108.7679231, 22.1792071 ], [ 108.7676692, 22.1785625 ], [ 108.7672994, 22.1779178 ], [ 108.7667193, 22.1765076 ], [ 108.7662261, 22.1752921 ], [ 108.7659796, 22.1748153 ], [ 108.7653052, 22.1737744 ], [ 108.7647975, 22.1730492 ], [ 108.7645546, 22.1726194 ], [ 108.7642211, 22.1718875 ], [ 108.763902, 22.1712294 ], [ 108.7635902, 22.1707325 ], [ 108.7635245, 22.1706662 ], [ 108.7631044, 22.1702424 ], [ 108.7622851, 22.1696716 ], [ 108.7615455, 22.1691881 ], [ 108.7614086, 22.169074 ], [ 108.7606063, 22.168405 ], [ 108.7598705, 22.1677914 ], [ 108.758667, 22.1666999 ], [ 108.7577605, 22.1658777 ], [ 108.7576823, 22.165828 ], [ 108.7568224, 22.1650939 ], [ 108.7561654, 22.1645011 ], [ 108.7554784, 22.1639755 ], [ 108.7552455, 22.1638522 ], [ 108.7550744, 22.1637634 ], [ 108.7546403, 22.1635726 ], [ 108.7544411, 22.1634793 ], [ 108.7542963, 22.1634106 ] ] } },
{ "type": "Feature", "properties": { "osm_id": "686143425", "name": "鐢橀挦绾", "highway": "trunk" }, "geometry": { "type": "MultiLineString", "coordinates": [ [ [ 108.844875, 22.3361473 ], [ 108.8442349, 22.3362427 ], [ 108.8430057, 22.3365348 ], [ 108.8426188, 22.3367649 ], [ 108.8420997, 22.3372045 ], [ 108.840909, 22.3380587 ], [ 108.8399434, 22.3386244 ], [ 108.8397023, 22.3387866 ], [ 108.8386452, 22.3394976 ], [ 108.8381946, 22.3398847 ], [ 108.8378191, 22.3403808 ], [ 108.8370681, 22.341522 ], [ 108.836720666804013, 22.342048288782912 ] ], [ [ 108.831458346185258, 22.365714068801307 ], [ 108.8316039, 22.3664363 ], [ 108.8315642, 22.3672314 ], [ 108.8310063, 22.370436 ], [ 108.8303304, 22.3746427 ], [ 108.8300231, 22.3753067 ], [ 108.8295227, 22.3758613 ], [ 108.8288712, 22.3762598 ], [ 108.8271224, 22.3770832 ], [ 108.826560547433431, 22.377309115916905 ] ] ] } },
{ "type": "Feature", "properties": { "osm_id": "686143386", "name": null, "highway": "secondary" }, "geometry": { "type": "LineString", "coordinates": [ [ 108.831866212413203, 22.365578051065732 ], [ 108.8321435, 22.365882 ], [ 108.8326585, 22.3662392 ], [ 108.8328883, 22.3665768 ], [ 108.8330025, 22.3669616 ], [ 108.8329911, 22.3673604 ], [ 108.8331413, 22.3683624 ], [ 108.8332476, 22.3686443 ], [ 108.8334381, 22.3688852 ], [ 108.8336962, 22.3690643 ], [ 108.8339996, 22.3691661 ], [ 108.8347721, 22.3696225 ], [ 108.8371754, 22.3711206 ], [ 108.8382268, 22.371577 ], [ 108.8407588, 22.3727676 ], [ 108.8419604, 22.3732934 ], [ 108.8433766, 22.3736704 ], [ 108.8445461, 22.3736009 ], [ 108.8457048, 22.3733529 ], [ 108.8465631, 22.3731942 ], [ 108.8474643, 22.3734323 ], [ 108.8485479, 22.3734918 ], [ 108.8489127, 22.3738886 ], [ 108.8490093, 22.3739581 ], [ 108.8496101, 22.3741069 ], [ 108.8501573, 22.3742458 ], [ 108.8510799, 22.3748113 ], [ 108.8514876, 22.3752478 ], [ 108.8518631, 22.3755455 ], [ 108.8523888, 22.3758629 ], [ 108.852936, 22.3760415 ], [ 108.8533008, 22.3761507 ], [ 108.8547385, 22.3762895 ], [ 108.8553607, 22.3762201 ], [ 108.8561118, 22.3759721 ], [ 108.8571954, 22.3755554 ], [ 108.8582468, 22.3747022 ], [ 108.8584354, 22.374479 ], [ 108.8586761, 22.3743036 ], [ 108.8589549, 22.3741863 ] ] } },
{ "type": "Feature", "properties": { "osm_id": "686143385", "name": null, "highway": "secondary" }, "geometry": { "type": "LineString", "coordinates": [ [ 108.8589549, 22.3741863 ], [ 108.8595235, 22.374097 ] ] } },
{ "type": "Feature", "properties": { "osm_id": "686143384", "name": null, "highway": "secondary" }, "geometry": { "type": "LineString", "coordinates": [ [ 108.8595235, 22.374097 ], [ 108.8598869, 22.3739475 ], [ 108.8602006, 22.3737215 ], [ 108.8604462, 22.3734323 ], [ 108.8608705, 22.3729778 ], [ 108.8614333, 22.3726783 ], [ 108.8623345, 22.3724005 ], [ 108.8629782, 22.3722318 ], [ 108.8639438, 22.3720731 ], [ 108.8652098, 22.3717457 ], [ 108.8659823, 22.3717754 ], [ 108.868289, 22.3716861 ], [ 108.8689327, 22.3717159 ], [ 108.8697481, 22.3720334 ], [ 108.8702202, 22.3724104 ], [ 108.870542, 22.3726882 ], [ 108.8725591, 22.3736605 ], [ 108.8729525, 22.3739456 ], [ 108.8734145, 22.3741219 ], [ 108.8739109, 22.3741764 ], [ 108.8760459, 22.3742756 ], [ 108.8773763, 22.3744641 ], [ 108.8788891, 22.3749006 ], [ 108.8792753, 22.3752974 ], [ 108.8795972, 22.3757241 ], [ 108.8797796, 22.3759423 ], [ 108.8803911, 22.3761308 ], [ 108.880552, 22.3761507 ], [ 108.8812494, 22.3760415 ], [ 108.8841462, 22.3756546 ], [ 108.8845276, 22.3756433 ], [ 108.8848981, 22.3757281 ], [ 108.8852298, 22.3759026 ], [ 108.8870966, 22.3773312 ], [ 108.8879335, 22.3779563 ], [ 108.8888776, 22.3783829 ], [ 108.889457, 22.3784771 ], [ 108.8905513, 22.3785565 ], [ 108.8909376, 22.3786805 ], [ 108.8917208, 22.3788095 ], [ 108.8921177, 22.3788541 ], [ 108.8923699, 22.3789607 ], [ 108.8925308, 22.3790798 ], [ 108.8927239, 22.3791393 ], [ 108.8932416, 22.3791542 ], [ 108.8938156, 22.3793377 ], [ 108.8941347, 22.3794245 ], [ 108.8948456, 22.3795312 ], [ 108.8958192, 22.3795932 ], [ 108.8965702, 22.3797718 ], [ 108.8976753, 22.3803571 ], [ 108.8985228, 22.3806845 ], [ 108.8990271, 22.3808829 ], [ 108.8997352, 22.3815674 ], [ 108.9004862, 22.3828075 ], [ 108.9013982, 22.3844047 ], [ 108.9017934, 22.3847932 ], [ 108.9020808, 22.3850434 ], [ 108.9025032, 22.3852578 ], [ 108.9030772, 22.3853177 ], [ 108.9036659, 22.3853282 ], [ 108.904177, 22.3852793 ], [ 108.9045366, 22.3852633 ], [ 108.9047102, 22.3853278 ], [ 108.9048711, 22.3854793 ], [ 108.9049383, 22.3857617 ], [ 108.9050996, 22.3859919 ], [ 108.9059704, 22.3870323 ], [ 108.9060545, 22.3871328 ], [ 108.9071488, 22.3883629 ], [ 108.907333, 22.3885723 ], [ 108.9074931, 22.3888346 ], [ 108.9077175, 22.3894342 ], [ 108.907873, 22.3897864 ], [ 108.9080608, 22.3901237 ], [ 108.90827, 22.3903692 ], [ 108.9085275, 22.3905999 ], [ 108.9089137, 22.3908379 ], [ 108.9098605, 22.3913711 ], [ 108.9102964, 22.3916724 ], [ 108.9107001, 22.3919936 ], [ 108.9112097, 22.3924251 ], [ 108.9114779, 22.3927128 ], [ 108.9116281, 22.3929509 ], [ 108.9119051, 22.3936218 ] ] } },
{ "type": "Feature", "properties": { "osm_id": "991656828", "name": "鍏閽﹂珮閫", "highway": "motorway" }, "geometry": { "type": "LineString", "coordinates": [ [ 108.9081736, 22.3829287 ], [ 108.9080934, 22.3836001 ] ] } },
{ "type": "Feature", "properties": { "osm_id": "991656835", "name": null, "highway": "motorway_link" }, "geometry": { "type": "LineString", "coordinates": [ [ 108.9085016, 22.387138 ], [ 108.9090586, 22.3864036 ], [ 108.9096165, 22.3855852 ], [ 108.9096692, 22.3854976 ], [ 108.9097137, 22.3854062 ], [ 108.9097497, 22.3853116 ], [ 108.9097769, 22.3852146 ], [ 108.9097951, 22.3851157 ], [ 108.9098042, 22.3850158 ], [ 108.9098042, 22.3849156 ], [ 108.9097966, 22.3848278 ], [ 108.909782, 22.3847407 ], [ 108.9097781, 22.384655 ], [ 108.9097577, 22.3845635 ], [ 108.9097291, 22.3844607 ], [ 108.9096352, 22.3842837 ], [ 108.9093858, 22.3840426 ], [ 108.9089727, 22.3837152 ], [ 108.9083826, 22.3833482 ], [ 108.9075619, 22.3830109 ], [ 108.9073493, 22.382913 ], [ 108.9072689, 22.3828809 ], [ 108.9071928, 22.3828407 ], [ 108.9071221, 22.3827929 ], [ 108.9070576, 22.382738 ], [ 108.9069991, 22.3826755 ], [ 108.9069487, 22.3826072 ], [ 108.9069071, 22.382534 ], [ 108.9068749, 22.3824569 ], [ 108.9068524, 22.3823768 ], [ 108.9068399, 22.3822949 ], [ 108.9068377, 22.3822123 ], [ 108.9068508, 22.3821423 ], [ 108.9068715, 22.3820738 ], [ 108.9068994, 22.3820077 ], [ 108.9069343, 22.3819444 ], [ 108.906983, 22.3818756 ], [ 108.90704, 22.3818124 ], [ 108.9071045, 22.3817557 ], [ 108.9071757, 22.3817063 ], [ 108.90746, 22.3814632 ], [ 108.9075478, 22.3813698 ], [ 108.9076292, 22.3812714 ], [ 108.9077037, 22.3811685 ], [ 108.9077711, 22.3810615 ], [ 108.9078328, 22.3809473 ], [ 108.9078864, 22.3808297 ], [ 108.9079316, 22.3807092 ], [ 108.9079684, 22.3805862 ], [ 108.9079964, 22.3804613 ], [ 108.9080717, 22.3799093 ] ] } },
{ "type": "Feature", "properties": { "osm_id": "991656832", "name": null, "highway": "motorway_link" }, "geometry": { "type": "LineString", "coordinates": [ [ 108.9079121, 22.383893 ], [ 108.9079186, 22.3835572 ] ] } },
{ "type": "Feature", "properties": { "osm_id": "991656836", "name": null, "highway": "motorway_link" }, "geometry": { "type": "LineString", "coordinates": [ [ 108.9082623, 22.3808084 ], [ 108.9083826, 22.3818253 ], [ 108.9083967, 22.3819673 ], [ 108.908418, 22.3821084 ], [ 108.9084467, 22.3822485 ], [ 108.9084826, 22.3823871 ], [ 108.9085257, 22.3825239 ], [ 108.9085758, 22.3826587 ], [ 108.9086419, 22.3828105 ], [ 108.9087169, 22.3829587 ], [ 108.9088006, 22.3831029 ], [ 108.9088928, 22.3832426 ], [ 108.9089932, 22.3833774 ], [ 108.9091015, 22.3835069 ], [ 108.9095253, 22.3840376 ], [ 108.9098096, 22.384484 ], [ 108.9098421, 22.3845874 ], [ 108.909866, 22.3846928 ], [ 108.9098811, 22.3847996 ], [ 108.9098873, 22.3849071 ], [ 108.9098847, 22.3850148 ], [ 108.9098734, 22.3851203 ], [ 108.9098535, 22.3852247 ], [ 108.9098252, 22.3853275 ], [ 108.9097887, 22.385428 ], [ 108.909744, 22.3855256 ], [ 108.9096916, 22.3856199 ], [ 108.9091015, 22.3864929 ], [ 108.9085645, 22.387173 ] ] } },
{ "type": "Feature", "properties": { "osm_id": "991656830", "name": "鍏閽﹂珮閫", "highway": "motorway" }, "geometry": { "type": "LineString", "coordinates": [ [ 108.9072785, 22.3866328 ], [ 108.9075487, 22.3858244 ], [ 108.9077405, 22.3849703 ], [ 108.9079121, 22.383893 ], [ 108.9079538, 22.3835439 ] ] } },
{ "type": "Feature", "properties": { "osm_id": "991656827", "name": "鍏閽﹂珮閫", "highway": "motorway" }, "geometry": { "type": "LineString", "coordinates": [ [ 108.9080934, 22.3836001 ], [ 108.9080564, 22.3839102 ], [ 108.9078838, 22.3849938 ], [ 108.9076897, 22.385858 ], [ 108.9074075, 22.3867023 ] ] } },
{ "type": "Feature", "properties": { "osm_id": "991656834", "name": null, "highway": "motorway_link" }, "geometry": { "type": "LineString", "coordinates": [ [ 108.9090586, 22.3864036 ], [ 108.9094478, 22.385662 ], [ 108.9095846, 22.3852989 ], [ 108.9096522, 22.3850519 ], [ 108.9096747, 22.3848748 ], [ 108.9096812, 22.3847439 ], [ 108.9096731, 22.3846308 ], [ 108.9096538, 22.3845206 ], [ 108.9096281, 22.3844269 ], [ 108.9095918, 22.3843462 ], [ 108.9095366, 22.3842653 ], [ 108.9094828, 22.3842154 ], [ 108.9094235, 22.3841712 ], [ 108.9093593, 22.3841331 ], [ 108.909291, 22.3841017 ], [ 108.9092195, 22.3840773 ], [ 108.9091413, 22.3840595 ], [ 108.9090614, 22.38405 ], [ 108.9089809, 22.3840491 ], [ 108.9089008, 22.3840567 ], [ 108.9088221, 22.3840727 ], [ 108.908746, 22.3840969 ], [ 108.9086733, 22.384129 ], [ 108.9086051, 22.3841685 ], [ 108.9085422, 22.384215 ], [ 108.9084855, 22.3842679 ], [ 108.9084356, 22.3843264 ], [ 108.9083934, 22.3843898 ], [ 108.9082056, 22.3847321 ], [ 108.9079159, 22.3854215 ], [ 108.9076897, 22.385858 ] ] } },
{ "type": "Feature", "properties": { "osm_id": "1441691239", "name": null, "highway": "secondary" }, "geometry": { "type": "LineString", "coordinates": [ [ 108.9411621, 22.3852562 ], [ 108.9411045, 22.3855471 ] ] } },
{ "type": "Feature", "properties": { "osm_id": "1378890701", "name": null, "highway": "motorway_link" }, "geometry": { "type": "LineString", "coordinates": [ [ 108.908039, 22.3878121 ], [ 108.908152, 22.387599 ], [ 108.9085016, 22.387138 ] ] } },
{ "type": "Feature", "properties": { "osm_id": "1378890702", "name": null, "highway": "motorway_link" }, "geometry": { "type": "LineString", "coordinates": [ [ 108.9085645, 22.387173 ], [ 108.9082164, 22.3876139 ], [ 108.908039, 22.3878121 ] ] } },
{ "type": "Feature", "properties": { "osm_id": "260648936", "name": "鍏閽﹂珮閫", "highway": "motorway" }, "geometry": { "type": "LineString", "coordinates": [ [ 108.9065385, 22.3885527 ], [ 108.9070632, 22.3872767 ], [ 108.9072785, 22.3866328 ] ] } },
{ "type": "Feature", "properties": { "osm_id": "260648933", "name": "鍏閽﹂珮閫", "highway": "motorway" }, "geometry": { "type": "LineString", "coordinates": [ [ 108.9074075, 22.3867023 ], [ 108.9072008, 22.3873205 ], [ 108.90664, 22.3886833 ] ] } },
{ "type": "Feature", "properties": { "osm_id": "1441691238", "name": null, "highway": "secondary" }, "geometry": { "type": "LineString", "coordinates": [ [ 108.9411045, 22.3855471 ], [ 108.9409556, 22.3863853 ], [ 108.9409556, 22.3866219 ], [ 108.9409556, 22.3870502 ], [ 108.9410347, 22.3873161 ], [ 108.9413727, 22.3880474 ], [ 108.9414949, 22.3884995 ], [ 108.9415668, 22.3889583 ], [ 108.9415524, 22.3896297 ], [ 108.9415714, 22.38994 ], [ 108.9415956, 22.3903344 ], [ 108.9417465, 22.3907599 ], [ 108.9419455, 22.3911116 ], [ 108.9423146, 22.3917638 ], [ 108.9429517, 22.3929767 ], [ 108.9432079, 22.3935851 ], [ 108.9436096, 22.3945387 ], [ 108.9435881, 22.3948245 ], [ 108.9434515, 22.3950703 ], [ 108.9431281, 22.3953693 ], [ 108.9420219, 22.3961378 ], [ 108.9413146, 22.3966293 ], [ 108.9406415, 22.3970969 ], [ 108.9397216, 22.3977016 ], [ 108.9391897, 22.397994 ], [ 108.938701, 22.3981601 ] ] } },
{ "type": "Feature", "properties": { "osm_id": "991656820", "name": "鍏閽﹂珮閫", "highway": "motorway" }, "geometry": { "type": "LineString", "coordinates": [ [ 108.9032805, 22.3962003 ], [ 108.9033199, 22.3959869 ], [ 108.9037043, 22.3946458 ], [ 108.9042758, 22.3931943 ], [ 108.9050332, 22.3915402 ], [ 108.9065385, 22.3885527 ] ] } },
{ "type": "Feature", "properties": { "osm_id": "991656821", "name": "鍏閽﹂珮閫", "highway": "motorway" }, "geometry": { "type": "LineString", "coordinates": [ [ 108.90664, 22.3886833 ], [ 108.9051661, 22.391595 ], [ 108.9044112, 22.3932436 ], [ 108.9038432, 22.3946861 ], [ 108.9034622, 22.3960155 ], [ 108.9034204, 22.3962419 ] ] } },
{ "type": "Feature", "properties": { "osm_id": "1441691245", "name": null, "highway": "secondary" }, "geometry": { "type": "LineString", "coordinates": [ [ 108.9267936, 22.3918074 ], [ 108.9269117, 22.3918776 ], [ 108.9270229, 22.3919969 ], [ 108.9289324, 22.3943888 ] ] } },
{ "type": "Feature", "properties": { "osm_id": "1441691244", "name": null, "highway": "secondary" }, "geometry": { "type": "LineString", "coordinates": [ [ 108.9191033, 22.3947733 ], [ 108.9193711, 22.3948797 ], [ 108.9194447, 22.3949091 ], [ 108.9196887, 22.3950064 ], [ 108.9207449, 22.3953915 ], [ 108.920993, 22.3954486 ], [ 108.9212226, 22.3954828 ], [ 108.9214597, 22.3954764 ], [ 108.9216629, 22.3954415 ], [ 108.9219082, 22.3953528 ], [ 108.9220733, 22.3952613 ], [ 108.9222426, 22.3951407 ], [ 108.9224396, 22.3949745 ], [ 108.9239836, 22.3934961 ], [ 108.9243641, 22.3931964 ], [ 108.9257213, 22.3919281 ], [ 108.9259001, 22.3917934 ], [ 108.9260681, 22.3917084 ], [ 108.9262252, 22.3916561 ], [ 108.9263943, 22.3916679 ], [ 108.9265958, 22.3917021 ], [ 108.9267936, 22.3918074 ] ] } },
{ "type": "Feature", "properties": { "osm_id": "686143381", "name": null, "highway": "secondary" }, "geometry": { "type": "LineString", "coordinates": [ [ 108.9119051, 22.3936218 ], [ 108.9119948, 22.3938326 ] ] } },
{ "type": "Feature", "properties": { "osm_id": "686143379", "name": null, "highway": "secondary" }, "geometry": { "type": "LineString", "coordinates": [ [ 108.9119948, 22.3938326 ], [ 108.9120674, 22.3939301 ], [ 108.912135, 22.3939726 ], [ 108.9122495, 22.3940123 ], [ 108.9123673, 22.3940341 ], [ 108.9126049, 22.3940405 ], [ 108.913633, 22.3939545 ], [ 108.9141495, 22.3939184 ], [ 108.914659, 22.3939151 ], [ 108.9152294, 22.3939421 ], [ 108.9170064, 22.3940949 ], [ 108.9174138, 22.3941463 ], [ 108.9179742, 22.3943051 ], [ 108.9191033, 22.3947733 ] ] } },
{ "type": "Feature", "properties": { "osm_id": "991656818", "name": "鍏閽﹂珮閫", "highway": "motorway" }, "geometry": { "type": "LineString", "coordinates": [ [ 108.9031563, 22.396873 ], [ 108.9032805, 22.3962003 ] ] } },
{ "type": "Feature", "properties": { "osm_id": "991656819", "name": "鍏閽﹂珮閫", "highway": "motorway" }, "geometry": { "type": "LineString", "coordinates": [ [ 108.9034204, 22.3962419 ], [ 108.9032983, 22.3969032 ] ] } },
{ "type": "Feature", "properties": { "osm_id": "260652648", "name": null, "highway": "secondary" }, "geometry": { "type": "LineString", "coordinates": [ [ 108.9289324, 22.3943888 ], [ 108.9297534, 22.3954023 ], [ 108.9303856, 22.3961365 ], [ 108.9305256, 22.3962639 ], [ 108.9306881, 22.3963335 ], [ 108.9309481, 22.3964 ], [ 108.9313374, 22.3963884 ], [ 108.9328089, 22.3961301 ], [ 108.9331475, 22.3961304 ], [ 108.9332285, 22.3961411 ], [ 108.9336395, 22.3962415 ], [ 108.9338374, 22.3964495 ], [ 108.9343477, 22.3971421 ], [ 108.9348438, 22.3977005 ], [ 108.9354123, 22.3982575 ], [ 108.9356851, 22.3985248 ], [ 108.9358505, 22.3986379 ], [ 108.9364113, 22.3988705 ], [ 108.936572, 22.3989199 ] ] } },
{ "type": "Feature", "properties": { "osm_id": "260652638", "name": null, "highway": "secondary" }, "geometry": { "type": "LineString", "coordinates": [ [ 108.938701, 22.3981601 ], [ 108.938162, 22.398293 ] ] } },
{ "type": "Feature", "properties": { "osm_id": "260652639", "name": null, "highway": "secondary" }, "geometry": { "type": "LineString", "coordinates": [ [ 108.938162, 22.398293 ], [ 108.9380363, 22.3983313 ], [ 108.9376409, 22.3984517 ], [ 108.9369187, 22.3986717 ], [ 108.9366025, 22.3988711 ], [ 108.936572, 22.3989199 ], [ 108.9362863, 22.3992232 ], [ 108.9359772, 22.399808 ], [ 108.9357922, 22.4005538 ], [ 108.935697, 22.4009375 ], [ 108.9356754, 22.4014292 ], [ 108.935891, 22.402293 ], [ 108.9358838, 22.4028711 ], [ 108.9358048, 22.4031103 ], [ 108.9357041, 22.4033627 ], [ 108.9356538, 22.403675 ], [ 108.9355892, 22.4039873 ], [ 108.9356179, 22.4041733 ], [ 108.9357329, 22.4043195 ], [ 108.9361138, 22.4045853 ], [ 108.9374287, 22.4053997 ], [ 108.9378559, 22.4056976 ], [ 108.9379999, 22.405902 ] ] } },
{ "type": "Feature", "properties": { "osm_id": "991463801", "name": "鍏閽﹂珮閫", "highway": "motorway" }, "geometry": { "type": "LineString", "coordinates": [ [ 108.9032983, 22.3969032 ], [ 108.9032609, 22.3971057 ], [ 108.9031458, 22.3981759 ], [ 108.9031027, 22.3991597 ], [ 108.9031386, 22.400323 ], [ 108.9032105, 22.4011339 ], [ 108.9033975, 22.4021908 ], [ 108.9036707, 22.4033541 ], [ 108.9041596, 22.4048031 ], [ 108.9045119, 22.4057935 ], [ 108.9047348, 22.4066509 ], [ 108.9049217, 22.4076746 ], [ 108.905087, 22.4087779 ], [ 108.9051302, 22.4121013 ], [ 108.9053027, 22.4133641 ], [ 108.9055472, 22.4142348 ], [ 108.9058779, 22.4151254 ] ] } },
{ "type": "Feature", "properties": { "osm_id": "991463800", "name": "鍏閽﹂珮閫", "highway": "motorway" }, "geometry": { "type": "LineString", "coordinates": [ [ 108.9057432, 22.4151769 ], [ 108.9054078, 22.4142736 ], [ 108.9051596, 22.4133895 ], [ 108.9049848, 22.4121105 ], [ 108.9049417, 22.408788 ], [ 108.9047779, 22.407695 ], [ 108.9045922, 22.4066779 ], [ 108.9043718, 22.4058303 ], [ 108.904021, 22.4048441 ], [ 108.9035299, 22.4033884 ], [ 108.9032545, 22.402216 ], [ 108.903066, 22.4011503 ], [ 108.9029934, 22.4003304 ], [ 108.9029572, 22.3991589 ], [ 108.9030007, 22.3981665 ], [ 108.9031166, 22.3970877 ], [ 108.9031563, 22.396873 ] ] } },
{ "type": "Feature", "properties": { "osm_id": "991656863", "name": "鍗楁箾楂橀", "highway": "motorway" }, "geometry": { "type": "LineString", "coordinates": [ [ 108.9597582, 22.4136388 ], [ 108.9601922, 22.4135676 ], [ 108.9620376, 22.4130321 ], [ 108.9645696, 22.4120105 ], [ 108.9673161, 22.4103937 ], [ 108.969022, 22.4092729 ], [ 108.9701671, 22.4084658 ], [ 108.9713745, 22.40744 ], [ 108.9730918, 22.4057684 ] ] } },
{ "type": "Feature", "properties": { "osm_id": "991656848", "name": "鍗楁箾楂橀", "highway": "motorway" }, "geometry": { "type": "LineString", "coordinates": [ [ 108.9733445, 22.4059295 ], [ 108.9715954, 22.4076645 ], [ 108.970099, 22.408842 ], [ 108.9684533, 22.4099734 ], [ 108.9673813, 22.4104832 ], [ 108.9646245, 22.4121059 ], [ 108.9620785, 22.4131332 ], [ 108.96022, 22.4136726 ], [ 108.9597602, 22.4137481 ] ] } },
{ "type": "Feature", "properties": { "osm_id": "991463774", "name": "鍗楁箾楂橀", "highway": "motorway" }, "geometry": { "type": "LineString", "coordinates": [ [ 108.9511049, 22.4144107 ], [ 108.9527571, 22.4142223 ], [ 108.9542032, 22.4141553 ], [ 108.9568233, 22.4140338 ], [ 108.9578962, 22.4139445 ], [ 108.9597582, 22.4136388 ] ] } },
{ "type": "Feature", "properties": { "osm_id": "991463772", "name": "鍗楁箾楂橀", "highway": "motorway" }, "geometry": { "type": "LineString", "coordinates": [ [ 108.9597602, 22.4137481 ], [ 108.9579117, 22.4140515 ], [ 108.9576857, 22.4140703 ], [ 108.9568338, 22.4141412 ], [ 108.9527676, 22.4143342 ], [ 108.9511261, 22.4145214 ] ] } },
{ "type": "Feature", "properties": { "osm_id": "991463799", "name": "鍏閽﹂珮閫", "highway": "motorway" }, "geometry": { "type": "LineString", "coordinates": [ [ 108.9058779, 22.4151254 ], [ 108.9064028, 22.4161224 ], [ 108.9068485, 22.4168269 ], [ 108.907359, 22.4174916 ] ] } },
{ "type": "Feature", "properties": { "osm_id": "991463798", "name": "鍏閽﹂珮閫", "highway": "motorway" }, "geometry": { "type": "LineString", "coordinates": [ [ 108.9072414, 22.4175707 ], [ 108.9067262, 22.4168999 ], [ 108.9062744, 22.4161859 ], [ 108.9057432, 22.4151769 ] ] } },
{ "type": "Feature", "properties": { "osm_id": "991463775", "name": "鍗楁箾楂橀", "highway": "motorway" }, "geometry": { "type": "LineString", "coordinates": [ [ 108.9424879, 22.4185047 ], [ 108.943187, 22.418011 ], [ 108.9434959, 22.4177769 ], [ 108.9438102, 22.4175491 ], [ 108.9441297, 22.4173275 ], [ 108.9444543, 22.4171124 ], [ 108.9447838, 22.4169038 ], [ 108.9451182, 22.4167018 ], [ 108.9454869, 22.4164898 ], [ 108.9458608, 22.4162859 ], [ 108.9462398, 22.4160901 ], [ 108.9466237, 22.4159025 ], [ 108.9470122, 22.4157234 ], [ 108.9474052, 22.4155527 ], [ 108.9478023, 22.4153905 ], [ 108.9482035, 22.415237 ], [ 108.9486084, 22.4150922 ], [ 108.9490169, 22.4149562 ], [ 108.9494288, 22.4148291 ], [ 108.9498437, 22.4147109 ], [ 108.9502615, 22.4146017 ], [ 108.950682, 22.4145017 ], [ 108.9511049, 22.4144107 ] ] } },
{ "type": "Feature", "properties": { "osm_id": "991463773", "name": "鍗楁箾楂橀", "highway": "motorway" }, "geometry": { "type": "LineString", "coordinates": [ [ 108.9511261, 22.4145214 ], [ 108.9507109, 22.4146107 ], [ 108.9502932, 22.4147101 ], [ 108.9498781, 22.4148186 ], [ 108.9494659, 22.414936 ], [ 108.9490568, 22.4150623 ], [ 108.9486509, 22.4151974 ], [ 108.9482486, 22.4153412 ], [ 108.9478501, 22.4154937 ], [ 108.9474555, 22.4156548 ], [ 108.9470652, 22.4158244 ], [ 108.9466792, 22.4160024 ], [ 108.9462978, 22.4161887 ], [ 108.9459213, 22.4163833 ], [ 108.9455498, 22.4165859 ], [ 108.9451835, 22.4167965 ], [ 108.9448514, 22.4169971 ], [ 108.944524, 22.4172044 ], [ 108.9442015, 22.4174181 ], [ 108.9438841, 22.4176382 ], [ 108.9435719, 22.4178645 ], [ 108.9432666, 22.4180959 ], [ 108.9425773, 22.4185965 ] ] } },
{ "type": "Feature", "properties": { "osm_id": "1295248058", "name": null, "highway": "motorway_link" }, "geometry": { "type": "LineString", "coordinates": [ [ 108.9389491, 22.4176044 ], [ 108.9392396, 22.4169794 ], [ 108.9394236, 22.4167046 ], [ 108.9398153, 22.416264 ], [ 108.9401315, 22.4159674 ], [ 108.9405137, 22.4157405 ], [ 108.9410673, 22.4155743 ] ] } },
{ "type": "Feature", "properties": { "osm_id": "991463781", "name": "鍏閽﹂珮閫", "highway": "motorway" }, "geometry": { "type": "LineString", "coordinates": [ [ 108.907359, 22.4174916 ], [ 108.9090198, 22.4195453 ], [ 108.9097172, 22.4207349 ], [ 108.9101256, 22.4214972 ] ] } },
{ "type": "Feature", "properties": { "osm_id": "991463780", "name": "鍏閽﹂珮閫", "highway": "motorway" }, "geometry": { "type": "LineString", "coordinates": [ [ 108.9099884, 22.421543 ], [ 108.9095867, 22.4207945 ], [ 108.908897, 22.4196179 ], [ 108.9072414, 22.4175707 ] ] } },
{ "type": "Feature", "properties": { "osm_id": "1179813573", "name": null, "highway": "motorway_link" }, "geometry": { "type": "LineString", "coordinates": [ [ 108.9389491, 22.4176044 ], [ 108.938494, 22.4186121 ], [ 108.9382713, 22.4190449 ], [ 108.9381176, 22.4195632 ], [ 108.9380479, 22.4202921 ], [ 108.938359, 22.420907 ], [ 108.9388204, 22.4215913 ] ] } },
{ "type": "Feature", "properties": { "osm_id": "1179813570", "name": null, "highway": "motorway_link" }, "geometry": { "type": "LineString", "coordinates": [ [ 108.9387677, 22.4216236 ], [ 108.9383034, 22.4209349 ], [ 108.9379847, 22.4203051 ], [ 108.9379994, 22.4194888 ], [ 108.938086, 22.4189665 ], [ 108.9383177, 22.4185564 ], [ 108.9389491, 22.4176044 ] ] } },
{ "type": "Feature", "properties": { "osm_id": "991463768", "name": "鍗楁箾楂橀", "highway": "motorway" }, "geometry": { "type": "LineString", "coordinates": [ [ 108.9395177, 22.4212343 ], [ 108.9399159, 22.4208686 ], [ 108.9411592, 22.4197268 ], [ 108.9424879, 22.4185047 ] ] } },
{ "type": "Feature", "properties": { "osm_id": "991463770", "name": "鍗楁箾楂橀", "highway": "motorway" }, "geometry": { "type": "LineString", "coordinates": [ [ 108.9425773, 22.4185965 ], [ 108.9396569, 22.4213212 ] ] } },
{ "type": "Feature", "properties": { "osm_id": "1179813565", "name": null, "highway": "motorway_link" }, "geometry": { "type": "LineString", "coordinates": [ [ 108.9380479, 22.4202921 ], [ 108.9384448, 22.4208872 ], [ 108.9389169, 22.4210855 ], [ 108.9393783, 22.4210855 ], [ 108.9396036, 22.4210459 ], [ 108.9399159, 22.4208686 ] ] } },
{ "type": "Feature", "properties": { "osm_id": "1179813572", "name": null, "highway": "motorway_link" }, "geometry": { "type": "LineString", "coordinates": [ [ 108.9388204, 22.4215913 ], [ 108.9391744, 22.4220575 ] ] } },
{ "type": "Feature", "properties": { "osm_id": "1179813568", "name": null, "highway": "motorway_link" }, "geometry": { "type": "LineString", "coordinates": [ [ 108.9391198, 22.4220872 ], [ 108.9387677, 22.4216236 ] ] } },
{ "type": "Feature", "properties": { "osm_id": "991463778", "name": "鍏閽﹂珮閫", "highway": "motorway" }, "geometry": { "type": "LineString", "coordinates": [ [ 108.9101256, 22.4214972 ], [ 108.9104084, 22.4223155 ], [ 108.9106878, 22.4233402 ] ] } },
{ "type": "Feature", "properties": { "osm_id": "991463779", "name": "鍏閽﹂珮閫", "highway": "motorway" }, "geometry": { "type": "LineString", "coordinates": [ [ 108.9105461, 22.423371 ], [ 108.910265, 22.4223407 ], [ 108.9099884, 22.421543 ] ] } },
{ "type": "Feature", "properties": { "osm_id": "1179813566", "name": null, "highway": "motorway_link" }, "geometry": { "type": "LineString", "coordinates": [ [ 108.9359614, 22.4247911 ], [ 108.9364717, 22.4240193 ], [ 108.9374022, 22.4231674 ], [ 108.937844, 22.4226327 ], [ 108.9381552, 22.4219781 ], [ 108.9381766, 22.4215318 ], [ 108.9381766, 22.4210855 ], [ 108.9379847, 22.4203051 ] ] } },
{ "type": "Feature", "properties": { "osm_id": "1179813567", "name": null, "highway": "motorway_link" }, "geometry": { "type": "LineString", "coordinates": [ [ 108.9391198, 22.4220872 ], [ 108.9394731, 22.4227603 ], [ 108.9395177, 22.4228258 ], [ 108.9395508, 22.4228897 ], [ 108.9395759, 22.4229567 ], [ 108.9395925, 22.4230259 ], [ 108.9396005, 22.4230964 ], [ 108.9395997, 22.4231673 ], [ 108.9395902, 22.4232377 ], [ 108.939572, 22.4233065 ], [ 108.9395455, 22.4233731 ], [ 108.9395128, 22.4234334 ], [ 108.9394732, 22.4234901 ], [ 108.9394272, 22.4235425 ], [ 108.9393753, 22.42359 ], [ 108.9393181, 22.423632 ], [ 108.9392563, 22.423668 ], [ 108.9391906, 22.4236976 ], [ 108.9391219, 22.4237204 ], [ 108.9390501, 22.4237281 ], [ 108.9389778, 22.4237283 ], [ 108.9389059, 22.4237208 ], [ 108.9388355, 22.4237058 ], [ 108.9387673, 22.4236835 ], [ 108.9387023, 22.4236542 ], [ 108.9386408, 22.4236179 ], [ 108.9385842, 22.4235753 ], [ 108.9385332, 22.4235269 ], [ 108.9384886, 22.4234734 ], [ 108.9384509, 22.4234156 ], [ 108.9384207, 22.4233542 ], [ 108.9383983, 22.4232899 ], [ 108.938384, 22.4232237 ], [ 108.938378, 22.4231564 ], [ 108.9383805, 22.4230889 ], [ 108.9384448, 22.4227914 ], [ 108.9386916, 22.4224046 ], [ 108.939356, 22.4215948 ] ] } },
{ "type": "Feature", "properties": { "osm_id": "1179813571", "name": null, "highway": "motorway_link" }, "geometry": { "type": "LineString", "coordinates": [ [ 108.9391744, 22.4220575 ], [ 108.9395285, 22.4227319 ], [ 108.9395731, 22.4227976 ], [ 108.9396094, 22.4228675 ], [ 108.9396368, 22.4229408 ], [ 108.9396549, 22.4230165 ], [ 108.9396637, 22.4230937 ], [ 108.9396628, 22.4231713 ], [ 108.9396524, 22.4232482 ], [ 108.9396326, 22.4233236 ], [ 108.9396036, 22.4233964 ], [ 108.9395678, 22.4234624 ], [ 108.9395244, 22.4235245 ], [ 108.9394741, 22.4235818 ], [ 108.9394172, 22.4236338 ], [ 108.9393547, 22.4236797 ], [ 108.9392871, 22.4237191 ], [ 108.9392152, 22.4237515 ], [ 108.93914, 22.4237764 ], [ 108.9390623, 22.4237937 ], [ 108.9389831, 22.4238031 ], [ 108.9389032, 22.4238044 ], [ 108.9388236, 22.4237978 ], [ 108.9387452, 22.4237832 ], [ 108.9383697, 22.4237435 ], [ 108.9378333, 22.4237633 ], [ 108.9375222, 22.4238526 ], [ 108.9371896, 22.4240311 ], [ 108.9363662, 22.4246095 ] ] } },
{ "type": "Feature", "properties": { "osm_id": "260652634", "name": null, "highway": "secondary" }, "geometry": { "type": "LineString", "coordinates": [ [ 108.9379999, 22.405902 ], [ 108.9383743, 22.4064304 ], [ 108.93922, 22.4079223 ], [ 108.9401312, 22.4099339 ], [ 108.9401959, 22.4102262 ], [ 108.9401887, 22.4105916 ], [ 108.9400809, 22.411349 ], [ 108.9401384, 22.4117012 ], [ 108.9402893, 22.4120732 ], [ 108.9405984, 22.4124918 ], [ 108.9411949, 22.413309 ], [ 108.9412667, 22.4136279 ], [ 108.9412811, 22.413907 ], [ 108.9412021, 22.4144451 ], [ 108.9410583, 22.4154018 ], [ 108.9410673, 22.4155743 ], [ 108.9410799, 22.4158137 ], [ 108.9414967, 22.4175943 ], [ 108.9415398, 22.4183317 ], [ 108.9416261, 22.4185709 ], [ 108.9420213, 22.4192818 ], [ 108.9420573, 22.4196272 ], [ 108.9420142, 22.4199926 ], [ 108.9417123, 22.4214409 ], [ 108.9415111, 22.4221185 ], [ 108.9412524, 22.4224374 ], [ 108.9406127, 22.4231483 ], [ 108.9404474, 22.4234007 ], [ 108.9403756, 22.4236731 ], [ 108.9403109, 22.4242112 ], [ 108.9401384, 22.4247626 ], [ 108.9399731, 22.425799 ], [ 108.9399659, 22.4262441 ], [ 108.9400234, 22.4266161 ], [ 108.9401312, 22.4269283 ], [ 108.9405409, 22.4275727 ], [ 108.940929, 22.4284098 ], [ 108.9411877, 22.4294395 ], [ 108.9414105, 22.4305887 ], [ 108.9414105, 22.4311667 ], [ 108.9414608, 22.4314723 ], [ 108.9415326, 22.4318708 ], [ 108.9415039, 22.4323026 ], [ 108.9414536, 22.4330201 ], [ 108.9414608, 22.4333456 ], [ 108.941547, 22.4339235 ], [ 108.9415039, 22.4343287 ], [ 108.9413386, 22.4347273 ], [ 108.9411517, 22.4350727 ], [ 108.9408643, 22.4352521 ], [ 108.9402678, 22.4355311 ], [ 108.9398581, 22.4356839 ], [ 108.9392975, 22.4358632 ], [ 108.9390963, 22.4360227 ], [ 108.9386651, 22.4366072 ], [ 108.9384854, 22.436946 ], [ 108.9384711, 22.4371851 ], [ 108.9386364, 22.4379491 ], [ 108.9388807, 22.438341 ], [ 108.9391969, 22.4388591 ], [ 108.9392329, 22.4390783 ], [ 108.9392113, 22.4394702 ], [ 108.9390316, 22.4399419 ], [ 108.9387226, 22.4404135 ], [ 108.9383579, 22.441068 ] ] } },
{ "type": "Feature", "properties": { "osm_id": "991656861", "name": "鍗楁箾楂橀", "highway": "motorway" }, "geometry": { "type": "LineString", "coordinates": [ [ 108.9833445, 22.392099 ], [ 108.9845037, 22.3905949 ], [ 108.9852993, 22.3896383 ], [ 108.9861756, 22.3887934 ], [ 108.9882588, 22.3872717 ], [ 108.9901811, 22.3860645 ] ] } },
{ "type": "Feature", "properties": { "osm_id": "991656842", "name": "鍗楁箾楂橀", "highway": "motorway" }, "geometry": { "type": "LineString", "coordinates": [ [ 108.9901901, 22.3861981 ], [ 108.9883341, 22.3873542 ], [ 108.9863592, 22.3888613 ], [ 108.9854108, 22.3897283 ], [ 108.9845924, 22.3906654 ], [ 108.983489, 22.3923961 ] ] } },
{ "type": "Feature", "properties": { "osm_id": "1295248056", "name": "鍗楁箾楂橀", "highway": "motorway" }, "geometry": { "type": "LineString", "coordinates": [ [ 108.9819045, 22.3942154 ], [ 108.9833445, 22.392099 ] ] } },
{ "type": "Feature", "properties": { "osm_id": "1295248055", "name": "鍗楁箾楂橀", "highway": "motorway" }, "geometry": { "type": "LineString", "coordinates": [ [ 108.983489, 22.3923961 ], [ 108.9821547, 22.3945083 ] ] } },
{ "type": "Feature", "properties": { "osm_id": "1295248057", "name": "鍗楁箾楂橀", "highway": "motorway" }, "geometry": { "type": "LineString", "coordinates": [ [ 108.9806655, 22.395889 ], [ 108.9819045, 22.3942154 ] ] } },
{ "type": "Feature", "properties": { "osm_id": "1295248054", "name": "鍗楁箾楂橀", "highway": "motorway" }, "geometry": { "type": "LineString", "coordinates": [ [ 108.9821547, 22.3945083 ], [ 108.9809667, 22.396059 ] ] } },
{ "type": "Feature", "properties": { "osm_id": "991656862", "name": "鍗楁箾楂橀", "highway": "motorway" }, "geometry": { "type": "LineString", "coordinates": [ [ 108.9730918, 22.4057684 ], [ 108.9743386, 22.4044593 ], [ 108.9749461, 22.4038581 ], [ 108.9806655, 22.395889 ] ] } },
{ "type": "Feature", "properties": { "osm_id": "991656840", "name": "鍗楁箾楂橀", "highway": "motorway" }, "geometry": { "type": "LineString", "coordinates": [ [ 108.9809667, 22.396059 ], [ 108.9752488, 22.4040031 ], [ 108.9733445, 22.4059295 ] ] } },
{ "type": "Feature", "properties": { "osm_id": "424494767", "name": null, "highway": "secondary" }, "geometry": { "type": "LineString", "coordinates": [ [ 109.0262453, 22.4583844 ], [ 109.0264068, 22.4583644 ], [ 109.0266029, 22.4584032 ], [ 109.0270279, 22.4585241 ], [ 109.0278358, 22.4588823 ], [ 109.028102, 22.4589643 ], [ 109.0282794, 22.4590247 ], [ 109.0283682, 22.4590808 ], [ 109.0285316, 22.4592793 ], [ 109.0291667, 22.460108 ], [ 109.0296898, 22.4608028 ], [ 109.0297412, 22.4609495 ], [ 109.0297552, 22.4610617 ], [ 109.0297365, 22.4612257 ], [ 109.0294656, 22.4621061 ], [ 109.0293909, 22.4623306 ], [ 109.0293862, 22.4630685 ], [ 109.0294283, 22.4632757 ], [ 109.029573, 22.463444 ], [ 109.0297318, 22.4635562 ], [ 109.0301755, 22.4637504 ], [ 109.0305397, 22.4639101 ], [ 109.0306938, 22.4640309 ], [ 109.0318006, 22.4651703 ], [ 109.0319641, 22.4654465 ], [ 109.0319781, 22.4656191 ], [ 109.0319454, 22.4661628 ], [ 109.0318987, 22.4666634 ], [ 109.0319594, 22.4670432 ], [ 109.0320481, 22.4674963 ], [ 109.0321369, 22.4677035 ], [ 109.0322443, 22.4678977 ], [ 109.032375, 22.4680531 ], [ 109.0326506, 22.468217 ], [ 109.032814, 22.4682386 ], [ 109.0329728, 22.4682386 ], [ 109.0330802, 22.4681782 ], [ 109.033211, 22.4681048 ], [ 109.0337013, 22.4677121 ], [ 109.0343084, 22.4671166 ], [ 109.0345653, 22.466862 ], [ 109.0347427, 22.4667109 ], [ 109.0349202, 22.4666462 ], [ 109.0353078, 22.4664865 ], [ 109.0355273, 22.4663225 ], [ 109.0359382, 22.4659643 ], [ 109.0362902, 22.465725 ], [ 109.0369072, 22.4652335 ], [ 109.0370427, 22.4651786 ], [ 109.0372809, 22.4651122 ], [ 109.0377923, 22.4650445 ], [ 109.0379815, 22.4650113 ], [ 109.0382856, 22.4648819 ], [ 109.0390121, 22.4644374 ], [ 109.039721823247547, 22.464060118911803 ] ] } },
{ "type": "Feature", "properties": { "osm_id": "991463777", "name": "鍗楁箾楂橀", "highway": "motorway" }, "geometry": { "type": "LineString", "coordinates": [ [ 108.9337563, 22.4269964 ], [ 108.9359614, 22.4247911 ], [ 108.9373077, 22.4234446 ], [ 108.9388076, 22.4219444 ], [ 108.9395177, 22.4212343 ] ] } },
{ "type": "Feature", "properties": { "osm_id": "991463776", "name": "鍗楁箾楂橀", "highway": "motorway" }, "geometry": { "type": "LineString", "coordinates": [ [ 108.9396569, 22.4213212 ], [ 108.939356, 22.4215948 ], [ 108.9363662, 22.4246095 ], [ 108.9338851, 22.4271353 ] ] } },
{ "type": "Feature", "properties": { "osm_id": "991463805", "name": "鍗楁箾楂橀", "highway": "motorway" }, "geometry": { "type": "LineString", "coordinates": [ [ 108.9301001, 22.4307389 ], [ 108.9307156, 22.4301123 ], [ 108.9318573, 22.4289501 ], [ 108.9337563, 22.4269964 ] ] } },
{ "type": "Feature", "properties": { "osm_id": "991463803", "name": "鍗楁箾楂橀", "highway": "motorway" }, "geometry": { "type": "LineString", "coordinates": [ [ 108.9338851, 22.4271353 ], [ 108.9319968, 22.4291981 ], [ 108.9301519, 22.4309381 ] ] } },
{ "type": "Feature", "properties": { "osm_id": "991463809", "name": "鍗楁箾楂橀", "highway": "motorway" }, "geometry": { "type": "LineString", "coordinates": [ [ 108.926356, 22.4343133 ], [ 108.9301001, 22.4307389 ] ] } },
{ "type": "Feature", "properties": { "osm_id": "991463808", "name": "鍗楁箾楂橀", "highway": "motorway" }, "geometry": { "type": "LineString", "coordinates": [ [ 108.9301519, 22.4309381 ], [ 108.926425, 22.4344629 ] ] } },
{ "type": "Feature", "properties": { "osm_id": "991463811", "name": null, "highway": "motorway_link" }, "geometry": { "type": "LineString", "coordinates": [ [ 108.9150217, 22.4314998 ], [ 108.9155242, 22.4318453 ], [ 108.9176011, 22.4337585 ], [ 108.9180645, 22.4342339 ], [ 108.9181182, 22.434289 ], [ 108.9185905, 22.4347114 ], [ 108.9189002, 22.4349584 ], [ 108.9194993, 22.435288 ], [ 108.9206947, 22.4358054 ], [ 108.9210451, 22.4359311 ], [ 108.9214384, 22.4360612 ], [ 108.9218291, 22.4361358 ], [ 108.922235, 22.4361282 ], [ 108.9226166, 22.4361007 ], [ 108.9233928, 22.4359539 ], [ 108.9239343, 22.4357452 ], [ 108.925457, 22.4349245 ] ] } },
{ "type": "Feature", "properties": { "osm_id": "1295254195", "name": null, "highway": "motorway_link" }, "geometry": { "type": "LineString", "coordinates": [ [ 108.9180645, 22.4342339 ], [ 108.9185905, 22.4348266 ], [ 108.9188209, 22.4350395 ], [ 108.9191229, 22.4352582 ], [ 108.9194311, 22.4354395 ], [ 108.920156, 22.435773 ], [ 108.9205634, 22.4360157 ] ] } },
{ "type": "Feature", "properties": { "osm_id": "991463810", "name": "鍗楁箾楂橀", "highway": "motorway" }, "geometry": { "type": "LineString", "coordinates": [ [ 108.9202748, 22.4377421 ], [ 108.9216126, 22.4370925 ], [ 108.9226585, 22.4365856 ], [ 108.925457, 22.4349245 ], [ 108.926356, 22.4343133 ] ] } },
{ "type": "Feature", "properties": { "osm_id": "991463807", "name": "鍗楁箾楂橀", "highway": "motorway" }, "geometry": { "type": "LineString", "coordinates": [ [ 108.926425, 22.4344629 ], [ 108.9255021, 22.4350708 ], [ 108.9237731, 22.4360901 ], [ 108.9227773, 22.4366398 ], [ 108.921732, 22.4371673 ], [ 108.9203405, 22.4378458 ] ] } },
{ "type": "Feature", "properties": { "osm_id": "1295254196", "name": null, "highway": "motorway_link" }, "geometry": { "type": "LineString", "coordinates": [ [ 108.9205634, 22.4360157 ], [ 108.920782, 22.4361907 ], [ 108.9208915, 22.4362994 ] ] } },
{ "type": "Feature", "properties": { "osm_id": "1179813576", "name": null, "highway": "motorway_link" }, "geometry": { "type": "LineString", "coordinates": [ [ 108.9198001, 22.4363913 ], [ 108.9202622, 22.4361935 ], [ 108.9205599, 22.4361172 ], [ 108.9209825, 22.4360866 ], [ 108.921332, 22.4361139 ], [ 108.9218291, 22.4361358 ] ] } },
{ "type": "Feature", "properties": { "osm_id": "260648939", "name": "鍏閽﹂珮閫", "highway": "motorway" }, "geometry": { "type": "LineString", "coordinates": [ [ 108.9106878, 22.4233402 ], [ 108.9110473, 22.4250748 ], [ 108.9113349, 22.4261648 ], [ 108.9116009, 22.4271749 ], [ 108.9118597, 22.4277864 ], [ 108.9121689, 22.4283712 ], [ 108.9126003, 22.4290225 ], [ 108.9132258, 22.4297735 ], [ 108.913916, 22.4304912 ], [ 108.9144264, 22.4309763 ], [ 108.9150217, 22.4314998 ], [ 108.9177049, 22.4341596 ], [ 108.9185389, 22.435183 ], [ 108.919191, 22.436257 ], [ 108.9200763, 22.4378763 ], [ 108.920286, 22.4383329 ], [ 108.9210474, 22.4399774 ], [ 108.9217031, 22.4415994 ], [ 108.9220046, 22.4423354 ], [ 108.9220532, 22.4424795 ], [ 108.9221816, 22.4428609 ], [ 108.9225458, 22.4440643 ], [ 108.9228138, 22.4449229 ], [ 108.9231691, 22.4462074 ], [ 108.9234279, 22.4478753 ], [ 108.9234279, 22.4491644 ] ] } },
{ "type": "Feature", "properties": { "osm_id": "260648940", "name": "鍏閽﹂珮閫", "highway": "motorway" }, "geometry": { "type": "LineString", "coordinates": [ [ 108.9231978, 22.4491578 ], [ 108.9232305, 22.4478609 ], [ 108.9230257, 22.4462308 ], [ 108.9227324, 22.4451613 ], [ 108.9225716, 22.444575 ], [ 108.9223247, 22.4436529 ], [ 108.9219791, 22.4426429 ], [ 108.9215473, 22.4414335 ], [ 108.9201523, 22.4383859 ], [ 108.9201341, 22.4383512 ], [ 108.919851, 22.4378113 ], [ 108.919122, 22.4364207 ], [ 108.9184187, 22.435259 ], [ 108.9175912, 22.4342435 ], [ 108.9167347, 22.4333066 ], [ 108.9157181, 22.4323538 ], [ 108.914323, 22.4310709 ], [ 108.9138094, 22.4305828 ], [ 108.9131136, 22.4298592 ], [ 108.9124803, 22.4290988 ], [ 108.9120412, 22.428436 ], [ 108.9117264, 22.4278405 ], [ 108.9114619, 22.4272155 ], [ 108.9111935, 22.4261966 ], [ 108.9109051, 22.4251034 ], [ 108.9105461, 22.423371 ] ] } },
{ "type": "Feature", "properties": { "osm_id": "1295254190", "name": null, "highway": "motorway_link" }, "geometry": { "type": "LineString", "coordinates": [ [ 108.9161072, 22.4387235 ], [ 108.9169808, 22.4384361 ], [ 108.9175445, 22.4382508 ], [ 108.9177628, 22.4381338 ], [ 108.9180301, 22.4378975 ], [ 108.9182355, 22.4376758 ], [ 108.9184544, 22.4373915 ], [ 108.9185349, 22.4372261 ], [ 108.9186072, 22.436963 ], [ 108.918618, 22.4363482 ], [ 108.9184356, 22.435654 ], [ 108.9175912, 22.4342435 ] ] } },
{ "type": "Feature", "properties": { "osm_id": "1295254197", "name": null, "highway": "motorway_link" }, "geometry": { "type": "LineString", "coordinates": [ [ 108.9208915, 22.4362994 ], [ 108.9211991, 22.4367439 ], [ 108.9212661, 22.4369336 ] ] } },
{ "type": "Feature", "properties": { "osm_id": "1295254194", "name": null, "highway": "motorway_link" }, "geometry": { "type": "LineString", "coordinates": [ [ 108.9190136, 22.4370237 ], [ 108.9192287, 22.4368039 ], [ 108.9194013, 22.4366538 ], [ 108.9195739, 22.4365339 ], [ 108.9198001, 22.4363913 ] ] } },
{ "type": "Feature", "properties": { "osm_id": "1295254191", "name": null, "highway": "motorway_link" }, "geometry": { "type": "LineString", "coordinates": [ [ 108.9202485, 22.4375665 ], [ 108.9206158, 22.4373653 ], [ 108.9207852, 22.4372133 ], [ 108.9208753, 22.4370666 ], [ 108.9208977, 22.4369375 ], [ 108.9209034, 22.4367741 ], [ 108.920852, 22.4366347 ], [ 108.9207058, 22.4364879 ], [ 108.9205857, 22.4364032 ], [ 108.9204381, 22.4363828 ], [ 108.9202768, 22.4363875 ], [ 108.9201263, 22.4364433 ], [ 108.9199648, 22.4365793 ], [ 108.9198544, 22.4367052 ], [ 108.9198036, 22.4368436 ], [ 108.9198074, 22.4370362 ], [ 108.9198654, 22.4372514 ], [ 108.9199763, 22.4375275 ], [ 108.9200763, 22.4378763 ] ] } },
{ "type": "Feature", "properties": { "osm_id": "1295254201", "name": null, "highway": "motorway_link" }, "geometry": { "type": "LineString", "coordinates": [ [ 108.9231444, 22.436874 ], [ 108.9223734, 22.4372444 ], [ 108.9215488, 22.4375553 ], [ 108.9204319, 22.4379219 ] ] } },
{ "type": "Feature", "properties": { "osm_id": "1295254198", "name": null, "highway": "motorway_link" }, "geometry": { "type": "LineString", "coordinates": [ [ 108.9212661, 22.4369336 ], [ 108.9213755, 22.4373913 ], [ 108.9213972, 22.4376834 ], [ 108.9213764, 22.4378882 ] ] } },
{ "type": "Feature", "properties": { "osm_id": "1295254192", "name": null, "highway": "motorway_link" }, "geometry": { "type": "LineString", "coordinates": [ [ 108.9183405, 22.4382668 ], [ 108.919061, 22.4380662 ], [ 108.9197022, 22.4378214 ], [ 108.9202485, 22.4375665 ] ] } },
{ "type": "Feature", "properties": { "osm_id": "1295254202", "name": null, "highway": "motorway_link" }, "geometry": { "type": "LineString", "coordinates": [ [ 108.9204319, 22.4379219 ], [ 108.9197553, 22.4382387 ], [ 108.9196018, 22.4383041 ] ] } },
{ "type": "Feature", "properties": { "osm_id": "991463825", "name": "鍗楁箾楂橀", "highway": "motorway" }, "geometry": { "type": "LineString", "coordinates": [ [ 108.9169415, 22.4387631 ], [ 108.9181032, 22.4385044 ], [ 108.9194926, 22.4380753 ], [ 108.9202748, 22.4377421 ] ] } },
{ "type": "Feature", "properties": { "osm_id": "1295254199", "name": null, "highway": "motorway_link" }, "geometry": { "type": "LineString", "coordinates": [ [ 108.9213764, 22.4378882 ], [ 108.9212767, 22.4382905 ], [ 108.9211745, 22.43854 ], [ 108.9210339, 22.4387922 ] ] } },
{ "type": "Feature", "properties": { "osm_id": "991463822", "name": "鍗楁箾楂橀", "highway": "motorway" }, "geometry": { "type": "LineString", "coordinates": [ [ 108.9203405, 22.4378458 ], [ 108.9198609, 22.4380751 ], [ 108.9192691, 22.4382929 ], [ 108.9184385, 22.438554 ], [ 108.9177718, 22.4387456 ], [ 108.916959, 22.4389094 ] ] } },
{ "type": "Feature", "properties": { "osm_id": "1179813577", "name": null, "highway": "motorway_link" }, "geometry": { "type": "LineString", "coordinates": [ [ 108.9196018, 22.4383041 ], [ 108.9192222, 22.4384659 ], [ 108.9191761, 22.4385129 ], [ 108.9191364, 22.4385646 ], [ 108.9191036, 22.4386202 ], [ 108.9190781, 22.4386791 ], [ 108.9190603, 22.4387403 ], [ 108.9190505, 22.4388031 ], [ 108.9190489, 22.4388711 ], [ 108.9190567, 22.4389387 ], [ 108.9190738, 22.4390049 ], [ 108.9190997, 22.4390686 ], [ 108.9191342, 22.4391287 ], [ 108.9191766, 22.4391843 ], [ 108.9192263, 22.4392345 ], [ 108.9192825, 22.4392784 ], [ 108.9193443, 22.4393154 ], [ 108.9194106, 22.4393448 ], [ 108.9194805, 22.4393663 ], [ 108.9195527, 22.4393794 ], [ 108.9196262, 22.4393839 ], [ 108.9196996, 22.4393798 ], [ 108.919772, 22.4393671 ], [ 108.9198419, 22.439346 ], [ 108.9199085, 22.4393169 ], [ 108.9199705, 22.4392803 ], [ 108.920027, 22.4392367 ], [ 108.920077, 22.4391868 ], [ 108.9201198, 22.4391314 ], [ 108.9201547, 22.4390715 ], [ 108.920181, 22.439008 ], [ 108.9201985, 22.4389419 ], [ 108.9202141, 22.4387779 ], [ 108.9201809, 22.438629 ], [ 108.920071, 22.4383661 ], [ 108.919851, 22.4378113 ] ] } },
{ "type": "Feature", "properties": { "osm_id": "1179813575", "name": null, "highway": "motorway_link" }, "geometry": { "type": "LineString", "coordinates": [ [ 108.9125459, 22.4392246 ], [ 108.9134856, 22.4391067 ], [ 108.9147197, 22.4389626 ], [ 108.9150595, 22.4388987 ], [ 108.9161072, 22.4387235 ], [ 108.9168746, 22.4385952 ], [ 108.9183405, 22.4382668 ] ] } },
{ "type": "Feature", "properties": { "osm_id": "1295254193", "name": null, "highway": "motorway_link" }, "geometry": { "type": "LineString", "coordinates": [ [ 108.9204661, 22.4404736 ], [ 108.9201794, 22.4401784 ], [ 108.9199301, 22.4399955 ], [ 108.919585, 22.4398112 ], [ 108.9193374, 22.4396569 ], [ 108.9190584, 22.4393965 ], [ 108.9188918, 22.4391585 ], [ 108.9187686, 22.4389056 ], [ 108.9186665, 22.4385713 ], [ 108.9186051, 22.4382621 ], [ 108.9185731, 22.4379704 ], [ 108.9186385, 22.4376643 ], [ 108.9187851, 22.4373932 ], [ 108.9189617, 22.4370932 ], [ 108.9190136, 22.4370237 ] ] } },
{ "type": "Feature", "properties": { "osm_id": "1179813574", "name": null, "highway": "motorway_link" }, "geometry": { "type": "LineString", "coordinates": [ [ 108.9255021, 22.4350708 ], [ 108.9238214, 22.4363725 ], [ 108.9231444, 22.436874 ], [ 108.9223028, 22.4374203 ], [ 108.9220373, 22.4376774 ], [ 108.9218448, 22.4379908 ], [ 108.921675, 22.4383066 ], [ 108.9215112, 22.4387395 ], [ 108.9214247, 22.4392595 ], [ 108.9213907, 22.4398038 ], [ 108.9214466, 22.4404282 ], [ 108.9216434, 22.4412362 ], [ 108.9218486, 22.4418029 ], [ 108.9220532, 22.4424795 ] ] } },
{ "type": "Feature", "properties": { "osm_id": "1272159824", "name": null, "highway": "motorway_link" }, "geometry": { "type": "LineString", "coordinates": [ [ 108.9210339, 22.4387922 ], [ 108.9208202, 22.439058 ], [ 108.9206166, 22.4391996 ], [ 108.9204086, 22.4393119 ], [ 108.9201983, 22.4394067 ], [ 108.9197368, 22.4395564 ], [ 108.919455, 22.4396136 ], [ 108.9192103, 22.4396421 ], [ 108.9190246, 22.4396532 ], [ 108.9188766, 22.4396351 ] ] } },
{ "type": "Feature", "properties": { "osm_id": "260652628", "name": null, "highway": "trunk" }, "geometry": { "type": "LineString", "coordinates": [ [ 108.9584287, 22.2685158 ], [ 108.9579055, 22.2681025 ], [ 108.9576471, 22.2678767 ], [ 108.9564413, 22.2670003 ], [ 108.9546046, 22.2656654 ], [ 108.9529254, 22.2644435 ], [ 108.9476799, 22.260605 ], [ 108.9464887, 22.2597018 ], [ 108.9456994, 22.2588983 ], [ 108.9450248, 22.2579818 ], [ 108.9444077, 22.2568329 ], [ 108.9440202, 22.2558898 ], [ 108.9426855, 22.2507561 ], [ 108.9413006, 22.2453963 ], [ 108.9400951, 22.2408466 ], [ 108.9396645, 22.2395913 ], [ 108.9392268, 22.238688 ], [ 108.9385522, 22.2377315 ], [ 108.9377773, 22.2368282 ], [ 108.9368085, 22.2360776 ], [ 108.9313621, 22.2326768 ], [ 108.9277957, 22.2304449 ], [ 108.9264682, 22.2294685 ], [ 108.9253416, 22.2283858 ], [ 108.924624, 22.2275421 ], [ 108.9221627, 22.2239086 ], [ 108.922012, 22.2236894 ], [ 108.9196511, 22.2202285 ], [ 108.9191225, 22.2193699 ], [ 108.9184241, 22.2182356 ], [ 108.9177136, 22.2169269 ], [ 108.9170535, 22.2154521 ], [ 108.9164579, 22.213705 ], [ 108.9146711, 22.207706 ], [ 108.9131929, 22.2027365 ], [ 108.9116931, 22.1976673 ], [ 108.9111549, 22.1960528 ], [ 108.9105665, 22.1946243 ], [ 108.9097915, 22.1930762 ], [ 108.9058197, 22.1866644 ], [ 108.9037526, 22.1833506 ], [ 108.9037101, 22.1832824 ], [ 108.9020418, 22.180598 ], [ 108.9008008, 22.1786452 ] ] } },
{ "type": "Feature", "properties": { "osm_id": "260652629", "name": null, "highway": "primary" }, "geometry": { "type": "LineString", "coordinates": [ [ 108.9576471, 22.2678767 ], [ 108.9580777, 22.2680295 ], [ 108.958501, 22.2681025 ], [ 108.9589962, 22.2681025 ], [ 108.9595758, 22.2679664 ] ] } },
{ "type": "Feature", "properties": { "osm_id": "1536352636", "name": null, "highway": "trunk" }, "geometry": { "type": "LineString", "coordinates": [ [ 108.9579541, 22.268752 ], [ 108.9580131, 22.2685541 ], [ 108.9580131, 22.2685222 ], [ 108.9580131, 22.268335 ], [ 108.9579055, 22.2681025 ] ] } },
{ "type": "Feature", "properties": { "osm_id": "260648937", "name": "鍏閽﹂珮閫", "highway": "motorway" }, "geometry": { "type": "LineString", "coordinates": [ [ 108.8870136, 22.2516336 ], [ 108.8871057, 22.2521121 ], [ 108.8873573, 22.2530969 ], [ 108.8878246, 22.2543878 ], [ 108.8881985, 22.2553593 ], [ 108.8886011, 22.2561977 ], [ 108.8895358, 22.2575751 ], [ 108.8903698, 22.2585466 ], [ 108.8911103, 22.2593184 ], [ 108.8920306, 22.2600636 ], [ 108.8935836, 22.2611549 ], [ 108.8948777, 22.2619999 ], [ 108.8958915, 22.2627717 ], [ 108.8968333, 22.26367 ], [ 108.8977104, 22.2645948 ], [ 108.8983719, 22.2654465 ], [ 108.8990046, 22.266378 ], [ 108.8996013, 22.2674892 ], [ 108.9000687, 22.2685204 ], [ 108.9004353, 22.2695251 ], [ 108.9010968, 22.271408 ], [ 108.9022975, 22.2748145 ], [ 108.9028726, 22.2764179 ], [ 108.9033615, 22.2779215 ], [ 108.9040733, 22.2795581 ], [ 108.9048282, 22.2810683 ], [ 108.9059786, 22.2829776 ], [ 108.9067591, 22.2841946 ], [ 108.9092115, 22.2880181 ], [ 108.9096525, 22.2887056 ], [ 108.9103355, 22.2898764 ] ] } },
{ "type": "Feature", "properties": { "osm_id": "260648938", "name": "鍏閽﹂珮閫", "highway": "motorway" }, "geometry": { "type": "LineString", "coordinates": [ [ 108.9102066, 22.2899387 ], [ 108.9095259, 22.2887719 ], [ 108.9085606, 22.2873099 ], [ 108.9058525, 22.2830448 ], [ 108.9056118, 22.2826453 ], [ 108.9046985, 22.2811294 ], [ 108.9039397, 22.2796115 ], [ 108.9032241, 22.2779661 ], [ 108.9027339, 22.2764585 ], [ 108.9021593, 22.2748565 ], [ 108.9009585, 22.2714497 ], [ 108.9002972, 22.2695675 ], [ 108.8999325, 22.2685681 ], [ 108.899469, 22.2675452 ], [ 108.8988776, 22.266444 ], [ 108.8982511, 22.2655217 ], [ 108.8975965, 22.2646787 ], [ 108.8967264, 22.2637613 ], [ 108.8957927, 22.2628709 ], [ 108.8947895, 22.262107 ], [ 108.8934976, 22.2612635 ], [ 108.8919386, 22.260168 ], [ 108.8910076, 22.2594141 ], [ 108.8902584, 22.2586332 ], [ 108.8894169, 22.257653 ], [ 108.8884724, 22.2562612 ], [ 108.8880633, 22.2554093 ], [ 108.8876872, 22.2544318 ], [ 108.8872173, 22.2531338 ], [ 108.8869632, 22.2521394 ], [ 108.8868665, 22.2516369 ] ] } },
{ "type": "Feature", "properties": { "osm_id": "1001456545", "name": "鍑ゅ嚢璺", "highway": "trunk" }, "geometry": { "type": "LineString", "coordinates": [ [ 108.9579541, 22.268752 ], [ 108.9569543, 22.2694391 ], [ 108.9562014, 22.2700441 ], [ 108.9552633, 22.2707984 ], [ 108.9548611, 22.2711218 ], [ 108.954141, 22.2716456 ], [ 108.9523693, 22.2727312 ], [ 108.9516012, 22.2732294 ], [ 108.9513643, 22.2734353 ], [ 108.950388, 22.2746576 ], [ 108.9502301, 22.2749565 ], [ 108.9501655, 22.2752621 ] ] } },
{ "type": "Feature", "properties": { "osm_id": "1482897272", "name": "姹熸花璺", "highway": "trunk" }, "geometry": { "type": "LineString", "coordinates": [ [ 108.9501655, 22.2752621 ], [ 108.9501498, 22.2767548 ], [ 108.9501439, 22.2773147 ], [ 108.950309, 22.2788558 ], [ 108.9504429, 22.2799772 ], [ 108.950656, 22.2817348 ], [ 108.950753, 22.2824486 ], [ 108.9507833, 22.2826719 ], [ 108.9507402, 22.2828778 ], [ 108.950654, 22.2830107 ], [ 108.9504386, 22.2831768 ] ] } },
{ "type": "Feature", "properties": { "osm_id": "260621313", "name": "闄嗗眿澶фˉ", "highway": "trunk" }, "geometry": { "type": "LineString", "coordinates": [ [ 108.9504386, 22.2831768 ], [ 108.9496262, 22.2836887 ] ] } },
{ "type": "Feature", "properties": { "osm_id": "313499876", "name": null, "highway": "motorway_link" }, "geometry": { "type": "LineString", "coordinates": [ [ 108.9072976, 22.2861181 ], [ 108.9069465, 22.2862318 ], [ 108.9066773, 22.2862426 ], [ 108.9064315, 22.2861939 ], [ 108.9062442, 22.2860693 ], [ 108.9061272, 22.2859123 ], [ 108.9061038, 22.2857228 ], [ 108.906133, 22.2855224 ], [ 108.9062442, 22.2850838 ], [ 108.9062676, 22.2847156 ], [ 108.9062091, 22.2842661 ], [ 108.9060277, 22.2836705 ], [ 108.9056118, 22.2826453 ] ] } },
{ "type": "Feature", "properties": { "osm_id": "313499904", "name": null, "highway": "motorway_link" }, "geometry": { "type": "LineString", "coordinates": [ [ 108.9067591, 22.2841946 ], [ 108.9073093, 22.2848455 ], [ 108.9076546, 22.2851163 ], [ 108.9079589, 22.2852517 ], [ 108.9082925, 22.2853221 ], [ 108.9086611, 22.2853437 ], [ 108.9091937, 22.2852246 ], [ 108.9095507, 22.2851813 ], [ 108.9099954, 22.2852138 ] ] } },
{ "type": "Feature", "properties": { "osm_id": "1498631011", "name": "鍏閽﹂珮閫", "highway": "motorway" }, "geometry": { "type": "LineString", "coordinates": [ [ 108.8843714, 22.2340468 ], [ 108.8843289, 22.2339015 ] ] } },
{ "type": "Feature", "properties": { "osm_id": "1498631012", "name": "鍏閽﹂珮閫", "highway": "motorway" }, "geometry": { "type": "LineString", "coordinates": [ [ 108.8844953, 22.2339552 ], [ 108.8845391, 22.2341046 ] ] } },
{ "type": "Feature", "properties": { "osm_id": "260648943", "name": "鍏閽﹂珮閫", "highway": "motorway" }, "geometry": { "type": "LineString", "coordinates": [ [ 108.8860261, 22.2417496 ], [ 108.8857681, 22.2395009 ], [ 108.8854965, 22.238118 ], [ 108.8851239, 22.2366127 ], [ 108.8848228, 22.2355706 ], [ 108.8844202, 22.2342133 ], [ 108.8843714, 22.2340468 ] ] } },
{ "type": "Feature", "properties": { "osm_id": "313499872", "name": "鍏閽﹂珮閫", "highway": "motorway" }, "geometry": { "type": "LineString", "coordinates": [ [ 108.8845391, 22.2341046 ], [ 108.8845605, 22.2341778 ], [ 108.8849632, 22.2355354 ], [ 108.8852651, 22.2365802 ], [ 108.885639, 22.2380909 ], [ 108.8859122, 22.2394818 ], [ 108.886171, 22.2417377 ] ] } },
{ "type": "Feature", "properties": { "osm_id": "260648935", "name": "鍏閽﹂珮閫", "highway": "motorway" }, "geometry": { "type": "LineString", "coordinates": [ [ 108.886171, 22.2417377 ], [ 108.8862932, 22.2433482 ], [ 108.8865701, 22.2471038 ] ] } },
{ "type": "Feature", "properties": { "osm_id": "260648934", "name": "鍏閽﹂珮閫", "highway": "motorway" }, "geometry": { "type": "LineString", "coordinates": [ [ 108.8864307, 22.2471173 ], [ 108.8861482, 22.243358 ], [ 108.8860261, 22.2417496 ] ] } },
{ "type": "Feature", "properties": { "osm_id": "1441691227", "name": "鍏閽﹂珮閫", "highway": "motorway" }, "geometry": { "type": "LineString", "coordinates": [ [ 108.8865701, 22.2471038 ], [ 108.8866432, 22.2480961 ], [ 108.8867102, 22.249091 ], [ 108.8868828, 22.2509542 ], [ 108.8870136, 22.2516336 ] ] } },
{ "type": "Feature", "properties": { "osm_id": "1441691226", "name": "鍏閽﹂珮閫", "highway": "motorway" }, "geometry": { "type": "LineString", "coordinates": [ [ 108.8868665, 22.2516369 ], [ 108.8867384, 22.2509718 ], [ 108.8865649, 22.2490982 ], [ 108.8865044, 22.2480966 ], [ 108.8864307, 22.2471173 ] ] } },
{ "type": "Feature", "properties": { "osm_id": "1533531200", "name": null, "highway": "primary" }, "geometry": { "type": "LineString", "coordinates": [ [ 108.8305102, 22.2784639 ], [ 108.8303039, 22.2783915 ], [ 108.8298985, 22.2781611 ], [ 108.8295216, 22.2778781 ], [ 108.828533, 22.2766869 ], [ 108.8283797, 22.2765332 ], [ 108.8282769, 22.2764302 ], [ 108.8279142, 22.2762459 ], [ 108.8273594, 22.2760221 ], [ 108.8268971, 22.2757852 ], [ 108.8265273, 22.2755351 ], [ 108.8262783, 22.2752258 ], [ 108.8261788, 22.2748901 ], [ 108.8260934, 22.2734948 ], [ 108.8260317, 22.2731588 ] ] } },
{ "type": "Feature", "properties": { "osm_id": "460586689", "name": null, "highway": "primary" }, "geometry": { "type": "LineString", "coordinates": [ [ 108.8306951, 22.2784902 ], [ 108.8305102, 22.2784639 ] ] } },
{ "type": "Feature", "properties": { "osm_id": "991656755", "name": null, "highway": "primary" }, "geometry": { "type": "LineString", "coordinates": [ [ 109.0104917, 22.2778212 ], [ 109.0108752, 22.2778311 ] ] } },
{ "type": "Feature", "properties": { "osm_id": "991656752", "name": null, "highway": "primary" }, "geometry": { "type": "LineString", "coordinates": [ [ 109.0108736, 22.2779254 ], [ 109.0104878, 22.2779154 ] ] } },
{ "type": "Feature", "properties": { "osm_id": "991656754", "name": null, "highway": "primary" }, "geometry": { "type": "LineString", "coordinates": [ [ 109.0108752, 22.2778311 ], [ 109.0116048, 22.2778336 ], [ 109.0123692, 22.2778112 ], [ 109.0133643, 22.2777417 ], [ 109.0139759, 22.2777219 ], [ 109.0142451, 22.2777215 ], [ 109.0145143, 22.2777273 ], [ 109.0147832, 22.2777392 ], [ 109.015047, 22.277757 ], [ 109.0153103, 22.2777807 ], [ 109.0155729, 22.2778104 ], [ 109.0158346, 22.277846 ], [ 109.0180072, 22.2782133 ], [ 109.0197936, 22.2785186 ], [ 109.0208665, 22.2786874 ], [ 109.0211445, 22.2787259 ], [ 109.0214235, 22.2787582 ], [ 109.0217033, 22.2787842 ], [ 109.0220393, 22.278807 ], [ 109.0223759, 22.2788209 ], [ 109.0227129, 22.2788257 ], [ 109.0230498, 22.2788214 ], [ 109.024474, 22.2787345 ], [ 109.025848, 22.2786865 ] ] } },
{ "type": "Feature", "properties": { "osm_id": "991656750", "name": null, "highway": "primary" }, "geometry": { "type": "LineString", "coordinates": [ [ 109.025852, 22.2787808 ], [ 109.0252833, 22.2788006 ], [ 109.0244794, 22.2788287 ], [ 109.0230538, 22.2789157 ], [ 109.0227128, 22.27892 ], [ 109.0223729, 22.2789152 ], [ 109.0220333, 22.2789012 ], [ 109.0216945, 22.2788781 ], [ 109.0214121, 22.2788519 ], [ 109.0211307, 22.2788193 ], [ 109.0208504, 22.2787805 ], [ 109.0197758, 22.2786115 ], [ 109.0179888, 22.2783061 ], [ 109.0158181, 22.2779391 ], [ 109.0155593, 22.2779039 ], [ 109.0152992, 22.2778745 ], [ 109.0150384, 22.277851 ], [ 109.0147771, 22.2778334 ], [ 109.0145106, 22.2778215 ], [ 109.014244, 22.2778158 ], [ 109.0139777, 22.2778162 ], [ 109.0133699, 22.2778359 ], [ 109.0123747, 22.2779054 ], [ 109.0116062, 22.2779279 ], [ 109.0108736, 22.2779254 ] ] } },
{ "type": "Feature", "properties": { "osm_id": "991656760", "name": null, "highway": "primary" }, "geometry": { "type": "LineString", "coordinates": [ [ 109.025848, 22.2786865 ], [ 109.0274728, 22.2786071 ], [ 109.0314853, 22.2783398 ], [ 109.033949, 22.2782248 ], [ 109.0341686, 22.2782202 ], [ 109.0343883, 22.2782238 ], [ 109.0346076, 22.2782357 ], [ 109.0348263, 22.2782559 ], [ 109.0350438, 22.2782843 ], [ 109.03526, 22.2783209 ], [ 109.0354743, 22.2783655 ], [ 109.0356865, 22.2784183 ], [ 109.0358962, 22.278479 ], [ 109.0361031, 22.2785475 ], [ 109.0363068, 22.2786238 ], [ 109.0365229, 22.2787148 ], [ 109.0367346, 22.2788146 ], [ 109.0369413, 22.2789229 ], [ 109.0371426, 22.2790395 ], [ 109.0373388, 22.2791645 ], [ 109.0379007, 22.2795695 ], [ 109.0402046, 22.2814061 ], [ 109.0403455, 22.2815067 ], [ 109.0404921, 22.2816003 ], [ 109.0406439, 22.2816864 ], [ 109.0408006, 22.2817648 ], [ 109.0409616, 22.2818352 ], [ 109.0411265, 22.2818975 ], [ 109.0412948, 22.2819514 ], [ 109.041388, 22.2819762 ], [ 109.041466, 22.2819969 ], [ 109.0416397, 22.2820338 ], [ 109.0417915, 22.2820586 ], [ 109.0419445, 22.2820769 ], [ 109.0420982, 22.2820885 ], [ 109.0422524, 22.2820934 ], [ 109.0424088, 22.2820917 ] ] } },
{ "type": "Feature", "properties": { "osm_id": "991656761", "name": null, "highway": "primary" }, "geometry": { "type": "LineString", "coordinates": [ [ 109.0424126, 22.2821919 ], [ 109.0422541, 22.2821937 ], [ 109.0420956, 22.2821886 ], [ 109.0419375, 22.2821766 ], [ 109.0417802, 22.2821579 ], [ 109.0416241, 22.2821323 ], [ 109.0414456, 22.2820944 ], [ 109.0413575, 22.282071 ], [ 109.0412696, 22.2820477 ], [ 109.0410966, 22.2819922 ], [ 109.0409271, 22.2819282 ], [ 109.0407616, 22.2818558 ], [ 109.0406006, 22.2817753 ], [ 109.0404445, 22.2816868 ], [ 109.0402937, 22.2815906 ], [ 109.0401488, 22.281487 ], [ 109.0378421, 22.2796355 ], [ 109.0372842, 22.2792334 ], [ 109.037092, 22.2791108 ], [ 109.0368941, 22.2789962 ], [ 109.0366909, 22.2788898 ], [ 109.0364829, 22.2787917 ], [ 109.0362704, 22.2787023 ], [ 109.0360702, 22.2786273 ], [ 109.0358669, 22.2785599 ], [ 109.0356608, 22.2785003 ], [ 109.0354522, 22.2784484 ], [ 109.0352415, 22.2784045 ], [ 109.0350291, 22.2783685 ], [ 109.0348153, 22.2783406 ], [ 109.0346004, 22.2783208 ], [ 109.0343848, 22.2783091 ], [ 109.0341688, 22.2783055 ], [ 109.0339529, 22.2783101 ], [ 109.0315036, 22.2784243 ], [ 109.0274781, 22.2786923 ], [ 109.0262172, 22.2787609 ], [ 109.025852, 22.2787808 ] ] } },
{ "type": "Feature", "properties": { "osm_id": "260621309", "name": null, "highway": "secondary" }, "geometry": { "type": "LineString", "coordinates": [ [ 109.0424126, 22.2821919 ], [ 109.0421927, 22.2822515 ], [ 109.0413772, 22.2823259 ], [ 109.0411706, 22.2823219 ], [ 109.040873, 22.282316 ], [ 109.0402867, 22.2822691 ], [ 109.0380111, 22.2819912 ], [ 109.0371448, 22.2819238 ], [ 109.0366244, 22.2819288 ], [ 109.0359431, 22.2819735 ], [ 109.0350795, 22.2820678 ], [ 109.0340978, 22.2822266 ], [ 109.0326555, 22.282355 ], [ 109.0311849, 22.2823359 ], [ 109.030627, 22.2823408 ], [ 109.0301227, 22.2823358 ], [ 109.0295702, 22.2821175 ], [ 109.0288138, 22.2816757 ], [ 109.0280145, 22.2810502 ], [ 109.0265393, 22.2798638 ], [ 109.0260941, 22.2794816 ], [ 109.0259224, 22.2792682 ], [ 109.0258902, 22.2791341 ], [ 109.025852, 22.2787808 ] ] } },
{ "type": "Feature", "properties": { "osm_id": "991656725", "name": null, "highway": "primary" }, "geometry": { "type": "LineString", "coordinates": [ [ 109.0424088, 22.2820917 ], [ 109.0425687, 22.282061 ], [ 109.0427394, 22.2820318 ], [ 109.0429089, 22.2819976 ], [ 109.0430883, 22.2819555 ], [ 109.0432658, 22.2819078 ], [ 109.0447458, 22.2814529 ], [ 109.0449453, 22.2814068 ], [ 109.045142330022372, 22.281369566757679 ] ] } },
{ "type": "Feature", "properties": { "osm_id": "1482897267", "name": "鏁欒偛璺", "highway": "trunk" }, "geometry": { "type": "LineString", "coordinates": [ [ 108.9496262, 22.2836887 ], [ 108.9490312, 22.2840805 ], [ 108.9489903, 22.2841421 ], [ 108.9487009, 22.2845788 ], [ 108.9486578, 22.2847515 ], [ 108.9486435, 22.2856751 ], [ 108.9486076, 22.2863661 ], [ 108.9485074, 22.2868735 ], [ 108.9483203, 22.2878211 ] ] } },
{ "type": "Feature", "properties": { "osm_id": "313499893", "name": null, "highway": "motorway_link" }, "geometry": { "type": "LineString", "coordinates": [ [ 108.9072749, 22.2860612 ], [ 108.9085214, 22.2856036 ] ] } },
{ "type": "Feature", "properties": { "osm_id": "313499887", "name": null, "highway": "motorway_link" }, "geometry": { "type": "LineString", "coordinates": [ [ 108.9085412, 22.2856713 ], [ 108.9072976, 22.2861181 ] ] } },
{ "type": "Feature", "properties": { "osm_id": "313499880", "name": null, "highway": "motorway_link" }, "geometry": { "type": "LineString", "coordinates": [ [ 108.9085606, 22.2873099 ], [ 108.9082754, 22.2869869 ], [ 108.907468, 22.285851 ], [ 108.9071783, 22.285453 ], [ 108.9070086, 22.2853338 ], [ 108.9068126, 22.2852607 ], [ 108.9066107, 22.2852553 ], [ 108.906441, 22.2853041 ], [ 108.9063122, 22.2853988 ], [ 108.9062186, 22.2855423 ], [ 108.9061776, 22.2857346 ], [ 108.9061893, 22.2858672 ], [ 108.906242, 22.2859782 ], [ 108.9063532, 22.286073 ], [ 108.9064761, 22.2861434 ], [ 108.9066487, 22.2861867 ], [ 108.906836, 22.2861786 ], [ 108.9070057, 22.2861461 ], [ 108.9072749, 22.2860612 ] ] } },
{ "type": "Feature", "properties": { "osm_id": "1533531198", "name": null, "highway": "motorway_link" }, "geometry": { "type": "LineString", "coordinates": [ [ 108.9094884, 22.2853637 ], [ 108.9091418, 22.2855364 ], [ 108.9090171, 22.2856217 ], [ 108.9088193, 22.2858148 ], [ 108.9087028, 22.2859928 ], [ 108.9086513, 22.2861608 ], [ 108.9085998, 22.286379 ], [ 108.9086106, 22.2866474 ], [ 108.9087922, 22.2871665 ], [ 108.9090741, 22.2876881 ], [ 108.9092115, 22.2880181 ] ] } },
{ "type": "Feature", "properties": { "osm_id": "313499874", "name": null, "highway": "motorway_link" }, "geometry": { "type": "LineString", "coordinates": [ [ 108.9085214, 22.2856036 ], [ 108.909209, 22.2853708 ], [ 108.9096216, 22.2852544 ], [ 108.9099954, 22.2852138 ], [ 108.9103407, 22.2852625 ], [ 108.9106918, 22.2854249 ], [ 108.9110137, 22.2856361 ], [ 108.9112478, 22.285896 ], [ 108.9114643, 22.2862101 ], [ 108.9118681, 22.2868599 ], [ 108.9128133, 22.2885103 ] ] } },
{ "type": "Feature", "properties": { "osm_id": "313499873", "name": null, "highway": "motorway_link" }, "geometry": { "type": "LineString", "coordinates": [ [ 108.9127202, 22.2885643 ], [ 108.9117745, 22.2869032 ], [ 108.9112361, 22.2860477 ], [ 108.9110195, 22.2857661 ], [ 108.9107503, 22.2855495 ], [ 108.9104694, 22.2853979 ], [ 108.9102354, 22.2853275 ], [ 108.9099311, 22.2853004 ], [ 108.9096267, 22.2853248 ], [ 108.9094884, 22.2853637 ], [ 108.9091937, 22.2854466 ], [ 108.9085412, 22.2856713 ] ] } },
{ "type": "Feature", "properties": { "osm_id": "1441691230", "name": null, "highway": "trunk" }, "geometry": { "type": "LineString", "coordinates": [ [ 108.9343073, 22.2933514 ], [ 108.9335272, 22.293217 ], [ 108.9330643, 22.2930715 ], [ 108.9325053, 22.2927563 ], [ 108.9320075, 22.2924008 ], [ 108.9316144, 22.2919563 ], [ 108.9312738, 22.2915118 ], [ 108.9310445, 22.2911269 ], [ 108.9309068, 22.2908395 ], [ 108.9307701, 22.2904223 ], [ 108.9306707, 22.2898438 ], [ 108.9298413, 22.2862748 ], [ 108.9296492, 22.2857818 ], [ 108.9293959, 22.2853939 ], [ 108.9289504, 22.2849979 ], [ 108.9285399, 22.284715 ], [ 108.9277878, 22.2843484 ] ] } },
{ "type": "Feature", "properties": { "osm_id": "260621338", "name": null, "highway": "trunk" }, "geometry": { "type": "LineString", "coordinates": [ [ 108.9277878, 22.2843484 ], [ 108.9270835, 22.2842332 ], [ 108.9264875, 22.2842133 ], [ 108.9259417, 22.284313 ], [ 108.9253098, 22.2845522 ], [ 108.9202545, 22.2870239 ], [ 108.9188577, 22.2875788 ], [ 108.9183377, 22.287759 ], [ 108.9170606, 22.2881202 ], [ 108.9166024, 22.2882067 ], [ 108.9161841, 22.2882688 ], [ 108.9157979, 22.2882647 ], [ 108.9153618, 22.2882499 ], [ 108.9143368, 22.2881505 ], [ 108.9140462, 22.2881305 ], [ 108.9137735, 22.2881403 ], [ 108.9134845, 22.2881868 ], [ 108.913231, 22.2882843 ], [ 108.9130245, 22.2883916 ], [ 108.9128133, 22.2885103 ], [ 108.9127202, 22.2885643 ], [ 108.9121937, 22.2889044 ], [ 108.9117675, 22.2891641 ], [ 108.9107493, 22.2897793 ], [ 108.9103594, 22.2900434 ], [ 108.9099849, 22.290199 ], [ 108.909643, 22.2903263 ], [ 108.909226, 22.290442 ], [ 108.9089106, 22.290501 ], [ 108.9085976, 22.2905359 ], [ 108.9083809, 22.2905352 ], [ 108.9079294, 22.2905025 ], [ 108.907438, 22.2904555 ], [ 108.907075, 22.2904414 ], [ 108.9067617, 22.290454 ], [ 108.9065131, 22.2905106 ], [ 108.9062314, 22.2906086 ], [ 108.9055652, 22.2908372 ], [ 108.9050011, 22.2910785 ], [ 108.9042733, 22.2914425 ], [ 108.9034762, 22.2918212 ], [ 108.9017549, 22.2926104 ], [ 108.9010705, 22.2929242 ], [ 108.9006397, 22.2930305 ], [ 108.9004213, 22.2930767 ], [ 108.9001012, 22.2931047 ], [ 108.8995486, 22.2931252 ], [ 108.8992811, 22.2931662 ], [ 108.8990089, 22.2932246 ], [ 108.8986604, 22.2933524 ], [ 108.898086, 22.2936246 ], [ 108.8977466, 22.2937685 ], [ 108.8975087, 22.293861 ], [ 108.8970198, 22.2939893 ], [ 108.8965106, 22.2941016 ] ] } },
{ "type": "Feature", "properties": { "osm_id": "1482897255", "name": null, "highway": "trunk" }, "geometry": { "type": "LineString", "coordinates": [ [ 108.9483203, 22.2878211 ], [ 108.9482045, 22.2883611 ], [ 108.9476166, 22.2911033 ], [ 108.9476052, 22.2911552 ], [ 108.947303, 22.2925269 ] ] } },
{ "type": "Feature", "properties": { "osm_id": "260648931", "name": "鍏閽﹂珮閫", "highway": "motorway" }, "geometry": { "type": "LineString", "coordinates": [ [ 108.9103355, 22.2898764 ], [ 108.9106885, 22.2905232 ] ] } },
{ "type": "Feature", "properties": { "osm_id": "260648929", "name": "鍏閽﹂珮閫", "highway": "motorway" }, "geometry": { "type": "LineString", "coordinates": [ [ 108.9105649, 22.2905953 ], [ 108.9102066, 22.2899387 ] ] } },
{ "type": "Feature", "properties": { "osm_id": "686124323", "name": "闄嗘潹鏂版潙澶фˉ", "highway": "trunk" }, "geometry": { "type": "LineString", "coordinates": [ [ 108.9409102, 22.2944638 ], [ 108.9347703, 22.2934294 ], [ 108.9343073, 22.2933514 ] ] } },
{ "type": "Feature", "properties": { "osm_id": "1482897269", "name": null, "highway": "trunk" }, "geometry": { "type": "LineString", "coordinates": [ [ 108.9480142, 22.2956074 ], [ 108.9480029, 22.2953272 ], [ 108.947977, 22.2950587 ], [ 108.9479251, 22.2947989 ], [ 108.9478142, 22.2944212 ], [ 108.9475381, 22.2937226 ], [ 108.9474319, 22.2934061 ], [ 108.9473328, 22.2930655 ], [ 108.9472998, 22.2927774 ], [ 108.947303, 22.2925269 ] ] } },
{ "type": "Feature", "properties": { "osm_id": "1482897256", "name": null, "highway": "trunk" }, "geometry": { "type": "LineString", "coordinates": [ [ 108.947303, 22.2925269 ], [ 108.9473976, 22.292977 ], [ 108.9475697, 22.293521 ], [ 108.9478901, 22.2943355 ], [ 108.9479905, 22.2946244 ], [ 108.9480422, 22.2948406 ], [ 108.9480962, 22.2950987 ], [ 108.9481078, 22.2953481 ], [ 108.9481162, 22.2956222 ] ] } },
{ "type": "Feature", "properties": { "osm_id": "791897689", "name": null, "highway": "trunk" }, "geometry": { "type": "LineString", "coordinates": [ [ 108.8965106, 22.2941016 ], [ 108.8962254, 22.2941752 ], [ 108.8959569, 22.2942497 ], [ 108.8956774, 22.2943453 ], [ 108.8954502, 22.2944364 ], [ 108.8952531, 22.2945431 ], [ 108.894805, 22.294804 ], [ 108.8931536, 22.295939 ] ] } },
{ "type": "Feature", "properties": { "osm_id": "686124324", "name": null, "highway": "trunk" }, "geometry": { "type": "LineString", "coordinates": [ [ 108.9481162, 22.2956222 ], [ 108.9480142, 22.2956074 ], [ 108.9453848, 22.2951929 ], [ 108.9431655, 22.2948442 ], [ 108.9416525, 22.294589 ], [ 108.9409102, 22.2944638 ] ] } },
{ "type": "Feature", "properties": { "osm_id": "1482897257", "name": null, "highway": "secondary" }, "geometry": { "type": "LineString", "coordinates": [ [ 108.9478716, 22.3033752 ], [ 108.9477555, 22.3030324 ], [ 108.9477057, 22.3024044 ], [ 108.9476683, 22.3019148 ], [ 108.9477492, 22.3005782 ], [ 108.9478551, 22.2986771 ], [ 108.947908, 22.2977005 ], [ 108.9480077, 22.2959665 ], [ 108.9480139, 22.2957505 ], [ 108.9480142, 22.2956074 ] ] } },
{ "type": "Feature", "properties": { "osm_id": "1482897254", "name": null, "highway": "secondary" }, "geometry": { "type": "LineString", "coordinates": [ [ 108.9481162, 22.2956222 ], [ 108.9480908, 22.296531 ], [ 108.9480245, 22.2977152 ], [ 108.9478599, 22.3005941 ], [ 108.9477891, 22.3016291 ], [ 108.9477823, 22.302095 ], [ 108.9478222, 22.3027679 ], [ 108.9478716, 22.3033752 ] ] } },
{ "type": "Feature", "properties": { "osm_id": "686124317", "name": null, "highway": "motorway_link" }, "geometry": { "type": "LineString", "coordinates": [ [ 108.9152317, 22.310544 ], [ 108.915748, 22.3122497 ], [ 108.91644, 22.3152869 ], [ 108.9166009, 22.3163539 ], [ 108.9166984, 22.3177473 ] ] } },
{ "type": "Feature", "properties": { "osm_id": "991656727", "name": null, "highway": "primary" }, "geometry": { "type": "LineString", "coordinates": [ [ 109.045256470344668, 22.281461776542603 ], [ 109.0451657, 22.2814752 ], [ 109.0449711, 22.281512 ], [ 109.0447783, 22.2815565 ], [ 109.0434776, 22.2819563 ], [ 109.0433004, 22.2820107 ], [ 109.0431189, 22.2820595 ], [ 109.0429357, 22.2821025 ], [ 109.0427624, 22.2821375 ], [ 109.042588, 22.2821673 ], [ 109.0424126, 22.2821919 ] ] } },
{ "type": "Feature", "properties": { "osm_id": "991656765", "name": null, "highway": "secondary" }, "geometry": { "type": "LineString", "coordinates": [ [ 109.0303802, 22.2862374 ], [ 109.0312868, 22.2852992 ], [ 109.0314853, 22.2849468 ], [ 109.0315711, 22.2846986 ], [ 109.0319467, 22.2840781 ], [ 109.0321344, 22.2838051 ], [ 109.0323114, 22.2836661 ], [ 109.0325046, 22.2835669 ], [ 109.0326494, 22.2834974 ], [ 109.0326762, 22.2834031 ], [ 109.032703, 22.2831549 ], [ 109.0326555, 22.282355 ] ] } },
{ "type": "Feature", "properties": { "osm_id": "991656766", "name": null, "highway": "secondary" }, "geometry": { "type": "LineString", "coordinates": [ [ 109.0294844, 22.2871358 ], [ 109.0303802, 22.2862374 ] ] } },
{ "type": "Feature", "properties": { "osm_id": "991656767", "name": null, "highway": "secondary" }, "geometry": { "type": "LineString", "coordinates": [ [ 109.0287548, 22.2874683 ], [ 109.0288997, 22.2874336 ], [ 109.0292001, 22.2873393 ], [ 109.0294844, 22.2871358 ] ] } },
{ "type": "Feature", "properties": { "osm_id": "528987841", "name": null, "highway": "secondary" }, "geometry": { "type": "LineString", "coordinates": [ [ 109.05281499270508, 22.30575155236647 ], [ 109.0521203, 22.3054486 ], [ 109.0506817, 22.304853 ], [ 109.0502692, 22.3046389 ], [ 109.0495951, 22.3042666 ], [ 109.0492229, 22.3039873 ], [ 109.0484483, 22.3035127 ], [ 109.0473416, 22.3030473 ], [ 109.0467481, 22.3028611 ], [ 109.0451988, 22.302647 ], [ 109.0448668, 22.3025353 ], [ 109.0443637, 22.3023026 ], [ 109.0438104, 22.3020606 ], [ 109.0429452, 22.3014836 ], [ 109.0408829, 22.3003666 ], [ 109.0406615, 22.3002735 ], [ 109.0396253, 22.3001153 ], [ 109.0392531, 22.2999757 ], [ 109.0387098, 22.2996778 ], [ 109.0381062, 22.2992776 ], [ 109.0371357, 22.2983727 ], [ 109.0364362, 22.2977697 ], [ 109.0357017, 22.2970975 ], [ 109.034543, 22.2965714 ], [ 109.0331375, 22.296214 ], [ 109.0322578, 22.2958865 ], [ 109.0313566, 22.2955787 ], [ 109.030745, 22.2952015 ], [ 109.0302944, 22.2946953 ], [ 109.0295434, 22.2936827 ], [ 109.0293825, 22.2922334 ], [ 109.0291572, 22.2900395 ], [ 109.0285993, 22.2895432 ], [ 109.0283579, 22.2889624 ], [ 109.028331, 22.2887887 ], [ 109.0282801, 22.2885777 ], [ 109.0282345, 22.2883122 ], [ 109.0282988, 22.2881037 ], [ 109.0286127, 22.2875155 ], [ 109.0287548, 22.2874683 ] ] } },
{ "type": "Feature", "properties": { "osm_id": "260631579", "name": null, "highway": "primary" }, "geometry": { "type": "LineString", "coordinates": [ [ 108.8655852, 22.3024386 ], [ 108.8652614, 22.3025127 ], [ 108.8643049, 22.3027314 ], [ 108.8635871, 22.3028772 ], [ 108.8629244, 22.302917 ], [ 108.8591558, 22.3024786 ], [ 108.8577912, 22.3023058 ], [ 108.8572239, 22.3021729 ], [ 108.8565057, 22.3019603 ], [ 108.855924, 22.3017278 ], [ 108.8552058, 22.3013224 ], [ 108.8544301, 22.3008174 ], [ 108.8534247, 22.3000467 ], [ 108.8528789, 22.2995616 ], [ 108.8524048, 22.2991297 ], [ 108.8516292, 22.2982526 ], [ 108.8467527, 22.2921126 ], [ 108.8462141, 22.2915411 ], [ 108.8459125, 22.291169 ], [ 108.8457745, 22.2908486 ], [ 108.8456324, 22.2906241 ], [ 108.8450042, 22.2891496 ], [ 108.8448804, 22.2889692 ], [ 108.8447131, 22.2888033 ], [ 108.8443344, 22.2885148 ], [ 108.844155, 22.2884221 ], [ 108.843675, 22.2882052 ], [ 108.8435145, 22.2881297 ], [ 108.8433155, 22.2879863 ], [ 108.8430419, 22.287752 ], [ 108.8428843, 22.2876367 ], [ 108.8418547, 22.287049 ], [ 108.8413592, 22.2867699 ], [ 108.840799, 22.2863047 ], [ 108.8398222, 22.2854009 ], [ 108.8393698, 22.2849158 ], [ 108.8390753, 22.284537 ], [ 108.8381488, 22.2830115 ], [ 108.8376723, 22.2822942 ], [ 108.8370464, 22.2815702 ], [ 108.8366908, 22.281228 ], [ 108.8361032, 22.2807031 ], [ 108.8354543, 22.2802079 ], [ 108.8350911, 22.2798525 ], [ 108.8347854, 22.2794772 ], [ 108.8345508, 22.2792797 ], [ 108.834202, 22.279181 ], [ 108.8332691, 22.2790821 ], [ 108.8330276, 22.2790163 ], [ 108.8324447, 22.2787995 ], [ 108.8319682, 22.2786745 ], [ 108.8306951, 22.2784902 ] ] } },
{ "type": "Feature", "properties": { "osm_id": "791897687", "name": null, "highway": "trunk" }, "geometry": { "type": "LineString", "coordinates": [ [ 108.8931536, 22.295939 ], [ 108.8925541, 22.2963197 ], [ 108.8920934, 22.2966312 ], [ 108.8905766, 22.2976231 ], [ 108.8902538, 22.2978352 ], [ 108.8898817, 22.2980459 ], [ 108.889651, 22.2981499 ], [ 108.8894039, 22.2982387 ], [ 108.8890452, 22.2983364 ], [ 108.8886113, 22.2984256 ], [ 108.886066, 22.2987563 ], [ 108.8850687, 22.2988797 ], [ 108.8847175, 22.2989738 ], [ 108.8842822, 22.2991557 ], [ 108.881795, 22.3004082 ], [ 108.8813104, 22.3006003 ], [ 108.8809125, 22.3007347 ], [ 108.8805023, 22.3008301 ], [ 108.8800894, 22.3008779 ], [ 108.8788632, 22.3009856 ], [ 108.8763028, 22.3011696 ], [ 108.8748523, 22.3012892 ], [ 108.8739474, 22.3012228 ], [ 108.8722527, 22.3010766 ], [ 108.8713048, 22.3012028 ], [ 108.8690431, 22.3016214 ], [ 108.8665293, 22.3022061 ] ] } },
{ "type": "Feature", "properties": { "osm_id": "260631578", "name": null, "highway": "trunk" }, "geometry": { "type": "LineString", "coordinates": [ [ 108.8665293, 22.3022061 ], [ 108.8659908, 22.3023456 ] ] } },
{ "type": "Feature", "properties": { "osm_id": "1001456546", "name": null, "highway": "trunk" }, "geometry": { "type": "LineString", "coordinates": [ [ 108.8659908, 22.3023456 ], [ 108.8655852, 22.3024386 ] ] } },
{ "type": "Feature", "properties": { "osm_id": "1482897273", "name": null, "highway": "trunk_link" }, "geometry": { "type": "LineString", "coordinates": [ [ 108.8653483, 22.3026934 ], [ 108.8653606, 22.3026203 ], [ 108.8653481, 22.3025872 ], [ 108.8653106, 22.3025508 ], [ 108.8652614, 22.3025127 ] ] } },
{ "type": "Feature", "properties": { "osm_id": "1482897274", "name": null, "highway": "trunk" }, "geometry": { "type": "LineString", "coordinates": [ [ 108.8655852, 22.3024386 ], [ 108.8653483, 22.3026934 ], [ 108.865229, 22.3028701 ], [ 108.8651132, 22.3031129 ], [ 108.8650866, 22.3032044 ], [ 108.8650677, 22.3032976 ], [ 108.8650567, 22.3033918 ], [ 108.8650536, 22.3034865 ], [ 108.8650584, 22.3035812 ], [ 108.8650712, 22.3036752 ], [ 108.8650918, 22.3037681 ], [ 108.8651227, 22.3038664 ], [ 108.8651625, 22.3039621 ], [ 108.8652107, 22.3040543 ], [ 108.8652672, 22.3041424 ], [ 108.8653314, 22.3042259 ], [ 108.8654029, 22.3043041 ], [ 108.8657141, 22.3046713 ], [ 108.865773, 22.3047609 ], [ 108.8658231, 22.3048551 ], [ 108.8658639, 22.304953 ], [ 108.865895, 22.3050538 ], [ 108.8659163, 22.3051569 ], [ 108.8659275, 22.3052613 ], [ 108.8659286, 22.3053662 ], [ 108.8659202, 22.3054664 ], [ 108.8659025, 22.3055657 ], [ 108.8658756, 22.3056631 ], [ 108.8658398, 22.3057581 ], [ 108.8657954, 22.3058499 ], [ 108.8657426, 22.3059379 ], [ 108.8656819, 22.3060213 ], [ 108.8633233, 22.3085189 ], [ 108.8628225, 22.3088948 ], [ 108.8621117, 22.3093167 ], [ 108.8618526, 22.3094943 ], [ 108.8616465, 22.3097406 ], [ 108.8615556, 22.3098897 ], [ 108.8614742, 22.3101009 ], [ 108.8614499, 22.3102757 ], [ 108.8614515, 22.3104466 ], [ 108.8614814, 22.3106235 ], [ 108.8616716, 22.3112642 ], [ 108.8617252, 22.3115435 ], [ 108.8617469, 22.3117926 ], [ 108.8617357, 22.3120155 ], [ 108.8616679, 22.3122872 ], [ 108.8615199, 22.3126113 ], [ 108.8611436, 22.3131571 ], [ 108.8605493, 22.3137929 ], [ 108.8602082, 22.3142486 ], [ 108.8599644, 22.3145949 ], [ 108.8597489, 22.3148636 ], [ 108.8595186, 22.3150392 ], [ 108.8592567, 22.315238 ], [ 108.8590485, 22.315379 ] ] } },
{ "type": "Feature", "properties": { "osm_id": "1482897277", "name": null, "highway": "trunk" }, "geometry": { "type": "LineString", "coordinates": [ [ 108.8590485, 22.315379 ], [ 108.8586377, 22.3156165 ], [ 108.8578756, 22.3160509 ], [ 108.857399, 22.3163303 ], [ 108.8567654, 22.3166863 ], [ 108.8564567, 22.3168664 ], [ 108.8562122, 22.3170424 ], [ 108.855916, 22.3173079 ], [ 108.8556881, 22.3176038 ], [ 108.8555025, 22.3179259 ], [ 108.8553092, 22.3183427 ], [ 108.8547721, 22.3195396 ], [ 108.8545607, 22.3199482 ], [ 108.8544279, 22.3202316 ], [ 108.8543791, 22.3204372 ], [ 108.854352, 22.3206252 ], [ 108.8543601, 22.3208107 ], [ 108.8543926, 22.3209662 ], [ 108.8544735, 22.3211642 ], [ 108.8546923, 22.3216916 ], [ 108.8549894, 22.3222 ], [ 108.8550446, 22.32239 ], [ 108.8550916, 22.3225925 ] ] } },
{ "type": "Feature", "properties": { "osm_id": "1482897278", "name": null, "highway": "trunk" }, "geometry": { "type": "LineString", "coordinates": [ [ 108.8550916, 22.3225925 ], [ 108.8551123, 22.3227745 ] ] } },
{ "type": "Feature", "properties": { "osm_id": "393915932", "name": null, "highway": "trunk" }, "geometry": { "type": "LineString", "coordinates": [ [ 108.8551123, 22.3227745 ], [ 108.8550978, 22.322944 ], [ 108.8550642, 22.3230944 ], [ 108.8549655, 22.3233301 ], [ 108.8546042, 22.3238918 ], [ 108.8541893, 22.3243745 ], [ 108.8540586, 22.3245787 ], [ 108.8539739, 22.3247353 ], [ 108.8539029, 22.324898 ], [ 108.8538264, 22.3251736 ], [ 108.8537512, 22.3253409 ], [ 108.8536463, 22.3254676 ], [ 108.853214, 22.325831 ], [ 108.8531059, 22.3259941 ], [ 108.8530384, 22.3261454 ], [ 108.8530167, 22.3263229 ], [ 108.8529196, 22.3271408 ], [ 108.8528357, 22.3275226 ], [ 108.8527422, 22.3277962 ], [ 108.852581, 22.3280823 ], [ 108.8521013, 22.3289072 ], [ 108.8516165, 22.3298544 ], [ 108.8514618, 22.3301563 ], [ 108.8513853, 22.3303299 ], [ 108.8513526, 22.3304764 ], [ 108.8513277, 22.3307549 ], [ 108.8513327, 22.3313951 ], [ 108.8513153, 22.3316673 ], [ 108.8512172, 22.3319562 ], [ 108.8511043, 22.3321491 ], [ 108.8509247, 22.3323761 ], [ 108.8491327, 22.3334443 ], [ 108.8486554, 22.333585 ], [ 108.8479167, 22.3336912 ], [ 108.8476217, 22.3337606 ], [ 108.8469751, 22.3340496 ], [ 108.8465461, 22.3344211 ], [ 108.8460877, 22.335429 ], [ 108.845769, 22.3357613 ], [ 108.8454437, 22.3359835 ], [ 108.844875, 22.3361473 ] ] } },
{ "type": "Feature", "properties": { "osm_id": "686143400", "name": "娓呭嚟楂橀", "highway": "motorway" }, "geometry": { "type": "LineString", "coordinates": [ [ 108.8753844, 22.3485006 ], [ 108.8802348, 22.3469026 ] ] } },
{ "type": "Feature", "properties": { "osm_id": "1295248006", "name": null, "highway": "motorway_link" }, "geometry": { "type": "LineString", "coordinates": [ [ 109.0366624, 22.3366361 ], [ 109.037352, 22.3365039 ], [ 109.037740508230627, 22.336442044605654 ] ] } },
{ "type": "Feature", "properties": { "osm_id": "686124316", "name": null, "highway": "motorway_link" }, "geometry": { "type": "LineString", "coordinates": [ [ 108.9166244, 22.3186861 ], [ 108.9163274, 22.3172223 ], [ 108.9157963, 22.3148154 ], [ 108.9152974, 22.312607 ], [ 108.9150892, 22.3105709 ] ] } },
{ "type": "Feature", "properties": { "osm_id": "260631585", "name": null, "highway": "secondary" }, "geometry": { "type": "LineString", "coordinates": [ [ 108.9478716, 22.3033752 ], [ 108.9479479, 22.3037765 ], [ 108.9480595, 22.3041709 ], [ 108.9484358, 22.305343 ], [ 108.9484625, 22.3055349 ], [ 108.9484541, 22.3056941 ], [ 108.948402, 22.3058678 ], [ 108.9482651, 22.3061182 ], [ 108.9464353, 22.3093878 ], [ 108.946184, 22.3097266 ], [ 108.9457675, 22.310205 ], [ 108.9455736, 22.3104973 ], [ 108.9453366, 22.3111151 ], [ 108.9453151, 22.311454 ], [ 108.9455592, 22.3143306 ], [ 108.9456741, 22.3156393 ], [ 108.9456023, 22.3161841 ], [ 108.9454443, 22.31734 ], [ 108.9453306, 22.317876 ], [ 108.9452935, 22.3180509 ], [ 108.9451284, 22.3188148 ], [ 108.9449847, 22.3192267 ], [ 108.9446622, 22.31999 ], [ 108.9442313, 22.3209333 ], [ 108.9441236, 22.3214381 ], [ 108.9440734, 22.3220692 ], [ 108.9442729, 22.3230412 ], [ 108.9443965, 22.3236435 ], [ 108.9446263, 22.32462 ], [ 108.944734, 22.3251381 ], [ 108.9448992, 22.3255965 ], [ 108.9457752, 22.3276557 ], [ 108.9461702, 22.3284794 ], [ 108.9465077, 22.3291237 ], [ 108.9465723, 22.3294624 ], [ 108.9465867, 22.3301333 ], [ 108.9464933, 22.3336339 ], [ 108.9464466, 22.3342452 ], [ 108.9460372, 22.3367435 ], [ 108.945793, 22.3382717 ], [ 108.9456637, 22.3387035 ], [ 108.9454122, 22.3392882 ], [ 108.9452255, 22.3399593 ], [ 108.9451321, 22.341328 ], [ 108.944931, 22.342524 ], [ 108.944816, 22.3430289 ], [ 108.9441982, 22.3448627 ], [ 108.9440115, 22.3452148 ], [ 108.9427472, 22.3467429 ], [ 108.9425102, 22.3470817 ], [ 108.9416697, 22.3493207 ], [ 108.941368, 22.3498854 ], [ 108.9410591, 22.3506827 ], [ 108.940937, 22.3512142 ], [ 108.9409729, 22.3516659 ], [ 108.9414039, 22.3529614 ], [ 108.9420073, 22.3554993 ], [ 108.9420648, 22.3559244 ], [ 108.9419786, 22.3563895 ], [ 108.9418472, 22.3568366 ] ] } },
{ "type": "Feature", "properties": { "osm_id": "260648941", "name": "鍏閽﹂珮閫", "highway": "motorway" }, "geometry": { "type": "LineString", "coordinates": [ [ 108.9106885, 22.2905232 ], [ 108.9110617, 22.2912069 ], [ 108.9117303, 22.2926837 ], [ 108.912363, 22.294247 ], [ 108.9127081, 22.295318 ], [ 108.9131107, 22.2966617 ], [ 108.9133552, 22.2979722 ], [ 108.9136643, 22.3002072 ], [ 108.9140094, 22.3035664 ], [ 108.9142898, 22.3060941 ], [ 108.9145702, 22.3075641 ], [ 108.9152317, 22.310544 ], [ 108.9161016, 22.3144949 ], [ 108.9164971, 22.3164171 ], [ 108.9166984, 22.3177473 ], [ 108.9168206, 22.3193436 ], [ 108.9168134, 22.3206405 ], [ 108.9166337, 22.3221835 ], [ 108.9163605, 22.3234206 ], [ 108.9160369, 22.3245246 ], [ 108.9155408, 22.3258947 ], [ 108.915016, 22.3269655 ], [ 108.9142539, 22.3283089 ], [ 108.9138872, 22.3288276 ], [ 108.9123342, 22.3308095 ], [ 108.9111983, 22.3323391 ], [ 108.9104146, 22.3336359 ], [ 108.9098394, 22.334813 ], [ 108.9093721, 22.3361298 ], [ 108.9090342, 22.3374133 ], [ 108.9088041, 22.3384773 ], [ 108.9086603, 22.3397475 ], [ 108.9085853, 22.3420217 ], [ 108.9084484, 22.3459341 ], [ 108.9084231, 22.3469426 ], [ 108.9084087, 22.3481928 ], [ 108.9083727, 22.3497155 ], [ 108.9082505, 22.3512449 ], [ 108.9081139, 22.3524019 ], [ 108.9078623, 22.3535922 ], [ 108.9066688, 22.357748 ], [ 108.9055903, 22.3613984 ], [ 108.9053603, 22.3627348 ], [ 108.9051733, 22.3643106 ], [ 108.9051589, 22.3654476 ], [ 108.9051589, 22.3665978 ], [ 108.9052884, 22.3677281 ], [ 108.9054465, 22.3690179 ], [ 108.90554, 22.36949 ], [ 108.9074021, 22.3758061 ], [ 108.9077041, 22.3769163 ], [ 108.9079701, 22.3780665 ], [ 108.908157, 22.3792698 ], [ 108.9082649, 22.3804066 ], [ 108.9082623, 22.3808084 ], [ 108.9082577, 22.3815102 ], [ 108.908193, 22.3827667 ], [ 108.9081736, 22.3829287 ] ] } },
{ "type": "Feature", "properties": { "osm_id": "260648942", "name": "鍏閽﹂珮閫", "highway": "motorway" }, "geometry": { "type": "LineString", "coordinates": [ [ 108.908027, 22.3829313 ], [ 108.9080479, 22.3827561 ], [ 108.9081123, 22.3815066 ], [ 108.9081194, 22.3804121 ], [ 108.9080717, 22.3799093 ], [ 108.9080125, 22.3792853 ], [ 108.9078268, 22.3780901 ], [ 108.9075624, 22.3769468 ], [ 108.9072614, 22.3758402 ], [ 108.905398, 22.3695199 ], [ 108.9053026, 22.3690377 ], [ 108.9051438, 22.3677428 ], [ 108.9050135, 22.3666049 ], [ 108.9050135, 22.3654468 ], [ 108.905028, 22.3643025 ], [ 108.905216, 22.3627169 ], [ 108.9054479, 22.36137 ], [ 108.9065283, 22.357713 ], [ 108.9077204, 22.353562 ], [ 108.90797, 22.3523817 ], [ 108.9081056, 22.3512327 ], [ 108.9082274, 22.3497091 ], [ 108.9082632, 22.3481906 ], [ 108.9082776, 22.3469399 ], [ 108.9083918, 22.3449076 ], [ 108.9085151, 22.3397384 ], [ 108.9086543, 22.3387277 ], [ 108.9088329, 22.3376363 ], [ 108.9088921, 22.3373841 ], [ 108.9092321, 22.3360928 ], [ 108.90979, 22.3347127 ], [ 108.9102846, 22.3335753 ], [ 108.9110746, 22.332268 ], [ 108.9122154, 22.3307319 ], [ 108.9137674, 22.3287513 ], [ 108.9141283, 22.3282406 ], [ 108.9148852, 22.3269064 ], [ 108.9154053, 22.3258454 ], [ 108.9158976, 22.3244856 ], [ 108.9162189, 22.3233895 ], [ 108.9164898, 22.3221628 ], [ 108.916668, 22.3206329 ], [ 108.9166751, 22.319348 ], [ 108.9166244, 22.3186861 ], [ 108.9165536, 22.3177614 ], [ 108.9163535, 22.316439 ], [ 108.9159589, 22.3145209 ], [ 108.9150892, 22.3105709 ], [ 108.9144273, 22.3075893 ], [ 108.9141457, 22.3061127 ], [ 108.9138647, 22.3035797 ], [ 108.9135197, 22.3002222 ], [ 108.9132113, 22.2979922 ], [ 108.9129686, 22.2966912 ], [ 108.9125683, 22.2953552 ], [ 108.912225, 22.2942899 ], [ 108.9115951, 22.2927333 ], [ 108.9109295, 22.2912633 ], [ 108.9105649, 22.2905953 ] ] } },
{ "type": "Feature", "properties": { "osm_id": "686143395", "name": null, "highway": "motorway_link" }, "geometry": { "type": "LineString", "coordinates": [ [ 108.9029275, 22.3402021 ], [ 108.9050996, 22.3397954 ], [ 108.9056236, 22.3396886 ], [ 108.9061049, 22.3394693 ], [ 108.9065158, 22.3391503 ], [ 108.9075029, 22.3383167 ], [ 108.9083397, 22.3374633 ], [ 108.9086723, 22.336977 ], [ 108.9090478, 22.3361533 ], [ 108.9095177, 22.3351083 ], [ 108.9100509, 22.3339495 ], [ 108.9102846, 22.3335753 ] ] } },
{ "type": "Feature", "properties": { "osm_id": "686143396", "name": null, "highway": "motorway_link" }, "geometry": { "type": "LineString", "coordinates": [ [ 108.9098394, 22.334813 ], [ 108.9097477, 22.3352674 ], [ 108.9094448, 22.3367686 ], [ 108.9093659, 22.3375342 ], [ 108.9094685, 22.3379499 ], [ 108.909551, 22.3382839 ], [ 108.909699, 22.3386244 ], [ 108.9099456, 22.3389119 ], [ 108.9102703, 22.3391228 ], [ 108.9107141, 22.3392564 ], [ 108.9111721, 22.3393389 ], [ 108.9133823, 22.3392892 ], [ 108.9149333, 22.3393845 ] ] } },
{ "type": "Feature", "properties": { "osm_id": "905950081", "name": null, "highway": "motorway_link" }, "geometry": { "type": "LineString", "coordinates": [ [ 108.9075029, 22.3383167 ], [ 108.907581, 22.3382517 ], [ 108.9076654, 22.3381938 ], [ 108.9077555, 22.3381438 ], [ 108.9078503, 22.3381019 ], [ 108.907949, 22.3380686 ], [ 108.9080507, 22.3380442 ], [ 108.9081544, 22.338029 ], [ 108.9082593, 22.338023 ], [ 108.9083643, 22.3380263 ] ] } },
{ "type": "Feature", "properties": { "osm_id": "905950082", "name": null, "highway": "motorway_link" }, "geometry": { "type": "LineString", "coordinates": [ [ 108.9083643, 22.3380263 ], [ 108.9084685, 22.3380389 ], [ 108.9085673, 22.3380597 ], [ 108.9086635, 22.3380889 ], [ 108.9087565, 22.3381262 ], [ 108.9088453, 22.3381712 ], [ 108.9089293, 22.3382237 ], [ 108.9090076, 22.3382831 ], [ 108.9090797, 22.3383489 ] ] } },
{ "type": "Feature", "properties": { "osm_id": "686143402", "name": "娓呭嚟楂橀", "highway": "motorway" }, "geometry": { "type": "LineString", "coordinates": [ [ 108.9096325, 22.3396062 ], [ 108.9110162, 22.3395235 ], [ 108.9149333, 22.3393845 ], [ 108.9189025, 22.3392158 ], [ 108.9264222, 22.3388983 ], [ 108.9301987, 22.3386601 ], [ 108.9320693, 22.3385806 ], [ 108.9350365, 22.3385806 ], [ 108.9364475, 22.3386603 ], [ 108.9377139, 22.3387912 ] ] } },
{ "type": "Feature", "properties": { "osm_id": "686143439", "name": "娓呭嚟楂橀", "highway": "motorway" }, "geometry": { "type": "LineString", "coordinates": [ [ 108.9377013, 22.3388939 ], [ 108.9364385, 22.3387633 ], [ 108.9350331, 22.3386839 ], [ 108.9320719, 22.3386839 ], [ 108.9302051, 22.3387633 ], [ 108.9264285, 22.3390015 ], [ 108.9189076, 22.339319 ], [ 108.914938, 22.3394877 ], [ 108.9110219, 22.3396267 ], [ 108.9099182, 22.3396926 ], [ 108.9096425, 22.3397091 ] ] } },
{ "type": "Feature", "properties": { "osm_id": "1293832646", "name": "娓呭嚟楂橀", "highway": "motorway" }, "geometry": { "type": "LineString", "coordinates": [ [ 109.0285967, 22.3389272 ], [ 109.0298318, 22.3384501 ], [ 109.0307688, 22.3380715 ], [ 109.0331826, 22.3373041 ], [ 109.0354969, 22.3367859 ], [ 109.0366624, 22.3366361 ], [ 109.0377205, 22.3365263 ], [ 109.037839202626159, 22.336521703490792 ] ] } },
{ "type": "Feature", "properties": { "osm_id": "1293832648", "name": "娓呭嚟楂橀", "highway": "motorway" }, "geometry": { "type": "LineString", "coordinates": [ [ 109.037961482694058, 22.336620399002648 ], [ 109.0377232, 22.3366297 ], [ 109.0366747, 22.3367389 ], [ 109.0358158, 22.3368934 ], [ 109.0352404, 22.3369969 ], [ 109.0332127, 22.3374037 ], [ 109.0308094, 22.3381679 ], [ 109.029876, 22.338545 ], [ 109.0286478, 22.3390194 ] ] } },
{ "type": "Feature", "properties": { "osm_id": "1293832647", "name": "娓呭嚟楂橀", "highway": "motorway" }, "geometry": { "type": "LineString", "coordinates": [ [ 109.0280971, 22.3391811 ], [ 109.0285967, 22.3389272 ] ] } },
{ "type": "Feature", "properties": { "osm_id": "905950083", "name": null, "highway": "motorway_link" }, "geometry": { "type": "LineString", "coordinates": [ [ 108.9081369, 22.340939 ], [ 108.9079361, 22.3406454 ], [ 108.9078552, 22.3403945 ], [ 108.9078235, 22.3401641 ], [ 108.9078048, 22.3399702 ], [ 108.9079527, 22.3396256 ], [ 108.9082266, 22.3392335 ], [ 108.9083785, 22.3389978 ], [ 108.9084744, 22.3387535 ], [ 108.9086569, 22.3382735 ], [ 108.9088329, 22.3376363 ] ] } },
{ "type": "Feature", "properties": { "osm_id": "686143404", "name": "娓呭嚟楂橀", "highway": "motorway" }, "geometry": { "type": "LineString", "coordinates": [ [ 108.9377139, 22.3387912 ], [ 108.942977, 22.3393556 ], [ 108.9467154, 22.3398774 ] ] } },
{ "type": "Feature", "properties": { "osm_id": "686143440", "name": "娓呭嚟楂橀", "highway": "motorway" }, "geometry": { "type": "LineString", "coordinates": [ [ 108.946699, 22.3399796 ], [ 108.9429617, 22.3394579 ], [ 108.9377013, 22.3388939 ] ] } },
{ "type": "Feature", "properties": { "osm_id": "904487423", "name": null, "highway": "motorway_link" }, "geometry": { "type": "LineString", "coordinates": [ [ 108.909551, 22.3382839 ], [ 108.9096433, 22.3389469 ], [ 108.9093643, 22.3401526 ], [ 108.9093521, 22.3402164 ], [ 108.9093502, 22.3402811 ], [ 108.9093588, 22.3403454 ], [ 108.9093775, 22.3404078 ], [ 108.909406, 22.3404669 ], [ 108.9094437, 22.3405215 ], [ 108.9094897, 22.3405703 ], [ 108.909543, 22.3406123 ], [ 108.9096024, 22.3406465 ], [ 108.9096667, 22.3406722 ], [ 108.9097344, 22.3406888 ], [ 108.909804, 22.3406959 ], [ 108.909874, 22.3406934 ], [ 108.9099407, 22.3406819 ], [ 108.9100049, 22.3406616 ], [ 108.9100653, 22.340633 ], [ 108.9101207, 22.3405966 ], [ 108.9101698, 22.3405533 ], [ 108.9102117, 22.3405039 ], [ 108.9102455, 22.3404494 ], [ 108.9102704, 22.340391 ], [ 108.9102861, 22.3403299 ], [ 108.9102921, 22.3402674 ], [ 108.9102883, 22.3402047 ], [ 108.9102748, 22.3401432 ], [ 108.9102518, 22.340084 ], [ 108.91022, 22.3400286 ], [ 108.9101798, 22.339978 ], [ 108.9101322, 22.3399332 ], [ 108.9100782, 22.3398952 ], [ 108.9100188, 22.3398648 ], [ 108.909874, 22.3398301 ] ] } },
{ "type": "Feature", "properties": { "osm_id": "686143389", "name": null, "highway": "motorway_link" }, "geometry": { "type": "LineString", "coordinates": [ [ 108.9077067, 22.3395373 ], [ 108.9091397, 22.3396356 ] ] } },
{ "type": "Feature", "properties": { "osm_id": "686143388", "name": "娓呭嚟楂橀", "highway": "motorway" }, "geometry": { "type": "LineString", "coordinates": [ [ 108.9074626, 22.3397023 ], [ 108.9082448, 22.3396891 ], [ 108.9091397, 22.3396356 ], [ 108.9096325, 22.3396062 ] ] } },
{ "type": "Feature", "properties": { "osm_id": "686143387", "name": "娓呭嚟楂橀", "highway": "motorway" }, "geometry": { "type": "LineString", "coordinates": [ [ 108.9096425, 22.3397091 ], [ 108.9077703, 22.3397795 ], [ 108.9074815, 22.3397904 ] ] } },
{ "type": "Feature", "properties": { "osm_id": "904487422", "name": null, "highway": "motorway_link" }, "geometry": { "type": "LineString", "coordinates": [ [ 108.909874, 22.3398301 ], [ 108.9093858, 22.3398003 ], [ 108.9077703, 22.3397795 ] ] } },
{ "type": "Feature", "properties": { "osm_id": "686143394", "name": null, "highway": "motorway_link" }, "geometry": { "type": "LineString", "coordinates": [ [ 108.908106, 22.341522 ], [ 108.9077858, 22.3407807 ], [ 108.9076677, 22.3404684 ], [ 108.9076243, 22.3401475 ], [ 108.9076752, 22.3399435 ], [ 108.9078151, 22.3396239 ], [ 108.9080018, 22.3393389 ], [ 108.9081037, 22.3390213 ], [ 108.9080031, 22.3387589 ], [ 108.9079562, 22.3387064 ], [ 108.9079016, 22.3386607 ], [ 108.9078406, 22.3386226 ], [ 108.9077744, 22.338593 ], [ 108.9077042, 22.3385724 ], [ 108.9076316, 22.3385612 ], [ 108.9075581, 22.3385596 ], [ 108.907485, 22.3385678 ], [ 108.9074139, 22.3385855 ], [ 108.9073463, 22.3386124 ], [ 108.9072835, 22.3386479 ], [ 108.9072268, 22.3386914 ], [ 108.9071774, 22.3387418 ], [ 108.9071362, 22.3387982 ], [ 108.9071042, 22.3388595 ], [ 108.9070819, 22.3389244 ], [ 108.9070698, 22.3389915 ], [ 108.9070681, 22.3390596 ], [ 108.907077, 22.3391272 ], [ 108.9070961, 22.3391929 ], [ 108.9071252, 22.3392554 ], [ 108.9071636, 22.3393135 ], [ 108.9072105, 22.339366 ], [ 108.9072651, 22.3394117 ], [ 108.9074278, 22.3394877 ], [ 108.9077067, 22.3395373 ] ] } },
{ "type": "Feature", "properties": { "osm_id": "904487427", "name": null, "highway": "motorway_link" }, "geometry": { "type": "LineString", "coordinates": [ [ 108.9090797, 22.3383489 ], [ 108.9091449, 22.3384206 ], [ 108.9092027, 22.3384976 ], [ 108.9092525, 22.3385792 ], [ 108.909294, 22.3386647 ], [ 108.9093268, 22.3387534 ], [ 108.909345, 22.3389083 ], [ 108.9093558, 22.3390639 ], [ 108.909359, 22.3392198 ], [ 108.9093542, 22.339384 ], [ 108.909313, 22.3394917 ], [ 108.9092541, 22.3396851 ], [ 108.9090416, 22.3400637 ], [ 108.9088446, 22.3404291 ], [ 108.908763, 22.3407611 ], [ 108.9086715, 22.341529 ], [ 108.9085853, 22.3420217 ] ] } },
{ "type": "Feature", "properties": { "osm_id": "1293832649", "name": "娓呭嚟楂橀", "highway": "motorway" }, "geometry": { "type": "LineString", "coordinates": [ [ 109.0286478, 22.3390194 ], [ 109.0281536, 22.3392703 ] ] } },
{ "type": "Feature", "properties": { "osm_id": "1295248026", "name": null, "highway": "motorway_link" }, "geometry": { "type": "LineString", "coordinates": [ [ 109.04108806786283, 22.339143949478938 ], [ 109.040913, 22.3394115 ], [ 109.0403766, 22.3403774 ], [ 109.0397601, 22.3412747 ] ] } },
{ "type": "Feature", "properties": { "osm_id": "1295248032", "name": null, "highway": "motorway_link" }, "geometry": { "type": "MultiLineString", "coordinates": [ [ [ 109.0392321, 22.3421323 ], [ 109.0396092, 22.3412282 ], [ 109.0400898, 22.3402935 ], [ 109.0404061, 22.3395335 ], [ 109.0405006, 22.3391422 ], [ 109.0404965, 22.3387166 ], [ 109.040475186197739, 22.338649276302181 ] ], [ [ 109.03831284708113, 22.33690399459288 ], [ 109.0382498, 22.3368915 ], [ 109.037724, 22.3368339 ], [ 109.0370681, 22.3367963 ], [ 109.0364067, 22.3368364 ], [ 109.0358158, 22.3368934 ] ] ] } },
{ "type": "Feature", "properties": { "osm_id": "686124350", "name": "娓呭嚟楂橀", "highway": "motorway" }, "geometry": { "type": "LineString", "coordinates": [ [ 109.0055569, 22.3454144 ], [ 109.0070645, 22.3455974 ], [ 109.0086205, 22.3457262 ], [ 109.0107325, 22.3457262 ], [ 109.0128321, 22.3455518 ], [ 109.0153025, 22.3451525 ], [ 109.0167311, 22.3447975 ], [ 109.0190087, 22.3440063 ], [ 109.0204374, 22.3434344 ], [ 109.0241, 22.3414235 ], [ 109.0280971, 22.3391811 ] ] } },
{ "type": "Feature", "properties": { "osm_id": "904487419", "name": "娓呭嚟楂橀", "highway": "motorway" }, "geometry": { "type": "LineString", "coordinates": [ [ 108.9467154, 22.3398774 ], [ 108.9491588, 22.3402093 ], [ 108.9549257, 22.3410818 ], [ 108.9566786, 22.3411708 ], [ 108.9658983, 22.3415377 ], [ 108.9731027, 22.3410617 ], [ 108.9762619, 22.3409027 ], [ 108.9799393, 22.3409623 ], [ 108.9829942, 22.341221 ], [ 108.9855325, 22.341599 ], [ 108.9977475, 22.3438817 ], [ 109.0018979, 22.3447295 ], [ 109.0037688, 22.3450705 ] ] } },
{ "type": "Feature", "properties": { "osm_id": "686124343", "name": "娓呭嚟楂橀", "highway": "motorway" }, "geometry": { "type": "LineString", "coordinates": [ [ 109.0281536, 22.3392703 ], [ 109.0241575, 22.3415121 ], [ 109.0204883, 22.3435266 ], [ 109.0190506, 22.3441021 ], [ 109.0167653, 22.344896 ], [ 109.0153277, 22.3452532 ], [ 109.0128504, 22.3456537 ], [ 109.0107402, 22.3458296 ], [ 109.0086168, 22.3458296 ], [ 109.0070521, 22.3457002 ], [ 109.0055412, 22.3455166 ] ] } },
{ "type": "Feature", "properties": { "osm_id": "904487418", "name": "娓呭嚟楂橀", "highway": "motorway" }, "geometry": { "type": "LineString", "coordinates": [ [ 109.0037455, 22.3451717 ], [ 109.0018715, 22.3448299 ], [ 108.9977243, 22.3439828 ], [ 108.9855122, 22.3417007 ], [ 108.9829802, 22.3413236 ], [ 108.9799332, 22.3410656 ], [ 108.976264, 22.341006 ], [ 108.9731097, 22.3411648 ], [ 108.9658999, 22.3416411 ], [ 108.9566731, 22.341274 ], [ 108.9549136, 22.3411846 ], [ 108.9491415, 22.3403114 ], [ 108.946699, 22.3399796 ] ] } },
{ "type": "Feature", "properties": { "osm_id": "1295248040", "name": "鍗楁箾楂橀", "highway": "motorway" }, "geometry": { "type": "LineString", "coordinates": [ [ 109.040977424989265, 22.339054646657747 ], [ 109.0399592, 22.340844 ], [ 109.0397601, 22.3412747 ], [ 109.0385658, 22.3438579 ], [ 109.0373316, 22.3463691 ], [ 109.0353031, 22.3505978 ], [ 109.0339877, 22.3529895 ] ] } },
{ "type": "Feature", "properties": { "osm_id": "1295248038", "name": "鍗楁箾楂橀", "highway": "motorway" }, "geometry": { "type": "LineString", "coordinates": [ [ 109.0338385, 22.3529872 ], [ 109.0351975, 22.3505521 ], [ 109.0372252, 22.3463249 ], [ 109.0384591, 22.3438143 ], [ 109.0392321, 22.3421323 ], [ 109.0394019, 22.3417627 ], [ 109.040888739719591, 22.33898306640566 ] ] } },
{ "type": "Feature", "properties": { "osm_id": "904487416", "name": "娓呭嚟楂橀", "highway": "motorway" }, "geometry": { "type": "LineString", "coordinates": [ [ 109.0037688, 22.3450705 ], [ 109.0055569, 22.3454144 ] ] } },
{ "type": "Feature", "properties": { "osm_id": "686143437", "name": "娓呭嚟楂橀", "highway": "motorway" }, "geometry": { "type": "LineString", "coordinates": [ [ 108.8802731, 22.3469997 ], [ 108.8754237, 22.3485973 ] ] } },
{ "type": "Feature", "properties": { "osm_id": "686143401", "name": "娓呭嚟楂橀", "highway": "motorway" }, "geometry": { "type": "LineString", "coordinates": [ [ 108.845541400104551, 22.349424142935181 ], [ 108.8459116, 22.3494268 ], [ 108.8499712, 22.3495956 ], [ 108.854157, 22.3499133 ], [ 108.8599813, 22.3503101 ], [ 108.8627362, 22.3504489 ], [ 108.8645106, 22.3504983 ], [ 108.8665758, 22.3503796 ], [ 108.8678142, 22.3503006 ], [ 108.8705852, 22.3498553 ], [ 108.8729451, 22.3493911 ], [ 108.8753844, 22.3485006 ] ] } },
{ "type": "Feature", "properties": { "osm_id": "686143435", "name": "娓呭嚟楂橀", "highway": "motorway" }, "geometry": { "type": "LineString", "coordinates": [ [ 108.8754237, 22.3485973 ], [ 108.8729775, 22.3494904 ], [ 108.8706064, 22.3499567 ], [ 108.8678276, 22.3504033 ], [ 108.8665831, 22.3504827 ], [ 108.8645124, 22.3506017 ], [ 108.8627314, 22.3505521 ], [ 108.8599741, 22.3504132 ], [ 108.8541484, 22.3500163 ], [ 108.8499641, 22.3496987 ], [ 108.8459086, 22.3495301 ], [ 108.845516759492028, 22.349527282938546 ] ] } },
{ "type": "Feature", "properties": { "osm_id": "904487417", "name": "娓呭嚟楂橀", "highway": "motorway" }, "geometry": { "type": "LineString", "coordinates": [ [ 109.0055412, 22.3455166 ], [ 109.0037455, 22.3451717 ] ] } },
{ "type": "Feature", "properties": { "osm_id": "1295248039", "name": "鍗楁箾楂橀", "highway": "motorway" }, "geometry": { "type": "LineString", "coordinates": [ [ 109.0321261, 22.3552384 ], [ 109.032549, 22.3547902 ], [ 109.0330006, 22.3542456 ], [ 109.0334604, 22.3536022 ], [ 109.0338385, 22.3529872 ] ] } },
{ "type": "Feature", "properties": { "osm_id": "1295248041", "name": "鍗楁箾楂橀", "highway": "motorway" }, "geometry": { "type": "LineString", "coordinates": [ [ 109.0339877, 22.3529895 ], [ 109.033244, 22.3541269 ], [ 109.0326975, 22.3548008 ], [ 109.0322387, 22.3553021 ] ] } },
{ "type": "Feature", "properties": { "osm_id": "1295248042", "name": "鍗楁箾楂橀", "highway": "motorway" }, "geometry": { "type": "LineString", "coordinates": [ [ 109.0276613, 22.3590085 ], [ 109.0285967, 22.3583545 ], [ 109.0297125, 22.3574778 ], [ 109.0321261, 22.3552384 ] ] } },
{ "type": "Feature", "properties": { "osm_id": "1295248044", "name": "鍗楁箾楂橀", "highway": "motorway" }, "geometry": { "type": "LineString", "coordinates": [ [ 109.0322387, 22.3553021 ], [ 109.0302887, 22.3570975 ], [ 109.0287495, 22.3584141 ], [ 109.0277308, 22.3590929 ] ] } },
{ "type": "Feature", "properties": { "osm_id": "1295248043", "name": "鍗楁箾楂橀", "highway": "motorway" }, "geometry": { "type": "LineString", "coordinates": [ [ 109.0236538, 22.3613209 ], [ 109.0276613, 22.3590085 ] ] } },
{ "type": "Feature", "properties": { "osm_id": "1295248045", "name": "鍗楁箾楂橀", "highway": "motorway" }, "geometry": { "type": "LineString", "coordinates": [ [ 109.0277308, 22.3590929 ], [ 109.0237148, 22.3614204 ] ] } },
{ "type": "Feature", "properties": { "osm_id": "991656858", "name": "鍗楁箾楂橀", "highway": "motorway" }, "geometry": { "type": "LineString", "coordinates": [ [ 109.0082037, 22.3726287 ], [ 109.0099633, 22.3715472 ], [ 109.011358, 22.3703567 ], [ 109.0140938, 22.3675609 ], [ 109.0153956, 22.3663273 ], [ 109.016186, 22.3658126 ], [ 109.0175271, 22.3648998 ], [ 109.0189004, 22.3639771 ], [ 109.0218401, 22.3623796 ], [ 109.0236538, 22.3613209 ] ] } },
{ "type": "Feature", "properties": { "osm_id": "991656846", "name": "鍗楁箾楂橀", "highway": "motorway" }, "geometry": { "type": "LineString", "coordinates": [ [ 109.0237148, 22.3614204 ], [ 109.0219008, 22.3624717 ], [ 109.0189643, 22.3640674 ], [ 109.0175959, 22.3649868 ], [ 109.0155714, 22.366378 ], [ 109.015018, 22.3668578 ], [ 109.0130313, 22.3689032 ], [ 109.0114392, 22.3704341 ], [ 109.0100355, 22.3716323 ], [ 109.0077629, 22.3730653 ], [ 109.005702, 22.37436 ], [ 109.0048385, 22.3747404 ] ] } },
{ "type": "Feature", "properties": { "osm_id": "991656859", "name": "鍗楁箾楂橀", "highway": "motorway" }, "geometry": { "type": "LineString", "coordinates": [ [ 109.004783, 22.374405 ], [ 109.0053663, 22.3741617 ], [ 109.0082037, 22.3726287 ] ] } },
{ "type": "Feature", "properties": { "osm_id": "905950084", "name": null, "highway": "motorway_link" }, "geometry": { "type": "LineString", "coordinates": [ [ 108.9091891, 22.3413606 ], [ 108.9089836, 22.3413692 ], [ 108.9087127, 22.3413044 ], [ 108.908539, 22.3412513 ], [ 108.9083529, 22.3411286 ], [ 108.9081369, 22.340939 ] ] } },
{ "type": "Feature", "properties": { "osm_id": "904487424", "name": null, "highway": "motorway_link" }, "geometry": { "type": "LineString", "coordinates": [ [ 108.909874, 22.3410656 ], [ 108.9096914, 22.3411499 ], [ 108.9095045, 22.3412258 ], [ 108.9091891, 22.3413606 ] ] } },
{ "type": "Feature", "properties": { "osm_id": "686143398", "name": null, "highway": "motorway_link" }, "geometry": { "type": "LineString", "coordinates": [ [ 108.9083918, 22.3449076 ], [ 108.9083484, 22.343335 ], [ 108.9082745, 22.3420994 ], [ 108.908106, 22.341522 ], [ 108.9077683, 22.3409859 ], [ 108.9076784, 22.3408413 ], [ 108.9073433, 22.3404761 ], [ 108.9071624, 22.3403487 ], [ 108.906944, 22.3402299 ], [ 108.9064834, 22.3401122 ], [ 108.9060438, 22.3400931 ], [ 108.9044304, 22.3401158 ] ] } },
{ "type": "Feature", "properties": { "osm_id": "686143397", "name": null, "highway": "motorway_link" }, "geometry": { "type": "LineString", "coordinates": [ [ 108.914938, 22.3394877 ], [ 108.9120626, 22.339716 ], [ 108.9115797, 22.3398038 ], [ 108.9111478, 22.3400223 ], [ 108.9105879, 22.3404375 ], [ 108.909874, 22.3410656 ], [ 108.9095219, 22.3413552 ], [ 108.9092071, 22.3417485 ], [ 108.9090525, 22.3420187 ], [ 108.9089352, 22.3423667 ], [ 108.9087474, 22.34308 ], [ 108.9086001, 22.344813 ], [ 108.9084484, 22.3459341 ] ] } },
{ "type": "Feature", "properties": { "osm_id": "686143390", "name": "娓呭嚟楂橀", "highway": "motorway" }, "geometry": { "type": "LineString", "coordinates": [ [ 108.8802348, 22.3469026 ], [ 108.8819299, 22.3463172 ], [ 108.8875093, 22.3444714 ], [ 108.8920697, 22.342933 ], [ 108.8966667, 22.3414727 ], [ 108.8993555, 22.340826 ], [ 108.9018511, 22.3403385 ], [ 108.9029275, 22.3402021 ], [ 108.9053022, 22.339901 ], [ 108.9074626, 22.3397023 ] ] } },
{ "type": "Feature", "properties": { "osm_id": "686143391", "name": "娓呭嚟楂橀", "highway": "motorway" }, "geometry": { "type": "LineString", "coordinates": [ [ 108.9074815, 22.3397904 ], [ 108.9053142, 22.3400037 ], [ 108.9044304, 22.3401158 ], [ 108.9018702, 22.3404404 ], [ 108.8993812, 22.3409266 ], [ 108.8966989, 22.3415717 ], [ 108.892107, 22.3430304 ], [ 108.8875472, 22.3445685 ], [ 108.8819682, 22.3464142 ], [ 108.8802731, 22.3469997 ] ] } },
{ "type": "Feature", "properties": { "osm_id": "260586594", "name": null, "highway": "secondary" }, "geometry": { "type": "LineString", "coordinates": [ [ 108.9418472, 22.3568366 ], [ 108.9415165, 22.357854 ], [ 108.9411498, 22.3591573 ], [ 108.9408334, 22.3598489 ], [ 108.9407759, 22.3601615 ], [ 108.9407919, 22.360219 ], [ 108.9408406, 22.3603942 ], [ 108.9410779, 22.3607001 ], [ 108.9412217, 22.3609328 ], [ 108.9413008, 22.3611655 ], [ 108.9412648, 22.3617707 ], [ 108.9412648, 22.3620433 ], [ 108.9413151, 22.362296 ], [ 108.9415165, 22.3628279 ], [ 108.9415668, 22.3633001 ], [ 108.9415956, 22.3638653 ], [ 108.9415093, 22.3645236 ], [ 108.9415165, 22.3648427 ], [ 108.9416243, 22.3651952 ], [ 108.9419335, 22.3656806 ], [ 108.9421708, 22.366299 ], [ 108.942329, 22.3665782 ], [ 108.9426885, 22.3669905 ], [ 108.942897, 22.3673363 ], [ 108.9430983, 22.367682 ], [ 108.9433572, 22.3682672 ], [ 108.9435082, 22.3687725 ], [ 108.943501, 22.3691781 ], [ 108.9432925, 22.3698231 ], [ 108.943163, 22.370488 ], [ 108.9431055, 22.3708471 ], [ 108.9431343, 22.3710665 ], [ 108.9432853, 22.3712926 ], [ 108.9436376, 22.3716716 ], [ 108.9438454, 22.3719972 ], [ 108.9438965, 22.3720772 ], [ 108.9441337, 22.3726955 ], [ 108.9442991, 22.3732142 ], [ 108.9447593, 22.3745706 ], [ 108.9451116, 22.3751357 ], [ 108.9452195, 22.3753551 ], [ 108.9452626, 22.3756012 ], [ 108.9452123, 22.37604 ], [ 108.9450757, 22.3766251 ], [ 108.9448743, 22.3770905 ], [ 108.944522, 22.3776025 ], [ 108.9442991, 22.3779682 ], [ 108.9442056, 22.3782873 ], [ 108.9442168, 22.3790225 ], [ 108.94422, 22.3792314 ], [ 108.9442128, 22.3796237 ], [ 108.9441337, 22.3798963 ], [ 108.9436951, 22.3804016 ], [ 108.9432997, 22.3807407 ], [ 108.9428323, 22.3809269 ], [ 108.9423146, 22.3810598 ], [ 108.9420629, 22.3811463 ], [ 108.9418688, 22.3812992 ], [ 108.9417825, 22.381492 ], [ 108.9417537, 22.3820571 ], [ 108.9416746, 22.3827685 ], [ 108.9416174, 22.3835675 ], [ 108.9415866, 22.3839114 ], [ 108.9413213, 22.3845919 ], [ 108.9412273, 22.3849442 ], [ 108.9411621, 22.3852562 ] ] } },
{ "type": "Feature", "properties": { "osm_id": "991656833", "name": null, "highway": "motorway_link" }, "geometry": { "type": "LineString", "coordinates": [ [ 108.907932, 22.3828571 ], [ 108.9079052, 22.3823412 ], [ 108.9078355, 22.3820982 ], [ 108.9078094, 22.3820411 ], [ 108.9077748, 22.3819882 ], [ 108.9077323, 22.3819403 ], [ 108.9076829, 22.3818986 ], [ 108.9076275, 22.3818638 ], [ 108.9075672, 22.3818368 ], [ 108.9075034, 22.3818181 ], [ 108.9074374, 22.3818079 ], [ 108.9073705, 22.3818067 ], [ 108.907304, 22.3818143 ], [ 108.9072395, 22.3818307 ], [ 108.9071781, 22.3818555 ], [ 108.9071212, 22.3818881 ], [ 108.90707, 22.3819279 ], [ 108.9070255, 22.3819742 ], [ 108.906992, 22.3820202 ], [ 108.9069652, 22.3820699 ], [ 108.9069456, 22.3821224 ], [ 108.9069334, 22.3821767 ], [ 108.9069289, 22.3822321 ], [ 108.9069432, 22.3823169 ], [ 108.9069668, 22.3823998 ], [ 108.9069995, 22.3824801 ], [ 108.907041, 22.3825568 ], [ 108.9070908, 22.3826292 ], [ 108.9071484, 22.3826965 ], [ 108.9072132, 22.3827579 ], [ 108.9072743, 22.3828056 ], [ 108.9073396, 22.3828481 ], [ 108.9074089, 22.3828851 ], [ 108.9074813, 22.3829163 ], [ 108.9075565, 22.3829414 ], [ 108.9083987, 22.3832638 ], [ 108.9090371, 22.3836408 ], [ 108.9095253, 22.3840376 ] ] } },
{ "type": "Feature", "properties": { "osm_id": "991656831", "name": null, "highway": "motorway_link" }, "geometry": { "type": "LineString", "coordinates": [ [ 108.9079186, 22.3835572 ], [ 108.907932, 22.3828571 ] ] } },
{ "type": "Feature", "properties": { "osm_id": "991656829", "name": "鍏閽﹂珮閫", "highway": "motorway" }, "geometry": { "type": "LineString", "coordinates": [ [ 108.9079538, 22.3835439 ], [ 108.908027, 22.3829313 ] ] } },
{ "type": "Feature", "properties": { "osm_id": "991656860", "name": "鍗楁箾楂橀", "highway": "motorway" }, "geometry": { "type": "LineString", "coordinates": [ [ 108.9973495, 22.3790497 ], [ 108.9989629, 22.3775175 ], [ 109.0007794, 22.3760708 ], [ 109.0026452, 22.3751711 ], [ 109.004783, 22.374405 ] ] } },
{ "type": "Feature", "properties": { "osm_id": "991656844", "name": "鍗楁箾楂橀", "highway": "motorway" }, "geometry": { "type": "LineString", "coordinates": [ [ 109.0048385, 22.3747404 ], [ 109.0028119, 22.3754945 ], [ 109.0009112, 22.3764945 ], [ 108.9991256, 22.3777832 ], [ 108.9973892, 22.3794281 ] ] } },
{ "type": "Feature", "properties": { "osm_id": "1295248046", "name": "鍗楁箾楂橀", "highway": "motorway" }, "geometry": { "type": "LineString", "coordinates": [ [ 108.9959341, 22.3805912 ], [ 108.9973495, 22.3790497 ] ] } },
{ "type": "Feature", "properties": { "osm_id": "1295248047", "name": "鍗楁箾楂橀", "highway": "motorway" }, "geometry": { "type": "LineString", "coordinates": [ [ 108.9973892, 22.3794281 ], [ 108.9959033, 22.3809571 ] ] } },
{ "type": "Feature", "properties": { "osm_id": "1295248048", "name": "鍗楁箾楂橀", "highway": "motorway" }, "geometry": { "type": "LineString", "coordinates": [ [ 108.9942523, 22.3823333 ], [ 108.9959341, 22.3805912 ] ] } },
{ "type": "Feature", "properties": { "osm_id": "1295248049", "name": "鍗楁箾楂橀", "highway": "motorway" }, "geometry": { "type": "LineString", "coordinates": [ [ 108.9959033, 22.3809571 ], [ 108.9945457, 22.3824338 ] ] } },
{ "type": "Feature", "properties": { "osm_id": "1295248051", "name": "鍗楁箾楂橀", "highway": "motorway" }, "geometry": { "type": "LineString", "coordinates": [ [ 108.993087, 22.3838015 ], [ 108.9942523, 22.3823333 ] ] } },
{ "type": "Feature", "properties": { "osm_id": "1295248050", "name": "鍗楁箾楂橀", "highway": "motorway" }, "geometry": { "type": "LineString", "coordinates": [ [ 108.9945457, 22.3824338 ], [ 108.9930234, 22.384095 ] ] } },
{ "type": "Feature", "properties": { "osm_id": "1295248053", "name": "鍗楁箾楂橀", "highway": "motorway" }, "geometry": { "type": "LineString", "coordinates": [ [ 108.9901811, 22.3860645 ], [ 108.9914344, 22.385212 ], [ 108.992113, 22.3846803 ], [ 108.993087, 22.3838015 ] ] } },
{ "type": "Feature", "properties": { "osm_id": "1295248052", "name": "鍗楁箾楂橀", "highway": "motorway" }, "geometry": { "type": "LineString", "coordinates": [ [ 108.9930234, 22.384095 ], [ 108.9922257, 22.3847837 ], [ 108.9913086, 22.3854523 ], [ 108.9901901, 22.3861981 ] ] } },
{ "type": "Feature", "properties": { "osm_id": "990286390", "name": "娣卞崡楂橀", "highway": "motorway" }, "geometry": { "type": "LineString", "coordinates": [ [ 109.1262746, 22.6000753 ], [ 109.1274547, 22.5996098 ], [ 109.1362309, 22.5960538 ] ] } },
{ "type": "Feature", "properties": { "osm_id": "990286382", "name": "娣卞崡楂橀", "highway": "motorway" }, "geometry": { "type": "LineString", "coordinates": [ [ 109.1362871, 22.5961734 ], [ 109.1275108, 22.5997293 ], [ 109.1263301, 22.6001951 ] ] } },
{ "type": "Feature", "properties": { "osm_id": "990286391", "name": "娣卞崡楂橀", "highway": "motorway" }, "geometry": { "type": "LineString", "coordinates": [ [ 109.108069, 22.6022242 ], [ 109.1113722, 22.6019077 ], [ 109.1133141, 22.6019176 ], [ 109.1182601, 22.6019275 ], [ 109.1197514, 22.601878 ], [ 109.1209745, 22.6017294 ], [ 109.1225088, 22.6014125 ], [ 109.1240752, 22.6009469 ], [ 109.1253614, 22.6004372 ], [ 109.1262746, 22.6000753 ] ] } },
{ "type": "Feature", "properties": { "osm_id": "1435279348", "name": "娣卞崡楂橀", "highway": "motorway" }, "geometry": { "type": "LineString", "coordinates": [ [ 109.1469896, 22.5934931 ], [ 109.1474257, 22.5935013 ], [ 109.1478614, 22.5935184 ] ] } },
{ "type": "Feature", "properties": { "osm_id": "1435279351", "name": "娣卞崡楂橀", "highway": "motorway" }, "geometry": { "type": "LineString", "coordinates": [ [ 109.1478539, 22.5936485 ], [ 109.1474213, 22.5936316 ], [ 109.1469883, 22.5936234 ] ] } },
{ "type": "Feature", "properties": { "osm_id": "387830198", "name": "472 鍘块亾", "highway": "secondary" }, "geometry": { "type": "LineString", "coordinates": [ [ 109.144969282918339, 22.589990798088632 ], [ 109.1447201, 22.5901403 ], [ 109.1445753, 22.5902901 ], [ 109.1445082, 22.5904052 ], [ 109.1442749, 22.591215 ], [ 109.1442735, 22.5913475 ], [ 109.1443165, 22.5914949 ], [ 109.1444385, 22.5916459 ], [ 109.1446155, 22.5917759 ], [ 109.1458306, 22.5924062 ], [ 109.1478811, 22.5938276 ], [ 109.1480836, 22.5940505 ], [ 109.1481721, 22.5942436 ], [ 109.1482177, 22.5943996 ], [ 109.1481829, 22.5946324 ], [ 109.1480809, 22.5948652 ], [ 109.1480166, 22.5950732 ], [ 109.1480219, 22.5953307 ], [ 109.1480863, 22.5954867 ], [ 109.1481936, 22.5955907 ], [ 109.1485772, 22.5957963 ], [ 109.148722, 22.5959127 ], [ 109.1488159, 22.5960439 ], [ 109.1488695, 22.5962098 ], [ 109.1490385, 22.5971112 ], [ 109.1491109, 22.5978516 ], [ 109.1491002, 22.598389 ], [ 109.1490787, 22.598597 ], [ 109.1490278, 22.5987332 ], [ 109.1489151, 22.5989238 ], [ 109.1485518, 22.5993251 ] ] } },
{ "type": "Feature", "properties": { "osm_id": "1435279349", "name": "娣卞崡楂橀", "highway": "motorway" }, "geometry": { "type": "LineString", "coordinates": [ [ 109.1362309, 22.5960538 ], [ 109.1387844, 22.5950435 ], [ 109.1410482, 22.5942808 ], [ 109.141454, 22.5941715 ], [ 109.1418622, 22.5940701 ], [ 109.1422727, 22.5939769 ], [ 109.1426853, 22.5938917 ], [ 109.1430997, 22.5938147 ], [ 109.1435158, 22.5937459 ], [ 109.1439467, 22.5936835 ], [ 109.1443789, 22.5936298 ], [ 109.1448123, 22.593585 ], [ 109.1452467, 22.5935489 ], [ 109.1456818, 22.5935217 ], [ 109.1461175, 22.5935033 ], [ 109.1465535, 22.5934938 ], [ 109.1469896, 22.5934931 ] ] } },
{ "type": "Feature", "properties": { "osm_id": "1435279350", "name": "娣卞崡楂橀", "highway": "motorway" }, "geometry": { "type": "LineString", "coordinates": [ [ 109.1469883, 22.5936234 ], [ 109.1465553, 22.5936241 ], [ 109.1461224, 22.5936336 ], [ 109.1456898, 22.5936518 ], [ 109.1452578, 22.5936788 ], [ 109.1448265, 22.5937146 ], [ 109.1443962, 22.5937592 ], [ 109.143967, 22.5938124 ], [ 109.1435392, 22.5938744 ], [ 109.1431261, 22.5939427 ], [ 109.1427146, 22.5940192 ], [ 109.142305, 22.5941037 ], [ 109.1418974, 22.5941963 ], [ 109.1414921, 22.5942969 ], [ 109.1410922, 22.5944047 ], [ 109.1388364, 22.5951647 ], [ 109.1362871, 22.5961734 ] ] } },
{ "type": "Feature", "properties": { "osm_id": "990286376", "name": "娣卞崡楂橀", "highway": "motorway" }, "geometry": { "type": "LineString", "coordinates": [ [ 109.1263301, 22.6001951 ], [ 109.1241247, 22.6010691 ], [ 109.1225459, 22.6015383 ], [ 109.1209992, 22.6018578 ], [ 109.1197632, 22.602008 ], [ 109.1182625, 22.6020578 ], [ 109.1133136, 22.6020479 ], [ 109.1113791, 22.602038 ], [ 109.1080837, 22.6023538 ] ] } },
{ "type": "Feature", "properties": { "osm_id": "1512989099", "name": "娣卞崡楂橀", "highway": "motorway" }, "geometry": { "type": "LineString", "coordinates": [ [ 109.076761, 22.6020662 ], [ 109.0795183, 22.6014026 ], [ 109.0816426, 22.6011748 ], [ 109.0840995, 22.6010757 ], [ 109.0857303, 22.6011351 ], [ 109.0914917, 22.6021256 ], [ 109.093124, 22.6023717 ] ] } },
{ "type": "Feature", "properties": { "osm_id": "1512989100", "name": "娣卞崡楂橀", "highway": "motorway" }, "geometry": { "type": "LineString", "coordinates": [ [ 109.0930977, 22.6024997 ], [ 109.0914664, 22.6022538 ], [ 109.0857145, 22.601265 ], [ 109.0840998, 22.6012061 ], [ 109.0816539, 22.6013047 ], [ 109.0795444, 22.6015309 ], [ 109.0767971, 22.6021921 ] ] } },
{ "type": "Feature", "properties": { "osm_id": "990286392", "name": "娣卞崡楂橀", "highway": "motorway" }, "geometry": { "type": "LineString", "coordinates": [ [ 109.107541, 22.6022762 ], [ 109.108069, 22.6022242 ] ] } },
{ "type": "Feature", "properties": { "osm_id": "1512989111", "name": "娣卞崡楂橀", "highway": "motorway" }, "geometry": { "type": "LineString", "coordinates": [ [ 109.0751067, 22.6024765 ], [ 109.076761, 22.6020662 ] ] } },
{ "type": "Feature", "properties": { "osm_id": "990286377", "name": "娣卞崡楂橀", "highway": "motorway" }, "geometry": { "type": "LineString", "coordinates": [ [ 109.1080837, 22.6023538 ], [ 109.1075603, 22.6024054 ] ] } },
{ "type": "Feature", "properties": { "osm_id": "1512989112", "name": "娣卞崡楂橀", "highway": "motorway" }, "geometry": { "type": "LineString", "coordinates": [ [ 109.0767971, 22.6021921 ], [ 109.0751434, 22.6026023 ] ] } },
{ "type": "Feature", "properties": { "osm_id": "1498597898", "name": "娣卞崡楂橀", "highway": "motorway" }, "geometry": { "type": "LineString", "coordinates": [ [ 109.093124, 22.6023717 ], [ 109.0945463, 22.6025851 ] ] } },
{ "type": "Feature", "properties": { "osm_id": "1498597899", "name": "娣卞崡楂橀", "highway": "motorway" }, "geometry": { "type": "LineString", "coordinates": [ [ 109.0945089, 22.6027113 ], [ 109.0930977, 22.6024997 ] ] } },
{ "type": "Feature", "properties": { "osm_id": "1498597896", "name": "娣卞崡楂橀", "highway": "motorway" }, "geometry": { "type": "LineString", "coordinates": [ [ 109.0945463, 22.6025851 ], [ 109.096266, 22.6029081 ], [ 109.0988302, 22.6031458 ], [ 109.1014373, 22.6031854 ], [ 109.1033256, 22.6029873 ], [ 109.1062868, 22.6024723 ], [ 109.107541, 22.6022762 ] ] } },
{ "type": "Feature", "properties": { "osm_id": "1435279337", "name": null, "highway": "motorway_link" }, "geometry": { "type": "LineString", "coordinates": [ [ 109.1509134, 22.5970109 ], [ 109.1519223, 22.5968673 ], [ 109.1524102, 22.5967929 ], [ 109.152819577577901, 22.596730390505058 ] ] } },
{ "type": "Feature", "properties": { "osm_id": "1435279338", "name": null, "highway": "motorway_link" }, "geometry": { "type": "LineString", "coordinates": [ [ 109.152993852831514, 22.596870384113082 ], [ 109.1529225, 22.5968963 ], [ 109.1524409, 22.5969699 ], [ 109.151954, 22.5970442 ], [ 109.151714, 22.5970493 ], [ 109.1514002, 22.5970295 ], [ 109.1509134, 22.5970109 ] ] } },
{ "type": "Feature", "properties": { "osm_id": "1435279339", "name": null, "highway": "motorway_link" }, "geometry": { "type": "LineString", "coordinates": [ [ 109.1490385, 22.5971112 ], [ 109.1495521, 22.5970134 ], [ 109.1500443, 22.5969886 ], [ 109.1509134, 22.5970109 ] ] } },
{ "type": "Feature", "properties": { "osm_id": "528959704", "name": null, "highway": "secondary" }, "geometry": { "type": "LineString", "coordinates": [ [ 109.1485518, 22.5993251 ], [ 109.1482454, 22.599661 ] ] } },
{ "type": "Feature", "properties": { "osm_id": "528959701", "name": null, "highway": "secondary" }, "geometry": { "type": "LineString", "coordinates": [ [ 109.1482454, 22.599661 ], [ 109.1481384, 22.5997817 ], [ 109.1479133, 22.6000493 ], [ 109.1478127, 22.600318 ], [ 109.147802, 22.6006052 ], [ 109.147912, 22.6016527 ], [ 109.1480032, 22.6019944 ], [ 109.1482231, 22.602606 ], [ 109.1482526, 22.6028412 ], [ 109.1482204, 22.6039728 ], [ 109.1481721, 22.6042898 ], [ 109.1480863, 22.6045201 ], [ 109.1479468, 22.6047132 ], [ 109.1473179, 22.6054103 ], [ 109.1471475, 22.6055526 ], [ 109.1469303, 22.6056467 ], [ 109.1467184, 22.6056802 ], [ 109.146257, 22.605726 ], [ 109.1459308, 22.6058493 ], [ 109.1457206, 22.606033 ], [ 109.1444944, 22.6072768 ], [ 109.1447291, 22.6080877 ], [ 109.1442785, 22.6095338 ], [ 109.1450724, 22.6104252 ], [ 109.1449008, 22.6110194 ], [ 109.1449652, 22.6117325 ], [ 109.1445027, 22.6117385 ], [ 109.1436992, 22.6112769 ], [ 109.143161, 22.6112084 ], [ 109.1426574, 22.6114017 ] ] } },
{ "type": "Feature", "properties": { "osm_id": "990286389", "name": "娣卞崡楂橀", "highway": "motorway" }, "geometry": { "type": "LineString", "coordinates": [ [ 109.1478614, 22.5935184 ], [ 109.1482966, 22.5935443 ], [ 109.1487311, 22.593579 ], [ 109.148920075457355, 22.593597958561794 ] ] } },
{ "type": "Feature", "properties": { "osm_id": "990286385", "name": "娣卞崡楂橀", "highway": "motorway" }, "geometry": { "type": "LineString", "coordinates": [ [ 109.149106548368096, 22.593747750428577 ], [ 109.1487174, 22.5937087 ], [ 109.148286, 22.5936742 ], [ 109.1478539, 22.5936485 ] ] } },
{ "type": "Feature", "properties": { "osm_id": "387849408", "name": null, "highway": "secondary" }, "geometry": { "type": "LineString", "coordinates": [ [ 109.1662976, 22.7056543 ], [ 109.166674377064012, 22.705288813550251 ] ] } },
{ "type": "Feature", "properties": { "osm_id": "1498597897", "name": "娣卞崡楂橀", "highway": "motorway" }, "geometry": { "type": "LineString", "coordinates": [ [ 109.1075603, 22.6024054 ], [ 109.1063116, 22.6026006 ], [ 109.1033467, 22.6031163 ], [ 109.1014442, 22.6033158 ], [ 109.098822, 22.603276 ], [ 109.0962466, 22.6030372 ], [ 109.0945089, 22.6027113 ] ] } },
{ "type": "Feature", "properties": { "osm_id": "1512989110", "name": "娣卞崡楂橀", "highway": "motorway" }, "geometry": { "type": "LineString", "coordinates": [ [ 109.0615914, 22.6050615 ], [ 109.0634358, 22.6050376 ], [ 109.0658176, 22.6047306 ], [ 109.0685749, 22.6041264 ], [ 109.0721691, 22.6032052 ], [ 109.0751067, 22.6024765 ] ] } },
{ "type": "Feature", "properties": { "osm_id": "1512989109", "name": "娣卞崡楂橀", "highway": "motorway" }, "geometry": { "type": "LineString", "coordinates": [ [ 109.0751434, 22.6026023 ], [ 109.0722062, 22.6033309 ], [ 109.0686101, 22.6042526 ], [ 109.0658437, 22.6048588 ], [ 109.0634474, 22.6051677 ], [ 109.0615912, 22.6051919 ] ] } },
{ "type": "Feature", "properties": { "osm_id": "940632955", "name": null, "highway": "trunk" }, "geometry": { "type": "LineString", "coordinates": [ [ 109.148964573577672, 22.715326105064577 ], [ 109.1491351, 22.7152673 ], [ 109.1499528, 22.7151463 ], [ 109.1505758, 22.715056 ], [ 109.1516086, 22.7149064 ], [ 109.1559924, 22.7142712 ], [ 109.1567946, 22.7140933 ], [ 109.1573269, 22.7138798 ], [ 109.1578128, 22.7136308 ], [ 109.1583605, 22.7132039 ], [ 109.1596938, 22.7119357 ], [ 109.1662976, 22.7056543 ], [ 109.166652574259302, 22.705380321851447 ] ] } },
{ "type": "Feature", "properties": { "osm_id": "1016212239", "name": null, "highway": "trunk" }, "geometry": { "type": "LineString", "coordinates": [ [ 108.825072052671288, 22.435057747324972 ], [ 108.825155, 22.4350687 ], [ 108.825275, 22.4350757 ], [ 108.8253951, 22.4350739 ], [ 108.8255479, 22.4350839 ], [ 108.825701, 22.4350864 ], [ 108.8258541, 22.4350814 ], [ 108.8260066, 22.4350689 ], [ 108.8261371, 22.4350523 ], [ 108.8262666, 22.4350302 ], [ 108.8263948, 22.4350026 ], [ 108.8265216, 22.4349698 ], [ 108.8269615, 22.4348359 ], [ 108.8270472, 22.4348219 ], [ 108.8271341, 22.4348169 ], [ 108.827221, 22.434821 ], [ 108.8273069, 22.4348339 ], [ 108.8273907, 22.4348557 ], [ 108.8274653, 22.4348834 ], [ 108.8275365, 22.4349182 ], [ 108.8276034, 22.4349595 ], [ 108.8276653, 22.435007 ], [ 108.8277215, 22.4350602 ], [ 108.8277715, 22.4351185 ], [ 108.8281631, 22.4354358 ], [ 108.8285387, 22.4357581 ], [ 108.8289785, 22.4363531 ], [ 108.829751, 22.4375531 ], [ 108.8302928, 22.4385794 ], [ 108.8303616, 22.4387074 ], [ 108.830438, 22.4388315 ], [ 108.8305219, 22.4389515 ], [ 108.8306129, 22.439067 ], [ 108.8307108, 22.4391776 ], [ 108.8308152, 22.4392829 ], [ 108.8309258, 22.4393827 ], [ 108.8310444, 22.4394781 ], [ 108.8311687, 22.4395671 ], [ 108.8312982, 22.4396495 ], [ 108.8314327, 22.4397248 ], [ 108.8315715, 22.439793 ], [ 108.8317144, 22.4398537 ], [ 108.8318811, 22.4399071 ], [ 108.8320452, 22.439967 ], [ 108.8322064, 22.4400335 ], [ 108.8323643, 22.4401062 ], [ 108.8325187, 22.4401852 ], [ 108.8326693, 22.4402702 ], [ 108.8328097, 22.4403572 ], [ 108.8329461, 22.4404494 ], [ 108.8330783, 22.4405467 ], [ 108.833206, 22.440649 ], [ 108.8333291, 22.4407561 ], [ 108.8347131, 22.4421146 ], [ 108.8348228, 22.4422544 ], [ 108.8349394, 22.4423894 ], [ 108.8350626, 22.4425192 ], [ 108.8351922, 22.4426436 ], [ 108.8353279, 22.4427623 ], [ 108.8354694, 22.4428751 ], [ 108.8356163, 22.4429818 ], [ 108.8357685, 22.443082 ], [ 108.8359255, 22.4431757 ], [ 108.8360862, 22.4432621 ], [ 108.836251, 22.4433416 ], [ 108.8364197, 22.443414 ], [ 108.8365917, 22.4434792 ], [ 108.8367669, 22.4435369 ], [ 108.8369447, 22.4435872 ], [ 108.8384686, 22.4440923 ] ] } },
{ "type": "Feature", "properties": { "osm_id": "791901088", "name": null, "highway": "trunk" }, "geometry": { "type": "LineString", "coordinates": [ [ 108.8384686, 22.4440923 ], [ 108.8405972, 22.4446374 ], [ 108.8431214, 22.4454482 ], [ 108.843373, 22.4454682 ], [ 108.843711, 22.4453485 ], [ 108.8443942, 22.4450428 ], [ 108.844912, 22.4449497 ], [ 108.8454873, 22.4449032 ], [ 108.8463142, 22.444963 ], [ 108.8470118, 22.445096 ], [ 108.8475871, 22.4453552 ], [ 108.8496294, 22.4462524 ], [ 108.8508519, 22.446731 ], [ 108.8538794, 22.4479007 ], [ 108.8546273, 22.4481599 ], [ 108.855708, 22.4485454 ], [ 108.8560564, 22.4488257 ] ] } },
{ "type": "Feature", "properties": { "osm_id": "791901089", "name": null, "highway": "trunk" }, "geometry": { "type": "LineString", "coordinates": [ [ 108.8628252, 22.4504329 ], [ 108.8622701, 22.4503449 ], [ 108.860296, 22.4503846 ], [ 108.8588798, 22.4504441 ], [ 108.8587561, 22.4504553 ], [ 108.8586319, 22.4504594 ], [ 108.8585076, 22.4504563 ], [ 108.8583838, 22.4504461 ], [ 108.858261, 22.4504288 ], [ 108.8581395, 22.4504044 ], [ 108.8580153, 22.4503718 ], [ 108.8578935, 22.4503318 ], [ 108.8577749, 22.4502846 ], [ 108.8576598, 22.4502304 ], [ 108.8575487, 22.4501694 ], [ 108.8574421, 22.450102 ], [ 108.8572785, 22.4499917 ], [ 108.8571193, 22.4498759 ], [ 108.8569647, 22.4497549 ], [ 108.8560564, 22.4488257 ] ] } },
{ "type": "Feature", "properties": { "osm_id": "991463852", "name": null, "highway": "motorway_link" }, "geometry": { "type": "LineString", "coordinates": [ [ 108.8622418, 22.4508596 ], [ 108.8622701, 22.4503449 ] ] } },
{ "type": "Feature", "properties": { "osm_id": "991463826", "name": "鍗楁箾楂橀", "highway": "motorway" }, "geometry": { "type": "LineString", "coordinates": [ [ 108.9070415, 22.4398487 ], [ 108.9096057, 22.439462 ], [ 108.9125459, 22.4392246 ], [ 108.9129209, 22.4391943 ], [ 108.9148756, 22.4390872 ], [ 108.9160487, 22.4389105 ], [ 108.9169415, 22.4387631 ] ] } },
{ "type": "Feature", "properties": { "osm_id": "1295254200", "name": null, "highway": "motorway_link" }, "geometry": { "type": "LineString", "coordinates": [ [ 108.9188766, 22.4396351 ], [ 108.918576, 22.4395715 ], [ 108.9184159, 22.4395278 ], [ 108.9178119, 22.4393446 ], [ 108.9174674, 22.4392421 ], [ 108.9169932, 22.4391919 ], [ 108.9165001, 22.4391723 ], [ 108.9160376, 22.4391723 ], [ 108.9148981, 22.439316 ] ] } },
{ "type": "Feature", "properties": { "osm_id": "991463821", "name": "鍗楁箾楂橀", "highway": "motorway" }, "geometry": { "type": "LineString", "coordinates": [ [ 108.916959, 22.4389094 ], [ 108.9156864, 22.4390949 ], [ 108.9151138, 22.439169 ], [ 108.9147105, 22.4391972 ], [ 108.9129302, 22.4393062 ], [ 108.9096208, 22.4395735 ], [ 108.9070611, 22.4399596 ] ] } },
{ "type": "Feature", "properties": { "osm_id": "991463829", "name": "鍗楁箾楂橀", "highway": "motorway" }, "geometry": { "type": "LineString", "coordinates": [ [ 108.9015376, 22.4416337 ], [ 108.9018886, 22.4414629 ], [ 108.9022434, 22.4412991 ], [ 108.9026019, 22.4411424 ], [ 108.9029639, 22.4409928 ], [ 108.9033294, 22.4408503 ], [ 108.9037296, 22.4407039 ], [ 108.9041334, 22.4405661 ], [ 108.9045406, 22.4404371 ], [ 108.9049509, 22.4403167 ], [ 108.9053641, 22.4402053 ], [ 108.90578, 22.4401027 ], [ 108.9061983, 22.440009 ], [ 108.9066189, 22.4399244 ], [ 108.9070415, 22.4398487 ] ] } },
{ "type": "Feature", "properties": { "osm_id": "991463827", "name": "鍗楁箾楂橀", "highway": "motorway" }, "geometry": { "type": "LineString", "coordinates": [ [ 108.9070611, 22.4399596 ], [ 108.9066308, 22.440077 ], [ 108.9062226, 22.4401758 ], [ 108.9058172, 22.4402841 ], [ 108.9054149, 22.4404018 ], [ 108.9050159, 22.4405288 ], [ 108.9046205, 22.440665 ], [ 108.9042289, 22.4408103 ], [ 108.9038413, 22.4409647 ], [ 108.9034581, 22.441128 ], [ 108.9031062, 22.4412876 ], [ 108.9027583, 22.4414548 ], [ 108.9024148, 22.4416294 ], [ 108.9020758, 22.4418114 ], [ 108.9017415, 22.4420006 ] ] } },
{ "type": "Feature", "properties": { "osm_id": "991463812", "name": null, "highway": "motorway_link" }, "geometry": { "type": "LineString", "coordinates": [ [ 108.9225716, 22.444575 ], [ 108.9222225, 22.4436893 ], [ 108.921531, 22.4419495 ], [ 108.9212983, 22.4415033 ], [ 108.9211143, 22.4412123 ], [ 108.9208437, 22.440845 ], [ 108.9206164, 22.4406042 ], [ 108.9204661, 22.4404736 ], [ 108.919846, 22.440096 ], [ 108.9192776, 22.439909 ], [ 108.9175858, 22.4394583 ], [ 108.9168928, 22.4393143 ], [ 108.9165102, 22.4392671 ], [ 108.9159159, 22.4392551 ], [ 108.914926, 22.4393157 ], [ 108.9148981, 22.439316 ], [ 108.9136001, 22.4393285 ], [ 108.9129302, 22.4393062 ] ] } },
{ "type": "Feature", "properties": { "osm_id": "991463830", "name": "鍗楁箾楂橀", "highway": "motorway" }, "geometry": { "type": "LineString", "coordinates": [ [ 108.8960231, 22.4454911 ], [ 108.8994563, 22.442903 ], [ 108.9015376, 22.4416337 ] ] } },
{ "type": "Feature", "properties": { "osm_id": "991463828", "name": "鍗楁箾楂橀", "highway": "motorway" }, "geometry": { "type": "LineString", "coordinates": [ [ 108.9017415, 22.4420006 ], [ 108.8996923, 22.4431806 ], [ 108.89622, 22.4456659 ] ] } },
{ "type": "Feature", "properties": { "osm_id": "991187813", "name": "鍗楁箾楂橀", "highway": "motorway" }, "geometry": { "type": "LineString", "coordinates": [ [ 108.8825582, 22.451882 ], [ 108.8854658, 22.4511927 ], [ 108.887912, 22.450459 ], [ 108.8904333, 22.4493087 ], [ 108.8924503, 22.4482378 ], [ 108.8939953, 22.4471768 ], [ 108.8960231, 22.4454911 ] ] } },
{ "type": "Feature", "properties": { "osm_id": "991187810", "name": "鍗楁箾楂橀", "highway": "motorway" }, "geometry": { "type": "LineString", "coordinates": [ [ 108.89622, 22.4456659 ], [ 108.8940712, 22.4472649 ], [ 108.8925172, 22.4483321 ], [ 108.8904906, 22.449408 ], [ 108.887958, 22.4505634 ], [ 108.8854998, 22.4513008 ], [ 108.8825624, 22.4519971 ] ] } },
{ "type": "Feature", "properties": { "osm_id": "991463850", "name": null, "highway": "motorway_link" }, "geometry": { "type": "LineString", "coordinates": [ [ 108.8622701, 22.4503449 ], [ 108.8623334, 22.4509032 ] ] } },
{ "type": "Feature", "properties": { "osm_id": "991463853", "name": null, "highway": "motorway_link" }, "geometry": { "type": "LineString", "coordinates": [ [ 108.8622562, 22.4518863 ], [ 108.8622418, 22.4508596 ] ] } },
{ "type": "Feature", "properties": { "osm_id": "991463849", "name": null, "highway": "motorway_link" }, "geometry": { "type": "LineString", "coordinates": [ [ 108.8623334, 22.4509032 ], [ 108.8623287, 22.4518872 ] ] } },
{ "type": "Feature", "properties": { "osm_id": "791901087", "name": null, "highway": "trunk" }, "geometry": { "type": "LineString", "coordinates": [ [ 108.8628252, 22.4504329 ], [ 108.8631057, 22.450526 ], [ 108.8642203, 22.4507918 ], [ 108.8653997, 22.4512172 ], [ 108.8668523, 22.4516293 ], [ 108.8685638, 22.4518087 ], [ 108.8700452, 22.4519084 ], [ 108.871052, 22.452028 ], [ 108.8718574, 22.4522141 ], [ 108.872519, 22.45246 ] ] } },
{ "type": "Feature", "properties": { "osm_id": "1295254206", "name": "鍗楁箾楂橀", "highway": "motorway" }, "geometry": { "type": "LineString", "coordinates": [ [ 108.8807633, 22.4523051 ], [ 108.8813245, 22.4521744 ], [ 108.8825582, 22.451882 ] ] } },
{ "type": "Feature", "properties": { "osm_id": "1295254205", "name": "鍗楁箾楂橀", "highway": "motorway" }, "geometry": { "type": "LineString", "coordinates": [ [ 108.8825624, 22.4519971 ], [ 108.8813545, 22.4522834 ], [ 108.8805937, 22.4524605 ] ] } },
{ "type": "Feature", "properties": { "osm_id": "260586580", "name": null, "highway": "trunk" }, "geometry": { "type": "LineString", "coordinates": [ [ 108.872519, 22.45246 ], [ 108.8726844, 22.452573 ] ] } },
{ "type": "Feature", "properties": { "osm_id": "1295254203", "name": "鍗楁箾楂橀", "highway": "motorway" }, "geometry": { "type": "LineString", "coordinates": [ [ 108.878289, 22.4528812 ], [ 108.8807633, 22.4523051 ] ] } },
{ "type": "Feature", "properties": { "osm_id": "1295254204", "name": "鍗楁箾楂橀", "highway": "motorway" }, "geometry": { "type": "LineString", "coordinates": [ [ 108.8805937, 22.4524605 ], [ 108.8783331, 22.4529718 ] ] } },
{ "type": "Feature", "properties": { "osm_id": "1295254210", "name": "鍗楁箾楂橀", "highway": "motorway" }, "geometry": { "type": "LineString", "coordinates": [ [ 108.8771939, 22.4531362 ], [ 108.878289, 22.4528812 ] ] } },
{ "type": "Feature", "properties": { "osm_id": "1295254208", "name": "鍗楁箾楂橀", "highway": "motorway" }, "geometry": { "type": "LineString", "coordinates": [ [ 108.8783331, 22.4529718 ], [ 108.8765347, 22.4533944 ] ] } },
{ "type": "Feature", "properties": { "osm_id": "1295254209", "name": "鍗楁箾楂橀", "highway": "motorway" }, "geometry": { "type": "LineString", "coordinates": [ [ 108.8753525, 22.4535099 ], [ 108.8771939, 22.4531362 ] ] } },
{ "type": "Feature", "properties": { "osm_id": "1295254207", "name": "鍗楁箾楂橀", "highway": "motorway" }, "geometry": { "type": "LineString", "coordinates": [ [ 108.8765347, 22.4533944 ], [ 108.8753053, 22.4536604 ] ] } },
{ "type": "Feature", "properties": { "osm_id": "991463837", "name": "鍗楁箾楂橀", "highway": "motorway" }, "geometry": { "type": "LineString", "coordinates": [ [ 108.8716466, 22.4544446 ], [ 108.8753525, 22.4535099 ] ] } },
{ "type": "Feature", "properties": { "osm_id": "991463835", "name": "鍗楁箾楂橀", "highway": "motorway" }, "geometry": { "type": "LineString", "coordinates": [ [ 108.8753053, 22.4536604 ], [ 108.871577, 22.4545917 ] ] } },
{ "type": "Feature", "properties": { "osm_id": "991463842", "name": "鍗楁箾楂橀", "highway": "motorway" }, "geometry": { "type": "LineString", "coordinates": [ [ 108.8664129, 22.4559294 ], [ 108.8668835, 22.4557637 ], [ 108.8698232, 22.454911 ], [ 108.8712701, 22.4545565 ], [ 108.8716466, 22.4544446 ] ] } },
{ "type": "Feature", "properties": { "osm_id": "991463840", "name": "鍗楁箾楂橀", "highway": "motorway" }, "geometry": { "type": "LineString", "coordinates": [ [ 108.871577, 22.4545917 ], [ 108.8713013, 22.4546652 ], [ 108.869857, 22.4550191 ], [ 108.8669234, 22.4558701 ], [ 108.8664768, 22.4560273 ] ] } },
{ "type": "Feature", "properties": { "osm_id": "991463851", "name": null, "highway": "motorway_link" }, "geometry": { "type": "LineString", "coordinates": [ [ 108.8623287, 22.4518872 ], [ 108.8623113, 22.4520335 ], [ 108.8622861, 22.4521789 ], [ 108.8622531, 22.4523229 ], [ 108.8622123, 22.4524652 ], [ 108.8621638, 22.4526054 ], [ 108.8621079, 22.4527434 ], [ 108.8620353, 22.4528968 ], [ 108.8619533, 22.4530463 ], [ 108.8618622, 22.4531913 ], [ 108.8617624, 22.4533313 ], [ 108.8616542, 22.4534657 ], [ 108.8615367, 22.4535956 ], [ 108.8609522, 22.4541158 ], [ 108.8604849, 22.4545738 ], [ 108.8593872, 22.4553216 ], [ 108.8588181, 22.4557293 ], [ 108.8585994, 22.4560075 ], [ 108.8583808, 22.4564078 ], [ 108.8580656, 22.4573287 ], [ 108.8579643, 22.4578505 ], [ 108.8579175, 22.4580914 ], [ 108.8578644, 22.4588957 ], [ 108.8579063, 22.4592824 ], [ 108.857924, 22.4593453 ], [ 108.85795, 22.459407 ], [ 108.8579835, 22.4594655 ], [ 108.8580242, 22.4595201 ], [ 108.8580714, 22.4595699 ], [ 108.8581245, 22.4596143 ], [ 108.8581828, 22.4596528 ], [ 108.8582455, 22.4596848 ], [ 108.8583118, 22.4597099 ], [ 108.8583829, 22.4597281 ], [ 108.8584558, 22.4597384 ], [ 108.8585295, 22.4597406 ], [ 108.858603, 22.4597347 ], [ 108.8586752, 22.4597207 ], [ 108.8587451, 22.4596989 ], [ 108.8588117, 22.4596695 ], [ 108.858874, 22.4596331 ], [ 108.8589245, 22.4595895 ], [ 108.858969, 22.4595406 ], [ 108.8590067, 22.4594871 ], [ 108.859037, 22.4594297 ], [ 108.8590597, 22.4593694 ], [ 108.8590742, 22.459307 ], [ 108.8590804, 22.4592434 ], [ 108.8590783, 22.4591795 ], [ 108.859067, 22.4591135 ], [ 108.8590468, 22.4590492 ], [ 108.8590179, 22.4589879 ], [ 108.8589808, 22.4589305 ], [ 108.8589361, 22.4588779 ], [ 108.8588846, 22.4588309 ], [ 108.858827, 22.4587904 ], [ 108.8587643, 22.458757 ], [ 108.8586975, 22.4587312 ], [ 108.8586277, 22.4587135 ], [ 108.8584614, 22.4586986 ], [ 108.8581932, 22.4587135 ] ] } },
{ "type": "Feature", "properties": { "osm_id": "991463854", "name": null, "highway": "motorway_link" }, "geometry": { "type": "LineString", "coordinates": [ [ 108.860914, 22.4578932 ], [ 108.8600063, 22.4583318 ], [ 108.8594484, 22.4589961 ], [ 108.8590836, 22.4595216 ], [ 108.8590342, 22.4595819 ], [ 108.8589773, 22.4596364 ], [ 108.8589138, 22.4596842 ], [ 108.8588446, 22.4597247 ], [ 108.8587707, 22.4597572 ], [ 108.8586931, 22.4597815 ], [ 108.858613, 22.459797 ], [ 108.8585314, 22.4598036 ], [ 108.8584496, 22.4598011 ], [ 108.8583686, 22.4597897 ], [ 108.8582897, 22.4597695 ], [ 108.8582161, 22.4597416 ], [ 108.8581464, 22.4597061 ], [ 108.8580817, 22.4596634 ], [ 108.8580228, 22.459614 ], [ 108.8579704, 22.4595587 ], [ 108.8579253, 22.4594982 ], [ 108.857888, 22.4594332 ], [ 108.8578592, 22.4593647 ], [ 108.8578391, 22.4592936 ], [ 108.8577962, 22.458897 ], [ 108.8578498, 22.4580839 ], [ 108.8582017, 22.4565718 ], [ 108.8584873, 22.455959 ], [ 108.8587258, 22.4556166 ], [ 108.8593139, 22.4551718 ], [ 108.8598454, 22.4548317 ], [ 108.8609075, 22.4540682 ], [ 108.8614869, 22.4535526 ], [ 108.8616008, 22.4534268 ], [ 108.8617067, 22.4532952 ], [ 108.8618044, 22.4531582 ], [ 108.8618935, 22.4530163 ], [ 108.8619737, 22.45287 ], [ 108.8620448, 22.4527197 ], [ 108.8620995, 22.4525848 ], [ 108.8621469, 22.4524476 ], [ 108.8621868, 22.4523083 ], [ 108.8622192, 22.4521674 ], [ 108.8622439, 22.4520251 ], [ 108.8622562, 22.4518863 ] ] } },
{ "type": "Feature", "properties": { "osm_id": "991187814", "name": "鍗楁箾楂橀", "highway": "motorway" }, "geometry": { "type": "LineString", "coordinates": [ [ 108.8630824, 22.4570757 ], [ 108.8664129, 22.4559294 ] ] } },
{ "type": "Feature", "properties": { "osm_id": "260648928", "name": "鍏閽﹂珮閫", "highway": "motorway" }, "geometry": { "type": "LineString", "coordinates": [ [ 108.9228671, 22.4527194 ], [ 108.9231978, 22.4491578 ] ] } },
{ "type": "Feature", "properties": { "osm_id": "260648930", "name": "鍏閽﹂珮閫", "highway": "motorway" }, "geometry": { "type": "LineString", "coordinates": [ [ 108.9234279, 22.4491644 ], [ 108.9230463, 22.4527512 ] ] } },
{ "type": "Feature", "properties": { "osm_id": "1533531195", "name": null, "highway": "secondary" }, "geometry": { "type": "LineString", "coordinates": [ [ 108.9383579, 22.441068 ], [ 108.938431, 22.4411938 ], [ 108.9386228, 22.4416363 ], [ 108.9387323, 22.4420556 ], [ 108.9387732, 22.4422599 ], [ 108.9387641, 22.4425104 ], [ 108.9387187, 22.4426866 ], [ 108.9385449, 22.4433402 ], [ 108.938507, 22.4435421 ], [ 108.9386292, 22.4438145 ], [ 108.9388232, 22.444027 ], [ 108.9390963, 22.4444256 ], [ 108.9392257, 22.4446913 ], [ 108.9393026, 22.4448649 ], [ 108.9395251, 22.4452508 ], [ 108.9397783, 22.4457358 ], [ 108.9400406, 22.446354 ], [ 108.9402221, 22.447002 ], [ 108.9403987, 22.4478077 ], [ 108.940425, 22.448268 ], [ 108.9403209, 22.4490316 ], [ 108.9402319, 22.4496639 ], [ 108.9410627, 22.4518902 ], [ 108.9411722, 22.4522905 ], [ 108.9412397, 22.4530741 ], [ 108.941233, 22.4539802 ], [ 108.9410869, 22.4546784 ], [ 108.9408523, 22.4553467 ], [ 108.9404035, 22.4560708 ], [ 108.9400972, 22.4565427 ], [ 108.9397559, 22.457229 ], [ 108.9396145, 22.4574346 ], [ 108.9392979, 22.4577426 ], [ 108.9392026, 22.4578926 ], [ 108.9390817, 22.4580828 ], [ 108.9386042, 22.458828 ], [ 108.9379437, 22.4597305 ], [ 108.937694, 22.4602058 ], [ 108.9373701, 22.4608153 ], [ 108.9372944, 22.4612081 ], [ 108.937247, 22.4616207 ], [ 108.9371757, 22.4617964 ], [ 108.9370932, 22.4620732 ], [ 108.9369063, 22.4623655 ], [ 108.936518, 22.4627974 ], [ 108.9361585, 22.463349 ], [ 108.9358062, 22.4638075 ], [ 108.9356336, 22.4640334 ], [ 108.9353532, 22.4646912 ], [ 108.9352022, 22.4651098 ], [ 108.9351734, 22.4653357 ], [ 108.935195, 22.4658075 ], [ 108.9352022, 22.46606 ], [ 108.9351878, 22.4664387 ], [ 108.935231, 22.4670899 ], [ 108.9353676, 22.4674088 ], [ 108.935817, 22.4681065 ], [ 108.9359392, 22.4684321 ], [ 108.9359248, 22.4691565 ], [ 108.9358457, 22.4695885 ], [ 108.9357235, 22.4698676 ], [ 108.9350043, 22.4706717 ], [ 108.9344688, 22.4713893 ] ] } },
{ "type": "Feature", "properties": { "osm_id": "260652630", "name": "鍏閽﹂珮閫", "highway": "motorway" }, "geometry": { "type": "LineString", "coordinates": [ [ 108.9220015, 22.4655877 ], [ 108.9220228, 22.4645923 ], [ 108.9220371, 22.4633404 ], [ 108.9218719, 22.4599268 ], [ 108.9218501, 22.4589971 ], [ 108.9219226, 22.4576784 ], [ 108.9220895, 22.4564983 ], [ 108.9222993, 22.4556289 ], [ 108.9227664, 22.4535234 ], [ 108.9228671, 22.4527194 ] ] } },
{ "type": "Feature", "properties": { "osm_id": "260648932", "name": "鍏閽﹂珮閫", "highway": "motorway" }, "geometry": { "type": "LineString", "coordinates": [ [ 108.9230463, 22.4527512 ], [ 108.9229606, 22.4535566 ], [ 108.9224321, 22.4556563 ], [ 108.9222236, 22.4565202 ], [ 108.9220582, 22.4576898 ], [ 108.9219863, 22.4589989 ], [ 108.9220079, 22.4599226 ], [ 108.9221733, 22.4633383 ], [ 108.9221589, 22.4645942 ], [ 108.9221448, 22.4656275 ] ] } },
{ "type": "Feature", "properties": { "osm_id": "260586572", "name": null, "highway": "trunk" }, "geometry": { "type": "LineString", "coordinates": [ [ 108.8726844, 22.452573 ], [ 108.873195, 22.4528455 ], [ 108.8736552, 22.4529851 ], [ 108.8739428, 22.4531579 ], [ 108.8753164, 22.4542212 ], [ 108.8755752, 22.4542877 ], [ 108.8758473, 22.454263 ], [ 108.875942, 22.4542544 ], [ 108.8762656, 22.4540684 ], [ 108.8767043, 22.4537959 ], [ 108.877258, 22.453417 ], [ 108.8775313, 22.4533439 ], [ 108.877747, 22.4533506 ], [ 108.878477, 22.4534973 ], [ 108.878949, 22.453532 ], [ 108.8803491, 22.4538592 ], [ 108.8811592, 22.4541269 ], [ 108.8826601, 22.4548319 ], [ 108.8835025, 22.4550524 ], [ 108.8838306, 22.4551383 ], [ 108.8845173, 22.4554457 ], [ 108.8867503, 22.4564226 ], [ 108.8881211, 22.4573702 ], [ 108.8885073, 22.4574843 ], [ 108.8888454, 22.457513 ], [ 108.8921015, 22.4575106 ], [ 108.8927726, 22.4575513 ], [ 108.8931127, 22.4575853 ], [ 108.8934031, 22.4576213 ], [ 108.8938949, 22.4577127 ], [ 108.894758, 22.4578908 ], [ 108.8953043, 22.4580705 ], [ 108.8963877, 22.458382 ], [ 108.8972267, 22.4586616 ], [ 108.8982566, 22.4589745 ], [ 108.8986861, 22.4590892 ], [ 108.8989852, 22.4591259 ], [ 108.8992826, 22.459116 ], [ 108.8995754, 22.4590637 ], [ 108.8998627, 22.4589278 ], [ 108.9002694, 22.4586844 ], [ 108.9007948, 22.4583789 ], [ 108.901333, 22.4581973 ], [ 108.9017452, 22.4581045 ], [ 108.9020832, 22.4581099 ], [ 108.9051087, 22.4584366 ], [ 108.9057186, 22.4585029 ], [ 108.9062695, 22.4586003 ], [ 108.9065747, 22.4586907 ], [ 108.9068758, 22.4588223 ], [ 108.9074604, 22.4591145 ], [ 108.9077408, 22.4592475 ], [ 108.908647, 22.4595532 ], [ 108.9097833, 22.4598124 ], [ 108.9112, 22.4600915 ], [ 108.9117077, 22.4601378 ], [ 108.9121125, 22.4601511 ], [ 108.9129995, 22.4600509 ], [ 108.9132161, 22.4600516 ], [ 108.9136013, 22.4600816 ], [ 108.9141433, 22.4601898 ], [ 108.9143473, 22.4602464 ], [ 108.9158241, 22.4608711 ], [ 108.916201, 22.4610696 ], [ 108.9173057, 22.4617996 ], [ 108.9184467, 22.4626346 ], [ 108.9187892, 22.462815 ], [ 108.9191317, 22.4629756 ], [ 108.9196214, 22.463162 ], [ 108.920309, 22.4634113 ], [ 108.9204489, 22.4634895 ], [ 108.9205459, 22.4635611 ], [ 108.9206685, 22.4637097 ], [ 108.9208232, 22.4639706 ], [ 108.9210813, 22.4645776 ], [ 108.9211594, 22.4647724 ], [ 108.9212374, 22.4650229 ], [ 108.9215015, 22.4653533 ], [ 108.9218149, 22.465601 ], [ 108.9222679, 22.4659134 ], [ 108.9225182, 22.4661301 ], [ 108.9226648, 22.4663127 ], [ 108.9227784, 22.4665406 ], [ 108.9228341, 22.4667034 ], [ 108.923024, 22.4673376 ], [ 108.9233574, 22.4686948 ], [ 108.9234639, 22.4689583 ], [ 108.9235359, 22.4690728 ], [ 108.9236234, 22.4691758 ], [ 108.9237524, 22.4693201 ], [ 108.9239281, 22.4694529 ], [ 108.9240791, 22.4695342 ], [ 108.924255, 22.4696041 ], [ 108.9244342, 22.4696329 ], [ 108.9246289, 22.4696359 ], [ 108.9249352, 22.469623 ] ] } },
{ "type": "Feature", "properties": { "osm_id": "260652632", "name": "鍏閽﹂珮閫", "highway": "motorway" }, "geometry": { "type": "LineString", "coordinates": [ [ 108.9219942, 22.4659288 ], [ 108.9220015, 22.4655877 ] ] } },
{ "type": "Feature", "properties": { "osm_id": "260652633", "name": "鍏閽﹂珮閫", "highway": "motorway" }, "geometry": { "type": "LineString", "coordinates": [ [ 108.9221448, 22.4656275 ], [ 108.9221373, 22.4659764 ] ] } },
{ "type": "Feature", "properties": { "osm_id": "1441685506", "name": null, "highway": "trunk" }, "geometry": { "type": "LineString", "coordinates": [ [ 108.9294982, 22.4690972 ], [ 108.9291334, 22.4691038 ], [ 108.9288045, 22.4691364 ], [ 108.927315, 22.4693439 ], [ 108.9269409, 22.4693815 ] ] } },
{ "type": "Feature", "properties": { "osm_id": "1441685503", "name": null, "highway": "trunk" }, "geometry": { "type": "LineString", "coordinates": [ [ 108.9269409, 22.4693815 ], [ 108.9249352, 22.469623 ] ] } },
{ "type": "Feature", "properties": { "osm_id": "991187802", "name": "鍗楁箾楂橀", "highway": "motorway" }, "geometry": { "type": "LineString", "coordinates": [ [ 108.8664768, 22.4560273 ], [ 108.86313, 22.4571746 ] ] } },
{ "type": "Feature", "properties": { "osm_id": "991463847", "name": null, "highway": "motorway_link" }, "geometry": { "type": "LineString", "coordinates": [ [ 108.8583808, 22.4564078 ], [ 108.8582468, 22.4571568 ], [ 108.8582516, 22.4572424 ], [ 108.8582648, 22.4573271 ], [ 108.8582863, 22.4574104 ], [ 108.8583159, 22.4574916 ], [ 108.8583534, 22.4575699 ], [ 108.8583985, 22.4576447 ], [ 108.8584507, 22.4577154 ], [ 108.8585097, 22.4577815 ], [ 108.8585762, 22.4578435 ], [ 108.8586488, 22.4578995 ], [ 108.8587266, 22.457949 ], [ 108.8588091, 22.4579916 ], [ 108.8588955, 22.458027 ], [ 108.8589851, 22.4580548 ], [ 108.8590771, 22.4580748 ], [ 108.8591707, 22.4580868 ], [ 108.8592651, 22.4580908 ], [ 108.8593595, 22.4580866 ], [ 108.8594531, 22.4580744 ], [ 108.8608754, 22.4577865 ] ] } },
{ "type": "Feature", "properties": { "osm_id": "991463857", "name": "鍗楁箾楂橀", "highway": "motorway" }, "geometry": { "type": "LineString", "coordinates": [ [ 108.8580966, 22.4585366 ], [ 108.8608754, 22.4577865 ], [ 108.8630824, 22.4570757 ] ] } },
{ "type": "Feature", "properties": { "osm_id": "991463856", "name": "鍗楁箾楂橀", "highway": "motorway" }, "geometry": { "type": "LineString", "coordinates": [ [ 108.86313, 22.4571746 ], [ 108.860914, 22.4578932 ], [ 108.8581495, 22.4586785 ] ] } },
{ "type": "Feature", "properties": { "osm_id": "991463848", "name": null, "highway": "motorway_link" }, "geometry": { "type": "LineString", "coordinates": [ [ 108.8524911, 22.4596224 ], [ 108.8549883, 22.4590932 ], [ 108.8559914, 22.4588897 ], [ 108.8563717, 22.4587647 ], [ 108.8565076, 22.4587043 ], [ 108.8566398, 22.4586372 ], [ 108.8567678, 22.4585636 ], [ 108.8568914, 22.4584838 ], [ 108.8570101, 22.4583978 ], [ 108.8571285, 22.4583019 ], [ 108.8572409, 22.4581999 ], [ 108.8573469, 22.4580922 ], [ 108.8574461, 22.4579792 ], [ 108.8575383, 22.4578612 ], [ 108.8576231, 22.4577385 ], [ 108.8577003, 22.4576116 ], [ 108.8577696, 22.4574809 ], [ 108.8582017, 22.4565718 ] ] } },
{ "type": "Feature", "properties": { "osm_id": "991463858", "name": "鍗楁箾楂橀", "highway": "motorway" }, "geometry": { "type": "LineString", "coordinates": [ [ 108.85764, 22.4586433 ], [ 108.8580966, 22.4585366 ] ] } },
{ "type": "Feature", "properties": { "osm_id": "991463855", "name": "鍗楁箾楂橀", "highway": "motorway" }, "geometry": { "type": "LineString", "coordinates": [ [ 108.8581495, 22.4586785 ], [ 108.8575732, 22.4587976 ] ] } },
{ "type": "Feature", "properties": { "osm_id": "991463846", "name": null, "highway": "motorway_link" }, "geometry": { "type": "LineString", "coordinates": [ [ 108.8581932, 22.4587135 ], [ 108.8575732, 22.4587976 ] ] } },
{ "type": "Feature", "properties": { "osm_id": "991187815", "name": "鍗楁箾楂橀", "highway": "motorway" }, "geometry": { "type": "LineString", "coordinates": [ [ 108.836001407210688, 22.463640686952964 ], [ 108.836596, 22.4634082 ], [ 108.8392997, 22.4625952 ], [ 108.841896, 22.4620301 ], [ 108.8478398, 22.4607511 ], [ 108.8524911, 22.4596224 ], [ 108.85764, 22.4586433 ] ] } },
{ "type": "Feature", "properties": { "osm_id": "991187803", "name": "鍗楁箾楂橀", "highway": "motorway" }, "geometry": { "type": "LineString", "coordinates": [ [ 108.8575732, 22.4587976 ], [ 108.8554919, 22.4591685 ], [ 108.8525576, 22.459747 ], [ 108.8478673, 22.4608606 ], [ 108.8419238, 22.4621396 ], [ 108.8393325, 22.4627037 ], [ 108.8366386, 22.4635137 ], [ 108.836103403935326, 22.463722960448131 ] ] } },
{ "type": "Feature", "properties": { "osm_id": "1504878275", "name": "骞冲橀晣澶фˉ", "highway": "trunk" }, "geometry": { "type": "LineString", "coordinates": [ [ 108.9294982, 22.4690972 ], [ 108.9297781, 22.4691299 ], [ 108.9301063, 22.4692247 ], [ 108.930406, 22.4693502 ], [ 108.9325236, 22.4704666 ] ] } },
{ "type": "Feature", "properties": { "osm_id": "1016212237", "name": null, "highway": "trunk" }, "geometry": { "type": "LineString", "coordinates": [ [ 108.9325236, 22.4704666 ], [ 108.934051, 22.4712066 ], [ 108.9344688, 22.4713893 ], [ 108.9342204, 22.4717616 ], [ 108.9339759, 22.4723597 ], [ 108.9339112, 22.4726455 ], [ 108.9340262, 22.4741341 ], [ 108.9340119, 22.4746391 ], [ 108.9338968, 22.4754764 ], [ 108.9338752, 22.4759217 ], [ 108.9339471, 22.4762672 ], [ 108.9341054, 22.4765197 ], [ 108.934616, 22.4770979 ], [ 108.9360059, 22.4782051 ], [ 108.9369455, 22.4791405 ], [ 108.9374477, 22.4797162 ] ] } },
{ "type": "Feature", "properties": { "osm_id": "260652635", "name": null, "highway": "trunk" }, "geometry": { "type": "LineString", "coordinates": [ [ 108.9374477, 22.4797162 ], [ 108.9378718, 22.4803249 ], [ 108.9381131, 22.4807879 ], [ 108.9383155, 22.48131 ], [ 108.9385374, 22.4818386 ], [ 108.9388878, 22.4826001 ], [ 108.9397148, 22.4839224 ], [ 108.9398443, 22.484248 ], [ 108.9399809, 22.484866 ], [ 108.9400385, 22.4850986 ], [ 108.9403765, 22.4856235 ], [ 108.9407432, 22.4860621 ], [ 108.9409672, 22.4864485 ], [ 108.9410751, 22.4867922 ], [ 108.94108, 22.4869212 ], [ 108.9410935, 22.4872705 ] ] } },
{ "type": "Feature", "properties": { "osm_id": "260652637", "name": null, "highway": "trunk" }, "geometry": { "type": "LineString", "coordinates": [ [ 108.9410935, 22.4872705 ], [ 108.9410833, 22.4874926 ] ] } },
{ "type": "Feature", "properties": { "osm_id": "260586564", "name": "鍏閽﹂珮閫", "highway": "motorway" }, "geometry": { "type": "LineString", "coordinates": [ [ 108.9110037, 22.5088621 ], [ 108.9111702, 22.5078656 ], [ 108.9114018, 22.5067826 ], [ 108.9117564, 22.5055725 ], [ 108.9138933, 22.4996365 ], [ 108.9149646, 22.4966806 ], [ 108.916223, 22.4930731 ], [ 108.9176684, 22.4890866 ], [ 108.9184149, 22.4869643 ], [ 108.918917, 22.4852146 ], [ 108.9193332, 22.483663 ], [ 108.9196701, 22.4821795 ], [ 108.9200147, 22.4802693 ], [ 108.9202228, 22.4790161 ], [ 108.9204743, 22.4771239 ], [ 108.9216283, 22.4689378 ], [ 108.921851, 22.4671985 ], [ 108.9219942, 22.4659288 ] ] } },
{ "type": "Feature", "properties": { "osm_id": "260652631", "name": "鍏閽﹂珮閫", "highway": "motorway" }, "geometry": { "type": "LineString", "coordinates": [ [ 108.9221373, 22.4659764 ], [ 108.9219863, 22.4672124 ], [ 108.9217634, 22.4689534 ], [ 108.9206093, 22.4771396 ], [ 108.9203576, 22.4790333 ], [ 108.920149, 22.4802891 ], [ 108.9198039, 22.4822027 ], [ 108.9194659, 22.4836911 ], [ 108.9190488, 22.4852458 ], [ 108.9185455, 22.4869999 ], [ 108.9177976, 22.489126 ], [ 108.9163523, 22.4931123 ], [ 108.9150939, 22.4967199 ], [ 108.9140224, 22.4996763 ], [ 108.9118867, 22.5056088 ], [ 108.9115344, 22.5068112 ], [ 108.9113043, 22.5078874 ], [ 108.9111389, 22.5088772 ] ] } },
{ "type": "Feature", "properties": { "osm_id": "791901535", "name": null, "highway": "trunk" }, "geometry": { "type": "LineString", "coordinates": [ [ 108.9410833, 22.4874926 ], [ 108.9410617, 22.4878077 ], [ 108.9411572, 22.4881048 ], [ 108.9415045, 22.4887273 ], [ 108.9421723, 22.4896629 ], [ 108.9425072, 22.4901509 ], [ 108.9428621, 22.4905714 ], [ 108.9430557, 22.4908701 ], [ 108.9432402, 22.4911361 ], [ 108.9434447, 22.4913929 ], [ 108.9436067, 22.4915891 ], [ 108.9439476, 22.4918996 ], [ 108.9441121, 22.4920271 ], [ 108.9446267, 22.4924096 ], [ 108.9453567, 22.4928534 ], [ 108.9457931, 22.4930625 ], [ 108.9473134, 22.4938792 ], [ 108.9475515, 22.4940053 ], [ 108.9476276, 22.4940456 ], [ 108.9479892, 22.4942369 ], [ 108.9486412, 22.4947218 ], [ 108.9489564, 22.4950654 ], [ 108.9490731, 22.4952592 ], [ 108.9492965, 22.4955601 ], [ 108.9494365, 22.4957628 ], [ 108.9495608, 22.4960819 ], [ 108.9496368, 22.4962025 ], [ 108.9497049, 22.4963271 ], [ 108.9497666, 22.496459 ], [ 108.9498195, 22.4965942 ], [ 108.9498633, 22.4967321 ], [ 108.9500525, 22.4971878 ], [ 108.9502016, 22.4977446 ], [ 108.9502704, 22.4983234 ], [ 108.9502524, 22.499408 ], [ 108.9505151, 22.5012592 ], [ 108.9506664, 22.5018717 ], [ 108.9508843, 22.5032276 ], [ 108.9510487, 22.5039572 ], [ 108.9512039, 22.5046669 ], [ 108.9512659, 22.504962 ], [ 108.9514241, 22.5056731 ], [ 108.9517057, 22.5063452 ], [ 108.9518029, 22.5065116 ], [ 108.9519348, 22.5066714 ], [ 108.9520767, 22.5067974 ], [ 108.9522413, 22.5069054 ], [ 108.9524218, 22.5069896 ], [ 108.9525706, 22.5070373 ], [ 108.9553159, 22.5072398 ], [ 108.9556477, 22.5072876 ], [ 108.9559446, 22.5073603 ], [ 108.956223, 22.5074565 ], [ 108.9564798, 22.5075719 ], [ 108.9574885, 22.5080076 ], [ 108.9583897, 22.508305 ], [ 108.9593446, 22.5084437 ], [ 108.9603209, 22.5085428 ], [ 108.9611577, 22.5087314 ], [ 108.9614469, 22.508807 ], [ 108.9616896, 22.5089167 ], [ 108.9618768, 22.5090382 ], [ 108.9620298, 22.5091697 ], [ 108.962177, 22.5093373 ], [ 108.9622921, 22.5095155 ], [ 108.9623668, 22.5096752 ], [ 108.9624301, 22.5098817 ], [ 108.9625311, 22.510317 ], [ 108.9627994, 22.5118929 ], [ 108.9629301, 22.5123482 ], [ 108.9631191, 22.5127561 ], [ 108.9633357, 22.5130922 ], [ 108.9634546, 22.5132408 ], [ 108.9637005, 22.5135481 ], [ 108.9638615, 22.5138355 ], [ 108.9639258, 22.5141824 ], [ 108.9639647, 22.5149025 ] ] } },
{ "type": "Feature", "properties": { "osm_id": "260586560", "name": "鍏閽﹂珮閫", "highway": "motorway" }, "geometry": { "type": "LineString", "coordinates": [ [ 108.9108876, 22.5100822 ], [ 108.9110037, 22.5088621 ] ] } },
{ "type": "Feature", "properties": { "osm_id": "260586558", "name": "鍏閽﹂珮閫", "highway": "motorway" }, "geometry": { "type": "LineString", "coordinates": [ [ 108.9111389, 22.5088772 ], [ 108.9110238, 22.5100863 ] ] } },
{ "type": "Feature", "properties": { "osm_id": "1016212234", "name": null, "highway": "trunk" }, "geometry": { "type": "LineString", "coordinates": [ [ 108.9744518, 22.5083309 ], [ 108.9733441, 22.5088957 ], [ 108.9725817, 22.5093808 ], [ 108.9686544, 22.5127098 ], [ 108.967892, 22.5132613 ], [ 108.9671367, 22.5136866 ], [ 108.9639647, 22.5149025 ] ] } },
{ "type": "Feature", "properties": { "osm_id": "260586544", "name": null, "highway": "primary" }, "geometry": { "type": "LineString", "coordinates": [ [ 108.9639647, 22.5149025 ], [ 108.961627, 22.5158261 ], [ 108.9609509, 22.5160786 ], [ 108.9604187, 22.5162182 ], [ 108.9598792, 22.516258 ], [ 108.9596359, 22.5162405 ], [ 108.9593253, 22.5162182 ], [ 108.9574777, 22.5159699 ], [ 108.9572687, 22.5159381 ], [ 108.9564465, 22.5158121 ], [ 108.9560529, 22.5157631 ] ] } },
{ "type": "Feature", "properties": { "osm_id": "1441685518", "name": "娌欏潽娌冲ぇ妗", "highway": "primary" }, "geometry": { "type": "LineString", "coordinates": [ [ 108.9560529, 22.5157631 ], [ 108.9557618, 22.5157297 ], [ 108.9554684, 22.515721 ], [ 108.9551322, 22.5157849 ], [ 108.9547492, 22.5158712 ], [ 108.954371, 22.5160092 ], [ 108.9506303, 22.5178901 ], [ 108.950182, 22.5181964 ], [ 108.9498738, 22.5185415 ], [ 108.949687, 22.5188651 ], [ 108.9495936, 22.5191412 ] ] } },
{ "type": "Feature", "properties": { "osm_id": "260586555", "name": "鍏閽﹂珮閫", "highway": "motorway" }, "geometry": { "type": "LineString", "coordinates": [ [ 108.9041995, 22.5301251 ], [ 108.9047496, 22.5291154 ], [ 108.9053459, 22.5282288 ], [ 108.9060444, 22.5273821 ], [ 108.9078401, 22.5256101 ], [ 108.9089124, 22.5245734 ], [ 108.9095948, 22.523687 ], [ 108.9103092, 22.5226376 ], [ 108.9107492, 22.5218773 ], [ 108.9111968, 22.5208338 ], [ 108.9114726, 22.5199324 ], [ 108.9115998, 22.5189983 ], [ 108.9116211, 22.5181075 ], [ 108.9115354, 22.5170655 ], [ 108.9113128, 22.5149627 ], [ 108.9110321, 22.512855 ], [ 108.9109166, 22.5112744 ], [ 108.9108876, 22.5100822 ] ] } },
{ "type": "Feature", "properties": { "osm_id": "260586554", "name": "鍏閽﹂珮閫", "highway": "motorway" }, "geometry": { "type": "LineString", "coordinates": [ [ 108.9110238, 22.5100863 ], [ 108.9110526, 22.5112687 ], [ 108.9111677, 22.5128431 ], [ 108.9114481, 22.5149489 ], [ 108.911671, 22.5170546 ], [ 108.9117573, 22.5181042 ], [ 108.9117357, 22.5190075 ], [ 108.9116063, 22.5199574 ], [ 108.9113258, 22.5208741 ], [ 108.9108728, 22.5219303 ], [ 108.910427, 22.5227008 ], [ 108.9097079, 22.5237569 ], [ 108.9090176, 22.5246536 ], [ 108.9079389, 22.5256965 ], [ 108.9061484, 22.5274633 ], [ 108.9054581, 22.5283002 ], [ 108.9048684, 22.529177 ], [ 108.9043219, 22.5301799 ] ] } },
{ "type": "Feature", "properties": { "osm_id": "1441685519", "name": null, "highway": "primary" }, "geometry": { "type": "LineString", "coordinates": [ [ 108.9495936, 22.5191412 ], [ 108.9495469, 22.5193871 ], [ 108.9495702, 22.5198659 ], [ 108.9496963, 22.5204095 ], [ 108.9500216, 22.5220784 ] ] } },
{ "type": "Feature", "properties": { "osm_id": "260586543", "name": null, "highway": "primary" }, "geometry": { "type": "LineString", "coordinates": [ [ 108.9500216, 22.5220784 ], [ 108.9503021, 22.5233208 ], [ 108.9504315, 22.5241447 ], [ 108.9505826, 22.5265166 ], [ 108.9505322, 22.527088 ], [ 108.9504315, 22.5274733 ], [ 108.9502254, 22.5279761 ], [ 108.9499448, 22.5283681 ], [ 108.9496748, 22.5286967 ] ] } },
{ "type": "Feature", "properties": { "osm_id": "260586550", "name": null, "highway": "primary" }, "geometry": { "type": "LineString", "coordinates": [ [ 108.9097079, 22.5285738 ], [ 108.9094417, 22.5285937 ] ] } },
{ "type": "Feature", "properties": { "osm_id": "260586546", "name": null, "highway": "primary" }, "geometry": { "type": "LineString", "coordinates": [ [ 108.9496748, 22.5286967 ], [ 108.9495442, 22.5288185 ] ] } },
{ "type": "Feature", "properties": { "osm_id": "260586561", "name": "鍏閽﹂珮閫", "highway": "motorway" }, "geometry": { "type": "LineString", "coordinates": [ [ 108.9038737, 22.5307843 ], [ 108.9041995, 22.5301251 ] ] } },
{ "type": "Feature", "properties": { "osm_id": "260586563", "name": "鍏閽﹂珮閫", "highway": "motorway" }, "geometry": { "type": "LineString", "coordinates": [ [ 108.9043219, 22.5301799 ], [ 108.9040011, 22.5308285 ] ] } },
{ "type": "Feature", "properties": { "osm_id": "1561904145", "name": null, "highway": "secondary" }, "geometry": { "type": "LineString", "coordinates": [ [ 109.013464, 22.4833401 ], [ 109.013096, 22.4821366 ], [ 109.0129048, 22.4814564 ], [ 109.0127633, 22.4811556 ], [ 109.0126996, 22.4808874 ], [ 109.0127067, 22.4806781 ], [ 109.012742, 22.4805408 ], [ 109.0129332, 22.4802661 ], [ 109.0137047, 22.4791411 ], [ 109.0139029, 22.4788991 ], [ 109.0142285, 22.4784674 ], [ 109.0143064, 22.4783693 ], [ 109.0144409, 22.4782581 ], [ 109.0145187, 22.4781731 ], [ 109.0149363, 22.4779311 ], [ 109.0152973, 22.4777414 ], [ 109.0159839, 22.4773555 ], [ 109.0161114, 22.477277 ], [ 109.0162034, 22.4771985 ], [ 109.0162812, 22.4770743 ], [ 109.0163733, 22.4766949 ], [ 109.0164653, 22.476309 ], [ 109.0165219, 22.4753541 ], [ 109.0165785, 22.4750532 ], [ 109.0166139, 22.4749093 ], [ 109.0166847, 22.4748112 ], [ 109.016798, 22.4746673 ], [ 109.0169395, 22.4745757 ], [ 109.0173855, 22.4743795 ], [ 109.01752, 22.4742814 ], [ 109.0176049, 22.4741963 ], [ 109.0176757, 22.4740982 ], [ 109.0177323, 22.4739543 ], [ 109.0177535, 22.4738039 ], [ 109.0177535, 22.4732283 ], [ 109.0177512, 22.4719448 ], [ 109.0177512, 22.4704825 ], [ 109.0177351, 22.4698282 ], [ 109.0178048, 22.4692878 ], [ 109.0178155, 22.4687772 ], [ 109.0178638, 22.468683 ], [ 109.017955, 22.4685889 ], [ 109.018132, 22.4684848 ], [ 109.0189313, 22.4680436 ], [ 109.0195375, 22.4676668 ], [ 109.0196824, 22.4675181 ], [ 109.0197789, 22.4673396 ], [ 109.0200793, 22.4666754 ], [ 109.0201276, 22.4665266 ], [ 109.0202456, 22.466373 ], [ 109.0206426, 22.4659764 ], [ 109.0209001, 22.4657384 ], [ 109.0210074, 22.4656095 ], [ 109.0211415, 22.4654559 ], [ 109.0212005, 22.4652873 ], [ 109.0212595, 22.4650196 ], [ 109.0212917, 22.4644942 ], [ 109.02134, 22.4643058 ], [ 109.0213829, 22.4642017 ], [ 109.0215653, 22.4640133 ], [ 109.0219032, 22.4637109 ], [ 109.0222251, 22.4634283 ], [ 109.0224772, 22.4632052 ], [ 109.0226489, 22.4630565 ], [ 109.0228313, 22.4628186 ], [ 109.02318, 22.4622584 ], [ 109.0233731, 22.4618717 ], [ 109.0234374, 22.4616139 ], [ 109.023475, 22.4614354 ], [ 109.0236359, 22.461257 ], [ 109.0240061, 22.4606621 ], [ 109.024505, 22.4599333 ], [ 109.0246444, 22.4597251 ], [ 109.0247545, 22.4594398 ], [ 109.0247969, 22.4593548 ], [ 109.0248889, 22.459237 ], [ 109.0250022, 22.4591455 ], [ 109.025165, 22.4590212 ], [ 109.0256251, 22.4587464 ], [ 109.0260427, 22.4584651 ], [ 109.0262453, 22.4583844 ] ] } },
{ "type": "Feature", "properties": { "osm_id": "387823279", "name": null, "highway": "secondary" }, "geometry": { "type": "LineString", "coordinates": [ [ 109.0596682, 22.4782421 ], [ 109.059234019957586, 22.477967399215398 ] ] } },
{ "type": "Feature", "properties": { "osm_id": "387823254", "name": null, "highway": "trunk" }, "geometry": { "type": "LineString", "coordinates": [ [ 109.063500641638228, 22.479209671566775 ], [ 109.0633003, 22.4792214 ], [ 109.0628153, 22.4792154 ], [ 109.0623879, 22.4791479 ], [ 109.0618743, 22.479012 ], [ 109.0606064, 22.4784459 ], [ 109.0602276, 22.4783325 ], [ 109.0599323, 22.4782701 ], [ 109.0596682, 22.4782421 ], [ 109.059295, 22.4782895 ], [ 109.0590589, 22.4783426 ], [ 109.0588582, 22.4783914 ], [ 109.0586018, 22.4784994 ], [ 109.0583289, 22.4786452 ], [ 109.0573361, 22.4793281 ], [ 109.0553587, 22.4806964 ], [ 109.0543614, 22.4813751 ], [ 109.0537806, 22.4817297 ], [ 109.0532531, 22.4819628 ], [ 109.0523686, 22.4823056 ], [ 109.0520208, 22.4824732 ], [ 109.0516949, 22.4826785 ], [ 109.0514347, 22.4829179 ], [ 109.0507572, 22.4837276 ], [ 109.0505397, 22.4839604 ], [ 109.0502839, 22.4841766 ], [ 109.0500287, 22.4843416 ], [ 109.0498063, 22.4844384 ], [ 109.0495322, 22.4845153 ], [ 109.0492677, 22.48455 ], [ 109.048954, 22.4845581 ], [ 109.0487004, 22.4845362 ], [ 109.0484915, 22.4845177 ], [ 109.0482948, 22.4844649 ], [ 109.0478986, 22.4842914 ], [ 109.047647, 22.4841173 ], [ 109.0463849, 22.4830853 ], [ 109.045422, 22.4822949 ], [ 109.0451251, 22.4821347 ], [ 109.0447314, 22.4819588 ], [ 109.0444647, 22.4818709 ], [ 109.0441406, 22.4818209 ], [ 109.0438272, 22.4818054 ], [ 109.0434938, 22.4818318 ], [ 109.0431464, 22.481902 ], [ 109.0423389, 22.4821429 ], [ 109.0416329, 22.4823079 ], [ 109.0412404, 22.4823374 ], [ 109.040962, 22.482337 ], [ 109.040774, 22.4823442 ], [ 109.0405059, 22.4822929 ], [ 109.0402501, 22.4822037 ], [ 109.0398456, 22.4819957 ] ] } },
{ "type": "Feature", "properties": { "osm_id": "1561904147", "name": null, "highway": "secondary" }, "geometry": { "type": "LineString", "coordinates": [ [ 109.013464, 22.4833401 ], [ 109.0137409, 22.4834961 ] ] } },
{ "type": "Feature", "properties": { "osm_id": "1561904146", "name": null, "highway": "secondary" }, "geometry": { "type": "LineString", "coordinates": [ [ 109.0132628, 22.4836333 ], [ 109.013464, 22.4833401 ] ] } },
{ "type": "Feature", "properties": { "osm_id": "260586552", "name": null, "highway": "trunk" }, "geometry": { "type": "LineString", "coordinates": [ [ 109.0398456, 22.4819957 ], [ 109.0387042, 22.4812573 ], [ 109.0382951, 22.4810615 ], [ 109.0379621, 22.480931 ], [ 109.0376723, 22.480862 ], [ 109.0373456, 22.4808537 ], [ 109.0370015, 22.4808981 ], [ 109.0366738, 22.4809804 ], [ 109.0363867, 22.4811333 ], [ 109.0361119, 22.4813165 ], [ 109.0345547, 22.4827952 ], [ 109.0335475, 22.4837493 ], [ 109.032929, 22.484253 ], [ 109.0321132, 22.4847528 ], [ 109.0284857, 22.4867461 ], [ 109.027582, 22.4872144 ], [ 109.0271994, 22.4873177 ], [ 109.0268232, 22.4873656 ], [ 109.0264511, 22.4873489 ], [ 109.0260533, 22.4872427 ], [ 109.0257312, 22.4871061 ], [ 109.025446, 22.4869429 ], [ 109.0251525, 22.4867031 ], [ 109.0249945, 22.486505 ], [ 109.0242765, 22.4855285 ], [ 109.0241271, 22.485363 ], [ 109.023801, 22.4851291 ], [ 109.0234399, 22.4849346 ], [ 109.0231077, 22.4848465 ], [ 109.0215136, 22.484548 ], [ 109.0209511, 22.4843808 ], [ 109.0204584, 22.4841794 ], [ 109.019962, 22.4839 ], [ 109.0186851, 22.4831347 ], [ 109.0182089, 22.4828883 ], [ 109.0178022, 22.4827745 ], [ 109.0174694, 22.4827063 ], [ 109.016988, 22.4826971 ], [ 109.0165296, 22.482738 ], [ 109.0162315, 22.4828017 ], [ 109.0158515, 22.4828903 ], [ 109.01401, 22.4834189 ], [ 109.0137409, 22.4834961 ], [ 109.0132628, 22.4836333 ], [ 109.0124646, 22.4838624 ], [ 109.01184, 22.4840417 ], [ 109.0078048, 22.4852447 ], [ 109.0069561, 22.485577 ], [ 109.0064094, 22.4859159 ], [ 109.003669, 22.4881954 ], [ 109.0030648, 22.4887205 ], [ 109.0026979, 22.4891857 ], [ 109.0024893, 22.4895977 ], [ 109.0018204, 22.4915516 ], [ 109.0015471, 22.4920699 ], [ 109.0011803, 22.4925285 ], [ 109.0003127, 22.4933725 ], [ 108.9987356, 22.4949067 ], [ 108.997829, 22.4957886 ], [ 108.9975119, 22.4960971 ], [ 108.9970876, 22.4964228 ], [ 108.9966776, 22.4966022 ], [ 108.9953829, 22.4968481 ], [ 108.9942536, 22.497094 ], [ 108.9937573, 22.4973199 ], [ 108.9933113, 22.4976588 ], [ 108.9930308, 22.498011 ], [ 108.9928078, 22.4984895 ], [ 108.9926064, 22.4995328 ], [ 108.9924698, 22.4999847 ], [ 108.9922324, 22.5005695 ], [ 108.9915347, 22.5017789 ], [ 108.9912973, 22.5023437 ], [ 108.9912614, 22.5028554 ], [ 108.9912542, 22.505354 ], [ 108.991211, 22.5061846 ], [ 108.991096, 22.5066564 ], [ 108.990873, 22.5071082 ], [ 108.9905781, 22.507487 ], [ 108.9901537, 22.5077927 ], [ 108.9897365, 22.507992 ], [ 108.9892546, 22.5081116 ], [ 108.988672, 22.5081316 ], [ 108.9878448, 22.5080385 ], [ 108.987255, 22.5080119 ], [ 108.9866724, 22.5080651 ], [ 108.986061, 22.5081515 ], [ 108.9829321, 22.5087828 ], [ 108.9824142, 22.5088625 ], [ 108.9819251, 22.5088758 ], [ 108.9814936, 22.5087894 ], [ 108.9809181, 22.5085435 ], [ 108.9790049, 22.5073541 ], [ 108.9784366, 22.5070883 ], [ 108.9779763, 22.5069554 ], [ 108.977444, 22.5069421 ], [ 108.976883, 22.5071016 ], [ 108.9762069, 22.5074139 ], [ 108.9749769, 22.5080385 ] ] } },
{ "type": "Feature", "properties": { "osm_id": "260586547", "name": null, "highway": "trunk" }, "geometry": { "type": "LineString", "coordinates": [ [ 108.9749769, 22.5080385 ], [ 108.9744518, 22.5083309 ] ] } },
{ "type": "Feature", "properties": { "osm_id": "1498413873", "name": "娣卞崡楂橀", "highway": "motorway" }, "geometry": { "type": "LineString", "coordinates": [ [ 109.0186643, 22.6003031 ], [ 109.0214538, 22.5994909 ], [ 109.0235513, 22.5988372 ], [ 109.0251553, 22.5982726 ] ] } },
{ "type": "Feature", "properties": { "osm_id": "1498413872", "name": "娣卞崡楂橀", "highway": "motorway" }, "geometry": { "type": "LineString", "coordinates": [ [ 109.0248416, 22.598589 ], [ 109.0236005, 22.5990007 ], [ 109.0214964, 22.5996151 ], [ 109.0187085, 22.6004269 ] ] } },
{ "type": "Feature", "properties": { "osm_id": "990286393", "name": "娣卞崡楂橀", "highway": "motorway" }, "geometry": { "type": "LineString", "coordinates": [ [ 109.0251553, 22.5982726 ], [ 109.025642, 22.5981196 ], [ 109.0260138, 22.5980096 ], [ 109.0263883, 22.5979079 ], [ 109.0267654, 22.5978146 ], [ 109.0271448, 22.5977298 ], [ 109.0275264, 22.5976535 ], [ 109.0279386, 22.5976079 ], [ 109.0283932, 22.5975729 ], [ 109.0291481, 22.597524 ], [ 109.0295486, 22.5974911 ], [ 109.0299499, 22.5974674 ], [ 109.0303518, 22.597453 ], [ 109.0307539, 22.5974478 ], [ 109.031156, 22.5974519 ], [ 109.0315578, 22.5974653 ], [ 109.0319592, 22.597488 ], [ 109.0323598, 22.5975198 ], [ 109.0327595, 22.597561 ], [ 109.0331579, 22.5976113 ], [ 109.0335549, 22.5976708 ], [ 109.0339501, 22.5977394 ], [ 109.0343433, 22.5978171 ], [ 109.0347343, 22.5979038 ], [ 109.0351228, 22.5979995 ], [ 109.0355086, 22.5981042 ], [ 109.0390921, 22.5993324 ], [ 109.045465, 22.6016007 ], [ 109.048512, 22.6026902 ], [ 109.0516233, 22.6037302 ], [ 109.0545308, 22.6044433 ], [ 109.056741, 22.6048692 ], [ 109.0588224, 22.6050178 ], [ 109.0592353, 22.6050291 ] ] } },
{ "type": "Feature", "properties": { "osm_id": "260586553", "name": null, "highway": "primary" }, "geometry": { "type": "LineString", "coordinates": [ [ 108.9094417, 22.5285937 ], [ 108.9089382, 22.5286668 ], [ 108.908262, 22.5288197 ], [ 108.9060913, 22.5297005 ], [ 108.9059902, 22.5297416 ], [ 108.9046076, 22.5303413 ], [ 108.9043127, 22.5304277 ], [ 108.9037084, 22.5304941 ], [ 108.9029459, 22.5304875 ], [ 108.9023488, 22.5304011 ], [ 108.9017949, 22.5302682 ], [ 108.9008453, 22.5301087 ], [ 108.900126, 22.5300821 ], [ 108.8993706, 22.530122 ], [ 108.8979895, 22.5302881 ], [ 108.8972054, 22.530421 ], [ 108.8965364, 22.5304941 ], [ 108.8960472, 22.5305074 ], [ 108.8954429, 22.5304277 ], [ 108.8949466, 22.5302217 ], [ 108.8945869, 22.5300157 ], [ 108.8941121, 22.5296436 ], [ 108.8935078, 22.5291984 ], [ 108.8930834, 22.5289858 ], [ 108.8926734, 22.528813 ], [ 108.8919684, 22.5286602 ], [ 108.8898391, 22.5283014 ], [ 108.889278, 22.5282283 ], [ 108.8886881, 22.5282748 ], [ 108.8880982, 22.5283745 ], [ 108.8875803, 22.5285539 ], [ 108.8871703, 22.5287732 ], [ 108.8867458, 22.5290589 ], [ 108.8862567, 22.5295373 ], [ 108.8857603, 22.5300821 ], [ 108.8851488, 22.5309659 ], [ 108.8846309, 22.5319028 ], [ 108.8840785, 22.5329962 ], [ 108.8827678, 22.5355904 ], [ 108.8818542, 22.5373844 ], [ 108.8814945, 22.5378295 ], [ 108.8811204, 22.538175 ], [ 108.8806025, 22.5384674 ], [ 108.8799766, 22.5386601 ], [ 108.8786818, 22.5388926 ], [ 108.8783005, 22.5390388 ], [ 108.8778545, 22.5392979 ], [ 108.8765525, 22.5401949 ], [ 108.8761137, 22.540434 ], [ 108.8756173, 22.5406068 ], [ 108.8727974, 22.5412978 ], [ 108.8723226, 22.5414506 ], [ 108.8719773, 22.54161 ], [ 108.8707832, 22.5422146 ], [ 108.8701717, 22.5424073 ], [ 108.869661, 22.5424871 ], [ 108.8690279, 22.5424937 ], [ 108.8683158, 22.5424605 ], [ 108.867841, 22.542507 ], [ 108.8672799, 22.5426266 ], [ 108.8666756, 22.5428325 ], [ 108.8660857, 22.5431515 ], [ 108.8655462, 22.5435169 ], [ 108.8651434, 22.5438889 ], [ 108.8644528, 22.5445799 ], [ 108.8638773, 22.5453174 ], [ 108.8632586, 22.546201 ], [ 108.863059530857214, 22.546484695845638 ] ] } },
{ "type": "Feature", "properties": { "osm_id": "260646401", "name": "鍏閽﹂珮閫", "highway": "motorway" }, "geometry": { "type": "LineString", "coordinates": [ [ 108.9027903, 22.5338064 ], [ 108.9021487, 22.5355702 ], [ 108.9016533, 22.5367975 ], [ 108.9010054, 22.5384126 ], [ 108.9004591, 22.5395347 ], [ 108.8989492, 22.5424766 ], [ 108.8974032, 22.5452591 ], [ 108.895641, 22.548448 ], [ 108.8951867, 22.5496412 ], [ 108.8949802, 22.5506865 ], [ 108.894823, 22.5516832 ], [ 108.8945065, 22.5560146 ], [ 108.8942966, 22.5574379 ], [ 108.8940427, 22.5585502 ], [ 108.8936862, 22.5596186 ], [ 108.8932569, 22.5604987 ], [ 108.8926831, 22.5615116 ], [ 108.892077, 22.562314 ], [ 108.8913521, 22.5630637 ], [ 108.8908457, 22.5635782 ], [ 108.8898539, 22.564474 ], [ 108.8889568, 22.5651688 ], [ 108.8875298, 22.5662137 ], [ 108.8861079, 22.5672068 ], [ 108.8842143, 22.5683504 ], [ 108.8824102, 22.5695385 ], [ 108.8802271, 22.5709509 ], [ 108.8783975, 22.5723621 ], [ 108.877323425100357, 22.573220735255806 ] ] } },
{ "type": "Feature", "properties": { "osm_id": "387800735", "name": "鍏閽﹂珮閫", "highway": "motorway" }, "geometry": { "type": "LineString", "coordinates": [ [ 108.87722692929708, 22.573143046173904 ], [ 108.8783154, 22.5722729 ], [ 108.88015, 22.5708579 ], [ 108.882337, 22.5694429 ], [ 108.8841428, 22.5682537 ], [ 108.8860349, 22.5671111 ], [ 108.8874522, 22.5661212 ], [ 108.8888767, 22.5650782 ], [ 108.8897688, 22.5643872 ], [ 108.8907544, 22.563497 ], [ 108.891258, 22.5629854 ], [ 108.8919774, 22.5622413 ], [ 108.8925746, 22.5614507 ], [ 108.8931429, 22.5604475 ], [ 108.8935674, 22.5595772 ], [ 108.8939199, 22.5585208 ], [ 108.8941717, 22.5574179 ], [ 108.8943803, 22.5560028 ], [ 108.8946969, 22.5516708 ], [ 108.8948552, 22.5506675 ], [ 108.8950638, 22.5496111 ], [ 108.8955242, 22.5484018 ], [ 108.8972904, 22.5452058 ], [ 108.8988355, 22.5424248 ], [ 108.9003441, 22.5394856 ], [ 108.9008881, 22.5383682 ], [ 108.9015338, 22.5367581 ], [ 108.9020291, 22.5355314 ], [ 108.902662, 22.5337643 ] ] } },
{ "type": "Feature", "properties": { "osm_id": "260586551", "name": null, "highway": "primary" }, "geometry": { "type": "LineString", "coordinates": [ [ 108.9495442, 22.5288185 ], [ 108.9493491, 22.5289712 ], [ 108.9487273, 22.5292792 ], [ 108.9485206, 22.5293448 ], [ 108.9473625, 22.5297036 ], [ 108.9465569, 22.5300424 ], [ 108.9441113, 22.5313048 ], [ 108.9430971, 22.53171 ], [ 108.9348208, 22.5348396 ], [ 108.9341806, 22.5349991 ], [ 108.9334109, 22.5350987 ], [ 108.9327059, 22.5351054 ], [ 108.9320369, 22.5350256 ], [ 108.9291235, 22.5347067 ], [ 108.9271668, 22.5344409 ], [ 108.9264834, 22.5342482 ], [ 108.9257353, 22.5339958 ], [ 108.9224766, 22.5323812 ], [ 108.9217907, 22.5320098 ], [ 108.9213757, 22.5317288 ], [ 108.9210792, 22.5314712 ], [ 108.9208076, 22.5311918 ], [ 108.9201818, 22.5304144 ], [ 108.9198869, 22.5301021 ], [ 108.919484, 22.529823 ], [ 108.919074, 22.5296702 ], [ 108.9186208, 22.5295904 ], [ 108.9181172, 22.5296303 ], [ 108.9174914, 22.5298097 ], [ 108.9165843, 22.5301803 ], [ 108.9163692, 22.5302682 ], [ 108.9159287, 22.5303598 ], [ 108.9155217, 22.5303812 ], [ 108.9150942, 22.5303571 ], [ 108.9146499, 22.5302682 ], [ 108.9142614, 22.5301353 ], [ 108.9116502, 22.5289725 ], [ 108.9110747, 22.5287665 ], [ 108.9105064, 22.5286336 ], [ 108.9099309, 22.5285871 ], [ 108.9097079, 22.5285738 ] ] } },
{ "type": "Feature", "properties": { "osm_id": "260586556", "name": "鍏閽﹂珮閫", "highway": "motorway" }, "geometry": { "type": "LineString", "coordinates": [ [ 108.9027996, 22.5334299 ], [ 108.9038737, 22.5307843 ] ] } },
{ "type": "Feature", "properties": { "osm_id": "260586583", "name": null, "highway": "motorway_link" }, "geometry": { "type": "LineString", "coordinates": [ [ 108.9060913, 22.5297005 ], [ 108.9057666, 22.5315935 ], [ 108.9055146, 22.5330889 ], [ 108.9054042, 22.5333802 ], [ 108.9051447, 22.5336054 ], [ 108.904833, 22.5337809 ], [ 108.9045384, 22.5338669 ], [ 108.9041522, 22.5338809 ], [ 108.9031665, 22.5337537 ], [ 108.9023479, 22.5336 ], [ 108.9019451, 22.5335734 ], [ 108.9016214, 22.5336133 ], [ 108.9014056, 22.5337994 ], [ 108.9013048, 22.5339921 ], [ 108.9012904, 22.5342844 ], [ 108.9014127, 22.534497 ], [ 108.9015854, 22.5345701 ], [ 108.9018731, 22.5345701 ], [ 108.902089, 22.5344771 ], [ 108.9023192, 22.5342844 ], [ 108.902662, 22.5337643 ] ] } },
{ "type": "Feature", "properties": { "osm_id": "260586557", "name": "鍏閽﹂珮閫", "highway": "motorway" }, "geometry": { "type": "LineString", "coordinates": [ [ 108.9040011, 22.5308285 ], [ 108.9029269, 22.5334743 ] ] } },
{ "type": "Feature", "properties": { "osm_id": "260586569", "name": null, "highway": "motorway_link" }, "geometry": { "type": "LineString", "coordinates": [ [ 108.9040011, 22.5308285 ], [ 108.9034518, 22.5326109 ], [ 108.9034303, 22.5329828 ], [ 108.9035813, 22.5333216 ], [ 108.9038042, 22.5335408 ], [ 108.9041278, 22.5336603 ], [ 108.9045089, 22.5336736 ], [ 108.9048037, 22.5335806 ], [ 108.9051201, 22.5333814 ], [ 108.9052855, 22.5331887 ], [ 108.9054567, 22.5329071 ] ] } },
{ "type": "Feature", "properties": { "osm_id": "260586582", "name": null, "highway": "motorway_link" }, "geometry": { "type": "LineString", "coordinates": [ [ 108.9015338, 22.5367581 ], [ 108.9016358, 22.5361183 ], [ 108.9016789, 22.5357529 ], [ 108.9016142, 22.5354007 ], [ 108.9014271, 22.5350087 ], [ 108.9012329, 22.5346366 ], [ 108.9011753, 22.5341781 ], [ 108.9012113, 22.5338857 ], [ 108.9013912, 22.5336067 ], [ 108.9017005, 22.5334871 ], [ 108.9022832, 22.5334937 ], [ 108.9031786, 22.5336736 ], [ 108.9041566, 22.5337998 ], [ 108.9045233, 22.5337865 ], [ 108.9047965, 22.5337068 ], [ 108.9050914, 22.5335408 ], [ 108.9053287, 22.5333349 ], [ 108.9054293, 22.5330692 ], [ 108.9054567, 22.5329071 ], [ 108.9056809, 22.5315768 ], [ 108.9059902, 22.5297416 ] ] } },
{ "type": "Feature", "properties": { "osm_id": "260586559", "name": "鍏閽﹂珮閫", "highway": "motorway" }, "geometry": { "type": "LineString", "coordinates": [ [ 108.902662, 22.5337643 ], [ 108.9027996, 22.5334299 ] ] } },
{ "type": "Feature", "properties": { "osm_id": "260586562", "name": "鍏閽﹂珮閫", "highway": "motorway" }, "geometry": { "type": "LineString", "coordinates": [ [ 108.9029269, 22.5334743 ], [ 108.9027903, 22.5338064 ] ] } },
{ "type": "Feature", "properties": { "osm_id": "260586597", "name": null, "highway": "motorway_link" }, "geometry": { "type": "LineString", "coordinates": [ [ 108.904833, 22.5337809 ], [ 108.9044586, 22.5339526 ], [ 108.9038905, 22.5340655 ], [ 108.9034878, 22.5342049 ], [ 108.9031426, 22.5343843 ], [ 108.9028694, 22.5346035 ], [ 108.9026177, 22.5349023 ], [ 108.9024343, 22.5353343 ], [ 108.9016533, 22.5367975 ] ] } },
{ "type": "Feature", "properties": { "osm_id": "260586576", "name": null, "highway": "secondary" }, "geometry": { "type": "MultiLineString", "coordinates": [ [ [ 108.9165843, 22.5301803 ], [ 108.9164483, 22.5304343 ], [ 108.9161965, 22.5306802 ], [ 108.9158081, 22.5307998 ], [ 108.9157218, 22.5308729 ], [ 108.9157361, 22.5310921 ], [ 108.9158728, 22.5313645 ], [ 108.9166641, 22.5322549 ], [ 108.9178151, 22.5335439 ], [ 108.9179446, 22.5338629 ], [ 108.9181964, 22.5349526 ], [ 108.9183546, 22.5354177 ], [ 108.9185632, 22.5356834 ], [ 108.9190903, 22.5362132 ], [ 108.9200307, 22.5371585 ], [ 108.9204408, 22.537391 ], [ 108.9208076, 22.5375638 ], [ 108.9209947, 22.5377764 ], [ 108.921045, 22.5379757 ], [ 108.9211927, 22.5408009 ], [ 108.9214181, 22.541435 ], [ 108.9217506, 22.5422476 ], [ 108.9217185, 22.5426142 ], [ 108.9212893, 22.5430403 ], [ 108.9205276, 22.5434664 ], [ 108.9203666, 22.54417 ], [ 108.9197873, 22.5451807 ], [ 108.9195083, 22.5458941 ], [ 108.9190899, 22.5464688 ], [ 108.9190255, 22.5467066 ], [ 108.9190255, 22.5472219 ], [ 108.9188753, 22.5474795 ], [ 108.9177166, 22.5480641 ], [ 108.9165257, 22.5482326 ], [ 108.9160751, 22.5484109 ], [ 108.9160107, 22.548728 ], [ 108.9160322, 22.5504125 ], [ 108.9154421, 22.5510367 ], [ 108.9155708, 22.5543857 ], [ 108.915764, 22.5554756 ], [ 108.915088, 22.5568331 ], [ 108.9150129, 22.5578536 ], [ 108.9147125, 22.5581706 ], [ 108.9135002, 22.5585471 ], [ 108.912717, 22.5595181 ], [ 108.9107321, 22.5601522 ], [ 108.910421, 22.5604495 ], [ 108.9099704, 22.5613907 ], [ 108.9100669, 22.5617771 ], [ 108.9105562, 22.5624057 ], [ 108.9106248, 22.5628273 ], [ 108.9101528, 22.5644621 ], [ 108.908919, 22.5664237 ], [ 108.9089511, 22.5667903 ], [ 108.9090692, 22.5672659 ], [ 108.9089297, 22.5675334 ], [ 108.9082323, 22.5680783 ], [ 108.9077924, 22.5692374 ], [ 108.9079855, 22.5703074 ], [ 108.9075886, 22.571199 ], [ 108.9076208, 22.5717736 ], [ 108.9075135, 22.571942 ], [ 108.905872, 22.572586 ], [ 108.9046489, 22.5734083 ], [ 108.9037691, 22.5736956 ], [ 108.9021598, 22.5749042 ], [ 108.902031, 22.5751816 ], [ 108.9019667, 22.5762317 ], [ 108.9020954, 22.5767369 ], [ 108.9019838, 22.5770089 ], [ 108.9017414, 22.5773611 ], [ 108.9017414, 22.5776087 ], [ 108.90174849989468, 22.577635188272232 ] ], [ [ 108.901797145707306, 22.577816675968393 ], [ 108.9020096, 22.5786093 ], [ 108.9019238, 22.5790452 ], [ 108.901226764881784, 22.580201224754614 ] ] ] } },
{ "type": "Feature", "properties": { "osm_id": "989896276", "name": null, "highway": "primary" }, "geometry": { "type": "LineString", "coordinates": [ [ 108.9487273, 22.5292792 ], [ 108.9514406, 22.5327121 ], [ 108.9526161, 22.5338799 ], [ 108.9528867, 22.5343309 ], [ 108.9529951, 22.5347019 ], [ 108.9529862, 22.5350115 ], [ 108.9528393, 22.5355588 ], [ 108.9517204, 22.5371762 ], [ 108.9515595, 22.5374858 ], [ 108.9514293, 22.5378281 ], [ 108.9513583, 22.5382071 ], [ 108.9513599, 22.5386966 ], [ 108.9514647, 22.5404409 ], [ 108.9514216, 22.5407611 ], [ 108.9513072, 22.5410731 ], [ 108.9510865, 22.5414551 ], [ 108.9498235, 22.5426352 ], [ 108.9495737, 22.5429082 ], [ 108.9493655, 22.5433133 ], [ 108.9492594, 22.543687 ], [ 108.9492983, 22.5441981 ], [ 108.9495811, 22.5447975 ], [ 108.9518752, 22.5479062 ], [ 108.9520438, 22.5482156 ], [ 108.9521132, 22.5486709 ], [ 108.9520881, 22.5489938 ], [ 108.9513841, 22.5515805 ], [ 108.951304, 22.552174 ], [ 108.9513228, 22.552807 ], [ 108.9514833, 22.5554737 ], [ 108.9513962, 22.5562637 ], [ 108.9510893, 22.5569272 ], [ 108.9506944, 22.5573677 ], [ 108.9503127, 22.5579189 ], [ 108.9501674, 22.5582351 ], [ 108.9501093, 22.5585513 ], [ 108.9500926, 22.5592182 ], [ 108.9503333, 22.5604256 ], [ 108.9504454, 22.5610723 ], [ 108.9503193, 22.5617394 ], [ 108.9493589, 22.5634416 ], [ 108.9491802, 22.5637992 ], [ 108.9491261, 22.5640821 ], [ 108.949131, 22.5643511 ], [ 108.949198, 22.5647639 ], [ 108.9496899, 22.5657045 ], [ 108.9498603, 22.5661846 ], [ 108.9498617, 22.5665887 ], [ 108.9496987, 22.5671605 ], [ 108.9489497, 22.569125 ], [ 108.9488663, 22.5697321 ], [ 108.9488654, 22.5702906 ], [ 108.9499666, 22.5749368 ], [ 108.9500601, 22.575516 ], [ 108.950095, 22.5761181 ], [ 108.9501087, 22.5765112 ], [ 108.950095, 22.5770184 ], [ 108.9500504, 22.5783298 ], [ 108.9499928, 22.5787174 ], [ 108.9496626, 22.579755 ], [ 108.9496429, 22.5802123 ], [ 108.9498427, 22.5808898 ], [ 108.9516658, 22.5833008 ], [ 108.9518667, 22.5837248 ], [ 108.9519173, 22.5840925 ], [ 108.9519327, 22.5843073 ], [ 108.9517774, 22.584812 ], [ 108.9516218, 22.5853071 ], [ 108.9516414, 22.5856258 ], [ 108.9517642, 22.5860957 ], [ 108.9521505, 22.5866576 ], [ 108.9538833, 22.5890018 ], [ 108.9542267, 22.5893695 ], [ 108.9547073, 22.5896738 ], [ 108.9560972, 22.5908302 ], [ 108.9566602, 22.5911979 ], [ 108.9570585, 22.5917177 ], [ 108.9572782, 22.5922122 ], [ 108.9573606, 22.592656 ], [ 108.9573194, 22.5931251 ], [ 108.957237, 22.5936957 ], [ 108.9556028, 22.6001364 ], [ 108.955644, 22.6008591 ], [ 108.9557539, 22.6011887 ], [ 108.9568431, 22.60328 ], [ 108.957508, 22.6039319 ], [ 108.9579013, 22.6041774 ], [ 108.9589399, 22.6045485 ], [ 108.9595341, 22.6049209 ], [ 108.9599115, 22.6054634 ], [ 108.961446, 22.6088918 ], [ 108.9619406, 22.6094055 ], [ 108.9627851, 22.6101098 ], [ 108.96462, 22.6112002 ], [ 108.9659071, 22.611446 ], [ 108.9665319, 22.6115958 ], [ 108.9672479, 22.6117106 ], [ 108.9679758, 22.6120574 ], [ 108.9690308, 22.6128412 ], [ 108.9699345, 22.6134381 ], [ 108.9704245, 22.6135389 ], [ 108.9710236, 22.6134465 ], [ 108.9716455, 22.6131049 ], [ 108.9720712, 22.6127697 ], [ 108.9725491, 22.6126858 ], [ 108.9735266, 22.6129549 ] ] } },
{ "type": "Feature", "properties": { "osm_id": "387800747", "name": null, "highway": "secondary" }, "geometry": { "type": "LineString", "coordinates": [ [ 108.90676519074097, 22.608539927294526 ], [ 108.9068933, 22.6085121 ], [ 108.9084793, 22.6080845 ], [ 108.9087136, 22.6079386 ], [ 108.9088826, 22.6077524 ], [ 108.9093022, 22.607033 ], [ 108.9095202, 22.6069122 ], [ 108.9098908, 22.6068066 ], [ 108.9114441, 22.606389 ], [ 108.9116239, 22.6062481 ], [ 108.9117111, 22.6060569 ], [ 108.9117547, 22.6057047 ], [ 108.9117929, 22.6054833 ], [ 108.9119019, 22.605272 ], [ 108.9120599, 22.6051563 ], [ 108.9122888, 22.6051362 ], [ 108.912703, 22.6052469 ], [ 108.9133624, 22.6057198 ], [ 108.9140219, 22.6061726 ], [ 108.9140709, 22.6062481 ], [ 108.9141472, 22.6064292 ], [ 108.9142344, 22.6068921 ], [ 108.9143216, 22.6070028 ], [ 108.9150356, 22.6074505 ], [ 108.9152154, 22.6076468 ], [ 108.9154116, 22.6080644 ], [ 108.915646, 22.6086731 ], [ 108.9158367, 22.6089498 ], [ 108.9161201, 22.6091461 ], [ 108.9167632, 22.6095435 ], [ 108.9180658, 22.6103837 ], [ 108.9181584, 22.6105699 ], [ 108.9183328, 22.6116365 ], [ 108.9184691, 22.6124112 ], [ 108.9185726, 22.6125722 ], [ 108.9187361, 22.6126427 ], [ 108.9191449, 22.6126074 ], [ 108.9195591, 22.6125571 ], [ 108.9197825, 22.6125823 ], [ 108.9200332, 22.6127131 ], [ 108.9211069, 22.6135935 ], [ 108.9215102, 22.6138501 ], [ 108.9219244, 22.6139809 ], [ 108.9234122, 22.6141922 ], [ 108.9236193, 22.6142878 ], [ 108.9237992, 22.6145142 ], [ 108.9240662, 22.6150475 ], [ 108.9242134, 22.6151883 ], [ 108.9244205, 22.615294 ], [ 108.9248674, 22.6154047 ], [ 108.9255486, 22.6155254 ], [ 108.9259247, 22.6155103 ], [ 108.9266659, 22.6153946 ], [ 108.9269329, 22.6154198 ], [ 108.9273526, 22.6156512 ], [ 108.927972421312106, 22.616004118804447 ] ] } },
{ "type": "Feature", "properties": { "osm_id": "1372109220", "name": "娣卞崡楂橀", "highway": "motorway" }, "geometry": { "type": "LineString", "coordinates": [ [ 108.9658569, 22.6118321 ], [ 108.9664996, 22.611254 ] ] } },
{ "type": "Feature", "properties": { "osm_id": "1372109218", "name": "娣卞崡楂橀", "highway": "motorway" }, "geometry": { "type": "LineString", "coordinates": [ [ 108.9666531, 22.6113329 ], [ 108.9658265, 22.6120567 ] ] } },
{ "type": "Feature", "properties": { "osm_id": "1372109219", "name": "娣卞崡楂橀", "highway": "motorway" }, "geometry": { "type": "LineString", "coordinates": [ [ 108.961426, 22.6157837 ], [ 108.9635718, 22.6139416 ], [ 108.9658569, 22.6118321 ] ] } },
{ "type": "Feature", "properties": { "osm_id": "1372109217", "name": "娣卞崡楂橀", "highway": "motorway" }, "geometry": { "type": "LineString", "coordinates": [ [ 108.9658265, 22.6120567 ], [ 108.9636698, 22.6140354 ], [ 108.9615247, 22.6158768 ] ] } },
{ "type": "Feature", "properties": { "osm_id": "990286397", "name": "娣卞崡楂橀", "highway": "motorway" }, "geometry": { "type": "LineString", "coordinates": [ [ 108.9595806, 22.6175366 ], [ 108.961426, 22.6157837 ] ] } },
{ "type": "Feature", "properties": { "osm_id": "990286384", "name": "娣卞崡楂橀", "highway": "motorway" }, "geometry": { "type": "LineString", "coordinates": [ [ 108.9615247, 22.6158768 ], [ 108.95968, 22.6176292 ] ] } },
{ "type": "Feature", "properties": { "osm_id": "990286398", "name": "娣卞崡楂橀", "highway": "motorway" }, "geometry": { "type": "LineString", "coordinates": [ [ 108.9515018, 22.6236867 ], [ 108.9533365, 22.6225775 ], [ 108.95545, 22.6210623 ], [ 108.9579499, 22.6189727 ], [ 108.9595806, 22.6175366 ] ] } },
{ "type": "Feature", "properties": { "osm_id": "990286386", "name": "娣卞崡楂橀", "highway": "motorway" }, "geometry": { "type": "LineString", "coordinates": [ [ 108.95968, 22.6176292 ], [ 108.958046, 22.6190681 ], [ 108.9555408, 22.6211622 ], [ 108.9534186, 22.6226837 ], [ 108.9515777, 22.6237966 ] ] } },
{ "type": "Feature", "properties": { "osm_id": "990286375", "name": "娣卞崡楂橀", "highway": "motorway" }, "geometry": { "type": "LineString", "coordinates": [ [ 109.0592296, 22.6051592 ], [ 109.0588149, 22.6051479 ], [ 109.056721, 22.6049985 ], [ 109.0544983, 22.6045702 ], [ 109.0515811, 22.6038546 ], [ 109.0484625, 22.6028122 ], [ 109.0454141, 22.6017222 ], [ 109.0390421, 22.5994543 ], [ 109.0354641, 22.5982279 ], [ 109.0350847, 22.598125 ], [ 109.0346996, 22.5980301 ], [ 109.034312, 22.5979441 ], [ 109.0339222, 22.5978671 ], [ 109.0335305, 22.5977991 ], [ 109.033137, 22.5977402 ], [ 109.0327421, 22.5976903 ], [ 109.032346, 22.5976495 ], [ 109.0319488, 22.5976179 ], [ 109.031551, 22.5975955 ], [ 109.0311526, 22.5975822 ], [ 109.0307541, 22.5975781 ], [ 109.0303555, 22.5975832 ], [ 109.0299572, 22.5975975 ], [ 109.0295594, 22.597621 ], [ 109.0291624, 22.5976536 ], [ 109.0287663, 22.5976954 ], [ 109.0283716, 22.5977463 ], [ 109.0279783, 22.5978063 ], [ 109.0275867, 22.5978753 ], [ 109.0272086, 22.5979509 ], [ 109.0268325, 22.598035 ], [ 109.0264587, 22.5981274 ], [ 109.0260874, 22.5982282 ], [ 109.025719, 22.5983373 ], [ 109.0248416, 22.598589 ] ] } },
{ "type": "Feature", "properties": { "osm_id": "990286395", "name": "娣卞崡楂橀", "highway": "motorway" }, "geometry": { "type": "LineString", "coordinates": [ [ 109.0113205, 22.6025862 ], [ 109.0186643, 22.6003031 ] ] } },
{ "type": "Feature", "properties": { "osm_id": "990286387", "name": "娣卞崡楂橀", "highway": "motorway" }, "geometry": { "type": "LineString", "coordinates": [ [ 109.0187085, 22.6004269 ], [ 109.0113654, 22.6027097 ] ] } },
{ "type": "Feature", "properties": { "osm_id": "1512989102", "name": "娣卞崡楂橀", "highway": "motorway" }, "geometry": { "type": "LineString", "coordinates": [ [ 109.0592353, 22.6050291 ], [ 109.0615914, 22.6050615 ] ] } },
{ "type": "Feature", "properties": { "osm_id": "1512989101", "name": "娣卞崡楂橀", "highway": "motorway" }, "geometry": { "type": "LineString", "coordinates": [ [ 109.0615912, 22.6051919 ], [ 109.0592296, 22.6051592 ] ] } },
{ "type": "Feature", "properties": { "osm_id": "1289384630", "name": null, "highway": "motorway_link" }, "geometry": { "type": "LineString", "coordinates": [ [ 108.9780099, 22.6052399 ], [ 108.9777741, 22.604993 ], [ 108.9776494, 22.6049101 ], [ 108.977475, 22.6048407 ], [ 108.9773101, 22.604816 ], [ 108.9771156, 22.6048147 ], [ 108.9769439, 22.6048581 ], [ 108.9768058, 22.6049225 ], [ 108.9766838, 22.6050165 ], [ 108.976602, 22.6051181 ], [ 108.976547, 22.605258 ], [ 108.9765241, 22.6054253 ], [ 108.9765352, 22.6055631 ], [ 108.9765837, 22.6056704 ], [ 108.9766402, 22.6057643 ], [ 108.9767463, 22.6058605 ], [ 108.9768715, 22.6059187 ], [ 108.9770795, 22.6059384 ], [ 108.9774572, 22.6059067 ], [ 108.9798045, 22.6056913 ] ] } },
{ "type": "Feature", "properties": { "osm_id": "1372109214", "name": null, "highway": "motorway_link" }, "geometry": { "type": "LineString", "coordinates": [ [ 108.9780703, 22.6052044 ], [ 108.9783588, 22.6056096 ], [ 108.9785657, 22.6060051 ], [ 108.9787442, 22.6064234 ] ] } },
{ "type": "Feature", "properties": { "osm_id": "1372109213", "name": null, "highway": "motorway_link" }, "geometry": { "type": "LineString", "coordinates": [ [ 108.9786699, 22.6064296 ], [ 108.9785036, 22.606029 ], [ 108.9783027, 22.6056377 ], [ 108.9780099, 22.6052399 ] ] } },
{ "type": "Feature", "properties": { "osm_id": "990286310", "name": null, "highway": "motorway_link" }, "geometry": { "type": "LineString", "coordinates": [ [ 108.9731325, 22.6072983 ], [ 108.9742014, 22.6067801 ], [ 108.9754044, 22.6063326 ], [ 108.9756498, 22.6062237 ], [ 108.9758362, 22.6061085 ], [ 108.976028, 22.6059414 ], [ 108.976209, 22.6057371 ], [ 108.9763445, 22.6055006 ], [ 108.9765094, 22.6051181 ], [ 108.976628, 22.6049656 ], [ 108.9767563, 22.6048634 ], [ 108.9769115, 22.6047922 ], [ 108.9771143, 22.6047466 ], [ 108.9773127, 22.6047442 ], [ 108.9774978, 22.6047677 ], [ 108.9776923, 22.6048457 ], [ 108.9778317, 22.6049435 ], [ 108.9780703, 22.6052044 ] ] } },
{ "type": "Feature", "properties": { "osm_id": "990286396", "name": "娣卞崡楂橀", "highway": "motorway" }, "geometry": { "type": "LineString", "coordinates": [ [ 108.9664996, 22.611254 ], [ 108.9679706, 22.6099997 ], [ 108.9696148, 22.6090118 ], [ 108.9716439, 22.6079396 ], [ 108.9731325, 22.6072983 ], [ 108.9742975, 22.606865 ], [ 108.9754982, 22.6064924 ], [ 108.9775944, 22.6059686 ], [ 108.9798045, 22.6056913 ], [ 108.9815239, 22.6055909 ], [ 108.983227, 22.6055923 ], [ 108.9854157, 22.6057383 ], [ 108.9874756, 22.6060082 ], [ 108.9897501, 22.6061667 ], [ 108.9919603, 22.6061271 ], [ 108.9944923, 22.6058993 ], [ 108.9973676, 22.605414 ], [ 109.0008008, 22.6048197 ], [ 109.006176, 22.6039184 ], [ 109.0100062, 22.6029774 ], [ 109.0113205, 22.6025862 ] ] } },
{ "type": "Feature", "properties": { "osm_id": "990286380", "name": "娣卞崡楂橀", "highway": "motorway" }, "geometry": { "type": "LineString", "coordinates": [ [ 109.0113654, 22.6027097 ], [ 109.0100463, 22.6031024 ], [ 109.0062068, 22.6040456 ], [ 109.0008265, 22.6049478 ], [ 108.9973933, 22.6055421 ], [ 108.9945119, 22.6060285 ], [ 108.9919685, 22.6062573 ], [ 108.9897462, 22.6062971 ], [ 108.9874612, 22.6061379 ], [ 108.9854007, 22.6058679 ], [ 108.9832233, 22.6057227 ], [ 108.9815265, 22.6057211 ], [ 108.9798163, 22.6058213 ], [ 108.9776232, 22.6060965 ], [ 108.9755435, 22.606616 ], [ 108.9743438, 22.6069881 ], [ 108.9731852, 22.6074191 ], [ 108.9717053, 22.6080572 ], [ 108.9696884, 22.609123 ], [ 108.9680581, 22.6101025 ], [ 108.9666531, 22.6113329 ] ] } },
{ "type": "Feature", "properties": { "osm_id": "990286308", "name": null, "highway": "motorway_link" }, "geometry": { "type": "LineString", "coordinates": [ [ 108.9832233, 22.6057227 ], [ 108.9823693, 22.6058271 ], [ 108.9810235, 22.6058997 ], [ 108.9796926, 22.6060312 ], [ 108.9794643, 22.6060807 ], [ 108.9792788, 22.6061692 ], [ 108.9791259, 22.6062942 ], [ 108.9790052, 22.6064403 ], [ 108.9789449, 22.6065579 ], [ 108.978918, 22.6066879 ], [ 108.9789127, 22.6068439 ], [ 108.9789636, 22.6070655 ], [ 108.9792694, 22.6080572 ], [ 108.9793479, 22.6083757 ] ] } },
{ "type": "Feature", "properties": { "osm_id": "990286309", "name": null, "highway": "motorway_link" }, "geometry": { "type": "LineString", "coordinates": [ [ 108.9791703, 22.6081 ], [ 108.9788282, 22.6072934 ], [ 108.9786458, 22.6069566 ], [ 108.9784983, 22.6067622 ], [ 108.9783159, 22.6066099 ], [ 108.9780959, 22.606501 ], [ 108.9778398, 22.6064279 ], [ 108.9775407, 22.6064044 ], [ 108.9771867, 22.6064106 ], [ 108.9766462, 22.6064713 ], [ 108.9761487, 22.6065629 ], [ 108.9743438, 22.6069881 ] ] } },
{ "type": "Feature", "properties": { "osm_id": "1372109212", "name": null, "highway": "motorway_link" }, "geometry": { "type": "LineString", "coordinates": [ [ 108.9791703, 22.6081 ], [ 108.9791393, 22.6079272 ], [ 108.9786699, 22.6064296 ] ] } },
{ "type": "Feature", "properties": { "osm_id": "1372109211", "name": null, "highway": "motorway_link" }, "geometry": { "type": "LineString", "coordinates": [ [ 108.9787442, 22.6064234 ], [ 108.9788175, 22.6067263 ], [ 108.9792426, 22.6080709 ], [ 108.9793479, 22.6083757 ] ] } },
{ "type": "Feature", "properties": { "osm_id": "1372109215", "name": null, "highway": "motorway_link" }, "geometry": { "type": "LineString", "coordinates": [ [ 108.9795037, 22.6094098 ], [ 108.979401, 22.6089653 ], [ 108.9793217, 22.6086032 ], [ 108.9791703, 22.6081 ] ] } },
{ "type": "Feature", "properties": { "osm_id": "1372109216", "name": null, "highway": "motorway_link" }, "geometry": { "type": "LineString", "coordinates": [ [ 108.9793479, 22.6083757 ], [ 108.9795821, 22.6089297 ], [ 108.9796845, 22.6093729 ] ] } },
{ "type": "Feature", "properties": { "osm_id": "990286312", "name": null, "highway": "motorway_link" }, "geometry": { "type": "LineString", "coordinates": [ [ 108.9796845, 22.6093729 ], [ 108.9797869, 22.6098159 ], [ 108.9798527, 22.6103291 ], [ 108.9797938, 22.6107326 ] ] } },
{ "type": "Feature", "properties": { "osm_id": "990286311", "name": null, "highway": "motorway_link" }, "geometry": { "type": "LineString", "coordinates": [ [ 108.9797938, 22.6107326 ], [ 108.9797117, 22.61036 ], [ 108.9796059, 22.6098515 ], [ 108.9795037, 22.6094098 ] ] } },
{ "type": "Feature", "properties": { "osm_id": "1435279340", "name": null, "highway": "motorway_link" }, "geometry": { "type": "LineString", "coordinates": [ [ 108.9797938, 22.6107326 ], [ 108.9797428, 22.6112996 ], [ 108.9796221, 22.6118023 ], [ 108.9794505, 22.6122876 ], [ 108.9792252, 22.6127135 ], [ 108.9789811, 22.61307 ], [ 108.9786082, 22.6135033 ], [ 108.9779806, 22.6141099 ], [ 108.9778921, 22.6142114 ], [ 108.9778538, 22.6142659 ] ] } },
{ "type": "Feature", "properties": { "osm_id": "990286399", "name": "娣卞崡楂橀", "highway": "motorway" }, "geometry": { "type": "LineString", "coordinates": [ [ 108.9499247, 22.6245879 ], [ 108.9515018, 22.6236867 ] ] } },
{ "type": "Feature", "properties": { "osm_id": "990286388", "name": "娣卞崡楂橀", "highway": "motorway" }, "geometry": { "type": "LineString", "coordinates": [ [ 108.9515777, 22.6237966 ], [ 108.9499961, 22.6247004 ] ] } },
{ "type": "Feature", "properties": { "osm_id": "990286400", "name": "娣卞崡楂橀", "highway": "motorway" }, "geometry": { "type": "LineString", "coordinates": [ [ 108.9484345, 22.6252884 ], [ 108.9499247, 22.6245879 ] ] } },
{ "type": "Feature", "properties": { "osm_id": "990286371", "name": "娣卞崡楂橀", "highway": "motorway" }, "geometry": { "type": "LineString", "coordinates": [ [ 108.9499961, 22.6247004 ], [ 108.9485801, 22.625386 ] ] } },
{ "type": "Feature", "properties": { "osm_id": "990286401", "name": "娣卞崡楂橀", "highway": "motorway" }, "geometry": { "type": "LineString", "coordinates": [ [ 108.9463091, 22.6263804 ], [ 108.9484345, 22.6252884 ] ] } },
{ "type": "Feature", "properties": { "osm_id": "990286372", "name": "娣卞崡楂橀", "highway": "motorway" }, "geometry": { "type": "LineString", "coordinates": [ [ 108.9485801, 22.625386 ], [ 108.9463763, 22.626495 ] ] } },
{ "type": "Feature", "properties": { "osm_id": "387800739", "name": null, "highway": "secondary" }, "geometry": { "type": "LineString", "coordinates": [ [ 108.93991149139957, 22.62443316072731 ], [ 108.9399562, 22.6244932 ], [ 108.9400102, 22.6246711 ], [ 108.9399254, 22.6251335 ], [ 108.9396656, 22.6261982 ], [ 108.9396819, 22.6263491 ], [ 108.9397691, 22.6265101 ], [ 108.9399763, 22.6266309 ], [ 108.9401725, 22.6267113 ], [ 108.9419984, 22.6272647 ], [ 108.9424507, 22.6273805 ], [ 108.9426797, 22.6275012 ], [ 108.9429413, 22.6277779 ], [ 108.9438297, 22.6287287 ], [ 108.9441349, 22.6291262 ], [ 108.9444674, 22.6295689 ], [ 108.9446255, 22.6297047 ], [ 108.9448053, 22.6298204 ], [ 108.9449961, 22.6298858 ], [ 108.9458899, 22.6301172 ], [ 108.9465004, 22.6303285 ], [ 108.9469582, 22.6305146 ], [ 108.9472089, 22.6306857 ], [ 108.9477976, 22.6312089 ], [ 108.9480919, 22.6314554 ], [ 108.9481464, 22.6315862 ], [ 108.9481355, 22.6318126 ], [ 108.9479993, 22.6326728 ], [ 108.9480429, 22.6329093 ], [ 108.9481791, 22.6331105 ], [ 108.9486806, 22.6337645 ], [ 108.948795, 22.6338601 ], [ 108.9491438, 22.6340462 ], [ 108.9494109, 22.6341921 ], [ 108.9495744, 22.634338 ], [ 108.9504901, 22.6355755 ], [ 108.9506482, 22.635656 ], [ 108.9512531, 22.6357717 ], [ 108.9514221, 22.6357666 ], [ 108.9516129, 22.6357314 ], [ 108.9517546, 22.6356057 ], [ 108.9522124, 22.6350221 ], [ 108.9523323, 22.6347303 ], [ 108.9524686, 22.6342474 ], [ 108.9525776, 22.6340915 ], [ 108.952703, 22.6340311 ], [ 108.9530354, 22.6340814 ], [ 108.953188, 22.6341518 ], [ 108.9533134, 22.6343128 ], [ 108.9535859, 22.6348611 ], [ 108.9537658, 22.6350322 ], [ 108.9543762, 22.6354648 ], [ 108.9546051, 22.6355554 ], [ 108.9550303, 22.635656 ], [ 108.9552646, 22.6356509 ], [ 108.9554118, 22.6355805 ], [ 108.9557824, 22.6353692 ], [ 108.955995, 22.635329 ], [ 108.9563929, 22.6353189 ], [ 108.9570578, 22.6352686 ], [ 108.9575211, 22.6352737 ], [ 108.9579735, 22.6352334 ], [ 108.9584749, 22.6351278 ], [ 108.9591126, 22.6349467 ], [ 108.9597558, 22.6347605 ], [ 108.960775, 22.6346901 ], [ 108.9614181, 22.6346549 ], [ 108.9616039, 22.6346549 ], [ 108.9619577, 22.6346549 ], [ 108.9630751, 22.6347656 ], [ 108.9633258, 22.6347807 ] ] } },
{ "type": "Feature", "properties": { "osm_id": "990286402", "name": "娣卞崡楂橀", "highway": "motorway" }, "geometry": { "type": "LineString", "coordinates": [ [ 108.9434552, 22.6278955 ], [ 108.9463091, 22.6263804 ] ] } },
{ "type": "Feature", "properties": { "osm_id": "990286373", "name": "娣卞崡楂橀", "highway": "motorway" }, "geometry": { "type": "LineString", "coordinates": [ [ 108.9463763, 22.626495 ], [ 108.943526, 22.6280082 ] ] } },
{ "type": "Feature", "properties": { "osm_id": "1372109222", "name": null, "highway": "primary" }, "geometry": { "type": "LineString", "coordinates": [ [ 108.9735266, 22.6129549 ], [ 108.9747651, 22.6132657 ] ] } },
{ "type": "Feature", "properties": { "osm_id": "1498415118", "name": null, "highway": "primary" }, "geometry": { "type": "LineString", "coordinates": [ [ 108.9747651, 22.6132657 ], [ 108.975202, 22.6133717 ], [ 108.9764693, 22.6137989 ], [ 108.9772959, 22.6140343 ], [ 108.9778538, 22.6142659 ], [ 108.9785057, 22.6145762 ], [ 108.9792131, 22.6150574 ], [ 108.9802182, 22.6157026 ], [ 108.9814915, 22.6164581 ], [ 108.9818358, 22.6167264 ], [ 108.9819804, 22.6169279 ], [ 108.9821185, 22.6172076 ], [ 108.9822335, 22.6175368 ], [ 108.9825045, 22.619075 ], [ 108.9826644, 22.6195334 ], [ 108.9832256, 22.6207044 ], [ 108.9833987, 22.6213693 ], [ 108.9835853, 22.6220898 ], [ 108.9837487, 22.6224494 ], [ 108.9839121, 22.6226361 ], [ 108.9842117, 22.6228864 ], [ 108.9846509, 22.6233087 ], [ 108.9849841, 22.6237008 ], [ 108.9853907, 22.6242508 ], [ 108.9857483, 22.6245978 ], [ 108.9863842, 22.6251054 ], [ 108.9867212, 22.6254591 ], [ 108.9872236, 22.6263051 ], [ 108.9873853, 22.6265062 ], [ 108.9876691, 22.6266924 ], [ 108.988058, 22.6268585 ], [ 108.9883247, 22.6268779 ], [ 108.9885263, 22.6268748 ], [ 108.9900459, 22.626566 ] ] } },
{ "type": "Feature", "properties": { "osm_id": "1498415119", "name": null, "highway": "primary" }, "geometry": { "type": "LineString", "coordinates": [ [ 108.9900459, 22.626566 ], [ 108.9910274, 22.6263357 ] ] } },
{ "type": "Feature", "properties": { "osm_id": "387800744", "name": null, "highway": "secondary" }, "geometry": { "type": "LineString", "coordinates": [ [ 108.9768428, 22.6291916 ], [ 108.977475, 22.6290658 ] ] } },
{ "type": "Feature", "properties": { "osm_id": "387800742", "name": null, "highway": "secondary" }, "geometry": { "type": "LineString", "coordinates": [ [ 108.977475, 22.6290658 ], [ 108.9775554, 22.6290561 ], [ 108.9779329, 22.6290104 ], [ 108.9781345, 22.6290457 ], [ 108.9783689, 22.6291966 ], [ 108.9785215, 22.6292821 ], [ 108.9788213, 22.6292871 ], [ 108.9791102, 22.6292268 ], [ 108.9793663, 22.6290306 ], [ 108.9796116, 22.6287488 ], [ 108.979677, 22.6287036 ], [ 108.9797424, 22.6287589 ], [ 108.9797697, 22.6288696 ], [ 108.980004, 22.6290457 ], [ 108.9801021, 22.6291966 ], [ 108.9801457, 22.6293475 ], [ 108.9801242, 22.6295927 ] ] } },
{ "type": "Feature", "properties": { "osm_id": "387800740", "name": null, "highway": "secondary" }, "geometry": { "type": "LineString", "coordinates": [ [ 108.9719374, 22.6334425 ], [ 108.9721936, 22.6333067 ], [ 108.972537, 22.6328992 ], [ 108.9731256, 22.6321647 ], [ 108.9735998, 22.6313447 ], [ 108.9738723, 22.6310429 ], [ 108.9742756, 22.6306907 ], [ 108.9747062, 22.6304744 ], [ 108.9755238, 22.630082 ], [ 108.9759816, 22.6298003 ], [ 108.9765539, 22.6293173 ], [ 108.9767065, 22.6292268 ], [ 108.9768428, 22.6291916 ] ] } },
{ "type": "Feature", "properties": { "osm_id": "1372109221", "name": null, "highway": "primary" }, "geometry": { "type": "LineString", "coordinates": [ [ 108.9910274, 22.6263357 ], [ 108.9920904, 22.626116 ], [ 108.9924055, 22.626125 ], [ 108.992802, 22.6262431 ], [ 108.9931413, 22.6263711 ], [ 108.993505, 22.6265556 ], [ 108.9949447, 22.6276317 ], [ 108.9951956, 22.6277803 ], [ 108.9954366, 22.6278669 ], [ 108.9956043, 22.6279272 ], [ 108.996014, 22.6280208 ], [ 108.9965297, 22.6280768 ], [ 108.9969484, 22.6281617 ], [ 108.9972572, 22.6282917 ], [ 108.9974282, 22.6284067 ], [ 108.99764, 22.628672 ], [ 108.9979213, 22.62907 ], [ 108.9981771, 22.6292819 ], [ 108.9983773, 22.6293922 ], [ 108.9986682, 22.6295049 ], [ 108.9993268, 22.6296063 ], [ 108.9996841, 22.629674 ], [ 108.9999388, 22.6297968 ], [ 109.0001299, 22.6299494 ], [ 109.0004025, 22.6302562 ], [ 109.0009032, 22.6309775 ], [ 109.0010749, 22.6312449 ], [ 109.001268, 22.6315816 ], [ 109.0015469, 22.6319084 ], [ 109.0018865, 22.6322438 ], [ 109.0022453, 22.6325638 ], [ 109.0024575, 22.6328612 ], [ 109.0025486, 22.6330574 ], [ 109.0026397, 22.6333138 ], [ 109.0026807, 22.6336198 ], [ 109.002699, 22.6344149 ], [ 109.0026569, 22.6358375 ], [ 109.0026632, 22.6364662 ], [ 109.0027455, 22.6368871 ], [ 109.0029411, 22.6373541 ], [ 109.0030904, 22.6377247 ], [ 109.0031965, 22.6380556 ], [ 109.0032363, 22.6385012 ], [ 109.0033275, 22.6391943 ], [ 109.0034057, 22.6394948 ], [ 109.0034715, 22.6396474 ], [ 109.0035952, 22.6398558 ], [ 109.0037126, 22.6400072 ], [ 109.0039599, 22.6402533 ] ] } },
{ "type": "Feature", "properties": { "osm_id": "1498416046", "name": null, "highway": "primary" }, "geometry": { "type": "LineString", "coordinates": [ [ 109.0039599, 22.6402533 ], [ 109.0056172, 22.6414319 ] ] } },
{ "type": "Feature", "properties": { "osm_id": "1498416045", "name": null, "highway": "primary" }, "geometry": { "type": "LineString", "coordinates": [ [ 109.0056172, 22.6414319 ], [ 109.0060907, 22.6417881 ], [ 109.0063036, 22.6420531 ], [ 109.0063687, 22.6421816 ], [ 109.0064371, 22.6424044 ], [ 109.0064506, 22.6426081 ], [ 109.0064307, 22.6427488 ], [ 109.0063498, 22.6430677 ], [ 109.0059977, 22.6436596 ], [ 109.0058948, 22.6439808 ], [ 109.0058412, 22.644268 ], [ 109.0058855, 22.6445935 ], [ 109.0059914, 22.6448621 ], [ 109.0062107, 22.6451093 ], [ 109.0064688, 22.6453592 ], [ 109.0077991, 22.6462688 ], [ 109.0087559, 22.6470086 ], [ 109.0090186, 22.6472477 ], [ 109.0092178, 22.6475493 ], [ 109.0093553, 22.6478281 ], [ 109.0093805, 22.6482541 ], [ 109.0093201, 22.6490578 ] ] } },
{ "type": "Feature", "properties": { "osm_id": "989896275", "name": "椋為緳澶фˉ", "highway": "primary" }, "geometry": { "type": "LineString", "coordinates": [ [ 109.0093201, 22.6490578 ], [ 109.0080257, 22.6573836 ] ] } },
{ "type": "Feature", "properties": { "osm_id": "990286403", "name": "娣卞崡楂橀", "highway": "motorway" }, "geometry": { "type": "LineString", "coordinates": [ [ 108.9428866, 22.6282025 ], [ 108.9434552, 22.6278955 ] ] } },
{ "type": "Feature", "properties": { "osm_id": "990286374", "name": "娣卞崡楂橀", "highway": "motorway" }, "geometry": { "type": "LineString", "coordinates": [ [ 108.943526, 22.6280082 ], [ 108.9429572, 22.6283153 ] ] } },
{ "type": "Feature", "properties": { "osm_id": "387800741", "name": null, "highway": "secondary" }, "geometry": { "type": "LineString", "coordinates": [ [ 108.9636801, 22.6347706 ], [ 108.964236, 22.6347907 ], [ 108.9658275, 22.6349215 ], [ 108.9661436, 22.6349115 ], [ 108.9666941, 22.634841 ], [ 108.9670321, 22.6346851 ], [ 108.9676371, 22.6342977 ], [ 108.9677461, 22.6340965 ], [ 108.9687217, 22.6323559 ], [ 108.9689506, 22.6320842 ], [ 108.9691795, 22.6319182 ], [ 108.9707492, 22.6314001 ], [ 108.9708637, 22.6314353 ], [ 108.9711798, 22.6320138 ], [ 108.9719374, 22.6334425 ] ] } },
{ "type": "Feature", "properties": { "osm_id": "990274955", "name": "娣卞崡楂橀", "highway": "motorway" }, "geometry": { "type": "LineString", "coordinates": [ [ 108.938459308937496, 22.630505841108413 ], [ 108.9389169, 22.630292 ], [ 108.9428866, 22.6282025 ] ] } },
{ "type": "Feature", "properties": { "osm_id": "990286378", "name": "娣卞崡楂橀", "highway": "motorway" }, "geometry": { "type": "LineString", "coordinates": [ [ 108.9429572, 22.6283153 ], [ 108.9389838, 22.6304068 ], [ 108.938419988808633, 22.63067026850058 ] ] } },
{ "type": "Feature", "properties": { "osm_id": "387800743", "name": null, "highway": "secondary" }, "geometry": { "type": "LineString", "coordinates": [ [ 108.9633258, 22.6347807 ], [ 108.9636801, 22.6347706 ] ] } },
{ "type": "Feature", "properties": { "osm_id": "387800748", "name": null, "highway": "secondary" }, "geometry": { "type": "LineString", "coordinates": [ [ 108.977269, 22.6353816 ], [ 108.9774733, 22.6356947 ], [ 108.9775812, 22.6357801 ], [ 108.9777277, 22.6358228 ], [ 108.977959, 22.6357089 ], [ 108.9785834, 22.6353461 ], [ 108.9790382, 22.635218 ], [ 108.9792618, 22.6353176 ], [ 108.9797475, 22.6359438 ], [ 108.9800636, 22.636513 ], [ 108.9802023, 22.637381 ], [ 108.9801175, 22.6377582 ], [ 108.9799248, 22.6383487 ], [ 108.9797937, 22.6388681 ], [ 108.9793774, 22.6398144 ], [ 108.9787607, 22.6409244 ], [ 108.978514, 22.6414936 ], [ 108.9785063, 22.6427885 ], [ 108.9784215, 22.6430162 ], [ 108.9779358, 22.64387 ], [ 108.9778279, 22.6446455 ], [ 108.9778973, 22.6449017 ], [ 108.9784909, 22.6460045 ], [ 108.9784832, 22.6463246 ], [ 108.9781825, 22.6473634 ], [ 108.9781594, 22.6478472 ], [ 108.9782827, 22.648701 ], [ 108.9785526, 22.6492986 ], [ 108.9787993, 22.649697 ], [ 108.9800713, 22.6506148 ], [ 108.9801869, 22.6507927 ], [ 108.9802563, 22.6510844 ], [ 108.9804182, 22.6513049 ], [ 108.9807805, 22.6516037 ], [ 108.9816748, 22.6527705 ], [ 108.9816979, 22.6529839 ], [ 108.9816131, 22.6532614 ], [ 108.9815206, 22.6537025 ], [ 108.9816054, 22.6539444 ], [ 108.9819061, 22.6544708 ], [ 108.9819099, 22.6546416 ], [ 108.9816632, 22.655346 ], [ 108.9815475, 22.6555524 ], [ 108.9814087, 22.6557516 ], [ 108.981401, 22.655958 ], [ 108.9816632, 22.6564845 ], [ 108.9817634, 22.6568687 ], [ 108.9817403, 22.6571889 ], [ 108.9813162, 22.6580357 ], [ 108.9812314, 22.6583559 ], [ 108.9812545, 22.658612 ], [ 108.981401, 22.6588895 ], [ 108.981802, 22.6594018 ], [ 108.9818714, 22.6597078 ], [ 108.9817711, 22.6602414 ], [ 108.9814704, 22.6608675 ], [ 108.9814164, 22.6611166 ], [ 108.9813856, 22.6614581 ], [ 108.9813162, 22.6616431 ], [ 108.9809847, 22.6619063 ], [ 108.9805066, 22.6621411 ], [ 108.9803678, 22.6622621 ], [ 108.9803755, 22.6625254 ], [ 108.9805297, 22.6628953 ], [ 108.9805375, 22.663123 ], [ 108.9803524, 22.6637136 ], [ 108.9803447, 22.6642757 ], [ 108.9803601, 22.6647026 ], [ 108.9803579, 22.6648367 ], [ 108.9802924, 22.6649222 ], [ 108.9801452, 22.665058 ], [ 108.9801125, 22.6651888 ], [ 108.9801343, 22.6654354 ], [ 108.9801071, 22.665541 ], [ 108.9800307, 22.6656014 ], [ 108.9796327, 22.6656618 ], [ 108.9794528, 22.6657875 ], [ 108.9793874, 22.6659083 ], [ 108.979371, 22.6660894 ], [ 108.9794583, 22.6664969 ], [ 108.9794583, 22.6667434 ], [ 108.9793492, 22.6672616 ], [ 108.9793164, 22.6674633 ], [ 108.9791692, 22.6677149 ], [ 108.9782532, 22.6698681 ], [ 108.9780351, 22.6704265 ], [ 108.9780842, 22.6707384 ], [ 108.9782314, 22.6710352 ], [ 108.9783732, 22.6711811 ], [ 108.9786894, 22.6712969 ], [ 108.979191, 22.6715383 ], [ 108.9795072, 22.6717547 ], [ 108.9796926, 22.6720062 ], [ 108.9796653, 22.6721621 ], [ 108.9795236, 22.6724388 ], [ 108.9795181, 22.6725847 ], [ 108.9795617, 22.6727357 ], [ 108.9797634, 22.672962 ], [ 108.9799107, 22.6732991 ], [ 108.9801124, 22.6740688 ], [ 108.9803093, 22.6749678 ], [ 108.9804565, 22.6760093 ], [ 108.9806638, 22.6764621 ], [ 108.9808546, 22.676764 ], [ 108.9810945, 22.6769854 ], [ 108.9814544, 22.6771866 ], [ 108.981678, 22.6772721 ], [ 108.9822614, 22.6773627 ], [ 108.9830412, 22.6774281 ], [ 108.9834665, 22.6774835 ], [ 108.983761, 22.6776042 ], [ 108.9843608, 22.6779665 ], [ 108.984448, 22.6781174 ], [ 108.9844644, 22.6782482 ], [ 108.9844099, 22.6784243 ], [ 108.984279, 22.6785752 ], [ 108.9841754, 22.678701 ], [ 108.9841808, 22.6788369 ], [ 108.9842681, 22.6790029 ], [ 108.9844917, 22.6791891 ], [ 108.9854841, 22.6797375 ], [ 108.9858003, 22.6799085 ], [ 108.9859476, 22.6800494 ], [ 108.9860512, 22.6802355 ], [ 108.9861204, 22.6805266 ] ] } },
{ "type": "Feature", "properties": { "osm_id": "1498416048", "name": null, "highway": "primary" }, "geometry": { "type": "LineString", "coordinates": [ [ 109.0080257, 22.6573836 ], [ 109.0078645, 22.6580165 ], [ 109.0076998, 22.65848 ], [ 109.0073091, 22.6589683 ], [ 109.0071524, 22.6592633 ], [ 109.0070239, 22.6597282 ], [ 109.006957, 22.6603921 ], [ 109.0068558, 22.6608037 ], [ 109.0066622, 22.6611356 ], [ 109.0063929, 22.6614656 ], [ 109.0057098, 22.6619604 ], [ 109.0054777, 22.6621671 ], [ 109.0053442, 22.6623738 ], [ 109.0052821, 22.6625256 ], [ 109.0052419, 22.6627124 ], [ 109.0052547, 22.6629532 ], [ 109.0053086, 22.663191 ], [ 109.0054868, 22.6637543 ], [ 109.005606, 22.6640587 ], [ 109.0056793, 22.6643744 ], [ 109.0056789, 22.6646745 ], [ 109.0055617, 22.6654727 ], [ 109.0054999, 22.6659468 ], [ 109.0055698, 22.6663533 ], [ 109.0057951, 22.6668037 ], [ 109.0059451, 22.6671936 ], [ 109.005964, 22.6672907 ], [ 109.0059751, 22.6673887 ], [ 109.0059784, 22.6674873 ], [ 109.0059737, 22.6675858 ], [ 109.0059612, 22.6676837 ], [ 109.005941, 22.6677802 ], [ 109.0059132, 22.667875 ], [ 109.0058779, 22.6679677 ], [ 109.0058352, 22.6680578 ], [ 109.0057856, 22.6681448 ], [ 109.0057291, 22.6682281 ], [ 109.0056662, 22.6683074 ], [ 109.0045071, 22.6694902 ], [ 109.0042714, 22.6697209 ], [ 109.0040973, 22.6699289 ], [ 109.0039839, 22.6702624 ] ] } },
{ "type": "Feature", "properties": { "osm_id": "1498416049", "name": null, "highway": "primary" }, "geometry": { "type": "LineString", "coordinates": [ [ 109.0039839, 22.6702624 ], [ 109.0039681, 22.6706192 ], [ 109.0040668, 22.6710746 ] ] } },
{ "type": "Feature", "properties": { "osm_id": "387805620", "name": null, "highway": "secondary" }, "geometry": { "type": "LineString", "coordinates": [ [ 108.9861204, 22.6805266 ], [ 108.9861622, 22.6807024 ] ] } },
{ "type": "Feature", "properties": { "osm_id": "387805622", "name": null, "highway": "secondary" }, "geometry": { "type": "LineString", "coordinates": [ [ 108.9861622, 22.6807024 ], [ 108.9862475, 22.6810607 ], [ 108.9863838, 22.6813122 ], [ 108.9866837, 22.6816292 ], [ 108.9868909, 22.6817298 ], [ 108.9874362, 22.6819361 ], [ 108.9875998, 22.682092 ], [ 108.9877579, 22.6824342 ], [ 108.9878179, 22.6828517 ], [ 108.987807, 22.6833347 ], [ 108.9877143, 22.6836114 ], [ 108.987578, 22.6837523 ], [ 108.9872617, 22.6840743 ], [ 108.9870436, 22.6844013 ], [ 108.9869127, 22.6847384 ], [ 108.98688, 22.6849648 ], [ 108.9868745, 22.6854025 ], [ 108.9868091, 22.685981 ], [ 108.9868364, 22.6861571 ], [ 108.9870163, 22.6864489 ], [ 108.9871745, 22.68663 ], [ 108.9873108, 22.6867307 ], [ 108.9875398, 22.6867558 ], [ 108.9883032, 22.6866703 ], [ 108.9888921, 22.6866552 ], [ 108.9892025, 22.686601 ], [ 108.9894806, 22.6866664 ], [ 108.9896388, 22.6868224 ], [ 108.9898787, 22.6870388 ], [ 108.9902496, 22.6872954 ], [ 108.9904786, 22.6874866 ] ] } },
{ "type": "Feature", "properties": { "osm_id": "387805621", "name": null, "highway": "secondary" }, "geometry": { "type": "LineString", "coordinates": [ [ 108.9904786, 22.6874866 ], [ 108.9906477, 22.6876375 ] ] } },
{ "type": "Feature", "properties": { "osm_id": "989896277", "name": null, "highway": "primary" }, "geometry": { "type": "LineString", "coordinates": [ [ 109.0040668, 22.6710746 ], [ 109.0042952, 22.6714535 ], [ 109.0045636, 22.6717354 ], [ 109.0049059, 22.671949 ], [ 109.0062198, 22.6727572 ], [ 109.0066185, 22.6730507 ], [ 109.0068761, 22.6732712 ], [ 109.0071153, 22.6735941 ], [ 109.0072356, 22.6738759 ], [ 109.007396, 22.6744367 ], [ 109.0074238, 22.6749468 ], [ 109.0074154, 22.6758438 ], [ 109.0074053, 22.6769141 ], [ 109.0074825, 22.6772786 ], [ 109.0076954, 22.6778477 ], [ 109.0078373, 22.6783145 ], [ 109.0078218, 22.6788157 ], [ 109.0077663, 22.6791402 ], [ 109.0074608, 22.6795843 ], [ 109.0070813, 22.6800114 ], [ 109.0042396, 22.6823771 ], [ 109.0038138, 22.6829407 ], [ 109.0037213, 22.6833592 ], [ 109.0037491, 22.6838374 ], [ 109.0039805, 22.684478 ], [ 109.003999, 22.6857419 ], [ 109.0038972, 22.6872023 ], [ 109.0040453, 22.6881502 ], [ 109.0044248, 22.6890213 ], [ 109.0044803, 22.6894739 ], [ 109.004758, 22.6905243 ], [ 109.0051838, 22.6919163 ], [ 109.0054522, 22.6926934 ], [ 109.0055263, 22.6933083 ], [ 109.00548, 22.6938377 ], [ 109.0053134, 22.694222 ], [ 109.004721, 22.695298 ], [ 109.0045173, 22.6961178 ], [ 109.0045636, 22.6966216 ], [ 109.0049524, 22.6973133 ], [ 109.0052301, 22.6977659 ], [ 109.0054152, 22.6988931 ], [ 109.0056651, 22.7000374 ], [ 109.0058965, 22.7005412 ], [ 109.0065352, 22.7012243 ], [ 109.0065975, 22.701307 ], [ 109.0066523, 22.7013941 ], [ 109.006699, 22.7014851 ], [ 109.0067374, 22.7015793 ], [ 109.0067673, 22.7016762 ], [ 109.0067884, 22.701775 ], [ 109.0068005, 22.7018751 ], [ 109.0068036, 22.7019757 ], [ 109.006798, 22.7020736 ], [ 109.0067839, 22.7021706 ], [ 109.0067613, 22.7022664 ], [ 109.0067305, 22.7023601 ], [ 109.0066916, 22.7024512 ], [ 109.0066449, 22.7025392 ], [ 109.0065907, 22.7026234 ], [ 109.0065293, 22.7027033 ], [ 109.0064611, 22.7027784 ], [ 109.0058595, 22.7034018 ], [ 109.0058111, 22.7034975 ], [ 109.0057706, 22.7035962 ], [ 109.0057382, 22.7036975 ], [ 109.005714, 22.7038007 ], [ 109.0056983, 22.7039053 ], [ 109.005691, 22.7040107 ], [ 109.0056923, 22.7041163 ], [ 109.0057021, 22.7042215 ], [ 109.0057193, 22.7043205 ], [ 109.0057439, 22.704418 ], [ 109.005776, 22.7045138 ], [ 109.0058154, 22.7046072 ], [ 109.0058618, 22.7046978 ], [ 109.005915, 22.7047851 ], [ 109.0070906, 22.7061513 ], [ 109.0074516, 22.7066807 ], [ 109.0076645, 22.7072699 ], [ 109.007794, 22.7080213 ], [ 109.0080162, 22.7087386 ], [ 109.008018783054922, 22.708743417294315 ] ] } },
{ "type": "Feature", "properties": { "osm_id": "387805624", "name": null, "highway": "secondary" }, "geometry": { "type": "LineString", "coordinates": [ [ 108.9906477, 22.6876375 ], [ 108.9907895, 22.6878237 ], [ 108.9910458, 22.6882212 ], [ 108.9913348, 22.6888099 ], [ 108.9915748, 22.6893432 ], [ 108.9919674, 22.690269 ], [ 108.9920656, 22.6903747 ], [ 108.9922019, 22.6904301 ], [ 108.9931072, 22.6905156 ], [ 108.9932763, 22.6905508 ], [ 108.9934399, 22.6906766 ], [ 108.993658, 22.690903 ], [ 108.9939253, 22.6910439 ], [ 108.9942416, 22.6911395 ], [ 108.995136, 22.6913558 ], [ 108.996074, 22.6915018 ], [ 108.996243, 22.6915923 ], [ 108.9965648, 22.6919496 ], [ 108.9967066, 22.6922313 ], [ 108.9967175, 22.6924376 ], [ 108.9966139, 22.6925735 ], [ 108.9963903, 22.6926489 ], [ 108.9956322, 22.692664 ], [ 108.9953868, 22.6927697 ], [ 108.9950378, 22.6929659 ], [ 108.9949178, 22.6931621 ], [ 108.9948524, 22.6933382 ], [ 108.9948251, 22.693615 ], [ 108.9948687, 22.6940225 ], [ 108.9948251, 22.6941483 ], [ 108.9947542, 22.6942338 ], [ 108.9945252, 22.6945206 ], [ 108.9944706, 22.6947621 ], [ 108.9945415, 22.6949634 ], [ 108.9949669, 22.695542 ], [ 108.9954959, 22.6961558 ], [ 108.9959758, 22.6965834 ], [ 108.9963194, 22.6969608 ], [ 108.9964066, 22.6971318 ], [ 108.9965212, 22.6988726 ], [ 108.9965048, 22.699255 ], [ 108.9963957, 22.6995669 ], [ 108.9961012, 22.6999594 ], [ 108.996074, 22.7001556 ], [ 108.9961012, 22.7002814 ], [ 108.9961885, 22.7004172 ] ] } },
{ "type": "Feature", "properties": { "osm_id": "387805619", "name": null, "highway": "secondary" }, "geometry": { "type": "LineString", "coordinates": [ [ 108.9961885, 22.7004172 ], [ 108.9962812, 22.7005581 ] ] } },
{ "type": "Feature", "properties": { "osm_id": "387805623", "name": null, "highway": "secondary" }, "geometry": { "type": "LineString", "coordinates": [ [ 108.9962812, 22.7005581 ], [ 108.996483, 22.7008801 ], [ 108.9966412, 22.7009958 ], [ 108.9969138, 22.7011014 ], [ 108.9977101, 22.7014939 ], [ 108.9982118, 22.701841 ], [ 108.9984027, 22.7020926 ], [ 108.998539, 22.7026711 ], [ 108.9987353, 22.7030686 ], [ 108.9991498, 22.7035918 ], [ 109.0001314, 22.7050156 ], [ 109.0006441, 22.7059916 ], [ 109.0008677, 22.7062683 ], [ 109.0010422, 22.7064393 ], [ 109.0015821, 22.7067412 ], [ 109.0017403, 22.706877 ], [ 109.001833, 22.7070883 ], [ 109.0019802, 22.7085674 ], [ 109.0020566, 22.7087133 ], [ 109.0020993545495, 22.708741067221002 ] ] } },
{ "type": "Feature", "properties": { "osm_id": "990286307", "name": null, "highway": "primary" }, "geometry": { "type": "LineString", "coordinates": [ [ 109.009929211111043, 22.710276643201571 ], [ 109.0103242, 22.7103131 ], [ 109.0111477, 22.7105093 ], [ 109.0115076, 22.710625 ], [ 109.0122217, 22.7108127 ], [ 109.0136754, 22.7114462 ], [ 109.0141207, 22.7115996 ], [ 109.0150695, 22.7117859 ], [ 109.0154094, 22.7119317 ], [ 109.0157009, 22.7121251 ], [ 109.0160727, 22.7124727 ], [ 109.0164649, 22.7129059 ], [ 109.0165722, 22.7131979 ], [ 109.0167975, 22.713475 ], [ 109.0175968, 22.7141134 ], [ 109.0183425, 22.7147072 ], [ 109.0185893, 22.7148457 ] ] } },
{ "type": "Feature", "properties": { "osm_id": "387807074", "name": null, "highway": "secondary" }, "geometry": { "type": "LineString", "coordinates": [ [ 109.0397896, 22.718163 ], [ 109.0380462, 22.716811 ], [ 109.0378842, 22.7167399 ], [ 109.0376219, 22.71669 ], [ 109.0370754, 22.7166464 ], [ 109.0366128, 22.7165481 ], [ 109.0363938, 22.7165776 ], [ 109.0362114, 22.7166964 ], [ 109.0356106, 22.7171368 ] ] } },
{ "type": "Feature", "properties": { "osm_id": "387807073", "name": null, "highway": "secondary" }, "geometry": { "type": "LineString", "coordinates": [ [ 109.0399439, 22.7182839 ], [ 109.0397896, 22.718163 ] ] } },
{ "type": "Feature", "properties": { "osm_id": "989896273", "name": null, "highway": "secondary" }, "geometry": { "type": "LineString", "coordinates": [ [ 109.0329337, 22.7199424 ], [ 109.033851, 22.7191507 ], [ 109.0351546, 22.7178988 ], [ 109.0353692, 22.7177256 ], [ 109.0356106, 22.7171368 ] ] } },
{ "type": "Feature", "properties": { "osm_id": "989896274", "name": null, "highway": "primary" }, "geometry": { "type": "LineString", "coordinates": [ [ 109.0185893, 22.7148457 ], [ 109.0189326, 22.71539 ], [ 109.0193134, 22.716256 ], [ 109.0193358, 22.7163755 ], [ 109.0193508, 22.7164961 ], [ 109.0193583, 22.7166172 ], [ 109.0193584, 22.7167385 ], [ 109.0194065, 22.7170305 ], [ 109.0194857, 22.7174252 ], [ 109.0195976, 22.7177584 ], [ 109.0197745, 22.7180673 ], [ 109.0203724, 22.7185753 ], [ 109.0209711, 22.7187647 ], [ 109.0215719, 22.7190171 ], [ 109.0222263, 22.7193882 ], [ 109.0228754, 22.7198632 ], [ 109.0229731, 22.7199385 ], [ 109.0230767, 22.7200068 ], [ 109.0231856, 22.7200676 ], [ 109.0232992, 22.7201205 ], [ 109.0234022, 22.7201603 ], [ 109.0235077, 22.7201937 ], [ 109.0236155, 22.7202206 ], [ 109.023725, 22.7202407 ], [ 109.0238357, 22.7202541 ], [ 109.024635, 22.7203482 ], [ 109.0250373, 22.7205312 ], [ 109.0254611, 22.7208529 ], [ 109.0258366, 22.7212834 ], [ 109.0261424, 22.7215209 ], [ 109.0264749, 22.721699 ], [ 109.0266895, 22.7218375 ], [ 109.0271509, 22.72206 ], [ 109.0274974, 22.7222683 ], [ 109.0278428, 22.722335 ], [ 109.0284355, 22.7222537 ], [ 109.0289412, 22.722054 ], [ 109.0292966, 22.7218128 ], [ 109.0296239, 22.7215802 ], [ 109.029682, 22.7215257 ], [ 109.0297455, 22.7214767 ], [ 109.0298139, 22.7214336 ], [ 109.0298866, 22.7213968 ], [ 109.0299628, 22.7213667 ], [ 109.0300452, 22.7213428 ], [ 109.0301298, 22.7213267 ], [ 109.0302158, 22.7213186 ], [ 109.0303022, 22.7213186 ], [ 109.0303881, 22.7213267 ], [ 109.0304727, 22.7213428 ], [ 109.0305552, 22.7213667 ] ] } },
{ "type": "Feature", "properties": { "osm_id": "1554792141", "name": null, "highway": "secondary" }, "geometry": { "type": "LineString", "coordinates": [ [ 109.0406086, 22.7206743 ], [ 109.0405968, 22.7191952 ], [ 109.0405861, 22.7190196 ], [ 109.0405431, 22.7188612 ], [ 109.0403987, 22.7185735 ], [ 109.0399439, 22.7182839 ] ] } },
{ "type": "Feature", "properties": { "osm_id": "990286305", "name": null, "highway": "secondary" }, "geometry": { "type": "LineString", "coordinates": [ [ 109.0305552, 22.7213667 ], [ 109.0307933, 22.7210607 ], [ 109.0314799, 22.7208133 ], [ 109.0318876, 22.7205362 ], [ 109.0325314, 22.72017 ], [ 109.0329337, 22.7199424 ] ] } },
{ "type": "Feature", "properties": { "osm_id": "990286306", "name": null, "highway": "secondary" }, "geometry": { "type": "LineString", "coordinates": [ [ 109.0325314, 22.72017 ], [ 109.0326011, 22.7202987 ], [ 109.0316048, 22.7218203 ] ] } },
{ "type": "Feature", "properties": { "osm_id": "990286304", "name": null, "highway": "primary" }, "geometry": { "type": "LineString", "coordinates": [ [ 109.0305552, 22.7213667 ], [ 109.0316048, 22.7218203 ], [ 109.0328137, 22.7225962 ], [ 109.0329107, 22.722636 ], [ 109.0330107, 22.7226689 ], [ 109.0331131, 22.7226947 ], [ 109.0332173, 22.7227131 ], [ 109.0333228, 22.7227242 ], [ 109.0334425, 22.7227278 ], [ 109.0335622, 22.7227219 ], [ 109.0336808, 22.7227065 ], [ 109.0337976, 22.7226817 ], [ 109.0339116, 22.7226478 ], [ 109.034022, 22.7226049 ], [ 109.0341281, 22.7225535 ], [ 109.0377473, 22.7203678 ], [ 109.0378714, 22.7203147 ], [ 109.0379991, 22.7202696 ], [ 109.0381298, 22.7202325 ], [ 109.0382629, 22.7202037 ], [ 109.0383979, 22.7201833 ], [ 109.0385341, 22.7201714 ], [ 109.0386706, 22.7201681 ], [ 109.0388071, 22.7201733 ], [ 109.0389428, 22.720187 ], [ 109.0390773, 22.7202092 ], [ 109.0392098, 22.7202397 ], [ 109.0406086, 22.7206743 ], [ 109.0430395, 22.7214294 ], [ 109.043456, 22.7215976 ], [ 109.0437855, 22.721799 ], [ 109.0443377, 22.7222034 ], [ 109.0448376, 22.722895 ], [ 109.0452047, 22.7235021 ], [ 109.0456677, 22.724268 ] ] } },
{ "type": "Feature", "properties": { "osm_id": "1289551006", "name": null, "highway": "primary" }, "geometry": { "type": "LineString", "coordinates": [ [ 109.053693597425706, 22.738440884564472 ], [ 109.0533355, 22.7379214 ], [ 109.0526684, 22.7365719 ], [ 109.0524483, 22.7355736 ], [ 109.0523481, 22.7347128 ], [ 109.0524092, 22.7340876 ], [ 109.0525933, 22.7334265 ], [ 109.0529065, 22.7323308 ], [ 109.0529575, 22.7320091 ], [ 109.0530809, 22.7314613 ], [ 109.0531195, 22.7311127 ], [ 109.0530192, 22.7307427 ], [ 109.0527878, 22.7304652 ], [ 109.0523403, 22.7300668 ], [ 109.0522671, 22.7300289 ], [ 109.0511832, 22.7294691 ], [ 109.0508824, 22.7293624 ], [ 109.0504164, 22.7291376 ], [ 109.0497546, 22.7287946 ], [ 109.0487934, 22.7283848 ], [ 109.0484325, 22.7281485 ], [ 109.0479449, 22.7277089 ], [ 109.0476271, 22.727235 ], [ 109.0474111, 22.7269789 ], [ 109.0470948, 22.7265093 ], [ 109.0468017, 22.726125 ], [ 109.0465702, 22.7257977 ], [ 109.046092, 22.7249155 ], [ 109.0456677, 22.724268 ] ] } },
{ "type": "Feature", "properties": { "osm_id": "989896272", "name": null, "highway": "secondary" }, "geometry": { "type": "LineString", "coordinates": [ [ 109.0316048, 22.7218203 ], [ 109.0310508, 22.7229162 ], [ 109.0303427, 22.7243165 ], [ 109.0300584, 22.724742 ], [ 109.0295327, 22.725222 ], [ 109.0280735, 22.72636 ], [ 109.0279585, 22.7264329 ], [ 109.0278388, 22.7264991 ], [ 109.0277149, 22.7265582 ], [ 109.0275872, 22.7266101 ], [ 109.0274562, 22.7266546 ], [ 109.0273225, 22.7266915 ], [ 109.0271798, 22.7267219 ], [ 109.0270353, 22.7267436 ], [ 109.0268895, 22.7267566 ], [ 109.0267432, 22.7267608 ], [ 109.0254396, 22.7268499 ], [ 109.0251499, 22.7269241 ], [ 109.0249085, 22.7270577 ], [ 109.0244579, 22.727315 ], [ 109.0243077, 22.7273595 ], [ 109.0228486, 22.7275871 ], [ 109.0211803, 22.7279582 ], [ 109.0199411, 22.728547 ], [ 109.0193456, 22.7289577 ], [ 109.0189969, 22.7294475 ], [ 109.0188414, 22.7296355 ], [ 109.0186536, 22.7297988 ], [ 109.0185195, 22.729972 ], [ 109.0184657, 22.730011 ], [ 109.0184068, 22.7300433 ], [ 109.018344, 22.7300684 ], [ 109.0182781, 22.7300858 ], [ 109.0182285, 22.7300934 ], [ 109.0181782, 22.7300968 ], [ 109.0181279, 22.7300957 ], [ 109.0163469, 22.7297444 ], [ 109.0162723, 22.7297487 ], [ 109.0161984, 22.7297594 ], [ 109.0161259, 22.7297764 ], [ 109.0160554, 22.7297995 ], [ 109.0159875, 22.7298285 ], [ 109.0159183, 22.7298658 ], [ 109.0158535, 22.7299093 ], [ 109.0157936, 22.7299585 ], [ 109.0157393, 22.7300129 ], [ 109.0156911, 22.730072 ], [ 109.015671554634295, 22.730101765472597 ] ] } }
]
}
