poi_id,name,lng_wgs84,lat_wgs84,type,typecode
B030900EI2,中国石化广西钦州本部城东加油站,108.63804457537888,21.952513453734998,汽车服务;加油站;中国石化,010101
B030900EI9,桥东加油站,108.62776919617437,21.95400782655292,汽车服务;加油站;加油站,010100
B0GRTLH6EU,中国石化广西钦州中马友谊南加油站,108.6609318711398,21.758475792843576,汽车服务;加油站;中国石化,010101
B03090M8DM,中国石化广西钦州本部奋发加油站,108.60971224285805,21.971921102113694,汽车服务;加油站;中国石化,010101
B03090MB2L,中国石化广西钦州本部二桥加油站,108.64511896180365,21.974763490760942,汽车服务;加油站;中国石化,010101
B0FFIQR92F,中国石化广西钦州本部蓬莱加油加气站,108.60103016527573,21.73908244566465,汽车服务;其它能源站;其它能源站,010200
B030900EHU,中国石化广西钦州本部钦州加油站,108.62541957658436,21.983169629726362,汽车服务;加油站;中国石化,010101
B030900MF3,中国石油金中加油站(金海湾东大街),108.6479704133915,21.942007954340628,汽车服务;加油站;中国石油,010102
B0FFF5TWJK,中国石油鼓雪加油站,108.65674087173089,21.957211320341095,汽车服务;加油站;中国石油,010102
B030900M18,中国石油海湾加油站,108.60400288146869,21.747322799464754,汽车服务;加油站;中国石油,010102
B030900EHT,中国石化广西钦州本部华信加油站,108.62509099255539,21.98523900627176,汽车服务;加油站;中国石化,010101
B03090M9YV,中国石化广西钦州本部大番坡加油站,108.63440435636734,21.85430240338955,汽车服务;加油站;中国石化,010101
B03090M9YL,中国石油海棠LNG加油加气站,108.65673923827308,21.889007829384752,汽车服务;其它能源站;其它能源站,010200
B0IDSRMTK4,中国石油钦州市钦南区北部湾加油站,108.60744916791742,21.95413300593839,汽车服务;加油站;中国石油,010102
B030900M0Q,中国石油进港加油站,108.60876183959647,21.79255880502129,汽车服务;加油站;中国石油,010102
B0GRUR6LDG,中国石油钦州港滨海加油站,108.66377299406793,21.72126001690801,汽车服务;加油站;中国石油,010102
B03090MALS,中国石油金鼓江加油站,108.62155411453976,21.742644417587737,汽车服务;加油站;中国石油,010102
B0IGSL4UR8,中国石油加油站,108.65908743362567,21.69232355631172,汽车服务;加油站;中国石油,010102
B0FFG338TE,港力加油站,108.60941266560387,21.783634469141237,汽车服务;加油站;加油站,010100
B030900PBU,中国石油金湾加油站,108.59415694216779,21.9457808270404,汽车服务;加油站;中国石油,010102
B0FFHD4YI1,中国石油钦州港果鹰加油站,108.61319940520814,21.708633512793952,汽车服务;加油站;中国石油,010102
B0GUR5PY50,中国石油扬帆南加油站,108.6394013248373,21.90271156596464,汽车服务;加油站;中国石油,010102
B030900MF4,中国石油金海加油站,108.67191679969993,21.94047751262028,汽车服务;加油站;中国石油,010102
B0FFKTFWKA,中国石油金岭加油站,108.66865176158082,21.977258272066813,汽车服务;加油站;中国石油,010102
B0GRJ9TSO5,中国石油环城加油站,108.65253889646688,21.98961944450103,汽车服务;加油站;中国石油,010102
B0GRN77A1Q,中国石油北山加油站,108.60022101939187,21.937263951647772,汽车服务;加油站;中国石油,010102
B0K0KB58NJ,中国石化超级充电站(育才充电城充电站),108.62915951739572,21.98137903412512,汽车服务;充电站;充电站,011100
B0GUR5PB7U,中国石油金东加油站,108.66132046601356,21.991570028092287,汽车服务;加油站;中国石油,010102
B0IGASPJIH,驰加汽车服务中心(钦南区盛翠华庭店),108.60737678119486,21.963358444559955,汽车服务;汽车养护/装饰;汽车养护|汽车服务;洗车场;洗车场|汽车服务;汽车配件销售;汽车配件销售|汽车维修;汽车维修;汽车维修,010400|010500|010800|030000
B0HDTHLKG0,途虎养车工场店(钦州北部湾北大道店),108.60770632143578,21.966953969808202,汽车服务;汽车养护/装饰;汽车养护,010400
B0MUXG8SQQ,昆仑网电汽车充电站(中国石油广西钦州天骄酒店充电站),108.63554598660102,21.940644606616658,汽车服务;充电站;充电站,011100
B0MD2D5WBZ,途虎养车工场店(钦州白石湖店),108.6283652983489,21.931554337126606,汽车服务;汽车养护/装饰;汽车养护,010400
B0KKS6VILB,云快充超级充电站(广西特快充超级重卡充电站钦州港),108.63302608054892,21.85058067207004,汽车服务;充电站;充电站,011100
B0K0NSGEK9,鸿港精品二手轮胎,108.63039423549031,21.94359938721252,汽车服务;汽车配件销售;汽车配件销售|汽车服务;汽车养护/装饰;汽车养护|汽车服务;洗车场;洗车场|汽车维修;汽车维修;汽车维修,010800|010400|010500|030000
B0JGJS3KXX,京东养车(兴桂北路店),108.6517914202089,21.972660760804064,汽车服务;汽车养护/装饰;汽车养护,010400
B0LRKBGT2V,中国石化汽车充电站(安州和谐市场充电站),108.6246206688088,21.945483649715317,汽车服务;充电站;充电站,011100
B0FFKU6OHA,昌荣二手车交易市场,108.59614577261598,21.958078605994036,汽车服务;汽车服务相关;汽车服务相关,010000
B0MUFSG28X,途虎养车工场店(钦州国贸花园店),108.64121475655587,21.961835847307558,汽车服务;汽车养护/装饰;汽车养护,010400
B0LANAUNUR,鲸洗便民自助洗车(金穗店),108.62566654129897,21.975891877547557,汽车服务;洗车场;洗车场,010500
B0MGSALQUK,中国铁塔超级充电站(广西钦州港进港大道重卡充电站),108.67973720733303,21.9221430053845,汽车服务;充电站;充电站,011100
B0I25RIJGB,南方电网汽车充电站(钦州市油麻角充电站),108.60333882934817,21.94371500460651,汽车服务;充电站;充电站,011100
B0IBYMN4JT,钦州东汽车充电站,108.65593714147089,21.989364085128905,汽车服务;充电站;充电站,011100
B0L24BMEEP,云快充超级充电站(钦州大润发),108.60948849096008,21.97121291056226,汽车服务;充电站;充电站,011100
B0JKUB8KDA,中国石化汽车充电站(文峰充电站),108.61201079220174,21.954083001334475,汽车服务;充电站;充电站,011100
B0FFGZE1NK,安州汽配城,108.6305589237242,21.944089396710947,汽车服务;汽车配件销售;汽车配件销售,010800
B0I25RDOG8,南方电网汽车充电站(钦州市纪委监委充电站),108.66909882718315,21.954434555349387,汽车服务;充电站;充电站,011100
B0JA7CXCSJ,租租优行免押租车-钦州分店,108.63950898076077,21.966519823072748,汽车服务;汽车租赁;汽车租赁,010900
B0L6N9R992,小桔充电汽车充电站(年年丰广场),108.6221092061515,21.970978679842933,汽车服务;充电站;充电站,011100
B0KACMSYUW,龙帆一号快充电站,108.66130632299314,21.710916585573816,汽车服务;充电站;充电站,011100
B0MDO5W9F3,海豚绿能超级充电站(海豚超充北部湾建材城站),108.63631941842496,21.942510331679113,汽车服务;充电站;充电站,011100
B0LKRC6QC3,特来电汽车充电站(特来电银河街充电站),108.62580073293935,21.988055478082867,汽车服务;充电站;充电站,011100
B0LUFU4IT1,驰加汽车服务中心(钦北区碧桂园店),108.64454856388978,21.987177344090803,汽车服务;汽车养护/装饰;汽车养护|汽车服务;洗车场;洗车场|汽车维修;汽车维修;汽车维修,010400|010500|030000
B0L03BBQSE,捷顺充汽车充电站(顾家充电站保税港站),108.6505763569176,21.70325142979144,汽车服务;充电站;充电站,011100
B0IDF5PU1L,钦州鸿亭二手车,108.64718260192964,21.97307913765299,汽车服务;二手车交易;二手车交易,011000
B0LKDPMZ0P,昆仑网电汽车充电站(中国石油广西钦州北部湾充电站),108.60745516281011,21.954132002082623,汽车服务;充电站;充电站,011100
B0JA4U1Q8Y,途虎养车工场店(钦州北环西路店),108.63505746187457,21.990605100425014,汽车服务;汽车养护/装饰;汽车养护,010400
B0J2F44I1V,南方电网充电站(华信加油站站),108.62512592542375,21.985491083601364,汽车服务;充电站;充电站,011100
B0LKVH4QES,京东养车(钦州港大道店),108.60070198465428,21.7466266742419,汽车服务;汽车养护/装饰;汽车养护,010400
B0LURP3FLW,特来电汽车充电站(钦州钦冠新能源重卡超充站),108.66911343333078,21.901117101792718,汽车服务;充电站;充电站,011100
B0J23UC171,膜一姐汽车贴膜(钦州店),108.64001914205292,21.962712195617552,汽车服务;汽车养护/装饰;汽车养护,010400
B0MG7GHDWJ,昆仑网电汽车充电站(中国石油广西钦州大小巷充电站),108.64794906367177,21.97038351850766,汽车服务;充电站;充电站,011100
B0LBUDA2ZE,城市便民共享自助洗车广场,108.65680469059369,21.957886523419457,汽车服务;汽车养护/装饰;汽车养护,010400
B0M6G5OLTW,众和汽车维修部,108.63611583011654,21.98286785371778,汽车服务;汽车养护/装饰;汽车养护|汽车维修;汽车维修;汽车维修,010400|030000
B0LK1DE16K,特来电汽车充电站(钦州乾庄新能源重卡充电站),108.6746635954269,21.913681503658974,汽车服务;充电站;充电站,011100
B0LRXHYZXN,昆仑网电汽车充电站(中国石油广西钦州鼓雪充电站),108.65673987404108,21.957211322198944,汽车服务;充电站;充电站,011100
B0LAN7ZDFQ,特来电汽车充电站(泰禾集团钦州新总站快充站),108.59729695813292,21.945645542605888,汽车服务;充电站;充电站,011100
B0L67STCT2,旗胜二手车,108.59139918219861,21.97124580230418,汽车服务;二手车交易;二手车交易,011000
B0IUHLT6MX,南方电网充电站(人和春天小区站),108.64277552648171,21.962021370374664,汽车服务;充电站;充电站,011100
B0H0X52RX0,南方电网汽车充电站(钦州市电力宾馆充电站),108.61416573838014,21.96795692445178,汽车服务;充电站;充电站,011100
B0H01OSU27,利达二手车批发,108.59377673802258,21.972383504340257,汽车服务;二手车交易;二手车交易,011000
B0L2BCLPHU,洗刷刷自助洗车(海伦堡花园店),108.60652688626254,21.95528105584598,汽车服务;洗车场;洗车场,010500
B0JD7LFWCR,神州租车(钦州东站店),108.66280539633502,21.982725026137004,汽车服务;汽车服务相关;汽车服务相关,010000
B0I266BWHF,特来电汽车充电站(特来电钦州市钦南区政府充电站),108.65408973512585,21.941687813495932,汽车服务;充电站;充电站,011100
B0MBN6RQYO,云快充超级充电站(引领新能源重卡超充广场),108.60211003116771,21.728630817246298,汽车服务;充电站;充电站,011100
B0LRAY0NW6,昆仑网电汽车充电站(中国石油广西钦州金湾充电站),108.59415294307765,21.945781827523177,汽车服务;充电站;充电站,011100
B0IAFZ8ACZ,小鹏超级充电站(小鹏S4超快充钦州恒基广场站),108.61934162598148,21.960282516214516,汽车服务;充电站;充电站,011100
B0I25REQVJ,南方电网汽车充电站(钦州市人和大地小区充电站),108.65698704870468,21.982570919128303,汽车服务;充电站;充电站,011100
B0LAC5DNZS,桂沣二手名车旗舰店,108.60559916241066,21.944261266960698,汽车服务;二手车交易;二手车交易,011000
B0L2YSUS22,广丰二手车,108.60082426064531,21.946137021938252,汽车服务;二手车交易;二手车交易,011000
B0JAR55DC4,途虎养车工场店(钦州吾悦广场店),108.62566518019736,21.942397919757447,汽车服务;汽车养护/装饰;汽车养护,010400
B0J6RARAPE,钦州市哥德汽车销售有限公司,108.59836854132762,21.94504108097502,汽车服务;二手车交易;二手车交易|汽车销售;汽车销售;汽车销售,011000|020000
B0FFM155ZU,钦州运港二手车行,108.605462094369,21.947843043512297,汽车服务;二手车交易;二手车交易,011000
B0L67CP3UZ,杏缘汽修服务中心,108.62520176681332,21.965844663826886,汽车维修;汽车综合维修;汽车综合维修|汽车服务;汽车养护/装饰;汽车养护|汽车服务;洗车场;洗车场,030100|010400|010500
B0L2AA0TD1,洗刷刷24小时自助洗车站(金城2店),108.62473318963765,21.931234712410756,汽车服务;洗车场;洗车场,010500
B0I6ZSALKJ,途虎养车工场店(钦州滨海华都店),108.65197877340923,21.977217586153536,汽车服务;汽车养护/装饰;汽车养护,010400
B0MUUNVRCY,云快充超级充电站(钦州港亦宸酒店充电站),108.6003604486649,21.740845364497098,汽车服务;充电站;充电站,011100
B0L0SSIRTZ,丰和二手车,108.60131671579461,21.972155275084834,汽车服务;二手车交易;二手车交易,011000
B0FFKN1128,世茂二手车交易市场,108.62774924728136,21.994520087895808,汽车服务;二手车交易;二手车交易,011000
B0L259DKE1,诚铭二手车批发,108.62833648447356,21.990078232103354,汽车服务;二手车交易;二手车交易,011000
B0KKTSVRJ8,途虎养车工场店(钦州钦州港大道店),108.60085489839942,21.746658643720135,汽车服务;汽车服务相关;汽车服务相关,010000
B0LAN7YB4Z,狼顾问汽车养护中心,108.62201601036692,21.936798483811955,汽车服务;汽车养护/装饰;汽车养护|汽车服务;洗车场;洗车场|汽车维修;汽车维修;汽车维修,010400|010500|030000
B0JU4R2GGC,威哥车行,108.60790429251084,21.943430637214536,汽车服务;二手车交易;二手车交易,011000
B0MD97QL02,洗刷刷自助洗车(双角岭店),108.64804349569471,21.957410175488054,汽车服务;洗车场;洗车场,010500
B0LU27SZNZ,福翔汽车服务有限公司,108.64543057556693,21.948752570115747,汽车服务;汽车服务相关;汽车服务相关,010000
B0KUULVQYD,帝马精选二手车,108.6070352925729,21.97935523913845,汽车服务;二手车交易;二手车交易,011000
B0FFGIBOPC,梅园洗车店(梅园路),108.6111862971278,21.961333057065815,汽车服务;洗车场;洗车场,010500
B0I3JL9B9Z,振隆二手车,108.67876710978756,21.969839562494847,汽车服务;二手车交易;二手车交易,011000
B0FFHDK0HF,中国燃气(金海湾西大街店)(暂停营业),108.59988475323213,21.9463543788836,汽车服务;加气站;加气站,010300
B0K6YCA3AD,钦州市恒信二手车销售有限公司,108.64245418806165,21.941784248827155,汽车服务;二手车交易;二手车交易,011000
B0LG2D8P5Q,广进二手货车,108.60393974773505,21.978021103075008,汽车服务;二手车交易;二手车交易,011000
B0K30LVT5H,龙城充汽车充电站(钦州进港重卡充电站),108.67537475838546,21.916710600761675,汽车服务;充电站;充电站,011100
B0K6NB2FTP,中国石化超级充电站(中马友谊南充电站),108.66092987582941,21.758475796620402,汽车服务;充电站;充电站,011100
B0L2FH21RG,中国石油钦州港LNG加气站,108.62160103656986,21.74286145671654,汽车服务;加气站;加气站,010300
B0FFHCEOLQ,世杰铭车汽车维修,108.6188302435771,21.98222045760046,汽车服务;汽车配件销售;汽车配件销售,010800
B0FFL8DNQI,钦缘五菱二手车专卖店,108.6275715372048,21.994611358562313,汽车服务;二手车交易;二手车交易,011000
B0JA7HP9W7,圣马二手车,108.61171050902799,21.945845291083884,汽车服务;二手车交易;二手车交易,011000
B0IRC56BII,宏帆二手车,108.60265126765434,21.944009406915352,汽车服务;二手车交易;二手车交易,011000
B0KRU7ZC4D,汽车充电站(钦州市开投钦州湾广场新能源站),108.62180828201515,21.97838853057455,汽车服务;充电站;充电站,011100
B0IDCU96HB,众赢精品二手车,108.61003946712836,21.98135236394456,汽车服务;二手车交易;二手车交易,011000
B0L3FU5IFM,钦州广源二手汽贸,108.67284577271137,21.97701915168733,汽车服务;二手车交易;二手车交易,011000
B0LKOSGEK1,途虎养车工场店(钦州港巨龙广场店),108.59955208351876,21.736318699985056,汽车服务;汽车养护/装饰;汽车养护,010400
B0JR09VCNM,钦州立林汽车充电站,108.65574058605682,21.989539532227408,汽车服务;汽车服务相关;汽车服务相关,010000
B0K27999BL,广顺二手车,108.60609911117476,21.978325244415142,汽车服务;二手车交易;二手车交易,011000
B0LD5AUAEM,星星充电汽车充电站(电满满钦州汽车南站充电站),108.65093395044457,21.94007377277446,汽车服务;充电站;充电站,011100
B0FFLA8BP1,好兄弟二手车有限公司,108.64060251545989,21.95142587646443,汽车服务;二手车交易;二手车交易,011000
B0LBCUE0YD,和合二手车,108.65737858875393,21.953243239306225,汽车服务;二手车交易;二手车交易,011000
B0MGKCKV9X,菱放科技出行服务(钦州总店),108.6248344599695,21.983883671732936,汽车服务;汽车服务相关;汽车服务相关,010000
B0FFMGI6ZL,广潘二手车行,108.60603881609396,21.94426805162092,汽车服务;汽车服务相关;汽车服务相关,010000
B0HAK7IFIJ,M8车业二手车,108.60303102367075,21.94394123223845,汽车服务;二手车交易;二手车交易,011000
B0MG4NW28C,比亚迪闪充汽车充电站(比亚迪钦州乐易购4S店),108.63237167734715,21.944552097203953,汽车服务;充电站;充电站,011100
B0G33KT0UY,顺风二手车行,108.60629706246036,21.955503281650817,汽车服务;汽车服务相关;汽车服务相关,010000
B0KG9C3YX3,特斯拉超级充电站(钦州人和春天),108.64296013319449,21.962197147449256,汽车服务;充电站;充电站,011100
B0J2F4UJQ5,南方电网汽车充电站(钦州市滨海分局自贸区科技园充电站),108.6676404008337,21.7702650536766,汽车服务;充电站;充电站,011100
B0K2M7UCRG,车品优二手车批发,108.60893034604366,21.943848219081254,汽车服务;二手车交易;二手车交易,011000
B0LUTD477M,星辰二手车,108.60640751711128,21.944311883180042,汽车服务;二手车交易;二手车交易,011000
B0FFGIAR11,车大炮汽车美容养护中心(文峰店),108.60906410213438,21.946310311006314,汽车服务;汽车养护/装饰;汽车养护,010400
B0I25RIY2O,南方电网汽车充电站(钦州市钦州加油站充电站),108.62541959294998,21.982834470918363,汽车服务;充电站;充电站,011100
B0KBNAI10U,03车坊,108.61598607361582,21.957824536794387,汽车服务;汽车服务相关;汽车服务相关,010000
B0L64SL6R1,中国石化汽车充电站(钦州联通公司充电站),108.62687444360424,21.979041876669868,汽车服务;充电站;充电站,011100
B0J30SD366,中国石化汽车充电站(二桥充电充电站),108.645124946631,21.97481250384356,汽车服务;充电站;充电站,011100
B0LK17DPJ4,特来电汽车充电站(广西金熙重卡超充站),108.64310796312269,21.693502599334465,汽车服务;充电站;充电站,011100
B0FFGF6XMK,冠良租车行(木井路店),108.61907958661637,21.968342618154203,汽车服务;汽车租赁;汽车租赁,010900
B0G3G7TWA1,南方电网充电桩,108.65289645180178,21.94165597926628,汽车服务;充电站;充电站,011100
B0L6MPLGMN,昆仑网电汽车充电站(中国石油广西钦州泰禾汽车南站停车场充电站),108.65020553121568,21.940985512322577,汽车服务;充电站;充电站,011100
B0FFJD0LE0,液体黄金轮胎(超记轮胎商行),108.59702666997407,21.74703359816168,汽车服务;洗车场;洗车场|汽车服务;汽车养护/装饰;汽车养护|汽车维修;汽车维修;汽车维修,010500|010400|030000
B0G1ZG4S7Q,香车汇,108.64556893553362,21.955749671508453,汽车服务;汽车服务相关;汽车服务相关,010000
B0L6MGLW7D,昆仑网电汽车充电站(中国石油广西钦州海湾充电站),108.60427768320113,21.747392711155786,汽车服务;充电站;充电站,011100
B0L0J7GKJV,新电途汽车充电站(临海石化晨峰充电站),108.62948681656681,21.738071902318715,汽车服务;充电站;充电站,011100
B0MAM565PH,源彩汽车中心,108.60490398890154,21.979270271591727,汽车服务;汽车服务相关;汽车服务相关,010000
B0I66SFT2F,钦州市景腾二手车销售有限公司,108.59561041846932,21.96892781504203,汽车服务;二手车交易;二手车交易,011000
B0J37XWHTD,朝歌二手车,108.65683285388212,21.95325726351625,汽车服务;二手车交易;二手车交易,011000
B0FFHCENR6,山东铲车钦州直销处,108.6289331363649,21.99702973049346,汽车服务;汽车服务相关;汽车服务相关,010000
B0HKUMTASF,BBA国际汽服联盟,108.60709431359105,21.977901517015187,汽车服务;汽车服务相关;汽车服务相关,010000
B0KDO5P7GN,钦州银信二手交易,108.64896741280108,21.958488062980674,汽车服务;二手车交易;二手车交易,011000
B0LGJBHYF6,中国石化汽车充电站(云飞物流停车场重卡充电站),108.66452452688173,21.897693245723957,汽车服务;充电站;专用充电站,011103
B0KANSZ64O,友车一族精品车,108.62627086662665,21.990375996095004,汽车服务;汽车服务相关;汽车服务相关,010000
B0K1RDXVVA,渣哥汽美,108.61283287950496,21.975195430622236,汽车服务;汽车服务相关;汽车服务相关,010000
B0KKK9SRF3,小董哥二手车,108.62787903548642,21.994440883701447,汽车服务;二手车交易;二手车交易,011000
B0K2N1AB3B,万客来,108.66068209299176,21.968862471353024,汽车服务;汽车服务相关;汽车服务相关,010000
B0HU7DY5JM,国春车行,108.60763804776587,21.973796263013433,汽车服务;汽车服务相关;汽车服务相关,010000
B0KAF7HZSR,车喜达汽车服务中心,108.65727548612941,21.980412358212053,汽车服务;汽车服务相关;汽车服务相关,010000
B0L09HCZOC,优洗24小时自助洗车中心,108.64547654743136,21.94732481010838,汽车服务;洗车场;洗车场,010500
B0FFKFV9T0,CX车炫工坊,108.60663275100315,21.956274473745783,汽车服务;汽车服务相关;汽车服务相关,010000
B0J2BCU1SM,辉华二手车,108.60545958723183,21.978864817422643,汽车服务;二手车交易;二手车交易,011000
B0KD0ZYYVS,新夜城汽车美容服务中心,108.62227963796153,21.936535066424792,汽车服务;汽车养护/装饰;汽车养护,010400
B0MALR89CL,四季精洗车坊,108.6511450921172,21.744097870253775,汽车服务;洗车场;洗车场,010500
B0JB9MXBO7,福祥车行,108.60825496081988,21.94384963094578,汽车服务;汽车服务相关;汽车服务相关,010000
B0J2LH1Y3F,辉扬汽车服务中心,108.64613793268099,21.971632257765542,汽车服务;汽车服务相关;汽车服务相关,010000
B0KR7ZIZES,汽车充电站(钦州市第一人民医院站),108.62826487188198,21.964182035832284,汽车服务;充电站;充电站,011100
B0GUCS5H2E,山东荣事达挂车(驻钦州办事处),108.67372308579758,21.90851182640889,汽车服务;汽车服务相关;汽车服务相关,010000
B0L26AELA2,师吒二手车行,108.62844903530505,21.99538759146775,汽车服务;二手车交易;二手车交易,011000
B0LBBZYIZM,尚酷自动洗车店,108.61879996118569,21.968345898408025,汽车服务;洗车场;洗车场,010500
B0LDFXXIW9,开迈斯汽车充电站(钦州市吾悦广场站),108.6266126479662,21.942651871538633,汽车服务;充电站;充电站,011100
B0JUHANSAN,慕凡24小时自助洗车店,108.64413353122764,21.985367188732248,汽车服务;洗车场;洗车场,010500
B0L3LUPPDT,万隆新城共享自助洗车,108.59910372226891,21.748331786175818,汽车服务;洗车场;洗车场,010500
B0FFL7ZJKB,洗车打蜡,108.63381563063268,21.952872996953857,汽车服务;洗车场;洗车场|汽车服务;汽车养护/装饰;汽车养护,010500|010400
B0IDFZDZSJ,威微车府,108.59361178531357,21.972148389445127,汽车服务;汽车服务相关;汽车服务相关,010000
B0JRKKR4YC,老地方洗车,108.61125221620196,21.96160814121895,汽车服务;汽车养护/装饰;汽车养护,010400
B0L674YXR4,昆仑网电汽车充电站(中国石油广西钦州金海充电站),108.672094361932,21.94077431581701,汽车服务;充电站;充电站,011100
B0FFKRB7EB,万悦汽车租赁,108.63969927839096,21.952675922475287,汽车服务;汽车租赁;汽车租赁,010900
B0L335AEJA,星浩开锁汽车钥匙电瓶搭电,108.65425153049995,21.95862159592406,汽车服务;汽车配件销售;汽车配件销售,010800
B0K3LZ4TS3,车之翼汽车服务,108.6132294405794,21.975240142056577,汽车服务;汽车服务相关;汽车服务相关,010000
B0LG7U1KC1,智能共享自助洗车广场(中马耗情荟店),108.66793832839046,21.77764067640342,汽车服务;洗车场;洗车场,010500
B0LRTP8P6N,特来电汽车充电站(钦州新能源重卡超级充换电站云虎1号站),108.65633315285827,21.706091025831764,汽车服务;充电站;充电站,011100
B0L32P2W4E,昆仑网电汽车充电站(中国石油广西钦州金鼓江充电站),108.62150918037014,21.74261745515305,汽车服务;充电站;充电站,011100
B0K39HFPLB,灵醒洗车场,108.62037161097899,21.97254229233354,汽车服务;洗车场;洗车场,010500
B0MUPOGL15,安杰吊装,108.62532911902524,21.728432246554235,汽车服务;汽车服务相关;汽车服务相关,010000
B0FFKZNFAJ,红星洗车店,108.62600791717225,21.977526235222037,汽车服务;汽车养护/装饰;汽车养护,010400
B0I6NZHB0T,天天美容汽车自助洗车服务部,108.61016597420739,21.947863337011917,汽车服务;汽车养护/装饰;汽车养护,010400
B0FFI4B324,小草汽车内饰翻新改装,108.5987180646964,21.972194956974274,汽车服务;汽车服务相关;汽车服务相关,010000
B0IUL7TLWU,鼎晟新能源充电站(钦州市体育中心站),108.65129388360957,21.96565932809363,汽车服务;汽车服务相关;汽车服务相关,010000
B0J6POEE8Y,运凯汽车一站式服务,108.60811657624402,21.974840481392008,汽车服务;汽车服务相关;汽车服务相关,010000
B0FFL7YC60,钦华汽车真皮,108.63075351274979,21.986373250616936,汽车服务;洗车场;洗车场,010500
B0L674M600,昆仑网电汽车充电站(中国石油广西钦州金中充电站),108.6480103328642,21.941869818443823,汽车服务;充电站;充电站,011100
B0JARAXTPQ,喜车房,108.64703721075267,21.967124558743084,汽车服务;汽车养护/装饰;汽车养护,010400
B0G0TYEOPH,和隆自助洗车,108.61771234244672,21.742880434146898,汽车服务;汽车养护/装饰;汽车养护,010400
B0L3C7JV0F,中国石油果鹰LNG加气站,108.61351706101453,21.708445186887968,汽车服务;加气站;加气站,010300
B0KAYU2ESJ,捷途汽车(北部湾大道店),108.60555899956168,21.94825219186229,汽车销售;汽车销售;汽车销售|汽车服务;汽车服务相关;汽车服务相关,020000|010000
B0KRVK3KZ6,瓦尔塔蓄电池,108.64508810850502,21.952783077522117,汽车服务;汽车配件销售;汽车配件销售|汽车维修;汽车维修;汽车维修,010800|030000
B0MUO63ECW,比亚迪闪充汽车充电站(比亚迪钦州乐迪4S店),108.63242158706827,21.944554027458018,汽车服务;充电站;充电站,011100
B0JKLSYTON,赛轮轮胎(北环西路店)流动补胎,108.63475705520247,21.990031274439406,汽车服务;汽车配件销售;汽车配件销售,010800
B0KKCSKUEN,音乐王朝汽车音响灯光贴膜(钦州易胜店),108.60922293297276,21.946736414258176,汽车服务;汽车养护/装饰;汽车养护,010400
B0KKRDRORK,车新居汽车服务,108.61722277566697,21.932274211275463,汽车服务;汽车服务相关;汽车服务相关,010000
B0JK3UD0HB,鸿新汽车一站式服务,108.61036669606433,21.94952299374673,汽车服务;汽车服务相关;汽车服务相关,010000
B0FFKJTY7L,广汽本田金裕店,108.64072053459134,21.9461491675172,汽车销售;本田特约销售;广汽本田销售|汽车维修;本田特约维修;广汽本田维修,020201|030301
B0FFHHGGPQ,东风本田广西睿晖特约销售服务店,108.62955872357428,21.942755110894666,汽车销售;本田特约销售;东风本田销售|汽车维修;本田特约维修;东风本田维修,020202|030302
B03090MFNB,广汽丰田(钦州广缘金海湾店),108.63163008835896,21.942918359265928,汽车销售;丰田特约销售;广汽丰田销售|汽车维修;丰田特约维修;广汽丰田维修,021002|031102
B0FFHHSX1O,钦州开心汽车服务有限公司,108.60603053320831,21.950221898042848,汽车销售;汽车销售;汽车销售|汽车维修;吉利特约维修;吉利维修,020000|032400
B0FFHBAZ3P,油麻角汽车城,108.60324688456947,21.943850105258104,公司企业;公司;公司|汽车销售;汽车销售;汽车销售,170200|020000
B0LKYU4PV6,一汽大众钦州广缘4S店,108.63216514108237,21.942685497766863,汽车销售;汽车销售;汽车销售,020000
B0FFKRHLQ4,奇瑞钦州金鹏店,108.6061014392542,21.950990228756563,汽车销售;奇瑞特约销售;奇瑞销售|汽车维修;奇瑞特约维修;奇瑞维修,022400|032500
B0FFI2V9Q1,广汽传祺(钦州尊友店),108.63190753860667,21.944016495444888,汽车销售;广汽传祺销售;广汽传祺销售|汽车维修;广汽传祺维修;广汽传祺维修,023500|033600
B03090M9V8,东风日产钦州广缘金海湾专营店,108.63222302285287,21.94297155270341,汽车销售;日产特约销售;东风日产销售|汽车维修;日产特约维修;东风日产维修,020701|030802
B0FFF2H392,钦州中达丰田汽车销售服务有限公司,108.631820657614,21.944763974052,汽车销售;丰田特约销售;一汽丰田销售|汽车维修;丰田特约维修;一汽丰田维修,021001|031101
B0FFFOQT36,上汽大众钦州建汇汽车4S店,108.6410367982858,21.948023549658735,汽车维修;大众特约维修;上海大众维修|汽车销售;大众特约销售;上海大众销售,030201|020101
B0I23U09KT,零跑汽车钦州零跑中心钦南扬帆北大道店,108.64093857242315,21.956706851506812,汽车销售;汽车销售;汽车销售,020000
B0LKU5Y809,小鹏汽车钦州扬帆大道销售服务中心,108.64068951968069,21.947737976017695,汽车销售;汽车销售;汽车销售,020000
B0FFI6VMMV,长城汽车哈弗(广西泰禾店),108.64078501571008,21.933669104677826,汽车销售;长城汽车销售;长城汽车销售|汽车维修;长城汽车维修;长城汽车维修,023300|033400
B0JRZC35XL,比亚迪汽车王朝网(钦州乐易购4S店),108.63265216417803,21.944661751538163,汽车维修;汽车维修;汽车维修|汽车销售;汽车销售;汽车销售,030000|020000
B0G2PSI47G,奇瑞钦州大鹏店,108.6352802914429,21.94469993981083,汽车销售;汽车销售;汽车销售|汽车维修;汽车维修;汽车维修,020000|030000
B0FFK4DTK4,五菱汽车(钦州润海店),108.63120082925045,21.943365168862304,汽车销售;汽车销售;汽车销售|汽车维修;汽车维修;汽车维修,020000|030000
B0I3TRJJ6J,别克-钦州骏凯(扬州街店),108.629563660354,21.943874638797464,汽车维修;通用特约维修;别克维修|汽车销售;通用特约销售;别克销售,030502|020402
B0MGAZDK6A,吉利银河钦州荣悦新能源体验中心,108.60594557522292,21.950746191085845,汽车销售;吉利特约销售;吉利销售|汽车维修;吉利特约维修;吉利维修,022300|032400
B0FFJSDQ82,上汽MG品牌4S店(钦南扬帆大道店),108.64074329029668,21.950184056415388,汽车销售;名爵销售;名爵销售|汽车维修;名爵维修;名爵维修,022700|032800
B0309003PH,登峰汽车城,108.62538754308369,21.943966005836305,汽车销售;汽车销售;汽车销售,020000
B0H30UB01B,比亚迪汽车海洋网(钦州乐行4S店),108.64077241869883,21.94636018430887,汽车销售;汽车销售;汽车销售|汽车维修;汽车维修;汽车维修,020000|030000
B0HKX5P1NO,领克中心(钦州昇达),108.6314773051246,21.94405011240694,汽车销售;吉利特约销售;吉利销售,022300
B0KAOC2TJW,深蓝汽车钦州扬州街店体验中心,108.63484412649403,21.94443746244612,汽车销售;汽车销售;汽车销售,020000
B0LBZUOW83,长城汽车·哈弗欧拉皮卡·销售服务店(广西泰禾·扬帆大道店),108.64078501571008,21.933669104677826,汽车销售;汽车销售;汽车销售,020000
B0J2XUUPK2,吉利银河钦州吉通吾悦广场店,108.62901242168395,21.94757713874394,汽车销售;吉利特约销售;吉利销售,022300
B0I2O7UPQF,比亚迪汽车海洋网(钦州乐迪4S店),108.62557326075816,21.94373366948315,汽车销售;汽车销售;汽车销售|汽车维修;汽车维修;汽车维修,020000|030000
B0IBFR2CB8,长安汽车(钦州福睿通店),108.60604148663087,21.95100026396952,汽车销售;长安汽车销售;长安汽车销售,023000
B0KBFHPHGR,长安启源(钦州引力店),108.63103705560982,21.94465601127812,汽车销售;汽车销售;汽车销售,020000
B0IUMSSUBE,钦州万里行汽车销售有限公司,108.64095586768276,21.949973611638963,汽车销售;长安汽车销售;长安汽车销售|汽车维修;长安汽车维修;长安汽车维修,023000|033100
B03090M8Q3,金马力汽车城,108.60594557522292,21.950746191085845,汽车销售;汽车销售;汽车销售|汽车维修;汽车维修;汽车维修,020000|030000
B0LKZ7FBVL,长安启源(钦州福睿通店),108.60620036187233,21.950950159114946,汽车销售;汽车销售;汽车销售,020000
B0FFGWQN9D,一汽解放(钦州长久店),108.66111291608777,21.891178641848803,汽车销售;一汽解放销售;一汽解放销售,025300
B0GRSHB44S,华境汽车钦州体验中心,108.62561820680449,21.94337944564412,汽车销售;汽车销售;汽车销售|汽车维修;汽车维修;汽车维修,020000|030000
B0MBNZS6NL,上汽大通(钦州鸿浚营销中心),108.60658012993127,21.94937320886069,汽车销售;汽车销售;汽车销售,020000
B0H2UBOTA4,广汽埃安钦州金海湾体验中心,108.62968151514212,21.94269791924554,汽车销售;汽车销售;汽车销售,020000
B0K23C0R80,奇瑞风云(钦州源丰4S店),108.63014770783867,21.942717300611314,汽车销售;汽车销售;汽车销售,020000
B0I2NZLBAF,深蓝汽车钦州店,108.60594059862714,21.95034600259694,汽车销售;汽车销售;汽车销售,020000
B0LK2UQJZS,长安汽车(钦州万里行扬州街店),108.63499583731172,21.944515274765706,汽车销售;汽车销售;汽车销售,020000
B0K17CUG0V,钦州方老板(钦州迅德店),108.60566490383007,21.9485272714105,汽车销售;汽车销售;汽车销售,020000
B0K3CCDKD3,一汽大众捷达(钦州格利总店),108.6337441695589,21.94456413538383,汽车销售;汽车销售;汽车销售,020000
B0LDMU0R7U,北京现代(钦州巨隆店),108.63092723116473,21.94502633930355,汽车销售;大众特约销售;一汽-大众销售|汽车维修;大众特约维修;一汽-大众维修,020102|030202
B0L1M7H12N,鸿蒙智行授权用户中心•钦州扬州路,108.6323048218231,21.9440659596746,汽车销售;汽车销售;汽车销售,020000
B0HK5ZM2S2,江汽大众钦州体验中心,108.63003083958878,21.944170152234456,汽车销售;汽车销售;汽车销售,020000
B0L3DA4OUK,长安马自达(钦州授权店),108.60888501502426,21.97205869434563,汽车销售;汽车销售;汽车销售,020000
B0J1KD422F,钦州佳成乘龙汽车销售有限公司,108.67398525523261,21.912696321130095,汽车销售;汽车销售;汽车销售,020000
B0LKUC0G93,钦州电车汇新能源寄售中心,108.63547966939115,21.990479411609183,汽车销售;汽车销售;汽车销售,020000
B0KAS5N7MJ,钦州五菱新能源汽车销售有限公司,108.6580663229746,21.986961981677936,汽车销售;汽车销售;汽车销售,020000
B0M6YUR6ZC,北京汽车4S店(钦州冠龙店),108.63156811879166,21.94455422665813,汽车销售;北京汽车销售;北京汽车销售|汽车维修;北京汽车维修;北京汽车维修,023200|033300
B0JBTOA48D,敏捷珑玥湾销售中心,108.64120175731789,21.98271679150547,汽车销售;汽车销售;汽车销售,020000
B0LKV754MP,徐工新能源汽车交付中心,108.66902664881434,21.900944185570943,汽车销售;汽车销售;汽车销售,020000
B0L3M7MVFP,比亚迪商用车,108.67724724753725,21.91836886054998,汽车销售;汽车销售;汽车销售,020000
B0FFL93E6V,钦州市丰润汽车销售有限公司,108.60606945259921,21.95124136485358,汽车销售;汽车销售;汽车销售|汽车维修;汽车维修;汽车维修,020000|030000
B0I3MMME5G,金诚名车广场(钦州新汽车总站店),108.59733495995721,21.945301372989118,汽车销售;汽车销售;汽车销售,020000
B0J21RC2I4,广西瑞景汽车销售服务有限公司,108.67336278878057,21.911611987356725,汽车销售;汽车销售;汽车销售,020000
B0FFJ8VQNX,兴顺汽车服务,108.63744738472477,21.93946315063688,汽车销售;汽车销售;汽车销售,020000
B0MU1D12HO,钦州市雄英汇汽车《钦州店》,108.60777199995212,21.97238051333747,汽车销售;汽车销售;汽车销售,020000
B0I1J6ZK4G,喜来乐汽车超市,108.60668106769096,21.948943950460915,汽车销售;汽车销售;汽车销售,020000
B0MDBZGSOF,方程豹汽车(钦州联骏4S店),108.62956265879751,21.943941672139466,汽车销售;汽车销售;汽车销售,020000
B0MUF9I9ER,东风奕派钦州百丰钦南全功能中心,108.62997201673643,21.942631497002793,汽车销售;汽车销售;汽车销售,020000
B0LR0LO1YG,小牛电动(钦州湾广场店),108.61961928893916,21.979934579595863,汽车销售;汽车销售;汽车销售,020000
B0I06DRKK8,车易达汽车超市,108.60452490230828,21.945675442978377,汽车服务;汽车服务相关;汽车服务相关|汽车销售;汽车销售;汽车销售,010000|020000
B0K3BDXNFY,风行星海钦州盛世体验中心(北部湾北大道店),108.60622532349205,21.951326325817273,汽车销售;东风特约销售;东风销售,022200
B0G37C9NIM,钦州益辰汽车销售服务有限公司,108.64102941163239,21.95620746598026,汽车销售;汽车销售;汽车销售|汽车维修;汽车维修;汽车维修,020000|030000
B0MBZ7CW9I,钦州雅言,108.64366365089116,21.982728729191034,汽车销售;汽车销售;汽车销售,020000
B0MD6A9TO5,MG车业,108.60631523485397,21.972211229524248,汽车销售;汽车销售;汽车销售,020000
B0IA77DW09,万象车业,108.60297502623143,21.944647590846603,汽车销售;汽车销售;汽车销售,020000
B0KKNHV5LG,钦州鸿奥汽车销售有限公司,108.59598480529239,21.95850582335543,汽车销售;奥迪特约销售;上汽-大众奥迪销售,020300
B0MUNX4DQW,江铃福特汽车-扬帆大道店(原三中4S店),108.64042603371529,21.9277738699338,汽车销售;福特特约销售;福特销售,021800
B0FFHNSEOR,北汽绅宝汽车公司,108.6314932403591,21.944794445588986,汽车销售;北京汽车销售;北京汽车销售,023200
B0FFI764A5,广西八闽重卡综合服务有限公司,108.6064051796639,21.744882648809114,公司企业;公司;公司|汽车销售;货车销售;货车销售|汽车服务;汽车服务相关;汽车服务相关,170200|025000|010000
B0MU152E2E,广西新起航汽车销售有限公司,108.63302804841251,21.748468320827566,汽车销售;汽车销售;汽车销售,020000
B0L69ZJ6Q4,捷途汽车钦州长新体验中心,108.6346085655766,21.94449283681264,汽车销售;汽车销售;汽车销售,020000
B0JDYO2EA1,钦州大戏院车行,108.61821732400128,21.956212690153915,汽车销售;汽车销售;汽车销售,020000
B0MUSDAA2I,奇瑞商用车,108.65645149229711,21.958205332423653,汽车销售;奇瑞特约销售;奇瑞销售,022400
B0JUUHQA9Y,荣鑫汽车城,108.60353669084417,21.94380196716165,汽车销售;汽车销售;汽车销售,020000
B0LR35CK1M,领航卡车(钦州总店),108.62373683712397,21.990280988934632,汽车销售;货车销售;货车销售,025000
B0KDPH55TX,懂车帝汽车商城加盟店,108.60671303125439,21.949150031794368,汽车销售;汽车销售;汽车销售,020000
B0LUCDSWHY,东威新能源 十二车行,108.61155936063525,21.952129400463413,汽车销售;汽车销售;汽车销售,020000
B0LG7SV1LL,北京越野(钦州新利达店),108.62921208526585,21.947499837554563,汽车销售;汽车销售;汽车销售,020000
B0HA7YYD6X,福建三龙汽配,108.60740625027469,21.973747371015097,汽车销售;汽车销售;汽车销售,020000
B0J27ZELL1,东风商用车4S店一钦州康瑞达店,108.67354635687799,21.911518593902127,汽车销售;汽车销售;汽车销售,020000
B0MUBH6BQR,广西傲驰新能源汽车销售服务有限公司,108.59373637920051,21.731889518758297,汽车销售;汽车销售;汽车销售,020000
B0LBLSD846,钦州ICAR体验中心,108.60628837825116,21.949154256705235,汽车销售;汽车销售;汽车销售,020000
B0JBN7X2S0,吉利远程新能源智慧生态中心(钦州彬骅店),108.63062887482062,21.94258458270125,汽车销售;汽车销售;汽车销售,020000
B0M6YZQQSR,钦州广缘悦享汽车销售服务有限公司,108.63242467783344,21.942585083060653,汽车维修;大众特约维修;一汽-大众维修|汽车销售;大众特约销售;一汽-大众销售,030202|020102
B0KGRCKN0L,郑州日产钦州俊鹏4S店(吾悦公馆A区店),108.62733924215895,21.947143100120766,汽车销售;汽车销售;汽车销售,020000
B0I3GZFUKM,东风启辰4S售后,108.63532418791607,21.945118073946198,汽车销售;汽车销售;汽车销售,020000
B0LDAUL1CT,钦州市优车汇销售有限公司,108.60766303262835,21.973661184552462,汽车销售;汽车销售;汽车销售,020000
B0H3OHZ58C,大众思皓新能源汽车(钦州销售总代理),108.64558407806895,21.972523632280407,汽车销售;汽车销售;汽车销售,020000
B03090MJMJ,钦州长荣新城,108.6328542089777,21.97708590847894,汽车销售;汽车销售;汽车销售|商务住宅;住宅区;住宅小区,020000|120302
B0G16U021W,广西钦州市景程汽车销售有限公司,108.68030784399828,21.922727224760568,汽车销售;汽车销售;汽车销售,020000
B0MDPXN1XX,八桂钦龙,108.62067253015177,21.965562655667778,汽车销售;汽车销售;汽车销售,020000
B0FFKGJ5EZ,北部湾壹号国际汽车城,108.63528728483236,21.944564864899245,汽车销售;汽车销售;汽车销售,020000
B0LR35D4T1,江铃易至汽车(钦州总店),108.62373683712397,21.990280988934632,汽车销售;汽车销售;汽车销售,020000
B0MD0US6OV,别克配件仓库,108.62971141344865,21.94372436922929,汽车销售;通用特约销售;别克销售|汽车维修;通用特约维修;别克维修,020402|030502
B0MUB56LBO,钦州佳信汽车销售有限公司(领汇汽车),108.63441493086506,21.944425089414104,汽车销售;汽车销售;汽车销售,020000
B0J2PZ6ZHP,江淮皮卡汽车钦州万业体验中心,108.63010271765738,21.944114028318538,汽车销售;汽车销售;汽车销售,020000
B0IBYLGQ70,景驰汽车,108.62328557962424,21.989048926085584,汽车销售;汽车销售;汽车销售,020000
B0IBY99A6B,骏鑫汽贸,108.64056657658931,21.95166704954668,汽车销售;汽车销售;汽车销售,020000
B0KR2UI3UE,车友缘汽车优选超市,108.60874817775284,21.97130341979689,汽车销售;汽车销售;汽车销售,020000
B0I6BCTE57,新能源汽车批发市场,108.63082752474172,21.942612323811613,汽车销售;汽车销售;汽车销售,020000
B0MDY5UXE8,广西菲驰汽车销售有限公司,108.6305756442726,21.990057235962247,汽车销售;汽车销售;汽车销售,020000
B0KKG1TQG2,捷途(钦州鸿鹏智慧店),108.6061014392542,21.950990228756563,汽车销售;汽车销售;汽车销售,020000
B0M6T545G6,万祥买新车(钦州万业店),108.63002385160267,21.944172162628536,汽车销售;汽车销售;汽车销售,020000
B0HB9HDETR,欧曼超级重卡(广西乘风来专营店),108.67395350574998,21.90916570002338,汽车销售;汽车销售;汽车销售,020000
B0JDBUGW0I,长安汽车车和美(钦州北部湾大道店),108.60591063023682,21.95018394028117,汽车销售;汽车销售;汽车销售,020000
B0LDP6TU93,老赵淘车,108.60262927948412,21.94405643741642,汽车销售;汽车销售;汽车销售,020000
B0JRCNUF8E,山东锣盛金腾挂车(驻钦州办事处),108.67588359205233,21.91592426425709,汽车服务;汽车服务相关;汽车服务相关|汽车销售;汽车销售;汽车销售,010000|020000
B0FFHM6419,品信二手汽车,108.61157130091968,21.97363363438502,汽车销售;汽车销售;汽车销售,020000
B0H0T7PLV1,东腾精品二手名车,108.62616404313539,21.990278081961037,汽车销售;汽车销售;汽车销售,020000
B0G3JLAQD7,前顺车辆服务,108.61074625609896,21.971334126754147,汽车销售;汽车销售;汽车销售,020000
B0LAAHG3M1,钦州市诚意汽贸有限公司,108.62683255486276,21.978162512081663,汽车销售;汽车销售;汽车销售,020000
B0JUR742CL,锐意汽车服务中心,108.61080369308509,21.9817050107336,汽车销售;汽车销售;汽车销售,020000
B0LDD56W4G,徐工新能源重卡(钦州4S店),108.59377038793431,21.731553382048897,汽车销售;汽车销售;汽车销售,020000
B0MASHFXXT,中联重科钦州分公司,108.66049492315554,21.940741417556744,汽车销售;汽车销售;汽车销售,020000
B0FFL9KNQE,明星名车汇,108.64485366093942,21.972035646005608,汽车销售;汽车销售;汽车销售,020000
B0I22RAUIC,荣正汽车城,108.60685085305033,21.950461583858548,汽车销售;汽车销售;汽车销售,020000
B0LR35CKBI,欧马可(钦州总店),108.62373683712397,21.990280988934632,汽车销售;汽车销售;汽车销售,020000
B0I3JZ6IDZ,大运新能源(钦州运恒专营店),108.63180771220225,21.94412168554556,汽车销售;汽车销售;汽车销售,020000
B0FFIXOCE4,鼎顺车城,108.60642430006288,21.948494871418884,汽车销售;汽车销售;汽车销售,020000
B0H0C7WA9P,朋克汽车桂城4S店,108.62992204226771,21.943878159557983,汽车销售;汽车销售;汽车销售,020000
B0JAMREXKK,1号皮卡城,108.60838279304552,21.944938074201126,汽车销售;汽车销售;汽车销售,020000
B0FFKVAH50,中国一汽解放备品专卖店,108.67791466952212,21.918464653556118,汽车销售;汽车销售;汽车销售,020000
B0MBCROVAB,领克中心,108.60589164447016,21.950199957428502,汽车销售;吉利特约销售;吉利销售|汽车维修;吉利特约维修;吉利维修,022300|032400
B0LAZCXXHB,腾强汽车贸易,108.61104127832189,21.94421499312611,汽车服务;二手车交易;二手车交易|汽车销售;汽车销售;汽车销售,011000|020000
B0KR49IGMC,禾盛车业,108.59614677334898,21.958056595410522,汽车销售;汽车销售;汽车销售,020000
B0K317U94H,宝进车业,108.60299402098038,21.944498512443044,汽车销售;汽车销售;汽车销售,020000
B0MD5CXA4O,钦州向海,108.67786182422668,21.756300664596758,汽车销售;汽车销售;汽车销售,020000
B0MG6RIVOV,好车汇(北部湾大道店),108.60702859786467,21.952648531000904,汽车销售;汽车销售;汽车销售,020000
B0L3AHUN7X,山东华鑫挂车直营店,108.67743079457173,21.918771707815978,汽车销售;汽车销售;汽车销售,020000
B0K1X790R3,钦州华犀汽车销售服务有限公司,108.64148864349578,21.95271105051116,汽车销售;汽车销售;汽车销售,020000
B0LRFC7FAG,山东易达挂车驻钦州办事处,108.67827280521374,21.9188951880762,汽车销售;汽车销售;汽车销售,020000
B0MULZR9BJ,易至汽车,108.62997593676056,21.94412820629411,汽车销售;汽车销售;汽车销售,020000
B0LRF57QXL,广西星顺达挂车,108.6781081939609,21.918866482574106,汽车销售;汽车销售;汽车销售,020000
B0JAH1L7WB,钦州机车汇,108.61632715386911,21.968086118747078,汽车销售;汽车销售;汽车销售,020000
B0MAZCDZQY,钦州铭悦汽车租赁有限公司,108.67770594641568,21.9630213039669,汽车销售;汽车销售;汽车销售,020000
B0JUJLVB7S,景程汽车销售有限公司,108.66281580473255,21.89306030239799,汽车销售;汽车销售;汽车销售,020000
B0LRYKU66K,钦保国贸,108.64514597605438,21.68721477498667,公司企业;公司;公司|汽车销售;汽车销售;汽车销售,170200|020000
B0GR1DXYIR,天下行新能源汽车,108.60328386409371,21.943761048240326,汽车销售;汽车销售;汽车销售,020000
B0KRRAVJ8X,钦州通爵,108.64071035447651,21.950241136920233,汽车销售;名爵销售;名爵销售|汽车维修;汽车维修;汽车维修,022700|030000
B0LBAZ54JY,马自达维修服务,108.64633151687369,21.971605911646808,汽车销售;福特特约销售;马自达销售|汽车维修;汽车维修;汽车维修,021802|030000
B0L3XC1PSO,钦盛车行,108.59684709001121,21.946450985007427,汽车销售;汽车销售;汽车销售|汽车服务;汽车服务相关;汽车服务相关,020000|010000
B0FFLJMUTS,中国一汽商用汽车备品专卖店,108.61202338047026,21.982787646399796,汽车销售;汽车销售;汽车销售,020000
B0KR6DVG5Z,永兴名车,108.5975888127457,21.946248788413943,汽车销售;汽车销售;汽车销售,020000
B0LD269WU0,哈弗润滑油五湖经销部,108.59163815013808,21.97135788310408,汽车服务;汽车服务相关;汽车服务相关|汽车销售;汽车销售;汽车销售,010000|020000
B0MGSNL2WV,钦州菱势汽车销售有限公司,108.65800347146475,21.986920079535853,汽车销售;汽车销售;汽车销售,020000
B0LAF5Z11H,钦州尊友汽车销售服务有限公司,108.63184464943176,21.944053601314863,汽车销售;汽车销售;汽车销售|汽车维修;汽车维修;汽车维修,020000|030000
B0M69DBN1N,钦州市乐易购汽车销售有限公司,108.632556332598,21.944770939888663,汽车销售;汽车销售;汽车销售,020000
B0L6U6IXVA,钦州华劲汽车销售有限公司,108.67023265035323,21.90342605994645,汽车销售;汽车销售;汽车销售,020000
B0L0KRQOY1,广西龙帆新能源科技有限公司,108.62368850668796,21.93713375509392,公司企业;公司;公司|汽车销售;汽车销售;汽车销售,170200|020000
B0L1RUBV1B,顺亿新能源科技总店,108.65516926458591,21.73808904497672,汽车销售;汽车销售;汽车销售,020000
B0JDP7GA7Z,骏诚汽车有限公司,108.6278151259311,21.994764118362028,汽车销售;汽车销售;汽车销售,020000
B0MB34ERIH,钦州市双新汽车销售服务有限公司,108.62561820680449,21.94337944564412,汽车销售;汽车销售;汽车销售,020000
B0L3NCDMZ8,大众思皓售后服务中心(扬州街店),108.6299110638986,21.943824148558758,汽车销售;汽车销售;汽车销售,020000
B0MAU7TF38,钦州市银海汽车销售有限公司,108.6528643726828,21.944737508772302,汽车销售;汽车销售;汽车销售,020000
B0L1TO5AYW,钦州君鼎汽车销售服务有限公司,108.63228790677563,21.94295345244026,汽车维修;通用特约维修;别克维修|汽车销售;通用特约销售;别克销售,030502|020402
B0MGB9U6ZA,东莞建安,108.63495235020702,21.935713136570698,汽车销售;汽车销售;汽车销售|公司企业;公司;公司,020000|170200
B0MGPO270B,江铃汽车维修服务站,108.60579177910857,21.949049458052333,汽车维修;汽车维修;汽车维修|汽车销售;汽车销售;汽车销售,030000|020000
B0FFH77BRM,白马汽车城,108.64039040856694,21.96236743509197,汽车销售;汽车销售;汽车销售,020000
B0K3MMTSNQ,成功汽车(西环北路店),108.61882302203206,21.986955707001457,汽车销售;汽车销售;汽车销售,020000
B0LD5OA2RZ,钦州鸿发,108.626565888882,21.959736081077995,汽车销售;汽车销售;汽车销售,020000
B0LUBCGEKY,钦州瑞盛汽车销售服务有限公司,108.64077489568825,21.95691321506786,汽车销售;汽车销售;汽车销售|汽车维修;汽车维修;汽车维修,020000|030000
B0MU57U2NN,钦州长久汽车贸易有限公司,108.66109795042786,21.891196678724796,汽车销售;汽车销售;汽车销售,020000
B0MBAK8O4V,钦州同城,108.62886260027608,21.949128076531796,汽车销售;汽车销售;汽车销售|公司企业;公司;公司,020000|170200
B0KDPDYVJ2,广西嘉益新能源汽车销售有限责任公司,108.62317054422543,21.972846376372647,汽车销售;汽车销售;汽车销售,020000
B0LUBCBVPP,广西解放汽车贸易有限公司,108.65613172101327,21.887408201345448,汽车销售;汽车销售;汽车销售,020000
B0MU9UZJ5O,广西锦和汽车销售有限公司,108.67406613817735,21.911181446003447,汽车销售;汽车销售;汽车销售,020000
B0M6VCKDR5,东成名车,108.62785707559185,21.994367877531342,汽车销售;汽车销售;汽车销售,020000
B0MUFOIANK,东东隆鑫,108.63151139775798,21.961351318102967,汽车销售;汽车销售;汽车销售,020000
B0MG1AT0K6,八桂吉邦,108.6008957569724,21.935094728034937,汽车销售;汽车销售;汽车销售,020000
B0MUNO4CUP,钦州昇达汽车销售服务有限公司,108.63160806140996,21.9442720362651,汽车销售;汽车销售;汽车销售,020000
B0LUSX8LAQ,广州合美,108.60784001727927,21.970800722940837,汽车销售;汽车销售;汽车销售|汽车维修;汽车维修;汽车维修,020000|030000
B0FFG338TY,东风商用车4S店(钦州康瑞达店),108.66837193919551,21.98713048476194,汽车销售;东风货车销售;东风货车销售,025100
B0JR1CPWVA,东岸阳光销售中心,108.65661254860625,21.969771540275048,汽车销售;汽车销售;汽车销售,020000
B0MD5KUJM2,引领新能源重卡超充广场,108.60245478623125,21.729250948655153,汽车销售;汽车销售;汽车销售,020000
B0MU1527E7,广西浩丰汽车销售有限公司,108.66563693585425,21.89664062268275,汽车销售;汽车销售;汽车销售,020000
B0LKS7J1H0,广缘日产,108.63480222087996,21.944117371633407,汽车销售;汽车销售;汽车销售,020000
B0MUVBUU7M,钦州港大华,108.5988563843862,21.737005135389634,汽车销售;汽车销售;汽车销售,020000
B0LUGXN0N1,隆庆汽贸,108.67637238754948,21.916889802204764,汽车销售;汽车销售;汽车销售,020000
B0JRB52D5S,源弘汽车,108.60324388667468,21.943848105475734,汽车销售;汽车销售;汽车销售,020000
B0K2RNC0DK,广西恩信汽车科技有限公司,108.64015343592521,21.70555209176821,汽车销售;汽车销售;汽车销售,020000
B0L21HT53A,钦州港大华富贵二期店,108.5975570311207,21.735254645549734,汽车销售;汽车销售;汽车销售,020000
B0MBG93YSU,钦州市广渝汽车服务有限公司,108.66992635296333,21.90398591144626,汽车销售;汽车销售;汽车销售,020000
B0L6GM0Y5K,龙昇名车,108.6357043718742,21.98783882668218,汽车销售;汽车销售;汽车销售,020000
B0MD9CPSHM,上汽名爵(华容国际店),108.64074029506313,21.950211074152843,汽车销售;汽车销售;汽车销售,020000
B0L0SGIOM3,钦州市诚安汽车销售服务有限公司,108.67301436363532,21.977173904268717,汽车销售;汽车销售;汽车销售|汽车维修;汽车维修;汽车维修,020000|030000
B0KKKXKHNZ,锐宝车行,108.64419933635413,21.98650261509496,汽车销售;汽车销售;汽车销售,020000
B0MUDLKEZU,风云新能源体验中心(钦州源丰店),108.6302605162827,21.942623102769428,汽车销售;汽车销售;汽车销售,020000
B0MALR7NKB,上汽名爵,108.60604148663087,21.95100026396952,汽车销售;汽车销售;汽车销售,020000
B0JRGSV9N4,驰美车行,108.62708629804114,21.99537933736765,汽车销售;汽车销售;汽车销售,020000
B0L36S9LEA,钦州市统一GS电池,108.63582612755764,21.988089762323032,汽车维修;汽车维修;汽车维修,030000
B0LA9AUVF6,钦州港祥运盛通汽车服务有限公司,108.65816300163137,21.724728023249824,汽车维修;汽车维修;汽车维修,030000
B0FFGKY76W,钦州市车之缘汽车维修中心,108.60593927102539,21.97765600758229,汽车维修;汽车维修;汽车维修,030000
B0FFGM2B5H,新恒丰汽车修理厂,108.62633158662227,21.994099678779993,汽车维修;汽车综合维修;汽车综合维修,030100
B0FFGZ8VOK,进鑫汽车修理厂,108.65643451604286,21.95851951373156,汽车维修;汽车维修;汽车维修,030000
B0MU4LBW8W,美孚1号车养护(钦州钦北店),108.65559904771746,21.966545886090056,汽车维修;汽车维修;汽车维修,030000
B0J2C598AI,新概念汽车维修有限公司,108.62320747856045,21.973056434075854,汽车维修;汽车维修;汽车维修,030000
B0FFMB2T3C,东风风神(钦州全丰店),108.63114087776492,21.944541813483223,汽车维修;汽车维修;汽车维修,030000
B0I1PUP6IW,钦州马自达汽车服务中心,108.67109447392684,21.966391439088426,汽车维修;汽车维修;汽车维修,030000
B0J06NCA1B,华同汽车维修有限公司,108.66333914728382,21.962226270404177,汽车维修;汽车综合维修;汽车综合维修,030100
B0GKGZ74BB,钦州市钦州港东科汽车维修店,108.63897779605585,21.705399903657792,汽车维修;货车维修;货车维修,035000
B0FFFE2RKR,兴缘汽车城,108.61858832795598,21.98708900206052,汽车维修;汽车综合维修;汽车综合维修,030100
B0K375UX4B,车复原凹陷修复玻璃修复,108.63305440726195,21.945163416556525,汽车维修;汽车维修;汽车维修,030000
B0GKR7CKDI,钦州市永兴汽车修理厂,108.6063169845001,21.977325658200144,汽车维修;货车维修;货车维修,035000
B0FFHDM76S,旭正汽修厂,108.66250511147346,21.96242695224612,汽车维修;汽车维修;汽车维修,030000
B0FFHJQX2F,万通汽车修理厂,108.6442284261473,21.738408587432144,汽车维修;汽车维修;汽车维修,030000
B0FFHE94W5,广兴汽车修理厂,108.66583362958657,21.954017599588692,汽车维修;汽车综合维修;汽车综合维修,030100
B0FFGK326F,银座汽车维修中心,108.62961148125989,21.98672596445171,汽车维修;汽车维修;汽车维修,030000
B0FFIZ1XN3,天猫养车(钦州吾悦广场店),108.63097818423275,21.944149850744033,汽车维修;汽车维修;汽车维修,030000
B0FFM10UDI,义昌进口汽车维修厂(北部湾大道店),108.60664377646498,21.97611491207785,汽车维修;汽车维修;汽车维修,030000
B0I1UCY98L,广西诺德汽车维修服务有限公司,108.6529141491894,21.722846968760038,汽车维修;汽车维修;汽车维修,030000
B03090M8IG,钦州市新时代进口汽车维修厂,108.6170345249663,21.98333671241394,汽车维修;汽车综合维修;汽车综合维修,030100
B0FFFWA6HC,登峰汽修厂,108.62523282115849,21.94326285710432,汽车维修;汽车综合维修;汽车综合维修,030100
B0GD2UUNWU,车芝家汽修厂,108.63383873403696,21.990699936732607,汽车维修;汽车维修;汽车维修,030000
B0FFMALTZ1,钦州市钦南区祥运盛通汽车修理厂,108.60783110005373,21.96926099574717,汽车维修;汽车维修;汽车维修,030000
B0MAAA9A9R,鸿运通汽车维修服务中心,108.63428094826064,21.989977949992575,汽车维修;汽车综合维修;汽车综合维修,030100
B0LKJU1NTJ,途安汽修部,108.66537353791192,21.77542461663761,汽车维修;汽车维修;汽车维修,030000
B0FFKKCH79,广西安升汽车维修销售有限公司,108.6455098901224,21.959243438145347,汽车维修;汽车维修;汽车维修,030000
B0FFFC33FA,德国马牌轮胎(永创轮胎批发),108.60763980176127,21.9582728722083,汽车服务;汽车养护/装饰;汽车养护|汽车维修;汽车维修;汽车维修,010400|030000
B0LR7HI743,美孚1号车养护(钦州钦南店),108.64771146003861,21.95256044385091,汽车维修;汽车维修;汽车维修,030000
B0I1BO21KE,吸坑王车身凹陷修复玻璃修复局部补漆,108.60828544535036,21.974430186282444,汽车维修;汽车维修;汽车维修,030000
B0J0K74Q66,福特标致雪铁龙DS售后服务专修(福标店),108.65569445590934,21.953822646993224,汽车服务;汽车养护/装饰;汽车养护|汽车维修;汽车维修;汽车维修,010400|030000
B0LGBC02JY,钟仔维修店,108.61130509938361,21.96289171498799,汽车维修;汽车综合维修;汽车综合维修,030100
B0LRA70DZV,广西领豪汽车维修服务有限公司,108.65086784834072,21.965450994739644,汽车维修;汽车维修;汽车维修,030000
B0FFFRRHSZ,钦州市腾飞汽车维修中心(三店),108.62575277052947,21.947935456393665,汽车维修;汽车综合维修;汽车综合维修|汽车服务;汽车服务相关;汽车服务相关,030100|010000
B0GK9DOLTC,致龙汽车维修中心(钦江丽景店),108.65200549741162,21.98159161230052,汽车维修;汽车维修;汽车维修,030000
B0FFLM2N4X,信达汽修厂(钦南店),108.65090239504345,21.74900035287949,汽车维修;汽车维修;汽车维修,030000
B0FFFEUKZO,钦州市鸿伟汽车维修服务中心,108.60924020253776,21.96141340445673,汽车维修;汽车维修;汽车维修,030000
B0LU3Z905A,钦诚汽车维修中心,108.60755089495608,21.957940764458094,汽车维修;汽车综合维修;汽车综合维修,030100
B0MAPHWEER,恒昌汽车维修美容中心,108.64696029463667,21.968810494417347,汽车维修;汽车综合维修;汽车综合维修,030100
B0KULAF981,宝新名车修理厂专修,108.60633391103181,21.978553232046846,汽车维修;汽车综合维修;汽车综合维修,030100
B0FFFX9NZC,车百汇汽车维修中心,108.64006078945994,21.96818273315232,汽车服务;汽车服务相关;汽车服务相关|汽车维修;汽车维修;汽车维修,010000|030000
B0LUMCFNPO,船外机修理服务部,108.60963214754432,21.954914054065604,汽车维修;汽车维修;汽车维修,030000
B0JAS57XCK,阿明汽车维修服务部,108.64040112978411,21.926843465955145,汽车维修;汽车维修;汽车维修,030000
B0KU4S0NC1,胜宏汽车维修服务中心,108.64868232164422,21.95278184517397,汽车维修;汽车维修;汽车维修,030000
B0FFHU4ME8,钦州市众力汽车维修服务有限公司,108.67385625368676,21.97932432392905,生活服务;物流速递;物流速递|汽车维修;汽车维修;汽车维修,070500|030000
B0ID2SIPVN,普利司通轮胎(梅园路店),108.61129211190406,21.96290873237967,汽车服务;汽车配件销售;汽车配件销售|汽车服务;汽车养护/装饰;汽车养护|汽车维修;汽车维修;汽车维修,010800|010400|030000
B0KDX5YU0V,永良汽修,108.59768508780958,21.96036750966902,汽车维修;汽车维修;汽车维修,030000
B03090MI11,钦州市博白蓝仔轮胎大全,108.6268658881981,21.94978095738813,汽车服务;汽车配件销售;汽车配件销售|汽车维修;汽车维修;汽车维修,010800|030000
B0FFLDUKX5,金福汽车维修服务,108.64403896524371,21.980602090681895,汽车维修;汽车维修;汽车维修,030000
B0FFFSIHG3,永鑫汽车修配厂,108.59315791864059,21.97129496889254,汽车维修;汽车综合维修;汽车综合维修,030100
B0K2XAABHY,老表汽修,108.60748496597019,21.957650663448735,汽车维修;汽车维修;汽车维修,030000
B0FFK4H39O,恒祥汽车维修中心,108.60584088688486,21.946037996057736,汽车维修;汽车维修;汽车维修,030000
B0HA24NXMB,华同汽车修理厂(西门街店),108.60772189557657,21.954876205378117,汽车维修;汽车维修;汽车维修,030000
B0HATAX619,钦州市钦南区扬平汽车修理厂,108.67907283295648,21.92076158350838,汽车维修;汽车综合维修;汽车综合维修,030100
B0IRRCFY0M,钦州市钦州港兴鹏诚汽车维修服务中心,108.59670861821705,21.750543106125757,汽车维修;汽车维修;汽车维修,030000
B0FFFSKRZP,万达汽车维修服务中心,108.59996212969841,21.751798039927056,汽车维修;汽车维修;汽车维修,030000
B0FFFZJ787,钦州安顺汽车维修厂,108.61252077507832,21.94323844176751,汽车维修;汽车维修;汽车维修,030000
B0FFG6CGTJ,昌泰汽车修理厂,108.60101291793781,21.971582094897702,汽车维修;汽车维修;汽车维修,030000
B0FFKV1RBF,车浪汽车专业维修,108.61850364529981,21.982887095890746,汽车维修;汽车综合维修;汽车综合维修,030100
B0JGMS39WZ,跃达汽车维修部,108.65092836632218,21.748401055306076,汽车维修;汽车维修;汽车维修,030000
B0KKPU1DL4,小佳汽车电路维修,108.64030442147427,21.86362566752976,汽车维修;汽车维修;汽车维修,030000
B03090MI17,至宝汽车维修养护中心,108.61463800513076,21.971777348342705,汽车服务;汽车养护/装饰;汽车养护|生活服务;美容美发店;美容美发店|汽车维修;汽车维修;汽车维修,010400|071100|030000
B0HRJ5PJ0V,政鑫汽车维修,108.63433046946706,21.977466952089415,汽车维修;汽车维修;汽车维修,030000
B0H6LMD6SY,众之鑫汽车维修,108.62078689237318,21.934337637510147,汽车维修;汽车维修;汽车维修,030000
B0I2UHS0D5,中马汽车快修美容服务中心,108.67808359407626,21.77064837813771,汽车服务;洗车场;洗车场|汽车维修;汽车维修;汽车维修,010500|030000
B0FFF2Z7KH,阳昊汽车维修服务部,108.59680585776516,21.97213122969012,汽车维修;汽车维修;汽车维修,030000
B0M657JMJX,小问题汽车维修养护中心,108.66548131717532,21.896411811322583,汽车维修;汽车维修;汽车维修,030000
B0IBY1AD55,福顺汽车维修部,108.60822896813904,21.964730606056424,汽车维修;汽车维修;汽车维修,030000
B0IRJLPRT9,伯乐车服,108.60170033948417,21.9752416195722,汽车维修;汽车维修;汽车维修,030000
B0M6ASYYHN,易家手机维修店,108.67649774853729,21.964038059976055,汽车维修;汽车维修;汽车维修,030000
B0HK75LWSG,众志汽车维修,108.60740571189176,21.943716058387466,汽车维修;汽车维修;汽车维修,030000
B0LBH7WMDH,福家汽车维修服务中心,108.59989239894794,21.74695802837623,汽车维修;汽车维修;汽车维修,030000
B0LAV7150J,新起点汽车维修中心,108.63829455191281,21.963340224761193,汽车维修;汽车综合维修;汽车综合维修,030100
B0FFLIDIWE,润兴汽修部,108.60855454691772,21.967352658710205,汽车维修;汽车维修;汽车维修,030000
B0I3MCNHLS,老梁大梁加固,108.67594459009635,21.973438574750695,汽车维修;汽车维修;汽车维修,030000
B03090MA8U,新通通汽车修理厂,108.60700565687428,21.972383944726314,汽车维修;汽车综合维修;汽车综合维修,030100
B0J1F723BD,钦州鸿盛汽车维修服务中心,108.62229902083136,21.989551275917904,汽车维修;汽车综合维修;汽车综合维修,030100
B0KG21X6CW,赛轮轮胎批发(蓝天丽都店),108.60752353656453,21.965791520592948,汽车服务;汽车养护/装饰;汽车养护|汽车维修;汽车维修;汽车维修,010400|030000
B0I03CZ31H,钦州市德宝名车宝马专修,108.63438475154459,21.990041827889755,汽车维修;汽车综合维修;汽车综合维修,030100
B0FFKR50SU,捷通汽修养护部(北部湾店),108.63745749805966,21.936747838508765,汽车维修;汽车维修;汽车维修,030000
B0FFF2SXU2,旭州汽车美容维修中心,108.60972905470842,21.954913990866036,汽车维修;汽车维修;汽车维修,030000
B0MBG632HW,智享汽修美容服务,108.64629849202228,21.953231216981994,汽车维修;汽车维修;汽车维修,030000
B0GKN4529P,车匠汽车修配,108.64321061632349,21.941712958813405,汽车维修;汽车维修;汽车维修,030000
B0G1JA6ISA,曹瑞盛汽车维修厂,108.63374862474338,21.853241867252596,汽车维修;汽车维修;汽车维修,030000
B0KU1ZPYVZ,钦州市亿博汽车维修有限公司,108.67426562463301,21.91198144844641,汽车维修;汽车维修;汽车维修,030000
B0I1CZ8YBA,宏昀汽修,108.63017579186607,21.960444720098597,汽车维修;汽车维修;汽车维修,030000
B0MGJABIXH,悦创汽修,108.63924659533726,21.964694370747722,汽车维修;汽车维修;汽车维修,030000
B0FFL9CB83,车友缘汽车维修部,108.64562209154805,21.970594650220267,汽车维修;汽车维修;汽车维修,030000
B0HKSSSPNJ,小邓汽车电路维修,108.66702660484046,21.897118193410122,汽车维修;汽车维修;汽车维修,030000
B0J1A97Q30,威腾汽车维修服务中心,108.6483966642993,21.9585741102232,汽车维修;汽车综合维修;汽车综合维修,030100
B0FFFRYL39,快立得汽车修理厂,108.62620898289055,21.990033911047398,汽车维修;汽车维修;汽车维修,030000
B0IBY9IG1K,补大小车轮胎,108.60001217299337,21.729619846330436,汽车维修;汽车维修;汽车维修,030000
B03090MI28,钦州展鹏修理厂,108.60576979661361,21.94904446656482,汽车维修;汽车综合维修;汽车综合维修,030100
B0FFHJ739H,新平安汽车维修厂,108.63960730253955,21.9559466290857,汽车维修;汽车综合维修;汽车综合维修,030100
B0FFJQPTJQ,欣鑫汽修美容服务部,108.64010071129694,21.968133645784793,汽车维修;汽车维修;汽车维修,030000
B0FFFE9B06,鸿兴汽车维修厂(北部湾北大道店),108.60680394439375,21.94938609580014,汽车维修;汽车综合维修;汽车综合维修,030100
B0I0BHD7R3,五郎汽车维修美容中心,108.6120802004148,21.944187226688804,汽车维修;汽车维修;汽车维修,030000
B0J1M5YS6G,万成汽车修理服务厂,108.65023822530601,21.741834555408243,汽车维修;汽车维修;汽车维修,030000
B0ID17R2EW,兴业汽车维修养护厂,108.59873729215565,21.74005741909483,汽车维修;汽车维修;汽车维修,030000
B0FFFE6CVI,盛鑫汽车维修中心,108.60755306525303,21.974949859448095,汽车维修;汽车维修;汽车维修,030000
B0FFFE7310,宏俊汽修,108.63423238281385,21.982961701396675,汽车服务;汽车养护/装饰;汽车养护|汽车维修;汽车维修;汽车维修,010400|030000
B0J3YH6JDE,河南老吴油泵油嘴增压器传动轴排气管(钦州港分店),108.66580259726035,21.895519774397606,汽车维修;汽车维修;汽车维修,030000
B0FFLMI227,车弘途汽车修理厂,108.60676172194019,21.95468064481868,汽车维修;汽车维修;汽车维修,030000
B0I1UAXSMD,广西泰禾物流集团有限公司钦州汽车修理厂(高新区),108.67652484608959,21.90038665979657,汽车维修;汽车维修;汽车维修,030000
B0MAUCTSX5,奔宝奥汽车技术服务,108.62283008669128,21.9311768916571,汽车服务;汽车养护/装饰;汽车养护|汽车维修;汽车维修;汽车维修,010400|030000
B0FFIIFQBA,顺众汽修美容中心,108.59835819701483,21.745562778098673,汽车维修;汽车综合维修;汽车综合维修,030100
B0IRZH2QVI,钦州众鑫汽车维修有限公司,108.66809288352243,21.90077088892899,汽车维修;汽车维修;汽车维修,030000
B0JG458CL9,余生汽车电路维修店,108.66648870323516,21.718143584990482,汽车维修;汽车维修;汽车维修,030000
B0L0FU3MQN,启程汽车维修一站式服务中心,108.59745643026686,21.74855617688295,汽车维修;汽车维修;汽车维修,030000
B0FFFRS2GS,广惠汽车修理厂,108.62600538941186,21.947487933002808,汽车维修;汽车综合维修;汽车综合维修,030100
B0IBY1WRJS,汇源汽修汽配厂,108.60070467108814,21.732357776954924,汽车维修;货车维修;货车维修,035000
B0LAK7LO6F,满鑫汽车维修服务,108.61345201280659,21.978927716086986,汽车维修;汽车维修;汽车维修,030000
B0I3F7NWY5,博特汽配汽修,108.59380576676404,21.971659160382806,汽车维修;汽车维修;汽车维修,030000
B0JGVU6RUC,黄仔汽车空调电路维修部,108.66686247381706,21.988430986408797,汽车维修;汽车维修;汽车维修,030000
B0KKMA7VO5,弘建汽车维修中心,108.64047705072196,21.94570634926201,汽车维修;汽车综合维修;汽车综合维修,030100
B0G3JLAJZ3,品鑫汽车维修有限公司,108.59595700817236,21.74781003273722,汽车维修;汽车维修;汽车维修,030000
B0KDDK2MFS,远大汽修,108.59910966112707,21.873696009358422,汽车维修;汽车维修;汽车维修,030000
B0FFFF6HZ5,普利司通轮胎(石桥轮胎经营部),108.60955357829863,21.947602616041245,汽车服务;汽车配件销售;汽车配件销售|汽车维修;汽车维修;汽车维修,010800|030000
B03090MI18,车之城汽车美容会所(文苑街店),108.610918765736,21.957298322516845,汽车服务;汽车养护/装饰;汽车养护|汽车维修;汽车维修;汽车维修,010400|030000
B0FFMD9C5O,汽顺汽车维修养护中心,108.59383257501214,21.934289337259905,汽车维修;汽车维修;汽车维修,030000
B0FFFRZGZ4,合意汽车维修服务中心,108.62527442679112,21.99091246822418,汽车维修;汽车综合维修;汽车综合维修,030100
B0K2MDTM0I,广西港达汽车维修服务有限公司,108.60367811945895,21.747071829449716,汽车维修;汽车维修;汽车维修,030000
B0LDX5I9EK,钦州市钦州港老刘汽车维修店,108.59431917406656,21.733336113301736,汽车维修;汽车维修;汽车维修,030000
B0K6BC9XQ2,细龙汽车维修店,108.64431461208534,21.955604735167793,汽车维修;汽车维修;汽车维修,030000
B0IDSZHL3N,国诚汽修,108.59580909012726,21.747097746222277,汽车维修;汽车维修;汽车维修,030000
B0MDDUPCNM,泽鑫汽车维修,108.64547441664797,21.950078127730613,汽车维修;汽车维修;汽车维修,030000
B0L0JDFMIB,电喷油泵油嘴增压器,108.66381797676627,21.719442202307093,汽车维修;汽车维修;汽车维修,030000
B0FFJ8VQPM,广福汽车服务部(英华路店),108.61010257390278,21.957361911382833,汽车维修;汽车维修;汽车维修,030000
B0KUNXOZKE,福田奥铃钦州广兴服务站,108.66578873764361,21.953992673464914,汽车维修;汽车综合维修;汽车综合维修,030100
B03090MA8Y,万家汽车维修中心,108.60552188038919,21.971852456665413,汽车维修;汽车维修;汽车维修,030000
B0KUN7L6QE,泽铭汽车维修中心,108.61495839333487,21.97660637109886,汽车维修;汽车综合维修;汽车综合维修,030100
B0FFMGLBB4,老李电喷油泵油嘴,108.60408881066475,21.747534851698305,汽车维修;汽车维修;汽车维修,030000
B0H227IKFK,电脑检测刹车气路威伯科售后服务站,108.5989887874887,21.727357164776578,汽车维修;货车维修;货车维修,035000
B0FFISDS9H,卓悦汽车维护中心,108.6066751833277,21.946665866126615,汽车维修;汽车综合维修;汽车综合维修,030100
B0JUPLVTJ1,北部海汽车维修有限公司,108.66914430027389,21.902318613780107,汽车维修;汽车综合维修;汽车综合维修,030100
B0K6LDII4L,跃盛汽车维修,108.63717122164644,21.994520753321474,汽车维修;汽车维修;汽车维修,030000
B0KUVAQF5Z,车大炮汽修,108.61098158656465,21.959671409804802,汽车维修;汽车维修;汽车维修,030000
B0MDOLX1I7,兵哥汽车维修部,108.61440902405757,21.97685295137814,汽车维修;汽车维修;汽车维修,030000
B0JKRZTUK4,壳牌喜力(三六五汽车维修),108.65703664787735,21.98835356353988,汽车维修;汽车维修;汽车维修,030000
B0LDMD7JZM,兴缘汽修,108.64278669223741,21.69225765786544,汽车维修;汽车维修;汽车维修,030000
B03090M8O1,兴达汽修厂,108.60842727039662,21.954856781199485,汽车维修;汽车综合维修;汽车综合维修,030100
B0FFHZTSYM,钦州市钦南区酷车族一站式服务中心,108.60658782061539,21.955603177363518,汽车服务;汽车养护/装饰;汽车养护|汽车维修;汽车维修;汽车维修,010400|030000
B0FFF2WWCL,建兴汽修美容中心,108.61170252876252,21.945611185148167,汽车维修;汽车维修;汽车维修,030000
B0J3LRAOOY,钦州弘捷一汽大众售后维修中心,108.6519665881888,21.981529653339713,汽车维修;汽车维修;汽车维修,030000
B0L19CH8BQ,绿动工坊全国新能源汽车专修连锁(腾飞店),108.62575277052947,21.947935456393665,汽车维修;汽车维修;汽车维修,030000
B0JBP98BH8,润鼎汽车维修服务中心,108.63691314779973,21.945077652549156,汽车维修;汽车综合维修;汽车综合维修,030100
B0J2CL7D02,桂启航汽车维修,108.60564793671021,21.948123086798887,汽车维修;汽车维修;汽车维修,030000
B0FFLCCMGT,腾发汽车维修服务部,108.6072692234306,21.976705852805896,汽车维修;汽车维修;汽车维修,030000
B0FFL9A1XR,斌仔汽修,108.61307378515676,21.971703583801045,汽车维修;汽车维修;汽车维修,030000
B0KG7A6AD1,永航汽车修理厂,108.62467829713266,21.725092673345646,汽车维修;汽车维修;汽车维修,030000
B0J2OAEGWI,雪佛兰专修,108.63095031059147,21.94257113538592,汽车维修;汽车维修;汽车维修,030000
B0J2CUZ17D,鸿森油泵油嘴LNG天然气·抽真空·尿素维修,108.62441071959013,21.72490791545438,汽车维修;汽车维修;汽车维修,030000
B0FFFE23CG,钦州市桂钦汽车修理厂,108.62736181130597,21.996081319006656,汽车维修;汽车维修;汽车维修,030000
B0H2HAGP5I,车万顺汽修,108.62209755337015,21.9846891990269,汽车维修;汽车维修;汽车维修,030000
B0ID6KUFPR,街坊进口汽车维修厂,108.6068409124207,21.949411087843345,汽车维修;汽车综合维修;汽车综合维修,030100
B0HKMC8YS7,老周汽车快修,108.65752881104144,21.9416704356812,汽车维修;汽车维修;汽车维修,030000
B0LRGRU2ML,车工兵汽车修理厂,108.60131563027112,21.953356320306973,汽车维修;汽车综合维修;汽车综合维修,030100
B0JKHS1N32,钦州利仔汽车电路维修,108.66509026954027,21.89594733757871,汽车维修;汽车维修;汽车维修,030000
B0KUV5E3NZ,润安汽车修配厂,108.59572491846428,21.95789755300408,汽车维修;汽车维修;汽车维修,030000
B0GD95MIV6,盛和汽车维修服务,108.60653586042852,21.976212015229706,汽车维修;汽车维修;汽车维修,030000
B0FFF2JW7E,兄弟汽修(群利一巷店),108.62619041696527,21.98177102344582,汽车维修;汽车维修;汽车维修,030000
B0JA6UF6IE,宇恒汽车维修养护中心,108.61142108149046,21.960804637357878,汽车维修;汽车维修;汽车维修,030000
B0KRBAVILA,玲珑养车驿站(北部湾北大道店),108.6082719428041,21.96446045182163,汽车服务;汽车养护/装饰;汽车养护|汽车维修;汽车维修;汽车维修,010400|030000
B0FFM2TFIB,驰宇汽车维修服务,108.67491549830731,21.96401603906787,汽车维修;汽车维修;汽车维修,030000
B0FFIDPV8O,钦州市志远汽车维修服务中心,108.64761102436346,21.965865960429586,汽车维修;汽车维修;汽车维修,030000
B0K3OR006X,桂通车行,108.64426613136425,21.98779911565219,摩托车服务;摩托车销售;摩托车销售,040100
B0FFGIANVU,新大洲本田钦州专卖店,108.61638209391342,21.9679209904787,摩托车服务;摩托车销售;摩托车销售,040100
B0K29DAHXE,复古之路杰帅复古机车俱乐部(日咖夜酒),108.61818750355594,21.932815550416596,摩托车服务;摩托车服务相关;摩托车服务相关,040000
B0LRKXJPGQ,豪爵铃木精品店(钦州店),108.62317059303234,21.971845900773992,摩托车服务;摩托车销售;摩托车销售,040100
B0LKZ5EK7J,喵速摩咖,108.6140810490013,21.94304711578465,摩托车服务;摩托车服务相关;摩托车服务相关,040000
B0JGJ53TFG,凯越机车(北部湾北大道店),108.60634144257865,21.946948176177195,摩托车服务;摩托车销售;摩托车销售,040100
B0GDHR1ZDJ,灵山滕仔电动摩托车修理店,108.64759591134408,21.96883139791018,摩托车服务;摩托车维修;摩托车维修,040200
B0LGA7LM9F,铃木摩托钦州店,108.61608045456713,21.968151371581587,摩托车服务;摩托车销售;摩托车销售,040100
B0FFF06DJ1,二仔摩托车修理部,108.61191435642544,21.965122334482675,摩托车服务;摩托车维修;摩托车维修,040200
B0MD5DVOHR,九号电动车(城东店),108.62915688355693,21.953550798149454,摩托车服务;摩托车服务相关;摩托车服务相关,040000
B0FFL03NYL,电动车摩托车维修店,108.59674236289985,21.73483658091028,摩托车服务;摩托车维修;摩托车维修,040200
B0HRRRW6UG,潘五哥电摩维修店,108.59496691081206,21.962694880168076,摩托车服务;摩托车维修;摩托车维修,040200
B0FFL5K6DN,林仔摩修店,108.60137928105937,21.959779363646565,摩托车服务;摩托车维修;摩托车维修,040200
B0IK05Q4DH,阿康电动车摩托车修理店,108.62899910261396,21.975005221938982,摩托车服务;摩托车维修;摩托车维修,040200
B0FFF316L9,卓越摩托车电动车维修部,108.61736626943802,21.959426035893593,摩托车服务;摩托车维修;摩托车维修,040200
B0IBYLUV19,巫二摩修,108.6195534559913,21.978353896833916,摩托车服务;摩托车维修;摩托车维修,040200
B0K2MRTMPF,详顺电动车维修,108.64103887484839,21.96674547105753,摩托车服务;摩托车维修;摩托车维修,040200
B0FFF2RIW5,高峰摩托车电动车修配部,108.61241924766269,21.956317760856546,摩托车服务;摩托车维修;摩托车维修,040200
B0MU57U1JS,泽诚电动车维修店,108.63233578602619,21.984495158036577,摩托车服务;摩托车维修;摩托车维修,040200
B0FFFY7IVV,凌仔摩托车电动车维修部,108.63613875719147,21.98345909913331,摩托车服务;摩托车服务相关;摩托车服务相关,040000
B0LUAZH05G,电摩维修部,108.62676021180395,21.94667760882136,摩托车服务;摩托车服务相关;摩托车服务相关,040000
B0FFFPY0TN,永恒摩修店,108.61209959951766,21.95610690061318,摩托车服务;摩托车维修;摩托车维修,040200
B0HRR7W6QF,理哥摩修店,108.61359545927773,21.945936889571374,摩托车服务;摩托车服务相关;摩托车服务相关,040000
B0MBP72F63,钦州天能电池总代理,108.63488576091429,21.99110058916236,摩托车服务;摩托车服务相关;摩托车服务相关,040000
B0G33SW94J,八哥摩修店,108.5987560245129,21.74543164701148,摩托车服务;摩托车维修;摩托车维修,040200
B0FFG7E58Z,梁记摩托车电动车维修店,108.62777129771897,21.972308539703352,摩托车服务;摩托车服务相关;摩托车服务相关,040000
B0FFF2WZ0D,钦州金英记摩托车配件店,108.61293254209498,21.959356815782826,摩托车服务;摩托车服务相关;摩托车服务相关,040000
B0FFGKY28J,全鑫电动车摩托车配件维修,108.61363858078536,21.96297598205336,摩托车服务;摩托车服务相关;摩托车服务相关,040000
B0FFH3BUIH,港湾摩修,108.63739081593259,21.9533168503948,摩托车服务;摩托车维修;摩托车维修,040200
B0FFLKFA5Y,苏叔电动车摩托车维修店,108.65069371775138,21.955705663630095,摩托车服务;摩托车维修;摩托车维修,040200
B0MUMHVS62,电动车修理部,108.64213883324314,21.98265422780802,摩托车服务;摩托车维修;摩托车维修,040200
B0FFIA816G,老友摩托车,108.66252284913449,21.94666640272561,摩托车服务;摩托车维修;摩托车维修,040200
B0FFIS7O4C,润发摩修,108.62529157251251,21.96692907164689,摩托车服务;摩托车维修;摩托车维修|购物服务;购物相关场所;购物相关场所,040200|060000
B0FFHNR9CI,李仔摩托车电动车维修,108.61111867353571,21.955021095736488,摩托车服务;摩托车服务相关;摩托车服务相关,040000
B0FFLCIZ4B,高杰天能电池店,108.61113153391612,21.9576193257185,摩托车服务;摩托车维修;摩托车维修,040200
B0FFKZLDM1,陈记电摩维修,108.61528138991928,21.94828860624711,摩托车服务;摩托车维修;摩托车维修|生活服务;维修站点;维修站点,040200|071200
B0KGG59VM9,三其摩托车电动车维修店,108.65684637723827,21.982521157606033,摩托车服务;摩托车维修;摩托车维修,040200
B0GRAR530Y,好运机车维修服务中心,108.61188789006306,21.975267178837253,摩托车服务;摩托车维修;摩托车维修,040200
B0FFHBMC6N,廖仔摩修部,108.65812089431293,21.99305875996806,摩托车服务;摩托车服务相关;摩托车服务相关,040000
B0HGGDTXJX,新棠黄仔电摩维修部,108.63075717935534,21.99304639912058,摩托车服务;摩托车维修;摩托车维修,040200
B0FFL9LF19,伟仔摩托车维修,108.59490078224906,21.96571932304825,摩托车服务;摩托车维修;摩托车维修,040200
B0JBTO94KO,聚摩机车生活馆,108.60646134250698,21.94700113901061,摩托车服务;摩托车服务相关;摩托车服务相关,040000
B0JBTOBNEZ,小摩托俱乐部,108.60648732363131,21.94695310246915,摩托车服务;摩托车服务相关;摩托车服务相关,040000
B0KRMC38LM,周三摩修店,108.60784518324883,21.946745254054772,摩托车服务;摩托车维修;摩托车维修,040200
B0FFIGVJK1,民乐摩托车电动车维修部,108.62442711312788,21.962994230514653,摩托车服务;摩托车服务相关;摩托车服务相关,040000
B0JBK7LJ6W,修小二同城维修,108.61013735031666,21.961256744703245,摩托车服务;摩托车维修;摩托车维修,040200
B0FFFT8KEJ,陈仔电动车摩托车修配行,108.61987203022896,21.978134466621526,摩托车服务;摩托车服务相关;摩托车服务相关,040000
B0FFGCNXV0,灵通摩配,108.61178600027796,21.95467244840742,摩托车服务;摩托车服务相关;摩托车服务相关,040000
B0FFFRN3LV,梁仔摩修店,108.62125693315333,21.960821774280788,摩托车服务;摩托车维修;摩托车维修,040200
B0H644G6SB,黄记摩修,108.61306488872519,21.969779675868946,摩托车服务;摩托车服务相关;摩托车服务相关,040000
B0K3AZVUBZ,吉顺摩修,108.59777594121901,21.735270618466604,摩托车服务;摩托车维修;摩托车维修,040200
B0H0XC6VE6,张大电动车摩托车修理店,108.6392942747584,21.96928447957099,摩托车服务;摩托车服务相关;摩托车服务相关,040000
B0FFL79I9J,惜缘摩修,108.62770846192583,21.991517723281405,摩托车服务;摩托车服务相关;摩托车服务相关,040000
B0FFG8PX9Q,北部湾电摩综合市场,108.6093105075511,21.974329505935867,摩托车服务;摩托车销售;摩托车销售|公司企业;公司;公司,040100|170200
B0MARU4HEC,车博士电动车摩托车修理店,108.6119439469411,21.972887006551144,摩托车服务;摩托车维修;摩托车维修,040200
B0FFFRL72H,顺兴摩托车电动车维修店,108.60884466435813,21.959484733152255,摩托车服务;摩托车维修;摩托车维修,040200
B0FFFY58T8,众鑫电动车摩托车配件批发(旭派电池钦州总代理),108.63429423193995,21.983688955268825,摩托车服务;摩托车服务相关;摩托车服务相关,040000
B0FFHZQEGP,陈叔摩修店,108.6058945653673,21.972335502672365,摩托车服务;摩托车服务相关;摩托车服务相关,040000
B0MGLUNCZB,易修哥手机维修回收·膜壳(钦州总店),108.6203849376675,21.96546891346916,摩托车服务;摩托车维修;摩托车维修,040200
B0IBMHSQE5,山东建宇集团公司自卸车总经销,108.6779575744582,21.91834451585952,摩托车服务;摩托车销售;摩托车销售,040100
B03090MT9Z,李氏摩托车电动车配件维修部,108.6278364897377,21.986607237674928,摩托车服务;摩托车维修;摩托车维修,040200
B0MU2SC5VM,SKYMOTOR首驱,108.6158575705845,21.97135909579627,摩托车服务;摩托车销售;摩托车销售,040100
B0IASOS5FD,Honda Dream五羊-本田(钦州店),108.61750562305069,21.969019472996745,政府机构及社会团体;社会团体;社会团体相关|摩托车服务;摩托车销售;摩托车销售,130400|040100
B0J0Z7DTN2,爱玛总店(明星车行),108.6165329132385,21.967784788687915,摩托车服务;摩托车销售;摩托车销售,040100
B0FFF2KW0F,彭大摩修配件店,108.6129516498678,21.97723730800779,摩托车服务;摩托车服务相关;摩托车服务相关,040000
B0LDLNMPZD,农大摩托车电动车维修店,108.62420174125663,21.93676097917976,摩托车服务;摩托车维修;摩托车维修,040200
B0FFFROACF,国正摩配,108.6294454171241,21.952999151473634,汽车服务;汽车配件销售;汽车配件销售|摩托车服务;摩托车服务相关;摩托车服务相关,010800|040000
B0L1VCBATE,伟仔维修店,108.6213456988894,21.983497455635344,摩托车服务;摩托车维修;摩托车维修,040200
B0FFG63AIB,台铃电动动车(南珠西大街店),108.61579080176658,21.968283692112593,购物服务;专卖店;自行车专卖店|生活服务;维修站点;维修站点|摩托车服务;摩托车维修;摩托车维修,061208|071200|040200
B0FFGLB2CC,永通修理部,108.63576845530194,21.983650748264367,摩托车服务;摩托车维修;摩托车维修,040200
B0FFHNHLOI,达顺精修雅马哈摩托车,108.62628283989054,21.970084360057992,摩托车服务;摩托车维修;摩托车维修,040200
B0IUKDOPEG,强哥电摩维修部,108.63313797862408,21.97121571343644,摩托车服务;摩托车维修;摩托车维修,040200
B0MUGLNZMK,廖仔电摩维修,108.67722174889344,21.909482674379436,摩托车服务;摩托车维修;摩托车维修,040200
B0FFFRL1KW,陆六摩托车电动车修理店,108.62960877461795,21.960398461395226,摩托车服务;摩托车维修;摩托车维修,040200
B0FFG1IEO5,陈二电动车摩托车修店,108.63312531963382,21.98513433560073,摩托车服务;摩托车维修;摩托车维修,040200
B0L0VCIE2G,永哥电摩修配,108.65180579728408,21.96435578412041,摩托车服务;摩托车维修;摩托车维修,040200
B0JGUAE1HS,钦州市钦南区赖二摩修店,108.62431457558128,21.936599769613935,摩托车服务;摩托车维修;摩托车维修,040200
B0G3TORKUZ,欣康摩托电动车维修部,108.62189683605487,21.984886513483822,摩托车服务;摩托车服务相关;摩托车服务相关,040000
B0IUUAKC2T,好力电动车摩托车维修部,108.61325112965419,21.96060516116316,摩托车服务;摩托车服务相关;摩托车服务相关,040000
B0FFHLW7FR,戴省摩修配部,108.61269052761735,21.94454493571221,摩托车服务;摩托车服务相关;摩托车服务相关,040000
B0FFG5BM9Y,彭三摩托车配件维修店,108.62881389845933,21.965165786715648,摩托车服务;摩托车服务相关;摩托车服务相关,040000
B0FFHJ734F,宋八摩修,108.64265192465346,21.959150207208012,摩托车服务;摩托车服务相关;摩托车服务相关,040000
B0MUSLDOSM,明途电动车维修店,108.59479652232683,21.97165615126026,摩托车服务;摩托车维修;摩托车维修,040200
B0FFHNJPOI,古仔电动车摩托车维修店,108.61558745539853,21.98043564394676,摩托车服务;摩托车维修;摩托车维修,040200
B0FFH3BP9N,正芯摩修,108.61815082005516,21.968331527956803,摩托车服务;摩托车服务相关;摩托车服务相关,040000
B0G1SLDYL0,昌哥摩修雅迪,108.62254186374258,21.98545106567381,摩托车服务;摩托车服务相关;摩托车服务相关,040000
B0I265ES0T,全顺电摩维修,108.61634535351386,21.963529933210573,摩托车服务;摩托车维修;摩托车维修,040200
B0FFLBSXO8,明星车行特约维修站(小刀电动车尖山店),108.6029193941889,21.937825354063133,摩托车服务;摩托车维修;摩托车维修|生活服务;维修站点;维修站点,040200|071200
B0FFH2L94F,利仔摩修配件店,108.64502288180034,21.980551400994152,摩托车服务;摩托车服务相关;摩托车服务相关,040000
B0HUSSKTEA,奔达电动车维修部,108.6134490966424,21.97727493406592,摩托车服务;摩托车维修;摩托车维修,040200
B0L3AZQUFD,张仔摩修店,108.63774539191068,21.9682244049017,摩托车服务;摩托车维修;摩托车维修,040200
B0FFIWPGOG,黄七摩修,108.62313595127426,21.98604067397167,摩托车服务;摩托车维修;摩托车维修,040200
B0MG1SSGS0,超威电池钦州代理,108.61609071162236,21.942100939922902,摩托车服务;摩托车服务相关;摩托车服务相关,040000
B0HRVRZHAW,黄二车行,108.59855190739437,21.74978350691508,摩托车服务;摩托车服务相关;摩托车服务相关,040000
B0FFGI8MDK,钦州明星摩托车总汇(木井街店),108.6161953209001,21.967997195228055,摩托车服务;摩托车销售;摩托车销售,040100
B0LRLUO0F1,QJMOTOR钦州店,108.62319555105636,21.97193891653077,摩托车服务;摩托车销售;摩托车销售,040100
B0IUXZHGTU,今后机车,108.63966221888487,21.95540528341285,摩托车服务;摩托车维修;摩托车维修,040200
B0H3HRZJ58,千贺摩托装备,108.61634058886389,21.979329448781076,摩托车服务;摩托车销售;摩托车销售,040100
B0FFF2H0L3,真龙二手车行,108.61555017296028,21.96664312299808,摩托车服务;摩托车销售;摩托车销售,040100
B0MD1XV8OU,钦州市摩兽电动车,108.6173258520284,21.96904365397701,摩托车服务;摩托车销售;摩托车销售,040100
B0FFILLMO8,黄仔电动车摩托车维修配件,108.65579768086714,21.924161297849423,摩托车服务;摩托车维修;摩托车维修,040200
B0FFI0NRQI,好运电摩配件店,108.66250255885635,21.95350570462493,摩托车服务;摩托车服务相关;摩托车服务相关,040000
B0FFKKI6JH,许仔摩修,108.66909355154077,21.717184220931046,摩托车服务;摩托车服务相关;摩托车服务相关,040000
B0GKAKXW7V,钦州市钦南区盐埠北五巷22号新时代摩修,108.61513683184516,21.942751087271002,摩托车服务;摩托车服务相关;摩托车服务相关,040000
B0K3M7VBP6,天能电池许仔维修店,108.65148425162882,21.74574894725952,摩托车服务;摩托车维修;摩托车维修,040200
B0IAJMTLCU,友财电动车摩托车维修,108.62361216545861,21.966974076877683,摩托车服务;摩托车服务相关;摩托车服务相关,040000
B0HRVCTGP4,宋壹摩修,108.60668424903857,21.965718947061806,摩托车服务;摩托车服务相关;摩托车服务相关,040000
B0I1B5XSE9,韦仔摩托车修理店,108.65210483090483,21.94999939919118,摩托车服务;摩托车维修;摩托车维修,040200
B03090MN9K,智能电动车摩托车维修部,108.59003732750159,21.970277136423206,摩托车服务;摩托车服务相关;摩托车服务相关,040000
B0FFHP400Y,黄仔电动车摩托车维修店,108.61553427906279,21.944338500547357,摩托车服务;摩托车维修;摩托车维修,040200
B0K6GD0WG3,陈二电动车摩托车维修店,108.65656163499803,21.970407937591446,摩托车服务;摩托车维修;摩托车维修,040200
B0FFKYM2VT,黄仔电摩配件维修中心,108.63022808049904,21.973120681970762,摩托车服务;摩托车服务相关;摩托车服务相关,040000
B0FFK24L2V,合众摩托车电动车配件维修,108.60137830226547,21.93877333880939,摩托车服务;摩托车维修;摩托车维修,040200
B0FFHNERAW,劳仔电动车摩托车维修店,108.62552993920968,21.951721534809717,生活服务;维修站点;维修站点|摩托车服务;摩托车服务相关;摩托车服务相关,071200|040000
B0FFG2UDIU,颜三摩托车电动车维修部,108.64748811655816,21.847276987942045,摩托车服务;摩托车维修;摩托车维修,040200
B0FFH6DDZ7,刘仔电动车摩托车维修店,108.63583796887984,21.990863055182793,摩托车服务;摩托车维修;摩托车维修|生活服务;维修站点;维修站点,040200|071200
B0FFH9SNGO,赵八维修店,108.61096652063165,21.961339215233913,摩托车服务;摩托车服务相关;摩托车服务相关,040000
B0H1XNZ3J6,何大电摩维修,108.63838786584544,21.95318523809245,摩托车服务;摩托车维修;摩托车维修,040200
B0KUDU9X8Z,钦州海关顺达摩托电动车维修,108.65690596941381,21.947484372862206,摩托车服务;摩托车维修;摩托车维修,040200
B0FFHBPH34,陆记摩托车电动车维修部,108.65641668060414,21.996509566960757,摩托车服务;摩托车服务相关;摩托车服务相关,040000
B0FFFRL2E5,大众电动车摩托车配件维修部,108.61262588850346,21.95911093519782,摩托车服务;摩托车维修;摩托车维修,040200
B0IBYR9OR0,潘仔电动车摩托车维修部,108.62625194734225,21.98934853398523,摩托车服务;摩托车维修;摩托车维修,040200
B0FFI8MN8W,华祥摩修,108.60638617230313,21.97231424168603,摩托车服务;摩托车服务相关;摩托车服务相关,040000
B0G3M93RQG,周仔摩修,108.6372424122459,21.967440809108293,摩托车服务;摩托车服务相关;摩托车服务相关,040000
B0J0R6GLW2,车友电车维修,108.61271817456405,21.97170786182075,摩托车服务;摩托车维修;摩托车维修|生活服务;维修站点;维修站点,040200|071200
B0G13510LD,韩能电池电动车摩托车维修,108.62715184765823,21.961509189765614,摩托车服务;摩托车服务相关;摩托车服务相关,040000
B0FFISGT4T,陆六摩修分店,108.6302463018956,21.967950198605713,摩托车服务;摩托车维修;摩托车维修,040200
B0FFIPTESA,铭俊摩修店,108.60085972458259,21.936177255527003,摩托车服务;摩托车维修;摩托车维修,040200
B0ID7CEACG,李记摩修店,108.64076012827209,21.95278727120818,摩托车服务;摩托车服务相关;摩托车服务相关,040000
B0LGDLE0NZ,潘仔电动车维修部,108.62902399399758,21.9967824940883,摩托车服务;摩托车维修;摩托车维修,040200
B0FFH2GRN0,周荣摩修,108.62330187930837,21.9824167683866,摩托车服务;摩托车服务相关;摩托车服务相关,040000
B0FFFQXMQS,靓源摩修,108.62998480104498,21.987453807169018,摩托车服务;摩托车服务相关;摩托车服务相关,040000
B0FFFRRQCW,班哥摩修店,108.6156289446609,21.948858575372718,摩托车服务;摩托车服务相关;摩托车服务相关,040000
B0FFGI8G10,罗师傅摩修店,108.61261157183718,21.945396402769827,摩托车服务;摩托车维修;摩托车维修,040200
B0FFFT466C,兄弟摩修,108.60683704972537,21.94665377371967,摩托车服务;摩托车维修;摩托车维修,040200
B0FFFOTEIB,正品电摩配件维修中心,108.62773035312625,21.972564714014542,摩托车服务;摩托车服务相关;摩托车服务相关,040000
B0FFF2PF5B,恒兴摩修,108.6108996292562,21.960498861640065,生活服务;维修站点;维修站点|摩托车服务;摩托车维修;摩托车维修,071200|040200
B0L24CP5WI,乐骑机车俱乐部,108.65335948034267,21.940037362167402,摩托车服务;摩托车销售;摩托车销售,040100
B0FFFRNBRP,旺记摩配头盔店,108.61810754849829,21.954557006892465,摩托车服务;摩托车服务相关;摩托车服务相关,040000
B0KKO92FMU,钦民电动车维修部,108.62577558422981,21.971467642241098,摩托车服务;摩托车维修;摩托车维修,040200
B0FFIVMBR1,五羊-本田(渡口街店),108.62516940437146,21.953836980198496,摩托车服务;摩托车维修;摩托车维修,040200
B0JRX76E10,八哥摩修店,108.61493063660309,21.97228934390556,摩托车服务;摩托车维修;摩托车维修,040200
B0L17C8VTF,韦仔车行,108.60610119863594,21.74955775899604,摩托车服务;摩托车销售;摩托车销售,040100
B03090MLFU,好顺电摩配,108.61798802135475,21.968563795733626,购物服务;专卖店;自行车专卖店|摩托车服务;摩托车维修;摩托车维修,061208|040200
B0G1PNG9R6,阿十摩修店,108.6094796759687,21.947039394871748,摩托车服务;摩托车维修;摩托车维修,040200
B0JGMR6WQI,三好维修部,108.5996742832499,21.875787865274635,摩托车服务;摩托车销售;摩托车销售,040100
B0FFIGXOSI,永丰摩托车电动车维修,108.61767907374734,21.955199724670216,摩托车服务;摩托车服务相关;摩托车服务相关,040000
B0KAOCRDX5,BENDA奔达摩托(钦州市钦南店),108.61616035729472,21.968133291387602,摩托车服务;摩托车销售;摩托车销售,040100
B0LR6XHU3R,黄叔摩修,108.62402328760355,21.931170518646333,摩托车服务;摩托车维修;摩托车维修,040200
B0K3ZAI1SK,百盛车行电动三轮车(文峰南路店),108.61030776456384,21.94930993198502,购物服务;专卖店;自行车专卖店|摩托车服务;摩托车销售;摩托车销售,061208|040100
B0K69DPY6L,迅骑摩托车电动车维修,108.6209029458137,21.97087293799339,摩托车服务;摩托车维修;摩托车维修,040200
B0JRLR8O2R,东亿摩托车电动车维修店,108.64798356041234,21.958759923942036,摩托车服务;摩托车服务相关;摩托车服务相关,040000
B0JD5G9B4D,彭哥摩托车电动车修理店,108.61199622077017,21.966132754956238,摩托车服务;摩托车维修;摩托车维修,040200
B0FFM5CSKX,邓三摩托车电动车维修店,108.65150287334787,21.97663316837396,摩托车服务;摩托车服务相关;摩托车服务相关,040000
B0FFMF987N,阿森修配部,108.61615525209281,21.949905607944537,摩托车服务;摩托车维修;摩托车维修,040200
B0LA2D4WJP,花仔摩托车电动车维修,108.59922254917754,21.87489054692289,摩托车服务;摩托车维修;摩托车维修,040200
B0FFIRUEBD,光阳摩托(扬帆北大道店),108.64485466308962,21.971948602930354,摩托车服务;摩托车销售;摩托车销售,040100
B0IBY93HXM,摩托车电动车维修,108.59162176802684,21.731146078906107,摩托车服务;摩托车维修;摩托车维修,040200
B0LU7O1K9V,陆大五羊电摩修理店,108.59764903197143,21.734465307720743,摩托车服务;摩托车维修;摩托车维修,040200
B0JADPBU8O,黄仔电动车摩托车修理店,108.65563829861514,21.97988615160601,摩托车服务;摩托车维修;摩托车维修,040200
B0JGH6PJP5,佳禾电动车摩托车维修店,108.64858262449481,21.95108321048021,摩托车服务;摩托车服务相关;摩托车服务相关,040000
B0M69XD82L,郑仔电动车维修部,108.66169927543945,21.97737158821874,摩托车服务;摩托车维修;摩托车维修,040200
B0JUMS1FJJ,丁仔电动车维修店,108.64927982792474,21.956357494382335,摩托车服务;摩托车维修;摩托车维修,040200
B0JG95DASC,冯记摩修,108.6450448394508,21.980461320910848,摩托车服务;摩托车维修;摩托车维修,040200
B0J06CQVDI,恒信维修,108.63290365549882,21.986540318560454,摩托车服务;摩托车维修;摩托车维修,040200
B0FFGZ99W7,森记维修电动车摩托车,108.62565364442517,21.95374134783556,摩托车服务;摩托车维修;摩托车维修,040200
B0LBHHZ9RQ,英哥摩修,108.63785685962056,21.933835829610768,摩托车服务;摩托车维修;摩托车维修,040200
B0L1S1RCRX,陈仔电动车修配,108.64024047622476,21.967169962857607,摩托车服务;摩托车维修;摩托车维修|生活服务;维修站点;维修站点,040200|071200
B0ID77O2XZ,蒙叔电摩修,108.63425925897788,21.984466374688218,摩托车服务;摩托车服务相关;摩托车服务相关,040000
B0JRF7NXHR,钦记电动车摩托车维修店,108.61398361056983,21.954335583403022,摩托车服务;摩托车维修;摩托车维修,040200
B0KASKI9HP,叁宇电摩维修店,108.6221620067785,21.973480810802787,摩托车服务;摩托车维修;摩托车维修,040200
B0MUDSILVY,曾仔修理,108.60668269574992,21.95656358509023,摩托车服务;摩托车维修;摩托车维修,040200
B0FFLAFDTE,阿弟摩托车电动车维修,108.61347460593913,21.94570987789683,摩托车服务;摩托车服务相关;摩托车服务相关,040000
B0JA29CC4P,星飞维修店,108.63253839852285,21.984924073995334,摩托车服务;摩托车维修;摩托车维修,040200
B0HR06JUUD,利升摩修店,108.6148794948916,21.976432355692353,摩托车服务;摩托车服务相关;摩托车服务相关,040000
B0I2RLUMTQ,梁大摩修,108.60471706094386,21.93951441493869,摩托车服务;摩托车服务相关;摩托车服务相关,040000
B0FFLMIP4K,朱七摩修店,108.63077601683955,21.975273957733368,摩托车服务;摩托车服务相关;摩托车服务相关,040000
B0L61CMW01,雷哥电摩修配,108.6212663418743,21.97265739729407,摩托车服务;摩托车维修;摩托车维修,040200
B0L2L1PS0L,钦州摩托公社,108.65365257117814,21.944952172786305,摩托车服务;摩托车销售;摩托车销售,040100
B0J13S9M20,易有为车行,108.60666930600102,21.94424271234695,摩托车服务;摩托车服务相关;摩托车服务相关,040000
B0L35SENEN,国柱电动车维修部,108.65959694214479,21.98299322790486,生活服务;维修站点;维修站点|摩托车服务;摩托车维修;摩托车维修,071200|040200
B0K3YSDB75,聂叔摩托电车配件维修店,108.65662033161587,21.9535477976295,摩托车服务;摩托车维修;摩托车维修,040200
B0FFLQFJS6,千贺摩托装备(暂停营业),108.61330725515896,21.977270044415665,摩托车服务;摩托车销售;摩托车销售,040100
B0FFFZ9GJ6,阳光摩托车电动车修理店,108.65499290115257,21.977488206504834,摩托车服务;摩托车维修;摩托车维修,040200
B0FFHM3P47,王仔电动车摩托车修理店,108.61544917704975,21.948533577488153,摩托车服务;摩托车服务相关;摩托车服务相关,040000
B0FFFSJIQW,黄仔摩修店,108.59997807564692,21.732005828065606,摩托车服务;摩托车服务相关;摩托车服务相关,040000
B0JBP43UMS,新大洲本田大阳摩托车,108.59775706785808,21.73280361026996,摩托车服务;摩托车销售;摩托车销售,040100
B0FFMHUOCX,德哥电动摩托维修部,108.60352280555686,21.96220875418079,摩托车服务;摩托车服务相关;摩托车服务相关,040000
B0FFFRLJYK,陈二十摩修部,108.61681074665434,21.964075768472366,摩托车服务;摩托车服务相关;摩托车服务相关,040000
B0LUVDCKIC,十二车行维修中心,108.60719049019706,21.95205015652555,摩托车服务;摩托车维修;摩托车维修,040200
B0FFIY7OK5,五羊本田专卖店,108.61722907265099,21.967049795981627,摩托车服务;摩托车服务相关;摩托车服务相关,040000
B0LR1LUOCR,奔达机车(钦州店),108.62327543789013,21.97179975914426,摩托车服务;摩托车销售;摩托车销售,040100
B0LR1RV2UD,凯越机车(钦州店),108.62325845998244,21.971869811852926,摩托车服务;摩托车销售;摩托车销售,040100
B0L371MDC4,鑫达车行,108.60299402583863,21.944398464670705,摩托车服务;摩托车服务相关;摩托车服务相关,040000
B0K0RZNUV6,庞二电摩维修,108.65518439474886,21.958577857343627,摩托车服务;摩托车维修;摩托车维修,040200
B0I0XRF0WW,宋二摩修,108.64644025641577,21.95180429164601,摩托车服务;摩托车维修;摩托车维修,040200
B0L0C7ZFBO,钦州Zzz,108.60828961363578,21.950348712789662,摩托车服务;摩托车销售;摩托车销售,040100
B0L2SP57MF,鑫鸿摩托修店,108.66005971336175,21.721863302782467,摩托车服务;摩托车维修;摩托车维修,040200
B0MURUDM5L,十四弟修车店,108.64478070142415,21.97436587713501,摩托车服务;摩托车维修;摩托车维修,040200
B03090MLKW,瑞益山庄,108.59270418993704,21.96739408915609,体育休闲服务;休闲场所;休闲场所|餐饮服务;中餐厅;中餐厅,080500|050100
B0FFG6BIOF,六爷大排档(滨海公路店),108.66791830520947,21.718085828353242,餐饮服务;中餐厅;中餐厅,050100
B0FFHRAP2R,达园美食小龙虾(八中店),108.6333433551542,21.976257813554728,餐饮服务;餐饮相关场所;餐饮相关,050000
B0FFFWQ1VZ,众鑫大排档,108.66252378384299,21.947942009754165,餐饮服务;中餐厅;中餐厅,050100
B0309001H7,白海豚国际酒店,108.62144568815927,21.980782060664797,住宿服务;宾馆酒店;五星级宾馆|餐饮服务;餐饮相关场所;餐饮相关,100102|050000
B0FFGTAT1R,牧羊人涮烤城(巨龙·国际店),108.59777483754975,21.73743150747565,餐饮服务;中餐厅;中餐厅,050100
B0FFGKWLNK,林琅美食坊,108.62341553577379,21.985942307742928,餐饮服务;中餐厅;中餐厅,050100
B0FFFZHULC,豆花工坊(建设路店),108.6179932807701,21.963105192007347,餐饮服务;冷饮店;冷饮店,050700
B0FFFO5WHK,羊城蛋糕屋(文峰店),108.6127557268753,21.95953203617522,餐饮服务;糕饼店;糕饼店,050800
B0FFGI0RAQ,好味道烧腊茶餐厅,108.61149237250936,21.953313013664275,餐饮服务;快餐厅;茶餐厅,050305
B0FFJPVFMR,清真兰州牛肉拉面(钦州港大道店),108.59095981543243,21.731526150678572,餐饮服务;餐饮相关场所;餐饮相关,050000
B0FFIDL12Z,妈妈的味道(巨龙·国际店),108.59850553752123,21.737142261105195,餐饮服务;餐饮相关场所;餐饮相关,050000
B0FFHRFHUZ,妹记山口饭店,108.64885817114227,21.968285921988507,餐饮服务;中餐厅;中餐厅,050100
B0FFHUAXQ5,友和海鲜餐厅(天成嘉园店),108.60948768720083,21.946652204872436,餐饮服务;中餐厅;海鲜酒楼,050119
B03090M9NJ,钦州万国饭店,108.62679729523225,21.984642628029455,住宿服务;住宿服务相关;住宿服务相关|餐饮服务;中餐厅;中餐厅,100000|050100
B0FFFZ9MP7,七星桂林米粉,108.66254869249185,21.94859827561117,餐饮服务;中餐厅;中餐厅,050100
B0FFFRLQK1,江边狗肉店,108.6209945461097,21.95591571670143,餐饮服务;中餐厅;特色/地方风味餐厅,050118
B0FFIS10DH,龙门渔港餐厅,108.59553747806052,21.740805146791725,餐饮服务;中餐厅;中餐厅,050100
B0FFFX8LPY,晚叔狗肉,108.62095660361504,21.955839720935256,餐饮服务;中餐厅;中餐厅,050100
B0FFF4SN87,华记大排档(兴港路店),108.59847121444375,21.744163174094545,餐饮服务;中餐厅;中餐厅,050100
B0FFF2CEO4,振龙老友粉店(幸福苑店),108.63155955207525,21.976869632310862,餐饮服务;中餐厅;中餐厅,050100
B0FFJ4LSKQ,万桂古茶坊(东进大楼店),108.62767538419087,21.973792367870132,餐饮服务;餐饮相关场所;餐饮相关,050000
B0FFIPMLLE,东场风味海鲜酒楼(人和春天D区店),108.64916081673313,21.961925358830047,餐饮服务;中餐厅;海鲜酒楼,050119
B0FFHU0CG6,荷塘月色(恒基广场店),108.61961425162848,21.96035127215723,餐饮服务;中餐厅;中餐厅,050100
B0FFHI7JCW,陆瑞记时尚自助素食馆(年年丰广场店),108.62206436175096,21.96913285148735,餐饮服务;中餐厅;中餐厅,050100
B0FFH3MLON,天鹰观渔海鲜城(梦园店),108.6490910795413,21.98001708273533,餐饮服务;中餐厅;海鲜酒楼,050119
B0FFGQ2LIS,李十二妹羊杂系列总店,108.60061186653877,21.936078279055575,餐饮服务;中餐厅;中餐厅,050100
B0FFFGRQ3S,鑫鸿猪肚鸡(安州店),108.62672903172434,21.95139990163196,餐饮服务;中餐厅;火锅店,050117
B0FFFF07AP,苏记红焖香肉店,108.61242683291098,21.94412993882219,餐饮服务;中餐厅;特色/地方风味餐厅,050118
B0FFFDZKE5,龙袍汤包(银河街店),108.636182584693,21.98526288695178,餐饮服务;中餐厅;中餐厅,050100
B0FFHJXT16,土豆粉(年年丰店),108.62221813466876,21.969180704182584,餐饮服务;快餐厅;快餐厅,050300
B0FFHI7JC1,东北吉菜馆,108.59747582199489,21.740268724320536,餐饮服务;中餐厅;中餐厅,050100
B0FFFRRYOD,三娘湾生猛海鲜(和顺农贸综合市场店),108.60934251864089,21.973482082857274,餐饮服务;中餐厅;中餐厅,050100
B0FFJ5ZM5P,海豚湾海鲜馆,108.6463436486989,21.968395363942854,餐饮服务;餐饮相关场所;餐饮相关,050000
B0FFGF1X0G,九叔卤水(金湾步行街店),108.62033930812554,21.959181966119992,餐饮服务;中餐厅;中餐厅,050100
B0MD35FE8B,古茗(钦南乐业大街店),108.65127576850146,21.74473389986018,餐饮服务;休闲餐饮场所;休闲餐饮场所,050400
B0MD0XSOKY,蜜雪冰城(民安街店),108.62845660269099,21.98353898185567,餐饮服务;冷饮店;冷饮店,050700
B0MB97UE1F,蜜雪冰城(恒大绿洲店),108.67656161408861,21.963704780936098,餐饮服务;冷饮店;冷饮店,050700
B0MAVD66DS,百喜煌(鸿发店),108.62871516197197,21.983630687006343,餐饮服务;中餐厅;中餐厅,050100
B0L2DD8HQR,海小听躺式采耳SPA馆(钦州湾广场店),108.62334515429002,21.975457417293917,餐饮服务;中餐厅;火锅店,050117
B0KRF5SXY5,当当石磨粉(奥林华府店),108.62195322918915,21.934185305088455,餐饮服务;餐饮相关场所;餐饮相关,050000
B0J6G6CAC3,沙县小吃(钦州湾大道店),108.621380433805,21.967430788477124,餐饮服务;中餐厅;中餐厅,050100
B0FFHI6G42,古越李·当当石磨粉(新隆店),108.6100879539117,21.949847336213914,餐饮服务;中餐厅;中餐厅,050100
B0FFHLWEQP,黄八深井烧腊(广益街店),108.62116719299361,21.978603327513362,餐饮服务;中餐厅;特色/地方风味餐厅,050118
B0FFFRQYO8,本草凉茶(南珠东大街店),108.63316483189773,21.95279189870646,餐饮服务;冷饮店;冷饮店,050700
B0FFG2YCUM,幸福时光烘焙(育才路),108.62819422407368,21.979841570648208,餐饮服务;糕饼店;糕饼店|购物服务;购物相关场所;购物相关场所,050800|060000
B0FFFS63RV,清真风味烤羊腿店(烤羊腿店),108.59742125139263,21.752555861501605,餐饮服务;中餐厅;清真菜馆,050121
B0FFFV8WUS,翠香猪脚粉,108.63979214115288,21.951669294011058,餐饮服务;中餐厅;中餐厅,050100
B0FFHBMC77,西塘桂林米粉店,108.63563717629096,21.99443004047992,餐饮服务;快餐厅;快餐厅,050300
B0FFGKJNOS,鲜香大肉云吞,108.62512408947138,21.982195524934276,餐饮服务;快餐厅;快餐厅,050300
B0MUVAW6VS,库迪咖啡(钦州二中新店),108.64171340885095,21.968447180640727,餐饮服务;咖啡厅;咖啡厅,050500
B0MUPCEN74,苍井寿司(年年丰店),108.62218906341977,21.97151084452243,餐饮服务;外国餐厅;日本料理,050202
B0MUAU11GB,1点点(钦州港店),108.5983432942289,21.743681997686075,餐饮服务;冷饮店;冷饮店,050700
B0MA3707QA,三个椰子·现砍椰子鸡(钦州吾悦店),108.62731549211944,21.942827069843307,餐饮服务;中餐厅;火锅店,050117
B0LUOMJJ4X,大桂卤桂林米粉(钦州北二中店),108.64252473287455,21.9684308372633,餐饮服务;中餐厅;中餐厅,050100
B0L0UZVEHU,年轻20年乡下菜馆,108.62276922421208,21.97118404100315,餐饮服务;中餐厅;四川菜(川菜),050102
B0L0D7NPGT,冒菜西施(坭兴街店),108.64352213031707,21.95868153455914,餐饮服务;快餐厅;快餐厅,050300
B0K67CATD3,蒙古大营(中马北二街店),108.66780461941904,21.77819617370639,餐饮服务;餐饮相关场所;餐饮相关,050000
B0K647Q7G2,金牌隆江猪脚饭(人和春天店),108.64925561129138,21.961844152266895,餐饮服务;中餐厅;中餐厅,050100
B0JK9RC7AP,金牌隆江猪脚饭(二中店),108.64090903802442,21.96881566675093,餐饮服务;中餐厅;中餐厅,050100
B0JACKIZZR,五谷渔粉(滨江国际店),108.64471557773795,21.97969251586788,餐饮服务;快餐厅;快餐厅,050300
B0ID5CUOUH,大口九(钦南建设路店),108.61758879511876,21.963299671375875,餐饮服务;冷饮店;冷饮店,050700
B0I0Y5TRGR,世香吉悦(中地滨江壹号店),108.64396002368136,21.982798264391313,餐饮服务;糕饼店;糕饼店,050800
B0G3FULO83,柳螺香(钦州三中店 ),108.62902357034916,21.944148487289194,餐饮服务;快餐厅;快餐厅,050300
B0FFLG6L18,奇遇咖啡(世贸店),108.64533005989637,21.963609825721655,餐饮服务;咖啡厅;咖啡厅,050500
B0FFHQA6MQ,舒耳轩采耳体验馆(旗舰店),108.62214165808294,21.981227510186795,餐饮服务;餐饮相关场所;餐饮相关,050000
B0FFI6SAGW,蜀乡豆花鱼(鸿福总店),108.62554724645156,21.965338004397726,餐饮服务;中餐厅;中餐厅,050100
B0FFHHNV15,Mrcake每刻烘焙(年年丰店),108.6223389079993,21.970195052524428,餐饮服务;糕饼店;糕饼店,050800
B0FFGIAIFT,李记靓汤(钦州店),108.6259464492712,21.96865409471364,餐饮服务;中餐厅;中餐厅,050100
B0FFGI8KPI,浦北爽脆大肉云吞(中央公馆店),108.62818348532376,21.97487022503614,餐饮服务;中餐厅;中餐厅,050100
B0FFFS64C9,港来福廖大狗肉羊肉店,108.59564788132974,21.752482016008074,餐饮服务;中餐厅;中餐厅,050100
B0FFGIDEMN,苏二烧腊粉饭,108.61179632600359,21.968294931539578,餐饮服务;中餐厅;中餐厅,050100
B0FFFZB3R9,尖山七嫂猪脚粉(北部湾大道店),108.59990132117403,21.934483706031138,餐饮服务;中餐厅;中餐厅,050100
B0FFFRNIV5,眼镜姨卤水,108.61709589499962,21.953653536300624,餐饮服务;餐饮相关场所;餐饮相关,050000
B0FFHOYRC2,七哥猪脚(万国商业广场店),108.62684025813756,21.983971256168616,餐饮服务;餐饮相关场所;餐饮相关,050000
B0MUO754F6,香卤世家(东升店),108.6467770752822,21.981331758303234,餐饮服务;餐饮相关场所;餐饮相关,050000
B0MUCM0IY2,古茗(钦州中医院店),108.65664252414253,21.968862051946875,餐饮服务;冷饮店;冷饮店,050700
B0MDRZAU6C,拌食光·凉拌菜·卤味(钦州世贸店),108.64580102525527,21.964143273660756,餐饮服务;快餐厅;快餐厅,050300
B0MDBUGUXA,蜜雪冰城(新兴街店),108.61925082845566,21.95865183057909,餐饮服务;冷饮店;冷饮店,050700
B0MAXSJX4K,刘文祥麻辣烫(长融世贸广场店),108.6466112758702,21.964227918122095,餐饮服务;中餐厅;特色/地方风味餐厅,050118
B0M6FSXLRI,甜蜜蜜蛋糕店,108.59970604819209,21.73545430805029,餐饮服务;甜品店;甜品店,050900
B0LUTR3TFK,萃茶夫,108.65165622041634,21.962600218223862,餐饮服务;冷饮店;冷饮店,050700
B0LU7X1B55,赤虎堂木桶饭川湘菜,108.62197793207427,21.960031612959867,餐饮服务;餐饮相关场所;餐饮相关,050000
B0LRJCHOG9,老卢记凉拌菜(建设街店),108.61253469532072,21.96510285964446,餐饮服务;中餐厅;中餐厅,050100
B0LKMC5OS4,益禾堂(钦州港美食广场店),108.5996270903192,21.735402305607185,餐饮服务;休闲餐饮场所;休闲餐饮场所,050400
B0LGJLSAQB,齐齐哈尔烤肉,108.62779708667007,21.975747140214374,餐饮服务;中餐厅;中餐厅,050100
B0KRKD9NK8,伴日闲76号炸鸡,108.61198545772885,21.961501557177563,餐饮服务;快餐厅;快餐厅,050300
B0KRF4LI6Y,沙县小吃,108.64720773117028,21.847173428301616,餐饮服务;中餐厅;中餐厅,050100
B0KA25EVVJ,深井烧鹅,108.61255467450829,21.96508683677641,餐饮服务;餐饮相关场所;餐饮相关,050000
B0K3JH9IW0,百喜煌(七里香溪店),108.64926912611666,21.95078085337923,餐饮服务;餐饮相关场所;餐饮相关,050000
B0K35Z89UP,台享叫了个炸鸡(新华路店),108.6333972616962,21.976144682110725,餐饮服务;快餐厅;快餐厅,050300
B0K35CJQ4T,钦泉鱼头王美食馆,108.63003737140404,21.973945331858786,餐饮服务;餐饮相关场所;餐饮相关,050000
B0JGS7JQPS,懒村长杀猪粉(江东名园店),108.62539323695519,21.95004990299748,餐饮服务;餐饮相关场所;餐饮相关,050000
B0J2UHJO86,利丰源炭火烤羊腿(总店),108.5972103998659,21.751184313717634,餐饮服务;中餐厅;特色/地方风味餐厅,050118
B0J0AS9P6N,懒村长杀猪粉(钦州锦绣花园十五分店),108.63082657430623,21.962071607883917,餐饮服务;餐饮相关场所;餐饮相关,050000
B0IDDZ4WPK,茶精灵(世贸店),108.64922159983666,21.96360305028574,餐饮服务;冷饮店;冷饮店,050700
B0IBGC8FVF,沙县小吃(光大天骄峰景店),108.63493824189314,21.938467472652277,餐饮服务;快餐厅;快餐厅,050300
B0I2GSA6CQ,仟喜蛋糕(仟仟万家形象店),108.62385127012274,21.977860974374412,餐饮服务;糕饼店;糕饼店,050800
B0HROMIHAJ,中马壹家蛋糕店,108.67301236162393,21.775319980673462,餐饮服务;糕饼店;糕饼店,050800
B0HKTZ28MT,美好时光·蛋糕,108.61257844375329,21.948764035701195,餐饮服务;糕饼店;糕饼店,050800
B0G2TH3US9,窑鸡王(年年丰店),108.62370303002632,21.96692494847744,餐饮服务;餐饮相关场所;餐饮相关,050000
B0FFM9C02I,老台门汤包(钦州总店),108.64254104518956,21.961385455959096,餐饮服务;餐饮相关场所;餐饮相关,050000
B0FFLOZRW2,万家福建沙县小吃(明阳街店),108.62754394739211,21.96672417471337,餐饮服务;中餐厅;中餐厅,050100
B0FFGIAOD2,沙县小吃(兴业路店),108.62757988285937,21.966829178770706,餐饮服务;中餐厅;特色/地方风味餐厅,050118
B0FFFS3C17,好得食川粤餐馆,108.65233272412661,21.941725036673148,餐饮服务;中餐厅;四川菜(川菜),050102
B0FFISB0SR,稻乡卷筒粉(雄泰·香缇丽景店),108.63209526332616,21.983600073541055,餐饮服务;中餐厅;中餐厅,050100
B0FFHWNWYL,猪脚王粥粉店(金中街店),108.63045950276727,21.976678057065836,餐饮服务;中餐厅;中餐厅,050100
B0FFHQAMPC,本地佬虾蟹粥,108.59520054041971,21.741589489910883,餐饮服务;中餐厅;中餐厅,050100
B0FFFONCHX,金原肠粉王(中央公馆店),108.62788702668865,21.973917155318976,餐饮服务;中餐厅;中餐厅,050100
B0FFF4UDJC,钦州市钦州港海豹金鼓渔村,108.59456975195405,21.740785177285524,餐饮服务;中餐厅;中餐厅,050100
B03090MIU8,羊城蛋糕屋(锦绣店),108.62941209853273,21.960679858105184,餐饮服务;糕饼店;糕饼店,050800
B0FFGDBXAF,党氏(年年丰店),108.62608223156333,21.9686629318331,餐饮服务;休闲餐饮场所;休闲餐饮场所,050400
B0FFHFLRF9,金三烧烤美食(城东店),108.6408100261869,21.95279819565756,餐饮服务;中餐厅;特色/地方风味餐厅,050118
B0FFHE5O4L,东风大肉云吞(六中店),108.61237229299316,21.95642284651682,餐饮服务;快餐厅;快餐厅,050300
B0FFH9BOAU,天一阁美食城,108.6342079825266,21.971655371085497,餐饮服务;中餐厅;中餐厅,050100
B0FFH3TEF6,小徐房烧烤,108.61972145588892,21.953157732441017,餐饮服务;中餐厅;中餐厅,050100
B0FFGEU5IW,哝家酸菜鱼馆(鸿福小区店),108.62602050399133,21.965112317983905,餐饮服务;中餐厅;中餐厅,050100
B0FFG83PIS,合利凉茶店,108.61750589825758,21.963369783309982,餐饮服务;冷饮店;冷饮店,050700
B0FFI4FXH4,山口海鸭饭(新隆店),108.61057946099403,21.9500150833181,餐饮服务;餐饮相关场所;餐饮相关,050000
B0FFI8GEMM,李记广州烧腊(中沙巷店),108.63138464742644,21.96085525792507,餐饮服务;中餐厅;广东菜(粤菜),050103
B0FFJ1K5OC,聚鲜港美食城(青城金街店),108.62243214959554,21.962440257353858,餐饮服务;中餐厅;中餐厅,050100
B0FFF4V6IH,海之星大排档(钦州港大道店),108.59709031069502,21.733237883456706,餐饮服务;中餐厅;中餐厅,050100
B0FFFAG2X5,祥记金鼎猪肚鸡(太阳城店),108.61360290884622,21.977586959134822,餐饮服务;中餐厅;中餐厅,050100
B0FFFA0DXJ,小莫正宗桂林米粉店(长荣新城小区南区店),108.62676209440257,21.949017723412123,餐饮服务;中餐厅;中餐厅,050100
B0FFHFYALZ,正宗兰州牛肉拉面(锦绣尊品清真店),108.62677179868258,21.975199181540315,餐饮服务;中餐厅;清真菜馆,050121
B0FFG3UITI,一清饮食店,108.67215935747136,21.978030939271758,餐饮服务;中餐厅;中餐厅,050100
B0FFFT5KFE,新渔翁海鲜餐厅,108.63630518950079,21.98852224313928,餐饮服务;中餐厅;海鲜酒楼,050119
B0FFFRLH0L,龙记烧腊(仙鹤路店),108.6128453609856,21.96503458846679,餐饮服务;餐饮相关场所;餐饮相关,050000
B0FFFQRNEN,回味大排档(长荣新城小区店),108.62681889543717,21.95119869294496,餐饮服务;中餐厅;广东菜(粤菜),050103
B0FFFEA3RV,灵山烧鸭粉(施记总店),108.63332448609275,21.95387918769963,餐饮服务;中餐厅;中餐厅,050100
B0MUXD96RP,牛约堡-牛肉汉堡(北部湾大学店),108.60809418325421,21.901067323189345,餐饮服务;快餐厅;快餐厅,050300
B0MUGLNRGX,正新鸡排(金鼓新城区安置房店),108.6507269774405,21.745097036880303,餐饮服务;快餐厅;快餐厅,050300
B0MGM7A2D9,书亦烧仙草(北部湾大学店),108.6161334952854,21.90438191038887,餐饮服务;冷饮店;冷饮店,050700
B0MDTDBBHV,蜜雪冰城吾悦广场店,108.62746525039827,21.942726831402,餐饮服务;冷饮店;冷饮店,050700
B0MAY733QH,牛爷烧土家鲜肉饼(钦州吾悦广场店),108.6265207388789,21.94383655181478,餐饮服务;中餐厅;中餐厅,050100
B0MAVA6C7U,来桶饭·现炒快餐(翰林福第店),108.61829516552177,21.957366164476444,餐饮服务;快餐厅;快餐厅,050300
B0LGFCS5CY,肯德基车速取餐点(钦福店),108.622877625176,21.980146174512203,餐饮服务;餐饮相关场所;餐饮相关,050000
B0LDCDPU28,哈妮蛋糕,108.63125658722305,21.987142921639798,餐饮服务;糕饼店;糕饼店,050800
B0LBPCET2E,西华壹号炭炉鸡煲,108.63952263505176,21.952630182073648,餐饮服务;中餐厅;中餐厅,050100
B0L0C4X3Q1,徐上章凉茶(白石湖店),108.63444634656655,21.9347364172267,餐饮服务;冷饮店;冷饮店,050700
B0KRCGAQDD,仟喜蛋糕(锦绣家园店),108.63033351570077,21.9604775217646,餐饮服务;糕饼店;糕饼店,050800
B0KDXL1AJL,尝回佳螺蛳粉宁姨猪脚粉(广场丽园店),108.62197183860376,21.9826023491407,餐饮服务;中餐厅;中餐厅,050100
B0JG7DYZVW,Justcake即刻国潮生日蛋糕(钦州店),108.61677402616719,21.959288521316108,餐饮服务;糕饼店;糕饼店,050800
B0JBTODR9F,郑嫂广雅云吞(富民路店),108.64918282359994,21.960798783139648,餐饮服务;中餐厅;中餐厅,050100
B0J3F93MNJ,老台门汤包(中沙巷店),108.6314914422859,21.96116725817225,餐饮服务;餐饮相关场所;餐饮相关,050000
B0J2DRKYE8,金丫子鸭肉粉(文峰南路店),108.6134538375258,21.96196364768239,餐饮服务;中餐厅;中餐厅,050100
B0I2K5JTRZ,阿茶·手打柠檬茶(年年丰店),108.62379181016874,21.968662672504756,餐饮服务;冷饮店;冷饮店,050700
B0HDDM8HC1,老台门汤包(恒大绿洲店),108.67989977219891,21.963445409903915,餐饮服务;快餐厅;快餐厅,050300
B0FFIXIM1L,老地方美食(北部湾大学店),108.61707864338918,21.897662854022695,餐饮服务;中餐厅;中餐厅,050100
B0FFH6G26J,黄家月钦州营销中心,108.64353410622299,21.958660504487533,餐饮服务;糕饼店;糕饼店,050800
B0FFGCO1I3,常健中草药凉茶(锦绣家园2期店),108.62865839306684,21.96043273633503,餐饮服务;冷饮店;冷饮店,050700
B03090M8LB,鑫记猪肚鸡(钦州店),108.61575123000642,21.98099276406616,餐饮服务;中餐厅;中餐厅,050100
B0FFFRN4A7,民师老牌脆皮猪脚粉(育才路店),108.62820315271807,21.980994105571167,餐饮服务;中餐厅;中餐厅,050100
B0FFGCSWXY,桃源吧酸菜鱼古法烧鸡(北营路店),108.61254708556257,21.97734166927886,餐饮服务;中餐厅;综合酒楼,050101
B0FFH2E56Z,桂人府,108.64667675899895,21.971853432776538,餐饮服务;中餐厅;中餐厅,050100
B0FFGIVEXE,天鹰海鲜商城,108.61159429197244,21.97332647173082,餐饮服务;中餐厅;海鲜酒楼,050119
B0FFGIAIN7,万头包子店,108.6132998103425,21.945517925147698,餐饮服务;餐饮相关场所;餐饮相关,050000
B0MGAHE605,徽隐小院民宿(第一人民医院店),108.63025902091545,21.973237695610603,餐饮服务;餐饮相关场所;餐饮相关,050000
B0MAJH3NWP,钦蹄猪脚粉(石岭店),108.61463176944473,21.976760721129178,餐饮服务;中餐厅;中餐厅,050100
B0MAAM8CCU,满杯鲜果汁,108.64824573052974,21.96395493907147,餐饮服务;冷饮店;冷饮店,050700
B0LABN3N6X,名扬烧烤1店,108.63714361902852,21.967140818273577,餐饮服务;中餐厅;特色/地方风味餐厅,050118
B0L6NDLY80,梁记旺牌猪脚粉(一分店),108.59952554838185,21.74769242392488,餐饮服务;中餐厅;中餐厅,050100
B0K06A4DPJ,炳记博白白切,108.63039812625479,21.96613212710332,餐饮服务;中餐厅;中餐厅,050100
B0J1GCEDI5,胡须八小食店,108.61153177743465,21.96469441048658,餐饮服务;餐饮相关场所;餐饮相关,050000
B0H1RU9EUK,食客美食烤鱼烧烤炒螺,108.64473771583108,21.97592969274706,餐饮服务;中餐厅;中餐厅,050100
B0FFFWGXWF,西安老面馆(锦绣尊品店),108.62713320838868,21.975205729493453,餐饮服务;中餐厅;特色/地方风味餐厅,050118
B0FFFS66TF,好时烧鹅饭,108.59752188522508,21.738575017684866,餐饮服务;快餐厅;快餐厅,050300
B0FFIMPYG3,柳香缘螺蛳粉(钦州二分店),108.61238228149013,21.956438846592572,餐饮服务;餐饮相关场所;餐饮相关,050000
B0FFHQDGSA,湖湘人家(海景一街店),108.59786077287124,21.73803474235223,餐饮服务;中餐厅;中餐厅,050100
B0FFH8MKHU,老陆酸菜鱼火锅(鸿福店),108.62590467107887,21.96548163616771,餐饮服务;中餐厅;火锅店,050117
B0FFI16X2L,好米靓粥店(鸿发店),108.62581190967235,21.98407858234541,餐饮服务;餐饮相关场所;餐饮相关,050000
B0FFHRH0GA,来一碗桂林米粉,108.62510169144818,21.95013529550303,餐饮服务;快餐厅;快餐厅,050300
B0MULUTXMV,卤常吉卤粉面(三沿广场店),108.62268206641541,21.977059930628748,餐饮服务;中餐厅;中餐厅,050100
B0MUJCSMAW,黄记广式生料炭炉土鸡煲(一桥店),108.62608388848128,21.955168501093084,餐饮服务;中餐厅;中餐厅,050100
B0MD1RV03X,正味泥丁粥大排档,108.64546850966093,21.968779049554055,餐饮服务;中餐厅;中餐厅,050100
B0MB5RL3AR,屿金烤肉,108.64782665430582,21.963821610202967,餐饮服务;中餐厅;中餐厅,050100
B0MAZ7EMU7,强仔猪脚粉(新阳店),108.62801207733536,21.968623477276463,餐饮服务;中餐厅;中餐厅,050100
B0LUG9LNZQ,黄龙府东北菜馆(长荣新城小区南区店),108.62689091703143,21.94835624597095,餐饮服务;餐饮相关场所;餐饮相关,050000
B0LRJ9IOSK,小江碳烤,108.64475069647443,21.975762591380114,餐饮服务;中餐厅;特色/地方风味餐厅,050118
B0LK1REKY2,侯氏鸭头,108.62328840368528,21.97210088746331,餐饮服务;餐饮相关场所;餐饮相关,050000
B0LG99XYNR,好运咖啡(白石湖店),108.6353515355509,21.936963139530206,餐饮服务;咖啡厅;咖啡厅,050500
B0LB99Y8J8,有口福煲仔饭(水东店),108.63273259323623,21.9533417794428,餐饮服务;餐饮相关场所;餐饮相关,050000
B0LAVL15DR,冰雪糖潮糖水铺(万锦悦府2期店),108.6497796439599,21.957920351957753,餐饮服务;餐饮相关场所;餐饮相关,050000
B0L3M7MS6Y,糖水时光,108.65112807878296,21.745149338582145,餐饮服务;餐饮相关场所;餐饮相关,050000
B0L2DU98GO,地上吸猫场所撸猫馆,108.64790548635537,21.96373343023426,餐饮服务;餐饮相关场所;餐饮相关,050000
B0L1OKMGBC,覃大猪脚粉,108.59914957810243,21.87501662229389,餐饮服务;快餐厅;快餐厅,050300
B0L1HCXMQU,深情烧鸡铺,108.6465272541218,21.968360030104986,餐饮服务;快餐厅;快餐厅,050300
B0L16USL51,百川书城(红日国际大厦店),108.62822124140547,21.978562929066623,购物服务;专卖店;书店|餐饮服务;糕饼店;糕饼店,061205|050800
B0KRPAG60P,合浦山口海鸭饭(钦州旗舰店),108.63909575378594,21.967598992158607,餐饮服务;餐饮相关场所;餐饮相关,050000
B0KD1RLO8Y,一串宗师烧烤店(天和·金鼓新城店),108.59927277074623,21.74564562682871,餐饮服务;中餐厅;特色/地方风味餐厅,050118
B0K3U4SIY6,上上海鲜烧烤,108.6345970130414,21.935795701268553,餐饮服务;中餐厅;特色/地方风味餐厅,050118
B0K0H5KXMO,福旺云吞,108.60840768417532,21.946714907541832,餐饮服务;中餐厅;中餐厅,050100
B0JU7COTL1,分尼制茶(钦州港店),108.5982843257445,21.743563959316557,餐饮服务;餐饮相关场所;餐饮相关,050000
B0JRTU73VW,三缘猪脚粉(钦州湾广场店),108.62140285401183,21.978645093450613,餐饮服务;中餐厅;中餐厅,050100
B0JRPHMO42,云南野生菌石锅鱼,108.60875104675607,21.973939671095387,餐饮服务;中餐厅;中餐厅,050100
B0JROCURFB,二厨烧腊(松宇·时代城店),108.65178091838816,21.963035200200075,餐饮服务;中餐厅;中餐厅,050100
B0J6YDX6EP,福旺云吞(万国商业广场店),108.62708086674989,21.983940938724665,餐饮服务;快餐厅;快餐厅,050300
B0J2YUQE2H,马记浦北大肉云吞(水东店),108.63321873428875,21.952769810700943,餐饮服务;中餐厅;特色/地方风味餐厅,050118
B0FFIHK1NK,吾悦广场(钦州店),108.62760401466866,21.942860718131282,购物服务;商场;普通商场,060102
B03090MEWK,年年丰广场,108.62229701928521,21.969175614212183,购物服务;商场;购物中心,060101
B0FFHOUBMJ,长融世贸广场,108.64485206205464,21.963948801222404,购物服务;商场;普通商场|商务住宅;楼宇;商住两用楼宇,060102|120203
B0FFFX5QQ1,梦之岛百货(钦州店),108.62229901625737,21.96917761294398,购物服务;商场;购物中心,060101
B030900MFP,鸿发市场,108.62595061580592,21.98556111415714,购物服务;购物相关场所;购物相关场所,060000
B0FFLOZXU9,东风市场(人民路),108.62228937874228,21.962044227622485,购物服务;综合市场;综合市场,060700
B03090MNLQ,仟仟万家钦州购物中心,108.62445531057865,21.97852458146716,购物服务;商场;购物中心,060101
B030900MIK,钦州城东市场,108.63571809359975,21.952193861157433,购物服务;综合市场;水产海鲜市场,060706
B0FFK7VFJC,钦州港市场,108.59752014313555,21.733236823682788,购物服务;综合市场;综合市场,060700
B0309003QT,万国商业广场,108.62642589863911,21.984614078383952,购物服务;商场;商场,060100
B030900MFO,北部湾国际建材商贸城,108.63746413727665,21.94384521697684,购物服务;家居建材市场;建材五金市场,060603
B0FFFVMV9J,水东海鲜市场,108.65003626371575,21.954067057487155,购物服务;综合市场;农副产品市场,060703
B0G0USLMAM,金鼓农贸市场,108.6494108377822,21.746359910490263,购物服务;综合市场;农副产品市场,060703
B030900N0K,协盛商业广场,108.61876429845266,21.962408106710853,购物服务;商场;普通商场|购物服务;便民商店/便利店;便民商店/便利店,060102|060200
B03090MQ32,广西东盟商贸城,108.65368175554315,21.939862689631138,购物服务;综合市场;小商品市场,060701
B0FFFEK2HY,大润发(钦州店),108.6090719035983,21.97078697302391,购物服务;超级市场;超市,060400
B0H3KSZNK2,中山路老街,108.61844418539118,21.95293190400776,购物服务;特色商业街;特色商业街,061000
B0FFGK32UQ,恒基广场(人民路店),108.6200666216449,21.960516886070064,购物服务;商场;购物中心,060101
B0FFFE9WD1,东升农贸市场,108.64563655559338,21.980856497848485,购物服务;综合市场;综合市场,060700
B0JGX40AT3,钦州港海鲜市场,108.59698130909626,21.734124260345713,购物服务;综合市场;水产海鲜市场,060706
B0FFLBPUTE,钦州新时代商业广场,108.64509942663045,21.966160433384495,购物服务;商场;商场,060100
B03090MJZW,金湾步行街,108.62157750154482,21.960243151772733,购物服务;特色商业街;步行街,061001
B03090M9VV,万锦华府,108.65361995564177,21.979213547040207,商务住宅;住宅区;住宅小区|购物服务;花鸟鱼虫市场;花卉市场,120302|060501
B0FFGI90AD,赛格商业步行街,108.62255409756354,21.98029660982672,购物服务;特色商业街;步行街,061001
B03090MF59,沃尔玛(钦州钦州湾大道店),108.62178775530056,21.969307238376935,购物服务;超级市场;沃尔玛,060402
B0FFG0AM2N,恒基步行街(恒基国际城店),108.61918778866354,21.961213114749206,购物服务;特色商业街;步行街,061001
B0G29CON3U,大世界商场,108.61961533610341,21.95858943128058,购物服务;商场;普通商场,060102
B0FFI6PARA,新广盛购物中心,108.5995203675849,21.75149501975469,购物服务;商场;购物中心|购物服务;超级市场;超市,060101|060400
B0FFIP3NTG,鸿发生活市场,108.6281091112767,21.98505515136374,购物服务;综合市场;综合市场,060700
B0309002L3,红海豚商业广场,108.62283489856804,21.97585218507249,购物服务;商场;普通商场,060102
B0FFG8LUXM,钦州保税港区国际商品直销中心(步行街店),108.64491237385725,21.689242940403464,购物服务;购物相关场所;购物相关场所,060000
B0FFLCO29C,兰亭街,108.63257382671597,21.934024784079984,购物服务;特色商业街;特色商业街,061000
B0H1U90AU1,钦州商业大厦购物广场,108.61840295896678,21.958690690761347,购物服务;商场;普通商场|购物服务;特色商业街;特色商业街,060102|061000
B0M6SU2ZRO,林氏家居(钦州钦南正坤世纪广场店),108.62583448292578,21.971620642885128,购物服务;家居建材市场;家居建材市场,060600
B03090M9KQ,鸿发综合商场,108.6276888218552,21.984829585893728,购物服务;综合市场;综合市场,060700
B0FFM0X3V4,雄泰荟商业广场,108.62126579264198,21.963441012589062,购物服务;商场;普通商场,060102
B0FFFE450Z,和顺农贸综合市场,108.60913174794695,21.972836909958993,购物服务;综合市场;农副产品市场,060703
B0FFMCSHLR,钦州市粤桂机电市场,108.64510059474459,21.942348076000847,购物服务;家居建材市场;建材五金市场,060603
B0MAT5VTPL,钦江陶影·1956陶艺市集,108.62658406199847,21.955592082701127,购物服务;购物相关场所;购物相关场所,060000
B0FFFOZ9F1,Apple授权专营店(年年丰梦之岛店),108.62177675905973,21.969556368910933,购物服务;家电电子卖场;手机销售,060305
B0MBNZSD53,联想体验店(钦州吾悦店),108.62839874308025,21.94176817055551,购物服务;家电电子卖场;数码电子,060306
B0FFM9UQ3U,Apple授权专营店(钦南吾悦广场店),108.62703690472156,21.94373085407165,购物服务;家电电子卖场;手机销售,060305
B0FFHSNG26,年年丰步行街,108.62211124704993,21.970080250347163,购物服务;特色商业街;步行街,061001
B0L6SS37LV,国大百货购物中心,108.59885643257664,21.73600472378929,购物服务;商场;购物中心,060101
B0FFL8HI8P,海鲜市场,108.62817998099132,21.985295173192338,购物服务;综合市场;水产海鲜市场,060706
B0I6MCWH10,联想授权专卖店(新兴西路115号店),108.61523589903693,21.95947698269104,购物服务;家电电子卖场;数码电子,060306
B0FFL6C2JK,海名轩·海逸轩商业广场,108.5968001975592,21.737830805847448,购物服务;商场;普通商场,060102
B0FFFWEMEX,城中南市场,108.62697673001658,21.969774345593056,购物服务;综合市场;综合市场,060700
B0FFFSIDG9,巨龙步行街(巨龙·国际店),108.59887640884271,21.736304843097358,购物服务;特色商业街;步行街,061001
B0L2B7LIEU,新华书店,108.61997566788166,21.962144755795116,购物服务;专卖店;书店|公司企业;公司;公司,061205|170200
B0FFLLFRPR,雪宝板材,108.66192098918594,21.992780460925534,购物服务;家居建材市场;建材五金市场,060603
B03090M8W6,恒基百货(恒基广场A座店),108.6199597417485,21.961081265520487,购物服务;购物相关场所;购物相关场所,060000
B0FFFRKVH1,艺华商业广场,108.6088463271631,21.945831218001715,购物服务;商场;普通商场,060102
B0J2UAV5YA,小米之家(钦州钦南区翰林福第专卖店),108.61870955423825,21.958659374393978,购物服务;家电电子卖场;数码电子,060306
B030900MFN,金桥钢材市场,108.63004532086072,21.99511434331243,购物服务;家居建材市场;建材五金市场,060603
B0FFLO3AN3,OPPO官方授权服务体验中心(钦州钦南区钦州湾大道店),108.62115069407417,21.968823698593376,购物服务;家电电子卖场;手机销售,060305
B0FFIECK42,喜临门钦州店,108.63736333996687,21.943719312395906,购物服务;家居建材市场;家居建材市场,060600
B0K0Y5KLNS,钦州远大新旧货市场,108.60808956187542,21.975628871784696,购物服务;综合市场;旧货市场,060702
B0LKJG0LSA,DJI大疆(钦州吾悦广场授权体验店),108.62820805854008,21.941857461061716,购物服务;购物相关场所;购物相关场所,060000
B0GU2HDABJ,东拓装饰建材城,108.62255162424384,21.99005623278361,购物服务;家居建材市场;建材五金市场,060603
B0FFF5TZXN,小蜜蜂电脑总汇(海豚店),108.61386149992038,21.959460126516614,购物服务;家电电子卖场;数码电子,060306
B0GU1HYF8S,飞利浦助听器(声望听力钦州店),108.62887279127796,21.965315780632825,购物服务;专卖店;专营店,061200
B030900M0T,海港市场,108.59774210060246,21.75300000043374,购物服务;综合市场;综合市场,060700
B0309001GM,大世界万兴家电商场,108.6196193190942,21.95882654024768,购物服务;商场;普通商场,060102
B030900M8R,兴安市场,108.67017195787962,21.717708368703885,购物服务;综合市场;综合市场,060700
B0FFIVE96C,威尼斯风情街(恒大御景半岛店),108.64379169812817,21.976293462272576,购物服务;特色商业街;特色商业街,061000
B0KRHYR1SS,美的智慧家(子材美特旗舰店),108.63105971166826,21.971298678607198,购物服务;家电电子卖场;家电电子卖场,060300
B0FFL36MQY,东旭商业广场,108.676630431488,21.96410484178727,购物服务;购物相关场所;购物相关场所,060000
B0FFJE8OFE,卜蜂莲花超市(长融世贸广场店),108.64542981367612,21.964280974913247,购物服务;超级市场;卜蜂莲花,060409
B0I19CUEMJ,桂商水产批发市场,108.59910812789032,21.94655865729786,购物服务;综合市场;水产海鲜市场|公司企业;公司;公司,060706|170200
B0FFFSKLNO,金海湾花鸟市场,108.59746282493317,21.947040184922983,购物服务;花鸟鱼虫市场;花鸟鱼虫市场,060500
B0I3M5LU41,新大润超市,108.5996780649673,21.7353982917765,购物服务;便民商店/便利店;便民商店/便利店,060200
B030900M3B,巨龙购物广场,108.59875348231887,21.735957725336736,购物服务;超级市场;超市,060400
B0J067PVDQ,OPPO官方授权体验店(钦州钦南区吾悦广场店),108.62752914690459,21.94268673073525,购物服务;家电电子卖场;手机销售,060305
B0LU7U0WVN,vivo官方授权体验店(钦南区钦州湾大道店),108.6207703276128,21.96689018411617,购物服务;家电电子卖场;手机销售,060305
B0FFH2E2HJ,钦州市众鑫装饰材料市场,108.60698432805883,21.979506338621412,购物服务;家居建材市场;建材五金市场,060603
B0LUXUI304,美的智慧家(沙埠诚宜佳旗舰店),108.65187364120116,21.96442269334752,购物服务;家电电子卖场;家电电子卖场,060300
B0LUFC13Z3,源氏木语(钦南吾悦店),108.62760401466866,21.942860718131282,购物服务;家居建材市场;家具城,060602
B0FFL6E11Q,荣耀官方授权销售服务中心(钦州吾悦广场店),108.62824298528542,21.942159559981835,购物服务;家电电子卖场;手机销售,060305
B0LK4OXDHJ,鹏泰超市(钦州吾悦广场店),108.62721569026209,21.942126862155444,购物服务;便民商店/便利店;便民商店/便利店,060200
B0FFLGJW4U,华为授权体验店(吾悦广场),108.62714174185004,21.943552636524636,购物服务;家电电子卖场;手机销售,060305
B0GDVU6JYB,东站农贸综合市场,108.65669485042326,21.98004826757734,购物服务;综合市场;农副产品市场,060703
B0LUDCBOA0,美的智慧家(钦州运美吾悦广场旗舰店),108.62811419996726,21.942175734637313,购物服务;家电电子卖场;家电电子卖场,060300
B030900PD0,沃沃农贸沙园市场(人民路),108.61731170012122,21.952021555888255,购物服务;综合市场;综合市场,060700
B0FFH3BGGF,钦州市粮油市场,108.62596329084776,21.99178904299271,购物服务;综合市场;农副产品市场,060703
B0KRSRL924,吾悦广场超市(钦州吾悦广场店),108.6278395703244,21.943961941778472,购物服务;购物相关场所;购物相关场所,060000
B0FFJXSTF3,钦州湾花鸟市场,108.63845187956932,21.991076139562846,购物服务;购物相关场所;购物相关场所,060000
B0FFLPAAK6,小米之家(钦州市钦南区吾悦广场专卖店),108.62716278337963,21.94199686709462,购物服务;家电电子卖场;手机销售,060305
B0IAXZ1UPO,松城百货(松宇·时代城店),108.65261895954075,21.964396329752088,购物服务;便民商店/便利店;便民商店/便利店,060200
B0LKVH3U1H,KKV(钦州吾悦广场主力店),108.62736041538751,21.942885040423114,购物服务;购物相关场所;购物相关场所,060000
B0KU9ZHEV4,美的中央空调(钦州北部湾店),108.63696613665734,21.943210680093284,购物服务;家居建材市场;灯具瓷器市场,060606
B0FFL5K3A9,美的智慧家(子材文峰街道蓝天专卖店),108.6106981828798,21.973827345126626,购物服务;家居建材市场;灯具瓷器市场,060606
B0FFF033LM,钦州大地兽药饲料服务部,108.63108856703448,21.952782818771674,购物服务;购物相关场所;购物相关场所,060000
B0LGLULX2Z,美的中央空调智慧空气馆(钦州富安居店),108.67651570408692,21.964078045178248,购物服务;家电电子卖场;家电电子卖场,060300
B0FFFXN0BI,港城百货综合批零商场,108.59802290927117,21.733789970682317,购物服务;购物相关场所;购物相关场所,060000
B0I6BC0FHB,vivo官方授权体验店(钦南长融世贸广场店),108.64483109620278,21.9641609378514,购物服务;家电电子卖场;手机销售,060305
B0FFGCNZZY,爱买商城,108.62315123120929,21.979844721050238,购物服务;商场;普通商场,060102
B03090MI82,欧派衣柜(钦州国际店),108.63757896291095,21.942828554139723,购物服务;家居建材市场;家居建材市场,060600
B0JBOZLIH3,华为授权体验店(世贸广场),108.645529603686,21.964209770361258,购物服务;家电电子卖场;数码电子,060306
B0FFFRR1LL,金名豪家具,108.6337936881552,21.952526863714546,购物服务;家居建材市场;家具城,060602
B0G25YSW8Y,维意定制(钦州吾悦广场店),108.62839871584127,21.942326437142228,购物服务;家居建材市场;家居建材市场,060600
B0FFGAIWNB,顾家家居(北部湾店),108.6379731337834,21.943988496370824,购物服务;家居建材市场;家居建材市场,060600
B0LRN1MD2O,OPPO官方授权体验店(钦州钦南区长融世贸广场店),108.64485206205464,21.963948801222404,购物服务;家电电子卖场;手机销售,060305
B0FFFOXXX6,赛格电子市场(文兴街),108.6240108967078,21.980514047009272,购物服务;家电电子卖场;数码电子,060306
B0FFGMWKEP,钦州市东南五金机电城,108.6342073464537,21.943838113590765,购物服务;家居建材市场;建材五金市场,060603
B03090M97E,华信花园商城,108.61265321985012,21.951698378856847,购物服务;购物相关场所;购物相关场所,060000
B0FFF2NF1J,青城金街,108.62242229589657,21.959740982132857,购物服务;特色商业街;特色商业街,061000
B0FFL9KZZI,品足旗舰店(三分店),108.63173054176546,21.97085053404126,购物服务;服装鞋帽皮具店;服装鞋帽皮具店|生活服务;洗浴推拿场所;洗浴推拿场所,061100|071400
B0GRMH08K7,中展五金建材钢材管件批发,108.60852861188043,21.945951470045017,购物服务;家居建材市场;建材五金市场,060603
B0L655GCBP,港澳风情街,108.62776474517712,21.942926543591167,购物服务;特色商业街;特色商业街,061000
B0FFHI557D,名创优品(广西钦州年年丰店),108.62261055836628,21.969156254986952,购物服务;购物相关场所;购物相关场所,060000
B0G0KSRU1L,东港农贸市场,108.6624080240927,21.725260225351814,购物服务;综合市场;农副产品市场,060703
B0KKZZR25D,明仁电器二手货交易市场(鸿发分店),108.62461685558205,21.982714376780383,购物服务;家电电子卖场;家电电子卖场,060300
B0HDYHQHW3,小米之家(钦州市钦北区仟仟万家购物中心专卖店),108.62445731247317,21.978422530681136,购物服务;家电电子卖场;手机销售,060305
B0HR9D7Z0D,东盟风情街,108.66548143803455,21.772245034505787,购物服务;特色商业街;特色商业街,061000
B0JRJUHGMR,华为授权体验店(赛格广场),108.62403687353742,21.98017485583477,购物服务;家电电子卖场;手机销售,060305
B0FFJ5DZZ7,古陶城步行街,108.67876018427091,21.92846084072528,购物服务;特色商业街;步行街,061001
B0M6Y7SR91,未来万家五金机电(金鼓大街店),108.59735655390173,21.74680946059039,购物服务;家居建材市场;建材五金市场,060603
B0FFJXO3JN,世贸天地(人和春天G区店),108.64576409837736,21.96426739610862,购物服务;商场;普通商场,060102
B0JUDHVFTQ,Apple授权专营店(长融世贸广场店)(暂停营业),108.64487202673062,21.963803698204654,购物服务;家电电子卖场;手机销售,060305
B0L13U6Q0A,汇品寄售行,108.63326447968198,21.95625740833785,购物服务;特殊买卖场所;特殊买卖场所,061300
B0K6ACOZZ8,COLMO中央空调(钦州北部湾建材城店),108.63699604153705,21.943968996288856,购物服务;购物相关场所;购物相关场所,060000
B0FFG9WXAM,鼎新门业有限公司,108.59875802289092,21.931503540946746,购物服务;购物相关场所;购物相关场所,060000
B03090MIBW,联达商业街,108.62217165567222,21.98037907472563,购物服务;特色商业街;特色商业街,061000
B0K14AU9ZR,小丁瓷砖店,108.65876743134423,21.95167188906539,购物服务;家居建材市场;建材五金市场,060603
B0LDP7VOXL,九号电动车(钦州总代店),108.61728998894367,21.96717479838832,购物服务;购物相关场所;购物相关场所,060000
B0J0UZ09VO,中马蚝情荟,108.66865763287511,21.777283145369395,购物服务;购物相关场所;购物相关场所,060000
B0K30HUSGJ,联想智生活专卖店(钦州吾悦广场店),108.62797643029307,21.942166908455174,购物服务;家电电子卖场;数码电子,060306
B03090MG5R,大志商场,108.62675305585479,21.95010725470507,购物服务;便民商店/便利店;便民商店/便利店,060200
B0FFLAJKIN,招财进宝批发零售商场(扬帆南大道店),108.64049143307064,21.937318321328156,购物服务;超级市场;超市,060400
B0KDTCJIHB,阿凡五金建材商贸有限公司,108.65713091722782,21.734529941511372,购物服务;家居建材市场;建材五金市场,060603
B0MUBR7XRL,科大讯飞AI学习机专卖店(钦州年年丰店),108.62197250715691,21.968895839949482,购物服务;家电电子卖场;数码电子,060306
B0FFI9NOA0,捷安特(钦州自行车行店),108.63096135211039,21.96176227524682,购物服务;专卖店;自行车专卖店,061208
B0FFHFT834,慕思床垫睡眠定制(北部湾建材城店),108.63665375330578,21.942952034113357,购物服务;家居建材市场;家居建材市场,060600
B0JK2ZV3T4,华为授权体验店(巨龙广场),108.598823446734,21.736027739987474,购物服务;家电电子卖场;手机销售,060305
B0MA3AYKW8,钦州花甜里鲜花店,108.62618176155011,21.975009826099978,购物服务;花鸟鱼虫市场;花卉市场,060501
B0JU9U7FCO,XDS喜德盛自行车(新兴街专卖店),108.63094138348889,21.961840339919757,购物服务;购物相关场所;购物相关场所,060000
B0L66AK2S7,公牛旗舰店(长荣新城店),108.6268319705169,21.949226735498403,购物服务;家居建材市场;建材五金市场,060603
B0I6VM58YK,协盛超市(协盛商业广场店),108.61941443907375,21.96208830299527,购物服务;超级市场;超市,060400
B0FFIS6OZ6,阳光书城(钦州湾大道店),108.62429538474701,21.98205444387295,购物服务;专卖店;书店,061205
B0L1LREYSM,娟子诺花艺,108.62645031250277,21.934422144226087,购物服务;花鸟鱼虫市场;花卉市场,060501
B030900PCW,德营市场,108.61505814191389,21.979341583855486,购物服务;综合市场;综合市场,060700
B0FFH3BU4Z,钦州市钦北区中秀大米加工厂(钦州市粮油市场店),108.62578256227064,21.992135428149542,购物服务;综合市场;农副产品市场,060703
B0LGC5TQAV,雨虹防水(东南五金机电城专卖店),108.634844142633,21.944107304804447,购物服务;家居建材市场;建材五金市场,060603
B0FFLJ2RDQ,香江家具城(金海湾西大街店),108.61160174613582,21.94330415707441,购物服务;家居建材市场;家具城,060602
B0L2KZFXQM,金鑫寄卖黄金回收汽车抵押,108.62765443411375,21.97348124687954,购物服务;特殊买卖场所;特殊买卖场所,061300
B0FFM735A5,嘉禾石材市场永裕石材,108.64121762844707,21.923571582629716,购物服务;家居建材市场;建材五金市场,060603
B0MAJC3C6O,好想来省钱超市(钦州钦北区东升街店),108.65525703600612,21.98272019982904,购物服务;便民商店/便利店;便民商店/便利店,060200
B0G39NKT0X,长宏五金机电商行,108.6356087953616,21.942113213698747,购物服务;家居建材市场;建材五金市场,060603
B0L215TSSZ,菲林佩姿男女童服装工厂店(钦州协盛店),108.61842772601614,21.962796623178306,购物服务;服装鞋帽皮具店;服装鞋帽皮具店,061100
B0JG3ASI7I,天猫优品电器体验店(松宇时代城店),108.65318667444657,21.964351274607658,购物服务;家电电子卖场;家电电子卖场,060300
B0FFLBZMHY,果柜(新华路店),108.62966827019468,21.968614293823865,购物服务;综合市场;果品市场|生活服务;生活服务场所;生活服务场所,060704|070000
B0FFHI5577,南大服饰城,108.62169603386502,21.966319917074706,购物服务;服装鞋帽皮具店;服装鞋帽皮具店,061100
B0FFL7DII1,名创优品(钦州吾悦广场店),108.62752814030507,21.942855812748807,购物服务;购物相关场所;购物相关场所,060000
B0G3J572Q8,怡园·南珠市场,108.61490586886651,21.968124384164618,购物服务;购物相关场所;购物相关场所,060000
B0FFHPUFO3,旧货市场旧货一条街,108.6166495902979,21.950911640090297,购物服务;综合市场;旧货市场,060702
B0FFHJ9AKY,vivo官方授权体验店(钦南钦州湾广场店),108.6236775654461,21.977223873363766,购物服务;家电电子卖场;手机销售,060305
B0MDHLSTCW,7号衣库钦州吾悦店,108.62796444981413,21.942175928216717,购物服务;服装鞋帽皮具店;服装鞋帽皮具店,061100
B0IRRRHE2P,润发车行,108.60349370820627,21.94404810198137,购物服务;专卖店;自行车专卖店,061208
B0FFG62PEQ,高佬渔具,108.6085845214569,21.946765824862794,购物服务;专卖店;专营店,061200
B0MDNZEP24,博世家电,108.63648605281112,21.943434519837346,购物服务;家电电子卖场;家电电子卖场,060300
B0KDGCNTK7,美利达自行车(钦州专卖店),108.63175131020428,21.974820391609402,购物服务;专卖店;自行车专卖店,061208
B0J6VCCVY8,蚂蚁洋货(中马免税商城店),108.6780367837558,21.769036771747512,购物服务;购物相关场所;购物相关场所,060000
B0J2B9VB1T,公牛旗舰店(西大街店),108.60941592450835,21.943172589680255,购物服务;家居建材市场;建材五金市场,060603
B0L66ULRRW,东芝星级生活馆(钦州北部湾建材城店),108.63694815174145,21.943613900152652,购物服务;购物相关场所;购物相关场所,060000
B0M62DUDI8,城东市场,108.63527990179401,21.952668743471083,购物服务;综合市场;水产海鲜市场,060706
B0JKSUUXIB,钦州西南冷冻厂,108.59219817926163,21.94865211601126,购物服务;综合市场;农副产品市场|公司企业;公司;公司,060703|170200
B0FFF2OJ5S,钦州市信坚玻璃,108.6182436866348,21.968570551551434,购物服务;家居建材市场;建材五金市场,060603
B0FFFA2SOE,中国移动·八桂钦龙北部湾营业厅,108.6214185404524,21.96412717453866,购物服务;家电电子卖场;手机销售|生活服务;电讯营业厅;中国移动营业厅,060305|070603
B0FFKYZ2CZ,韬智书店(钦州吾悦广场店),108.6280033967865,21.94193276185604,购物服务;专卖店;书店,061205
B0KG6BSIT9,钦州七号当铺(金茂·江滨豪园店),108.63132218992796,21.97246386950118,购物服务;特殊买卖场所;典当行,061302
B0K37HVCBL,科大讯飞AI学习机专卖店(钦州吾悦广场店),108.62738136155042,21.94328120292511,购物服务;家电电子卖场;数码电子,060306
B0FFG338FU,三桥家具城(三鸟家具城分店),108.61500494681674,21.943600605974318,购物服务;家居建材市场;家具城,060602
B0K3OZVZWR,众利新旧货店,108.59950277269411,21.7432735869992,购物服务;综合市场;旧货市场,060702
B0JB2SWCRC,恒达五金机电城,108.59955750841134,21.748192625709304,购物服务;家居建材市场;建材五金市场,060603
B0I3TCDOWP,汇美赞快递超市(七里香溪南区店),108.64947179032431,21.948495403391945,购物服务;便民商店/便利店;便民商店/便利店,060200
B0FFIKSQCD,喜茶(钦州年年丰广场店),108.62212130096616,21.968675571063788,餐饮服务;冷饮店;冷饮店|购物服务;购物相关场所;购物相关场所,050700|060000
B0MGB1UXOG,YONEX尤尼克斯钦州心飞扬专卖店(二中路店),108.63673728103201,21.969693655198487,购物服务;体育用品店;体育用品店,060900
B0LU2AT7RW,申通快递,108.66488587088652,21.954269529525238,购物服务;购物相关场所;购物相关场所,060000
B0FFM69BEL,美宜佳(人和春天店),108.64733869570797,21.964278679683616,购物服务;便民商店/便利店;便民商店/便利店,060200
B0FFG5D8AO,华硕官方授权店-钦州锦盛(打印机监控),108.62408080274119,21.980246838627703,购物服务;家电电子卖场;数码电子,060306
B0L0LUA3HQ,海尔卡萨帝(钦州商厦店),108.63615167926909,21.943752178637503,购物服务;家电电子卖场;家电电子卖场,060300
B0IUGAJKSU,海大海贝饲料店,108.63303885792088,21.854666554154168,购物服务;购物相关场所;购物相关场所,060000
B0JU9CG2ZR,渔者之家渔具店,108.63977197778605,21.935439578627996,购物服务;购物相关场所;购物相关场所,060000
B0KAVOFAS1,极修匠手机维修(南区店),108.61520992229303,21.95963508046798,购物服务;购物相关场所;购物相关场所,060000
B0JKMMF2VB,小米之家(钦州钦南区长融世贸专卖店),108.64517835417547,21.96421137099317,购物服务;家电电子卖场;手机销售,060305
B0JDSDKWYV,二手电器(杰凯制冷二手空调),108.63947273130286,21.95270629776437,购物服务;综合市场;旧货市场,060702
B0FFKZVZ5V,宝岛眼镜(钦州吾悦广场店),108.62731548479894,21.94297714150414,购物服务;专卖店;眼镜店,061204
B0IA3XL0CA,二手空调,108.63340788247018,21.983483147031684,购物服务;家电电子卖场;家电电子卖场,060300
B0FFFZ1COC,钦州市再生资源集散交易市场,108.63172748221128,21.99258783943305,购物服务;综合市场;旧货市场,060702
B03090MA0P,巨龙商业街(巨龙·国际店),108.59721209887059,21.736667275068797,购物服务;特色商业街;特色商业街,061000
B0L3AST4V4,小玉姐校服(工厂直营店),108.66284667853985,21.954846690060975,购物服务;服装鞋帽皮具店;服装鞋帽皮具店,061100
B0KAV5F7YZ,阿财广西爆炒生料,108.64922426153328,21.970352257369147,购物服务;综合市场;农副产品市场,060703
B0FFHW3U1Y,恒大商业广场(恒大绿洲店),108.67726794228726,21.963769482655643,购物服务;商场;商场,060100
B0FFF03MNA,丰大五金机电设备有限公司-五金电动工具焊接材料水泵电缆,108.59978194936413,21.736708805407606,购物服务;家居建材市场;建材五金市场,060603
B0L0FL7LXS,海尔卡萨帝(钦州商厦新兴街店),108.61838598047777,21.95870871595026,购物服务;购物相关场所;购物相关场所,060000
B0FFFRN4K6,三和燃气(西门街店),108.6088319062113,21.954756486398615,购物服务;专卖店;专营店,061200
B0LAFZWSWU,金点原子锁,108.63343412852821,21.977479262426012,购物服务;家居建材市场;建材五金市场,060603
B0J3GZBTTE,欧亿家私城,108.64036345779755,21.96247653044594,购物服务;家居建材市场;家具城,060602
B0MGCDEAMA,钦州水上服务区,108.61178736570605,21.926585038266865,生活服务;生活服务场所;生活服务场所,070000
B0H0OCY9AL,威龙物流园,108.65191646888306,21.72144221423597,公司企业;公司企业;公司企业|生活服务;生活服务场所;生活服务场所,170000|070000
B0FFHVQ13V,广西钦州市祥龙物流有限公司,108.65958909685894,21.695687900073754,生活服务;物流速递;物流速递,070500
B0KRKD2HBE,广西钦州志得物流有限公司,108.63179354306413,21.742968775597728,生活服务;物流速递;物流速递,070500
B0FFF4RU9Y,钦州市殡仪馆,108.59919196781655,21.99017238038972,生活服务;丧葬设施;殡仪馆,071903
B0H07R3K8T,钦州华美医疗美容门诊部,108.62281093380412,21.975860215931085,生活服务;美容美发店;美容美发店,071100
B0IU6XJJ0H,菜鸟驿站(北部湾大学西区学生公寓店),108.61023499987604,21.904810751620715,生活服务;物流速递;物流速递,070500
B0FFMBITV7,华为授权服务中心(年年丰),108.62204729073132,21.971096804356026,生活服务;维修站点;维修站点,071200
B0KUD7D3KT,港湾7号美食水汇,108.63329635768385,21.957554981134873,生活服务;生活服务场所;生活服务场所,070000
B0FFG338UV,钦州汽车南站售票处,108.65049790311043,21.940510763047108,生活服务;售票处;售票处,070300
B0JUDS0ZNV,十月传奇足道(奥林店),108.63795703327344,21.967072528063458,生活服务;生活服务场所;生活服务场所,070000
B0FFJ5E9CL,顺丰速运(富港新城工业区店),108.59982719770886,21.751822083687223,生活服务;生活服务场所;生活服务场所,070000
B0FFIG6HBH,顺丰速运(滨海明珠店),108.64474893623469,21.970964314529606,生活服务;物流速递;物流速递,070500
B0GULUSU39,长融人和大地营销中心,108.65663185838507,21.982838707329144,生活服务;生活服务场所;生活服务场所,070000
B0JA3UNQUX,牙博士口腔(钦南院),108.62076536098904,21.966349932228976,生活服务;生活服务场所;生活服务场所,070000
B03090M8LH,顺丰速运,108.61401556204262,21.97510344546083,生活服务;物流速递;物流速递,070500
B0K26YNWDF,鸡墩头中通快递,108.66370523547916,21.719608483666452,生活服务;物流速递;物流速递,070500
B0FFG1YATZ,南天物流(钦州分站),108.60700136917909,21.978367789144755,生活服务;物流速递;物流速递,070500
B0FFFZ9NRD,钦州东站售票处,108.66403457352654,21.980901821977568,生活服务;售票处;售票处,070300
B0MB15W9JK,京东物流钦州集散分拣中心,108.67243407446092,21.9100870287205,生活服务;物流速递;物流速递,070500
B0FFFZL6WK,先飞达物流,108.63460928332883,21.991028963875806,生活服务;物流速递;物流速递,070500
B0FFKQMYWU,钦州市城市管理行政执法局,108.61985999861858,21.97912094705233,政府机构及社会团体;政府机关;地市级政府及事业单位|生活服务;生活服务场所;生活服务场所,130103|070000
B0IUHAL65S,顺丰速运(蓝天丽都店),108.60713279762521,21.967289451814796,生活服务;物流速递;物流速递,070500
B0HG45S532,北投湖畔公园里售楼部,108.6387003440751,21.93081706990076,生活服务;生活服务场所;生活服务场所,070000
B0H3SRNFGA,钦州汽车总站售票处,108.59799470245045,21.945056154158436,生活服务;售票处;售票处,070300
B0FFGXZAUV,先飞达物流(钦州港),108.60577358742948,21.746868797903556,生活服务;物流速递;物流速递,070500
B0309003UM,中国电信(钦州湾大道店),108.62082424146776,21.96709622499051,生活服务;电讯营业厅;中国电信营业厅|金融保险服务;自动提款机;中国邮政储蓄银行ATM|公司企业;公司企业;公司企业,070601|160336|170000
B0J1ZMC872,顺丰速运(翰林福第店),108.61781779063953,21.957326606530295,生活服务;生活服务场所;生活服务场所,070000
B0FFFRHCPU,坭桥物流市场,108.63488576091429,21.99110058916236,生活服务;物流速递;物流速递,070500
B0FFJ98NFZ,vivo官方客户服务中心(钦州湾广场店),108.62358571706248,21.97697085934343,生活服务;维修站点;维修站点,071200
B0FFJDJDJ0,仟仟万家超市(仟仟万家钦州购物中心店),108.62443734279401,21.9784335595025,生活服务;生活服务场所;生活服务场所,070000
B0G1RA0WI6,广西钦州保税港区桂吉冷链物流有限公司,108.65939668628572,21.67239251508375,生活服务;物流速递;物流速递,070500
B0FFKQFKO5,境东十里售楼处,108.67771902304862,21.960861250507815,生活服务;生活服务场所;生活服务场所,070000
B0FFLGVYDX,德邦快递(钦州市钦南区绿州北路经营分部),108.66554190719424,21.962426164764178,生活服务;物流速递;物流速递,070500
B0FFJ3H5W6,恒大学府营销中心,108.63567023793976,21.930690667632433,生活服务;生活服务场所;生活服务场所,070000
B0J06SHOH2,顺丰速运(大华富贵二期店),108.59757400982846,21.735554766285684,生活服务;物流速递;物流速递,070500
B0FFHM44HF,钦州市开投水务有限公司客户服务中心,108.62370279716546,21.971698219280253,生活服务;自来水营业厅;自来水营业厅,070900
B0FFHRSORP,顺丰速运(泥桥物流店),108.63414217549942,21.990611452450572,生活服务;物流速递;物流速递,070500
B0H0KUMRE7,顺丰速运(平陆运河项目营业店),108.6615632378215,21.720722000835305,生活服务;物流速递;物流速递,070500
B0IAZX7AHL,菜鸟驿站(钦州曙光园1号店),108.66253638716996,21.955359524466026,生活服务;物流速递;物流速递,070500
B0FFL0EZ1I,顺丰速运(凤凰广场店),108.65322574860498,21.9407609517541,生活服务;物流速递;物流速递,070500
B0FFI68BYM,仟喜(年年丰广场店),108.62336640922238,21.969584601648922,生活服务;生活服务场所;生活服务场所,070000
B0H1XY3ELH,京东快递(钦州河东站),108.64926234605534,21.94661687822949,生活服务;物流速递;物流速递,070500
B0KAASCVU8,半山梦·养生馆,108.64089780139753,21.95373550057435,生活服务;生活服务场所;生活服务场所,070000
B0G3Z1V666,京邦物流(钦州分拨中心),108.60621604704652,21.9777148949877,生活服务;物流速递;物流速递,070500
B0KGPHXDOL,壹米滴答(钦州总部),108.60599310702153,21.980147162450336,生活服务;物流速递;物流速递,070500
B0FFKS68TX,康桥·星辉里营销中心,108.64336247035662,21.95857274971153,生活服务;生活服务场所;生活服务场所,070000
B0HKT5GIE5,德邦快递(东拓装饰建材城经营分部),108.62224806895803,21.990095589725826,生活服务;物流速递;物流速递,070500
B0J0UZYF0Q,广西自贸区佳胜物流有限公司,108.6361710945184,21.852722033792745,生活服务;物流速递;物流速递,070500
B0H605IWUG,中国移动(永福旗舰厅),108.64825307022811,21.977037146302223,公司企业;公司;电信公司|生活服务;电讯营业厅;中国移动营业厅,170208|070603
B0K24ABUFU,悦来湖养生馆,108.62619802747898,21.969036966829144,生活服务;生活服务场所;生活服务场所,070000
B0FFLHGA4G,广西钦州保税港区侨益物流有限公司,108.66928230591722,21.672310666178426,生活服务;物流速递;物流速递,070500
B0K3A7GXMA,京东快递(钦州钦州港营业部),108.59904044211464,21.754763504241442,生活服务;物流速递;物流速递,070500
B0KR5LR4Y9,ETC客户服务中心(钦州网点),108.6142328756544,21.94302798162245,生活服务;生活服务场所;生活服务场所,070000
B0L1ACJG8Z,顺丰速运(钦州港大件店),108.66172904275523,21.737129356535792,生活服务;物流速递;物流速递,070500
B0JU767FBI,菜鸟驿站(钦州东边塘安置二区2-14号店),108.64350817179869,21.93807572505359,生活服务;物流速递;物流速递,070500
B0H3AOD9BU,菜鸟驿站(钦州鸿发街74号店),108.63043416309567,21.984517808657937,生活服务;物流速递;物流速递,070500
B03090MFWC,中国邮政(钦州湾邮政所),108.6213973892766,21.967844967248276,生活服务;邮局;邮局,070400
B0JKJAHVVJ,广西金瀚国际物流有限公司(总部),108.66625656599889,21.7728538166918,生活服务;物流速递;物流速递,070500
B0FFL2T01H,一修哥电脑维修店,108.62061373951656,21.983447212822277,生活服务;维修站点;维修站点,071200
B0L3TX84SC,顺丰速运(恒大学府店),108.63570920994366,21.929748159171496,生活服务;物流速递;物流速递,070500
B0JR76FNBL,菜鸟驿站(钦州嘉华阆苑116号百惠百利店),108.62696510289534,21.962536915167668,生活服务;物流速递;物流速递,070500
B0K35HFAH9,申通快递(逸仙路店),108.59915532967986,21.75596298653947,生活服务;物流速递;物流速递,070500
B0H3TSH9OQ,西部陆海新通道钦州联运中心,108.64609412597953,21.704117641623867,生活服务;物流速递;物流速递,070500
B0LK5CU923,藤野造型(钦州新城吾悦广场店),108.62791454757365,21.941875849268285,生活服务;美容美发店;美容美发店,071100
B03090M9YO,长盈物流配送中心,108.6343365787802,21.852333586759784,生活服务;生活服务场所;生活服务场所,070000
B0FFMHTCMM,高华物流钦州点,108.60624990783954,21.980013968416788,生活服务;物流速递;物流速递,070500
B0IKVMBQGM,钦州自动化集装箱码头闸口服务中心,108.65448298671436,21.673614113694864,生活服务;生活服务场所;生活服务场所,070000
B0L3K7BWJX,蓝钻功能养生,108.62019151470211,21.979647854075985,生活服务;生活服务场所;生活服务场所,070000
B0FFMG6YJK,新江山美地营销中心,108.64474321361807,21.985899409529328,生活服务;生活服务场所;生活服务场所,070000
B0FFMGH5IX,钦州市鸿顺物流有限公司,108.59967940465569,21.976253673685743,生活服务;物流速递;物流速递,070500
B0K1YHA3FR,顺丰速运(中马工业园店),108.66621384872728,21.769171310088023,生活服务;物流速递;物流速递,070500
B0GR1ZXP98,北部湾国际门户港航运服务中心,108.64775112735883,21.692094129843642,生活服务;生活服务场所;生活服务场所,070000
B0KU157WBE,广西钦州市鸿运物流有限公司,108.62968154323868,21.736818125487666,生活服务;物流速递;物流速递,070500
B0KAV691N3,云贵瑶浴茶麸头疗会所(金穗街店),108.62614680910026,21.975184952449517,生活服务;洗浴推拿场所;洗浴推拿场所,071400
B0L1YREV6Y,韵达快递(乐业大街店),108.65166495880177,21.743443661604946,生活服务;物流速递;物流速递,070500
B0IDLOVD5V,菜鸟驿站(钦州金华路25号1店),108.63881091311292,21.99626202202296,生活服务;生活服务场所;生活服务场所,070000
B0I1YX8V9S,菜鸟驿站(钦州港中马幸福小镇111号店),108.67219475267548,21.786540434656533,生活服务;物流速递;物流速递,070500
B0HBP1BBCM,菜鸟驿站(钦州金鼓新城D1栋22号店),108.60094390633617,21.74546111806109,生活服务;物流速递;物流速递,070500
B0HAJH6QMB,郑远元专业修脚房(世贸广场店),108.64387019008734,21.96292697365568,生活服务;洗浴推拿场所;洗浴推拿场所,071400
B0FFLEE8TY,中国邮政(钦州邮政局永福邮政所),108.62573027083579,21.97935144164984,生活服务;邮局;邮局,070400
B0FFF3LTJ5,联想客户服务中心(钦州店),108.62822364565108,21.970218962311126,生活服务;维修站点;维修站点,071200
B0HKYO3XBP,菜鸟驿站(钦州市中马产业孔雀湾东郡109号店),108.65982916496283,21.764454422949623,生活服务;物流速递;物流速递,070500
B0LUY7Y3XR,速安锁业,108.62005150956877,21.98372593234008,生活服务;生活服务场所;生活服务场所,070000
B0HAPDU11Z,钦州市钦南区临港物流集中区,108.67344864472308,21.910399246567206,生活服务;物流速递;物流速递,070500
B03090MVDZ,钦州人才市场,108.65324048322015,21.965749842257914,政府机构及社会团体;政府机关;地市级政府及事业单位|生活服务;人才市场;人才市场,130103|070800
B0LASL4NV9,顺丰速运(北部湾大学店),108.61026397113041,21.904816734940063,生活服务;生活服务场所;生活服务场所,070000
B0K1SS8LC1,平陆运河会议中心,108.61333571872,21.92603359331595,生活服务;生活服务场所;生活服务场所,070000
B0HATR0A57,盛科·君悦湾营销中心,108.65831616998823,21.97827639872523,生活服务;生活服务场所;生活服务场所,070000
B0L6OHEKVV,菜鸟驿站(钦州新二中东门1号店),108.6404809594671,21.967775864114373,生活服务;物流速递;物流速递,070500
B0GUJHQVWC,北投凤景湾营销中心,108.66513412669433,21.977570144258866,生活服务;生活服务场所;生活服务场所,070000
B0FFHYPE5B,钦州港邮政支局,108.59891205115366,21.74338176189855,生活服务;邮局;邮局,070400
B0KUU6QMNV,广西八方物流园,108.67733091763084,21.678326596791997,生活服务;物流速递;物流速递,070500
B0IU4XJO6F,菜鸟驿站(钦州港旧农贸市场10号店),108.59780696773582,21.734454278506107,生活服务;物流速递;物流速递,070500
B0FFFERZ2J,宏达物流,108.59393821919105,21.73427649842147,生活服务;物流速递;物流速递,070500
B0H32O8LFL,菜鸟驿站(钦州翰林福第8栋107号店),108.61645149202194,21.95799019712162,生活服务;物流速递;物流速递,070500
B0I2TXYIIW,菜鸟驿站(钦州港巨龙国际步行街109号店),108.59786184974813,21.736430081256493,生活服务;物流速递;物流速递,070500
B0FFL4EL0J,高价回收废旧金属回收,108.59541231931276,21.972213389732314,生活服务;生活服务场所;生活服务场所,070000
B0HDFOLVYV,菜鸟驿站(碧桂园安州府店),108.62220601662973,21.93098249678133,生活服务;物流速递;物流速递,070500
B0G3FHHZRU,中国邮政(城东投递部),108.62575670567185,21.94913502411545,生活服务;邮局;邮政速递,070401
B0L33HAZ8Z,高价废品回收,108.64068607430195,21.936576652979962,生活服务;生活服务场所;生活服务场所,070000
B0L1VAB0S0,广西钦湘律师事务所,108.64286565867536,21.95551011720169,生活服务;事务所;律师事务所,070701
B0LG752D37,莫合炳康熙岭白鸡莫家正宗祖传日子馆(新馆),108.609634534204,21.946921238276307,生活服务;生活服务场所;生活服务场所,070000
B0FFM44UA5,金华美容汗蒸馆(北辰路店),108.62918018254169,21.987497904117536,生活服务;生活服务场所;生活服务场所,070000
B0FFLAGE7J,绿地交投中央公园营销中心,108.62741976551195,21.933717587514423,生活服务;生活服务场所;生活服务场所,070000
B0LBSUUQ56,菜鸟驿站(自贸新城区B-36栋1号店),108.66040909611965,21.738145273498244,生活服务;物流速递;物流速递,070500
B0JG1LPY45,京东图文快印广告,108.64420945968145,21.963227545576416,生活服务;摄影冲印店;摄影冲印,071300
B0J2OXL9WC,菜鸟驿站(钦州钦南沙埠沙寮1号店),108.64254240257218,21.93368523593659,生活服务;物流速递;物流速递,070500
B0HA71ZQTD,菜鸟驿站(钦州时代名城北楼108号店),108.63276326690621,21.97928107986572,生活服务;物流速递;物流速递,070500
B0FFGI8JZ0,圆通速递(妈妈店),108.61784800921868,21.972543822927395,生活服务;物流速递;物流速递,070500
B0JU3Z5DWF,万锦悦府三期售楼部,108.64968479483585,21.959129096816717,生活服务;生活服务场所;生活服务场所,070000
B0H6O9U1OK,菜鸟驿站(钦州家兴苑四区东道路1号店),108.65600365884313,21.99602410494317,生活服务;物流速递;物流速递,070500
B0I0VXIFSL,菜鸟驿站(钦州沙港中街66号店),108.62840833562795,21.94977397974492,生活服务;物流速递;物流速递,070500
B0MA7L3492,郑远元专业修脚房(金海湾店),108.59745095457068,21.737722676490552,生活服务;洗浴推拿场所;洗浴推拿场所,071400
B0I0MD06RQ,梵尘居SPA·泡澡按摩足道(育才店),108.62985073385012,21.973141201320306,生活服务;洗浴推拿场所;洗浴推拿场所,071400
B0IKYUDSFV,高价回收废旧,108.64810829627136,21.958579619325214,生活服务;生活服务场所;生活服务场所,070000
B0FFG8TDPD,雅健保健按摩中心,108.62595052526886,21.966966286576167,生活服务;洗浴推拿场所;洗浴推拿场所,071400
B0L6Y5K5RS,港东储运物流园,108.67310008239781,21.67519944358763,生活服务;物流速递;物流仓储场地,070501
B0H2COWSY7,菜鸟驿站(钦州中旭东方韵大门107号店),108.65453514105783,21.95336356752282,生活服务;物流速递;物流速递,070500
B0H1LSI1QF,京东物流(钦州钦北站),108.62170290919099,21.989140738393704,生活服务;物流速递;物流速递,070500
B0J136EUTH,菜鸟驿站(钦州松宇时代东门77号店),108.65570602286587,21.96205755098897,生活服务;物流速递;物流速递,070500
B0JUVRFXZO,阿陀堂健康(宏基·御堤湾店),108.6363719984699,21.969417079788425,生活服务;洗浴推拿场所;洗浴推拿场所,071400
B03090M8EX,中国电信24小时自助服务厅(钦州湾营业厅),108.62084520716228,21.967192248424485,公司企业;公司;电信公司|生活服务;电讯营业厅;中国电信营业厅,170208|070601
B0JBO1UGF0,极兔速递(西门街店),108.61149829530632,21.954772705720725,生活服务;物流速递;物流速递,070500
B0IR3ONE87,菜鸟驿站(钦州英华路4号店),108.61012264176563,21.95556504104987,生活服务;物流速递;物流速递,070500
B0H307DJND,梵尘居养生会所,108.61717884962562,21.972931640429156,生活服务;洗浴推拿场所;洗浴推拿场所,071400
B03090M9QV,钦南区人力资源市场,108.63279151071197,21.952839455809595,生活服务;人才市场;人才市场,070800
B0FFF3048W,韵达快递(钦荣营业部),108.61494130573857,21.978816434600194,生活服务;物流速递;物流速递,070500
B0GUYX4DPX,顺丰速运(尖山镇合作点),108.59591104268046,21.9335128985969,生活服务;物流速递;物流速递,070500
B0H3T7L1WL,韵达速递(环城西路店),108.60708622095474,21.979944490760026,生活服务;物流速递;物流速递,070500
B0I27XPOEI,菜鸟驿站(钦州金辉时代广场B107号店),108.6209019584948,21.970641829147887,生活服务;物流速递;物流速递,070500
B0I3S6V1TV,菜鸟驿站(长融人和大地店),108.65784405212568,21.982683372215096,生活服务;物流速递;物流速递,070500
B0IRFXGJMO,菜鸟驿站(中地滨江壹号二区店),108.64558360471878,21.98216320785735,生活服务;物流速递;物流速递,070500
B0J2V62XOM,菜鸟驿站(钦州康桥星辉里东门5-02号店),108.64541513809729,21.9583221610278,生活服务;物流速递;物流速递,070500
B0H2KOE5S8,菜鸟驿站(钦州银河雅苑店),108.63430216284704,21.98479646809531,生活服务;物流速递;物流速递,070500
B0J67CP4H9,兔喜生活快递驿站(五马路店),108.60694198162165,21.94625252543373,生活服务;物流速递;物流速递,070500
B0FFHMU33M,钦州市铭利物流有限公司,108.59974351162953,21.74619274546157,生活服务;物流速递;物流速递,070500
B0H1GOTD30,菜鸟驿站(钦州天和府邸7幢3号店),108.65661534693857,21.97372341348547,生活服务;物流速递;物流速递,070500
B0LKKZN0KP,潮弹社弹珠堂(年年丰店),108.62197250471755,21.96894586374993,生活服务;生活服务场所;生活服务场所,070000
B0HGX7XCFK,菜鸟驿站(钦州万锦悦府1栋103号店),108.65096303509507,21.957337958719148,生活服务;物流速递;物流速递,070500
B0H0LHFTFR,钦州人力资源市场,108.61868824739959,21.96553066906531,生活服务;人才市场;人才市场,070800
B0J0P6MGZP,菜鸟驿站(钦州江滨豪园10栋100号店),108.63150687287302,21.972235504413234,生活服务;物流速递;物流速递,070500
B0IKGX5ZBP,菜鸟驿站(钦州元通观天下4栋1单元1号店),108.61554605095898,21.9692473658427,生活服务;物流速递;物流速递,070500
B0HBF1ZAT0,菜鸟驿站(钦州高新钦园36栋103号店),108.67657304511819,21.95449236904426,生活服务;物流速递;物流速递,070500
B0FFFZNO21,中国外运长航(钦州港大道店),108.59069385790234,21.731066924255046,生活服务;物流速递;物流速递,070500
B0MUMCVV34,金路速运·星速道,108.59265391773728,21.97317183413571,生活服务;物流速递;物流速递,070500
B0KBTD3932,钦州市钦北区零工市场,108.63307977497267,21.97754380296041,生活服务;人才市场;人才市场,070800
B0JDLCSF40,安能,108.66242251933166,21.958130061716112,生活服务;物流速递;物流速递,070500
B0KA76W1NV,菜鸟驿站(敏捷珑玥湾店),108.64055407791919,21.98270183402082,生活服务;物流速递;物流速递,070500
B0HULC4YJQ,郑远元专业修脚房(吾悦广场店),108.62676129631606,21.944911764489646,生活服务;洗浴推拿场所;洗浴推拿场所,071400
B0H6C9YON2,菜鸟驿站(钦州家兴苑七区2期3 3店),108.5993454014037,21.9591566155398,生活服务;物流速递;物流速递,070500
B0HGS14NRA,菜鸟驿站(钦州中央公馆兴业路61号店),108.62754259791535,21.97391459581027,生活服务;物流速递;物流速递,070500
B0IDHO4RLV,菜鸟驿站(钦州恒大学府店),108.63452438719457,21.93092748384584,生活服务;物流速递;物流速递,070500
B0J2DXY2PF,菜鸟驿站(人和天朗店),108.65581871453585,21.98329343234917,生活服务;物流速递;物流速递,070500
B03090M8IE,中国邮政速递物流公司钦州市分公司,108.61741099786731,21.984318825270137,生活服务;邮局;邮政速递,070401
B0FFKPSQFX,精印图文广告,108.65568887416687,21.96587039832839,公司企业;公司;广告装饰|生活服务;生活服务场所;生活服务场所,170201|070000
B0I6VG40M7,菜鸟驿站(奥林华府店),108.62090372728166,21.934338513814048,生活服务;物流速递;物流速递,070500
B0MBKLR3X5,晨鑫废旧金属回收,108.60087561729682,21.731507380406068,生活服务;生活服务场所;生活服务场所,070000
B0LR6AEPHP,邮政快递超市(沙窝)服务站,108.60465840826954,21.95382927494879,生活服务;物流速递;物流速递,070500
B0HGD17FBR,菜鸟驿站(御景华庭店),108.6268037554559,21.97502005637965,生活服务;物流速递;物流速递,070500
B0H2COVIOT,菜鸟驿站(宁越花园店),108.61812700323982,21.98570779882941,生活服务;物流速递;物流速递,070500
B0FFFYUETU,钦州市残疾人劳动就业服务中心,108.63187430681359,21.990805792437747,政府机构及社会团体;社会团体;残联|生活服务;生活服务场所;生活服务场所,130404|070000
B0309002U7,钦州市就业服务中心,108.61867326936968,21.965488663858505,政府机构及社会团体;政府机关;政府机关相关|生活服务;人才市场;人才市场,130100|070800
B0I1ZOLYTR,菜鸟驿站(钦州绿地交投中央公园132号店),108.6246203360683,21.931825128424293,生活服务;物流速递;物流速递,070500
B0HRKOUE58,菜鸟驿站(长荣新城小区北区店),108.62681895054492,21.95006915387406,生活服务;物流速递;物流速递,070500
B0JG6XL7PR,菜鸟驿站(钦州高新二期1号店),108.67647468973732,21.905927388423947,生活服务;物流速递;物流速递,070500
B0H659O7EL,菜鸟驿站(钦州新四中道路12号店),108.59382014548525,21.963796418452116,生活服务;物流速递;物流速递,070500
B0M6XHPGCX,魅掌柜·健康管理(长融世贸广场店),108.64552561753206,21.96410172573287,生活服务;美容美发店;美容美发店,071100
B0309003MY,广西广电网络(一马路营业厅),108.61595520482176,21.95590664974316,生活服务;生活服务场所;生活服务场所,070000
B0MDJDJXQ9,回收废品,108.59826288855847,21.732079228860815,生活服务;生活服务场所;生活服务场所,070000
B0JKH6VF65,菜鸟驿站(钦州钦江丽景2号店),108.6533116010889,21.980353651214887,生活服务;物流速递;物流速递,070500
B0H01XT9RO,菜鸟驿站(钦州皇庭天麓湖63栋9号店),108.66369298374669,21.968788720420132,生活服务;物流速递;物流速递,070500
B0HAM12QA1,菜鸟驿站(远辰·金湾蓝岸店),108.62563422200238,21.942548029170542,生活服务;物流速递;物流速递,070500
B0FFIPW8Q0,钦州市邮政速递物流公司(广西东盟商贸城店),108.65542575713721,21.939982538758517,生活服务;邮局;邮政速递|生活服务;物流速递;物流速递,070401|070500
B0KKOKGT1N,菜鸟驿站(钦州云溪海棠3栋102号店),108.62369665445284,21.933852178690596,生活服务;物流速递;物流速递,070500
B0FFF2YJPL,韵达快递(赛格营业部),108.62122389122831,21.98312541061144,生活服务;物流速递;物流速递,070500
B0HGUYEHKJ,宣邦快运,108.59739099495822,21.94412580376022,生活服务;物流速递;物流速递,070500
B0HB31A7CN,菜鸟驿站(钦城一品店),108.65236398601876,21.975553098062115,生活服务;物流速递;物流速递,070500
B0LD4CR87Q,尚悦汇影音沐足养生,108.64811371568015,21.97013211034057,生活服务;生活服务场所;生活服务场所,070000
B0J1NDI4UB,起点配锁匙,108.61044456222429,21.971229284372022,生活服务;生活服务场所;生活服务场所,070000
B0FFGI8LTA,中国移动·八桂钦龙白海豚营业厅,108.6252670407597,21.978596646155662,生活服务;电讯营业厅;中国移动营业厅,070603
B0FFMDTQBQ,钦州市兴通运输有限公司,108.60016715703833,21.749017820101905,生活服务;物流速递;物流速递,070500
B0JUPCW7YC,幸福港湾妇幼保健月子中心,108.63852690012764,21.98763539575014,生活服务;生活服务场所;生活服务场所,070000
B0FFFZ9CL0,圆通速递(海城店),108.61047746223481,21.952074135786344,生活服务;物流速递;物流速递,070500
B0FFI1Y4R8,元美保健服务店,108.61352067476332,21.96376745359778,生活服务;生活服务场所;生活服务场所,070000
B0I0Y7X48D,汇美赞快递超市(扬帆北大道店),108.64255097772997,21.982684561813826,生活服务;物流速递;物流速递,070500
B0HKX5S5ES,鸿安物流有限公司,108.61918479403704,21.981675845256838,生活服务;物流速递;物流速递,070500
B0FFL16VJQ,圆通速递(钦州港大道店),108.63495637519095,21.85322408689134,生活服务;物流速递;物流速递,070500
B0FFFEVJCR,盛佳茶麸洗头店(钦州分店),108.61346168771757,21.96485802006804,生活服务;生活服务场所;生活服务场所,070000
B0LABD0E2S,广西钦州保税港区炬申国际物流有限公司(大宗商品物流园),108.68031234348643,21.690222500268533,生活服务;物流速递;物流速递,070500
B0I1DAOJ10,郑远元专业修脚房(钦州港巨龙店),108.59875343668304,21.73690511507898,生活服务;洗浴推拿场所;洗浴推拿场所,071400
B0LK7D39SF,高价回收废品,108.62583969331513,21.98759621317085,生活服务;生活服务场所;生活服务场所,070000
B0J067K3QR,菜鸟驿站,108.63143344750945,21.983585992599096,生活服务;物流速递;物流速递,070500
B0KGV690ZW,菜鸟驿站(钦州绿地交投中央公园御湖1号店),108.62680180846343,21.933078063315353,生活服务;物流速递;物流速递,070500
B0L6DR97YO,CEO城市会客厅·KTV,108.61487790552474,21.968048371788043,体育休闲服务;娱乐场所;娱乐场所|生活服务;生活服务场所;生活服务场所,080300|070000
B0J1ZDHTUC,牧马人萌宠农场,108.59553755052077,21.82220064016265,体育休闲服务;休闲场所;休闲场所,080500
B030900MIW,钦州市体育中心,108.65212595609594,21.966781359535545,体育休闲服务;运动场馆;综合体育馆,080101
B0FFHD94JU,八大场馆游泳馆,108.65124995188263,21.966273699608575,体育休闲服务;运动场馆;运动场所,080100
B0I269KDVY,广西白海豚游艇海钓俱乐部,108.67676136942569,21.959129224970027,体育休闲服务;娱乐场所;娱乐场所,080300
B030900PDE,超越体育运动馆,108.61107465981848,21.9767564731985,体育休闲服务;运动场馆;综合体育馆,080101
B0FFFE0V8Z,火龙果山庄,108.66890876949881,21.98489440004923,体育休闲服务;休闲场所;休闲场所,080500
B0FFI8AL8T,嘉凯影城(钦州激光巨幕店),108.64362600916708,21.977052100333946,体育休闲服务;影剧院;电影院,080601
B0FFLCIXHQ,中影嘉莱国际影城(奥林财富中心店),108.63926747608542,21.96627408968134,体育休闲服务;影剧院;电影院,080601
B0K04SSFJ0,十月传奇足道(白海豚旗舰店),108.62181216963725,21.980573562750575,体育休闲服务;体育休闲服务场所;体育休闲服务场所,080000
B03090MRX3,钦州横店电影城(金湾恒基广场店),108.619768983076,21.96151366780574,体育休闲服务;影剧院;电影院,080601
B0FFJZLYKF,世贸影院(世贸广场店),108.64526219120614,21.96388707358884,体育休闲服务;影剧院;电影院,080601
B0LKOCGRMA,KK酒吧,108.63415276295537,21.95782486698647,体育休闲服务;娱乐场所;酒吧,080304
B0I6AU1NYH,吉米欢乐王国(园博园店),108.67911873348247,21.940712020441442,体育休闲服务;休闲场所;游乐场,080501
B0KK07ACBW,奇乐星球·欢乐世界,108.64609417871236,21.94821417508793,体育休闲服务;休闲场所;游乐场,080501
B0L6GZ5UQF,咔咔酒吧,108.63968181593724,21.962813783196705,体育休闲服务;娱乐场所;酒吧,080304
B0I1FRT7HL,酷秀娱乐·K秀KTV,108.64142671765484,21.95378766518069,体育休闲服务;娱乐场所;KTV,080302
B0LUF7260I,56民谣酒馆,108.63522571440298,21.958583644934105,体育休闲服务;娱乐场所;酒吧,080304
B0LDARFKLP,嘉年华休闲会所,108.6146212270714,21.967626388026005,体育休闲服务;娱乐场所;娱乐场所,080300
B0KBTHY60U,汇金国际,108.63369956698293,21.958550873146823,体育休闲服务;体育休闲服务场所;体育休闲服务场所,080000
B0J3VO4SX1,花谷里星空营地,108.6747177369411,21.92839341793518,体育休闲服务;体育休闲服务场所;体育休闲服务场所,080000
B0K6JSXOMS,虎坝星空营地,108.62183467688811,21.90801795442523,体育休闲服务;体育休闲服务场所;体育休闲服务场所,080000
B0KKC1JSZ0,乌托邦PARTY·K,108.63415273115643,21.95847517704328,体育休闲服务;体育休闲服务场所;体育休闲服务场所,080000
B0L34CG4PI,壹号电竞(世贸店),108.64745743826501,21.964257462646223,体育休闲服务;娱乐场所;网吧,080308
B0I3ZSSX1G,栖湾营地,108.59161737877434,21.822172530851375,体育休闲服务;体育休闲服务场所;体育休闲服务场所,080000
B0IGHUF8LI,钦州港鸡笼山钓鱼场,108.59730107601658,21.777902731602083,体育休闲服务;休闲场所;垂钓园,080502
B0M6SR4S74,友唱AI智慧歌咏亭·KTV(仟仟万家钦州购物中心店),108.62426859252822,21.978647860001136,体育休闲服务;体育休闲服务场所;体育休闲服务场所,080000
B0HD0DWZLX,壹号电竞馆(年年丰旗舰店),108.62219818068884,21.96883656258104,体育休闲服务;娱乐场所;网吧,080308
B0LRAB00JP,中影激光影城(钦州年年丰店),108.62178477783621,21.96893406411318,体育休闲服务;影剧院;电影院,080601
B0K229D4ZJ,孔雀湾公园-露营地,108.65588484220287,21.7743860745963,体育休闲服务;休闲场所;露营地,080504
B0FFFH09R9,迪斯迪量贩KTV(万国广场店),108.62574299355666,21.98460691683477,体育休闲服务;运动场馆;台球厅|体育休闲服务;娱乐场所;KTV,080113|080302
B0K1LSJPYP,富海体育馆,108.64797865936904,21.956967077867883,体育休闲服务;运动场馆;综合体育馆,080101
B0K0FHALCY,怡乐电竞,108.61884727998104,21.96051612290306,体育休闲服务;娱乐场所;网吧,080308
B0LKXCOL4V,星潮party·K,108.64802395278703,21.96930787574811,体育休闲服务;娱乐场所;KTV,080302
B0HB4A9NDY,星轶STARX影城(钦州新城吾悦广场店),108.62688716941102,21.943315844539292,体育休闲服务;影剧院;电影院,080601
B0L30HL8VB,菠萝湾营地,108.60877458280405,21.94193240072601,体育休闲服务;休闲场所;露营地,080504
B0LRTLAYN3,漫时光·星谷营地·露营地,108.66273417667597,21.990562869382295,体育休闲服务;休闲场所;露营地,080504
B0L107DSEL,奥林电竞,108.62301060893577,21.935457731416285,体育休闲服务;娱乐场所;网吧,080308
B0KRVCMAIV,壹号电竞(万国店),108.62595264608586,21.98487578723128,体育休闲服务;体育休闲服务场所;体育休闲服务场所,080000
B0J1PH4305,壹号电竞,108.62686802385163,21.946933595699512,体育休闲服务;娱乐场所;网吧,080308
B03090MAHD,歌潮量贩KTV,108.62286383699234,21.976231332419633,体育休闲服务;娱乐场所;KTV,080302
B0LBRSCB45,钦州市豪钦庄园钓场,108.67990239476825,21.93071178767051,体育休闲服务;休闲场所;垂钓园,080502
B0HB2CWYQY,FUTURE CLUB(钦州店),108.6453159372777,21.966716328766957,体育休闲服务;娱乐场所;酒吧,080304
B0I3XA7J95,FEELING CLUB(菲林酒吧),108.60106010370377,21.740007819190446,体育休闲服务;娱乐场所;酒吧,080304
B0JR7AAX2D,牧夏营地,108.63385959882966,21.972273173146057,体育休闲服务;体育休闲服务场所;体育休闲服务场所,080000
B0JGHSLMAM,三桥游乐园,108.61847160191826,21.94364544474773,体育休闲服务;休闲场所;游乐场,080501
B0FFK2CKB5,海豚音KTV(世贸广场店),108.6443212040176,21.96362254507512,体育休闲服务;娱乐场所;KTV,080302
B0FFFE9YEL,海立方专业KTV,108.60854125461056,21.973604640088766,体育休闲服务;娱乐场所;KTV|公司企业;公司企业;公司企业,080302|170000
B0FFI74R7F,k-party主题歌城(奥林店),108.63789514492274,21.967273720045004,体育休闲服务;娱乐场所;KTV,080302
B03090MAZC,天之娇女网吧(东进大楼店),108.62769334791471,21.973925408058186,体育休闲服务;娱乐场所;网吧,080308
B0FFGHN1OG,酷网咖(电竞体验店),108.63122236190902,21.972566056347965,体育休闲服务;娱乐场所;网吧,080308
B0KKS5X1HJ,薰风•东悦羽毛球馆,108.6353507969558,21.95207035221992,体育休闲服务;运动场馆;羽毛球场,080118
B0HG3KAO2Y,聚龙健身会所(恒基广场B座店),108.62006361574635,21.960722987400743,体育休闲服务;运动场馆;健身中心,080111
B0FFHNU3T8,王者网咖(钦州钦南区),108.62095495329393,21.969211092215975,体育休闲服务;娱乐场所;网吧,080308
B0LD195ORX,潮弹社弹珠堂(世贸三楼店),108.64493089622454,21.96391064907666,体育休闲服务;娱乐场所;娱乐场所,080300
B0KUCOUQRV,钦州星爵乔氏台球城(水东店),108.6336229572825,21.953467560167077,体育休闲服务;运动场馆;台球厅,080113
B0HRLAYK73,醺-DRUNK BAR,108.65131022613667,21.95796463311637,体育休闲服务;娱乐场所;酒吧,080304
B0KG75RN0W,永金鑫生活营地,108.60323785455965,21.779459836396324,体育休闲服务;休闲场所;露营地,080504
B0FFGB8O61,时时旺网咖,108.61790822260964,21.966566922187017,体育休闲服务;娱乐场所;网吧,080308
B0I3HC8AKZ,搜露·SoLo城市露营体验计划(吾悦广场店),108.62701592693469,21.943977998530478,体育休闲服务;体育休闲服务场所;体育休闲服务场所,080000
B0FFLCLI8Q,万豪音乐会所,108.60088820859546,21.739839800449683,体育休闲服务;娱乐场所;KTV,080302
B0J30S8UGV,聚·party·k(钦州店),108.64910647921295,21.9509062011767,体育休闲服务;体育休闲服务场所;体育休闲服务场所,080000
B0K0HSL3VM,万颐电竞·FPS游戏电竞馆,108.64075349932074,21.965872518129764,体育休闲服务;娱乐场所;网吧,080308
B0FFLGXN5C,海豚音PARTY KTV(吾悦店),108.62743733543317,21.941928485800272,体育休闲服务;娱乐场所;KTV,080302
B0MU5USVFK,TNT电竞馆·至尊地带(钦州店),108.6300843581218,21.9725516060971,体育休闲服务;娱乐场所;网吧,080308
B0L1BMYS6H,廖饱饱手作,108.62761478827686,21.94712874188456,体育休闲服务;休闲场所;休闲场所,080500
B0HRLU308E,Vvpartyktv,108.62223812190877,21.968842521139813,体育休闲服务;娱乐场所;KTV,080302
B0MBKDPVCA,威克多·团结羽毛球馆,108.65806640695159,21.965026568911078,体育休闲服务;运动场馆;羽毛球场,080118
B0FFK0T80Q,贵族PARTY.K,108.61234568054596,21.969582134859,体育休闲服务;娱乐场所;KTV,080302
B0FFIR8WNN,皇家壹号商务KTV,108.62827618814678,21.977769481223685,体育休闲服务;娱乐场所;KTV,080302
B0MDGANGQ2,自律侠共享健身(钦州湾广场店),108.62396897376685,21.98024897021705,体育休闲服务;运动场馆;健身中心,080111
B0LUT557DD,欢乐电竞,108.60003636356294,21.746151655353266,体育休闲服务;娱乐场所;网吧,080308
B0M60HLZGJ,港龙网咖,108.59832769036667,21.73560466171136,体育休闲服务;娱乐场所;网吧,080308
B0L6BRVBWV,零号台球俱乐部(奥林店),108.6384221219949,21.966967752145912,体育休闲服务;运动场馆;台球厅,080113
B0MDKUCYE1,灵宝垂钓园,108.62129462328467,21.904546889561473,体育休闲服务;休闲场所;垂钓园,080502
B0KKPRC50C,青雀时光自助棋牌室(钦州湾广场店),108.62476367737266,21.981692718049274,体育休闲服务;娱乐场所;棋牌室,080306
B0LKB5U098,四个朋友·自助棋牌(钦州吾悦广场店),108.62571808974643,21.942528917731558,体育休闲服务;娱乐场所;棋牌室,080306
B0K2NC8FUD,屋顶酒馆(恒基广场店),108.61966017128717,21.960711396896937,体育休闲服务;娱乐场所;酒吧,080304
B0LBY58QUB,风云电竞馆,108.60050312121396,21.746045487217756,体育休闲服务;娱乐场所;网吧,080308
B0JKALHACK,健安体育馆,108.64030358160748,21.962423601569217,体育休闲服务;运动场馆;综合体育馆,080101
B0FFFF77VW,钦州市体育中心-体育馆,108.6505384728359,21.967712661495014,体育休闲服务;运动场馆;综合体育馆,080101
B0FFGCCCR6,金银河网络城,108.627429131941,21.98726507030944,体育休闲服务;娱乐场所;网吧,080308
B0L6ODH0CV,拿铁金刚健身馆,108.650955564255,21.967232685258935,体育休闲服务;运动场馆;健身中心,080111
B0FFHBJRUW,梦缘网咖,108.62490733544443,21.98410468934375,体育休闲服务;娱乐场所;网吧,080308
B0K6GZ0O35,飞悦电竞,108.64452188746388,21.981750819905674,体育休闲服务;娱乐场所;网吧,080308
B0H2JAU4W6,优米影咖,108.62850255306478,21.942083185567775,体育休闲服务;体育休闲服务场所;体育休闲服务场所,080000
B0FFKU6CUL,风云再起游乐汇(钦州吾悦广场店),108.62722666623813,21.942249906992895,体育休闲服务;体育休闲服务场所;体育休闲服务场所,080000
B0FFK0HRR1,北部湾大学体育馆,108.61606261610895,21.903685642682827,体育休闲服务;运动场馆;综合体育馆,080101
B0KARR9YF8,白金瀚KTV,108.6217089131518,21.968410898118456,体育休闲服务;娱乐场所;KTV,080302
B0L0DAMLSZ,6D·派对,108.63415773352108,21.958237056216475,体育休闲服务;娱乐场所;娱乐场所,080300
B0LUB1L2JK,大白鲨健身俱乐部,108.65059429321666,21.968829092680114,体育休闲服务;运动场馆;健身中心,080111
B0J0UO5YBZ,氧橙健身,108.65247563914531,21.97746780433626,体育休闲服务;运动场馆;健身中心,080111
B0L6NZEWSY,红四方台球俱乐部,108.64902566016453,21.950853318899306,体育休闲服务;运动场馆;台球厅,080113
B0GUMM5379,海克斯电竞,108.62130256185281,21.967091711143794,体育休闲服务;娱乐场所;网吧,080308
B0IABCLYZG,钦州港体育公园,108.657113359297,21.72633163336476,体育休闲服务;体育休闲服务场所;体育休闲服务场所,080000
B030900PDO,皇嘉国际娱乐会所(三沿路店),108.62041020040019,21.979847720599345,体育休闲服务;娱乐场所;娱乐场所,080300
B0LRMMXIIV,钦州白鹭湾营地(暂停营业),108.59165246581628,21.861660767776232,体育休闲服务;休闲场所;露营地,080504
B0JUDH47TQ,元力健身(世贸广场店),108.64505163760312,21.963941458330854,体育休闲服务;运动场馆;健身中心,080111
B0K6KSW89R,梦创跃动光格(吾悦广场店),108.62806428333224,21.942175799237944,体育休闲服务;体育休闲服务场所;体育休闲服务场所,080000
B0KUAZ9VP8,轻雀时光·24h自助棋牌室(钦州湾广场店),108.62481362746227,21.98112238815191,体育休闲服务;娱乐场所;棋牌室,080306
B0I06CS9U5,至乐KTV,108.62386710719943,21.98070030282334,体育休闲服务;娱乐场所;KTV,080302
B0L2YMUQTC,心愿湖畔生态农庄,108.67688675924599,21.965440995294824,体育休闲服务;休闲场所;休闲场所,080500
B0I335VEZY,御尊御都会,108.5986275428006,21.735893723937757,生活服务;洗浴推拿场所;洗浴推拿场所|体育休闲服务;体育休闲服务场所;体育休闲服务场所,071400|080000
B0L3BKDWS4,桌立方台球俱乐部,108.62267114423328,21.975798343931416,体育休闲服务;运动场馆;台球厅,080113
B030900MJ2,华乐网咖,108.62501725921526,21.982148631016507,体育休闲服务;娱乐场所;网吧,080308
B0L3FC5IR4,好运健身,108.61888157258188,21.933063987230224,体育休闲服务;运动场馆;健身中心,080111
B0L04CXEYX,雲鼎国际酒吧(暂停营业),108.63427158913824,21.936438486418155,体育休闲服务;娱乐场所;酒吧,080304
B0J325AN02,熊猫电竞,108.6387893574403,21.967721534046333,体育休闲服务;娱乐场所;网吧,080308
B0H0K7SQ35,酷奇益智体验馆(大润发店),108.60902892357642,21.971198195519843,体育休闲服务;体育休闲服务场所;体育休闲服务场所,080000
B0M6PLNN6Y,红四方台球俱乐部(吾悦店),108.62736534899655,21.94407760352147,体育休闲服务;运动场馆;台球厅,080113
B0JKFR4I5O,誉盛乒乓球俱乐部,108.6341650152992,21.952208170334952,体育休闲服务;运动场馆;乒乓球馆,080112
B0FFL9A0FZ,科航健身(钦江丽景店),108.65199755258467,21.980836268643717,体育休闲服务;运动场馆;健身中心,080111
B0KBL5XLX3,福满楼海鲜烧烤(赛格欢唱店),108.62273283535498,21.9802483863011,体育休闲服务;体育休闲服务场所;体育休闲服务场所,080000
B0L0Y56XDC,酒零π对 民谣巷 烧烤酒馆(吾悦店),108.62566203396335,21.94549440194224,体育休闲服务;娱乐场所;酒吧,080304
B0FFLBYNKY,隐bar,108.62159685791468,21.97285413310232,体育休闲服务;娱乐场所;酒吧,080304
B0KDLRRPX2,撞撞乐台球(年年丰广场店),108.62219416770145,21.969222750742485,体育休闲服务;娱乐场所;娱乐场所,080300
B0FFL4WQAN,钦州市盛世山庄,108.672354741675,21.940774819854003,体育休闲服务;体育休闲服务场所;体育休闲服务场所,080000
B0H1PUPXL7,和汇家健身联盟,108.62217220115859,21.969195762229177,体育休闲服务;运动场馆;健身中心,080111
B0G2AS4MPA,俊豪健身工作室(扬帆国际店),108.6396546955445,21.945997806684915,体育休闲服务;运动场馆;健身中心,080111
B03090MHGL,百乐网吧(文峰南路店),108.60985525259439,21.948350776247956,体育休闲服务;娱乐场所;网吧,080308
B0KRKC9THT,钦州市超帆游泳馆,108.61081691658326,21.976844695839713,体育休闲服务;运动场馆;游泳馆,080110
B0JUFUUAMM,钦州市和谐养老服务责任有限公司,108.61533255480701,21.943648346687816,体育休闲服务;度假疗养场所;疗养院,080402
B0JARAYLUQ,一路健身馆(大学城店),108.61989669417756,21.902290289501227,体育休闲服务;运动场馆;健身中心,080111
B0J01U4PVQ,启程健身工作室,108.65417043869132,21.964239421171854,体育休闲服务;运动场馆;健身中心,080111
B03090M8K1,永安羽毛球馆,108.61671731679768,21.975292189299637,体育休闲服务;运动场馆;羽毛球场,080118
B0M6SR50HX,超神网咖,108.6669935573514,21.778047660062708,体育休闲服务;娱乐场所;网吧,080308
B0L1P979RF,洄游酒社,108.6221716570389,21.980351061440278,体育休闲服务;娱乐场所;酒吧,080304
B0J1AH1MJN,白日梦想家-DAY DREAMER,108.62695089709828,21.967220162949253,体育休闲服务;体育休闲服务场所;体育休闲服务场所,080000
B0K66AQXU2,扬帆健身,108.65100396186229,21.956964707256432,体育休闲服务;运动场馆;健身中心,080111
B0K2GHNV13,麻和友·24小时自助棋牌室(汇赢店),108.61977707426816,21.97990540433075,体育休闲服务;娱乐场所;棋牌室,080306
B03090M8FE,红火网吧(明珠一街店),108.61121482684477,21.970389348247974,体育休闲服务;娱乐场所;网吧,080308
B0FFGAK1EJ,酷速网咖,108.61958537647575,21.95860046708967,体育休闲服务;娱乐场所;网吧,080308
B0FFGCO3Q8,超越羽毛球馆,108.61196674707043,21.97649470347734,体育休闲服务;体育休闲服务场所;体育休闲服务场所,080000
B0KGJ6OYSK,巅峰电竞(德瑞世纪汇广场店)(暂停营业),108.62158596200214,21.971044284604798,体育休闲服务;娱乐场所;网吧,080308
B0FFF2CSRG,顺利网吧,108.61508230700235,21.975368677344864,体育休闲服务;娱乐场所;网吧,080308
B0L045XPZ5,小铁24h自助台球(钦州吾悦广场店),108.62564420425758,21.942587035628247,体育休闲服务;运动场馆;台球厅,080113
B0FFL65N2V,肌肉猫健身工坊,108.64416966974852,21.98100005911765,体育休闲服务;体育休闲服务场所;体育休闲服务场所,080000
B0J0U55UHY,JOLEE酒里微醺馆,108.61921309270599,21.954279783699906,体育休闲服务;娱乐场所;酒吧,080304
B0M63C9SBQ,欢雀时光音乐自助棋牌室(年年丰店),108.62007515930507,21.969748272509985,体育休闲服务;娱乐场所;棋牌室,080306
B0J1YSK28Y,604钓鱼俱乐部,108.60583744568058,21.97572113985767,体育休闲服务;体育休闲服务场所;体育休闲服务场所,080000
B0FFHPA60E,左岸网咖(恒祥豪苑店),108.64067522254592,21.954384170233855,体育休闲服务;娱乐场所;网吧,080308
B0IR7LB6OE,纽绍客健身(钦州新城吾悦广场店),108.62745027016305,21.942827898751016,体育休闲服务;运动场馆;健身中心,080111
B0JAKHKHHV,SingleNight Bar.兴够耐酒吧,108.65416643978232,21.96440250616399,体育休闲服务;娱乐场所;酒吧,080304
B03090MAAQ,罗马皇宫国际商娱汇(KTV),108.61667973728285,21.967635583544382,体育休闲服务;娱乐场所;KTV,080302
B0L1US3WRE,飞越中国(钦州年年丰店),108.62252170237345,21.968895230337125,体育休闲服务;体育休闲服务场所;体育休闲服务场所,080000
B0H2PHP5IA,米乐篮球馆,108.61080992182463,21.97688171828555,体育休闲服务;运动场馆;篮球场馆,080104
B0MB45Z7TG,星跃飞羽球馆,108.63330797046592,21.944604785528682,体育休闲服务;运动场馆;羽毛球场,080118
B0JK7RNYLM,星梦篮球俱乐部,108.64737189573464,21.95874598601415,体育休闲服务;运动场馆;篮球场馆,080104
B0KRML4AYQ,草坪音乐汇,108.65131188195753,21.985155552496018,体育休闲服务;体育休闲服务场所;体育休闲服务场所,080000
B0FFIGR2ZP,五月天演艺酒吧(暂停营业),108.62031233529511,21.97988083866467,体育休闲服务;娱乐场所;酒吧,080304
B03090M8R8,钦州市体育馆,108.6144499547972,21.956783365768317,体育休闲服务;运动场馆;综合体育馆,080101
B0KAAZBDGA,四个朋友自助棋牌(奥林华府店),108.62218986893409,21.934495191913378,体育休闲服务;娱乐场所;游戏厅,080305
B0LU165IGU,京海游泳馆,108.61348572158683,21.922531802796424,体育休闲服务;运动场馆;游泳馆,080110
B0LUD1EO3M,钦州三伙记棋牌室,108.62020622362631,21.964707737552256,体育休闲服务;娱乐场所;棋牌室,080306
B0L0H7QRGX,肆方荟棋牌会所(梦圆广场店),108.65196459189903,21.9815456645399,体育休闲服务;娱乐场所;棋牌室,080306
B0I27AMK1B,八方汇馆桌球俱乐部,108.61341805502269,21.978840701850526,体育休闲服务;运动场馆;台球厅,080113
B0309001GS,钦州市体育场,108.61406445032155,21.95572918194401,体育休闲服务;运动场馆;综合体育馆,080101
B0FFGZFRA1,钻石海岸国际度假村,108.59566957840256,21.862137074235427,体育休闲服务;度假疗养场所;度假村,080401
B0KUH5B24Q,独牙台球俱乐部,108.65197279547034,21.9770435143524,体育休闲服务;运动场馆;台球厅,080113
B0LUK7UYRM,H派对partyKTV,108.60763878096786,21.979262858125065,体育休闲服务;娱乐场所;KTV,080302
B0KUBRZ18B,乐健身,108.59760594594165,21.736613196670096,体育休闲服务;运动场馆;健身中心,080111
B0J06RO6YB,JN台球俱乐部,108.65186710813671,21.955247332769048,体育休闲服务;运动场馆;台球厅,080113
B0K6GAUDDZ,钦弓体育射箭馆,108.62002578662148,21.958292868263534,体育休闲服务;运动场馆;运动场所,080100
B0L15L0LOT,悠然葡萄园百香果采摘园,108.66196130022026,21.923915608563462,体育休闲服务;休闲场所;采摘园,080503
B0JDTSYS7A,孩子王童乐园(钦州吾悦店),108.62803634037724,21.941962733620336,体育休闲服务;休闲场所;游乐场,080501
B0M665B5G5,钦州红中棋牌馆,108.62136844609773,21.96753084904516,体育休闲服务;娱乐场所;棋牌室,080306
B0JUDHX5HO,乐悠悠家庭游乐园(世贸广场店),108.6449797974974,21.963801513941974,体育休闲服务;休闲场所;游乐场,080501
B0KR79PC65,中仕台球俱乐部(城东市场店),108.63622510006955,21.952700338111384,体育休闲服务;运动场馆;台球厅,080113
B0FFJRBM83,江东赵家庄园,108.63485836578397,21.959419588917882,体育休闲服务;休闲场所;休闲场所,080500
B0MBD6ERW4,JOYMARK(钦州吾悦店),108.62746524795803,21.942776855289086,体育休闲服务;娱乐场所;酒吧,080304
B0LB1RWRXB,白金瀚宫,108.62153416536388,21.968407086536125,体育休闲服务;娱乐场所;娱乐场所,080300
B0KAAM8NH6,麻小匠自助棋牌室(御堤湾店),108.63881720789126,21.969641403492187,体育休闲服务;娱乐场所;棋牌室,080306
B0K10UUXNG,南枫棋牌室24小时自助,108.64631182522723,21.96620237528994,体育休闲服务;娱乐场所;棋牌室,080306
B0IRDAK39A,一杆成名台球俱乐部,108.62684676539185,21.9733852257236,体育休闲服务;运动场馆;台球厅,080113
B0K6ARRW03,蓝钻台球俱乐部,108.64889830092335,21.963854741978047,体育休闲服务;运动场馆;台球厅,080113
B0KUR58D5I,星耀台球,108.64506703454263,21.975534945567393,体育休闲服务;运动场馆;台球厅,080113
B0IA7A673X,807小酒馆,108.61500972435718,21.94805172686285,体育休闲服务;娱乐场所;酒吧,080304
B0J1FM890K,晓晓棋牌室,108.65146024388544,21.747008516231976,体育休闲服务;娱乐场所;棋牌室,080306
B0MBFZ2Z8Z,网悦电竞,108.59649729370167,21.73808994589893,体育休闲服务;娱乐场所;网吧,080308
B0L3ASU9UC,天才台球俱乐部,108.62576593053195,21.985149145515592,体育休闲服务;运动场馆;台球厅,080113
B0JU5UBNRV,禧雀共享棋牌室(钦州湾广场店),108.6247187752102,21.981120500261483,体育休闲服务;娱乐场所;棋牌室,080306
B0I2O5TDVU,星爵台球俱乐部(东风市场店),108.62100815852811,21.963461298503496,体育休闲服务;运动场馆;台球厅,080113
B0J03DWATI,老兵草莓采摘园,108.6713794117642,21.97410056081142,体育休闲服务;休闲场所;采摘园,080503
B0KDAUIRYF,小铁24h自助台球(钦州湾广场店),108.6213798889894,21.978603098348223,体育休闲服务;运动场馆;台球厅,080113
B0IKYS8Q0D,欢喜雀自助棋牌室,108.62571809530768,21.94241486326823,体育休闲服务;娱乐场所;棋牌室,080306
B0MGJYAGYZ,蔻Coco+Club,108.64250851339868,21.953228621033155,体育休闲服务;休闲场所;休闲场所,080500
B0JG0A7XBQ,禧雀自助共享棋牌室(世贸店),108.64443595460824,21.96375541441514,体育休闲服务;娱乐场所;棋牌室,080306
B0FFLF15KG,天空之城多奇妙(钦州吾悦店),108.6274003758969,21.94234673256404,体育休闲服务;休闲场所;游乐场,080501
B0FFG338HW,乐透网吧,108.62480360887847,21.981821731602604,体育休闲服务;娱乐场所;网吧,080308
B0LB3LB7Z0,钦州市追光者篮球俱乐部(吾悦扬州街校区),108.63628332001777,21.945933020399988,体育休闲服务;运动场馆;篮球场馆,080104
B0LGL7NUA7,VICTOR胜利(冠羽体育)专卖店(扬帆北大道店),108.64049021609279,21.96216717888682,体育休闲服务;体育休闲服务场所;体育休闲服务场所,080000
B0FFGIAQYK,银河体育综合馆,108.6355328527029,21.984685591803924,体育休闲服务;运动场馆;综合体育馆,080101
B0L0XCM4V4,雀圣棋牌茶室(德瑞世纪汇广场店),108.62116056896991,21.9710977695706,体育休闲服务;娱乐场所;棋牌室,080306
B0KK2U8T4O,陶然沁心园休闲山庄,108.63629654602751,21.961206285340516,体育休闲服务;休闲场所;休闲场所,080500
B0KAXCEF3O,钦州市钦南区红枫叶颐养院,108.64994685683119,21.946056394476557,体育休闲服务;度假疗养场所;疗养院,080402
B0309001HW,钦州市第一人民医院总院区,108.62743125329236,21.964272151102907,医疗保健服务;综合医院;三级甲等医院,090101
B03090MA6Y,钦州市第二人民医院文峰院区,108.61440295029841,21.957993982189485,医疗保健服务;综合医院;三级甲等医院,090101
B030900EHW,钦州市妇幼保健院,108.62691866786054,21.95252920237251,医疗保健服务;专科医院;专科医院,090200
B03090MU9R,钦州市中医医院,108.65759935795568,21.96777775197716,医疗保健服务;综合医院;三级甲等医院,090101
B0H1XZ5UUP,钦州市第二人民医院健康管理(体检)中心,108.60696179137926,21.949823219140608,医疗保健服务;医疗保健服务场所;医疗保健服务场所,090000
B030900EIR,钦南区人民医院,108.63409502266826,21.954713467726865,医疗保健服务;综合医院;综合医院,090100
B0G39SO2A5,钦州市第三人民医院,108.61009311637692,21.98747722871239,医疗保健服务;专科医院;精神病医院,090210
B0FFGH0DE2,钦州爱尔眼科医院,108.63134789665602,21.977520235363475,医疗保健服务;专科医院;眼科医院,090203
B0H06CFJEF,钦州市第二人民医院二马路院区,108.61642172081531,21.95405434712184,医疗保健服务;综合医院;三级甲等医院,090101
B030900M3S,滨海医院,108.59899828201424,21.737754414557536,医疗保健服务;综合医院;综合医院,090100
B0IG6MD16S,钦州市儿童医院(钦州市妇幼保健院茶山院区),108.64704291419838,21.932238908011534,医疗保健服务;专科医院;专科医院|医疗保健服务;综合医院;综合医院,090200|090100
B0IR4CZSDA,钦州粤桂时代口腔门诊部,108.63240001474833,21.977459731853436,医疗保健服务;专科医院;口腔医院,090202
B0FFL9UTFH,钦州市第一人民医院(钦州港分院),108.60151842318288,21.748628265567763,医疗保健服务;综合医院;三级甲等医院,090101
B0H6SR11WG,牙博士口腔(永福路院),108.62518911841329,21.979515175868656,医疗保健服务;专科医院;口腔医院,090202
B0FFLKVECU,钦州宝顺医院,108.6521753421295,21.956689462564448,医疗保健服务;综合医院;综合医院,090100
B0IUMSS65R,钦州蓝天口腔门诊部,108.64475256615763,21.97833080718188,医疗保健服务;专科医院;口腔医院,090202
B030900PE6,钦北区妇幼保健院,108.62223023065049,21.966852582985524,医疗保健服务;专科医院;妇科医院,090209
B0G06SQ63E,钦州康美广场口腔门诊部,108.62441131139575,21.979898285059882,医疗保健服务;诊所;诊所,090300
B030900MJ9,钦州市疾病预防控制中心,108.63655058856958,21.99114711061945,医疗保健服务;疾病预防机构;疾病预防|医疗保健服务;诊所;诊所,090500|090300
B0H3DSPOTR,卫贸大药房(卫贸商城店),108.62697408729655,21.962555912898203,医疗保健服务;医药保健销售店;药房,090601
B0FFG4MMWU,钦州市第一人民医院总院区门诊部,108.62788348512404,21.964665759365737,医疗保健服务;综合医院;三级甲等医院,090101
B0FFGSIZ1V,钦州康美口腔(旗舰总院),108.63888915584096,21.967788408589293,医疗保健服务;专科医院;口腔医院,090202
B0FFH3PQ9Z,自然之声助听器(钦州店),108.62118763804932,21.9688926917615,医疗保健服务;医药保健销售店;医疗保健用品,090602
B0309002OG,钦州康美口腔门诊部钦州湾分诊所,108.62183257167312,21.971737344925224,医疗保健服务;专科医院;口腔医院,090202
B0GKJZVPV7,声望听力飞利浦助听器(钦州二店),108.62829874290487,21.965657694438914,医疗保健服务;医疗保健服务场所;医疗保健服务场所,090000
B0309003YR,钦州市钦南区妇幼保健院,108.61293544942752,21.96119368896942,医疗保健服务;专科医院;妇科医院,090209
B0IDP5S3J8,广西颂俭口腔医院有限公司(旗舰总店-文峰北路),108.61530697144549,21.97676314582539,医疗保健服务;诊所;诊所,090300
B0FFLGGQ5J,钦州市红枫叶养老服务中心(钦州市老年公寓),108.63769426919607,21.993136292863987,医疗保健服务;医疗保健服务场所;医疗保健服务场所,090000
B0FFHDSV8A,钦州市钦南区沙埠镇卫生院,108.66283199922748,21.949065960246998,医疗保健服务;综合医院;卫生院,090102
B0FFLCIL1H,志合门诊部,108.6533405581592,21.979889378199204,医疗保健服务;诊所;诊所,090300
B03090MUAE,小江社区卫生服务中心,108.64730629931485,21.973763247432174,医疗保健服务;综合医院;卫生院,090102
B0FFK12DCA,钦北区子材街道新华社区卫生服务中心,108.64056748789743,21.994153226291523,医疗保健服务;医疗保健服务场所;医疗保健服务场所,090000
B0FFI9S5K9,钦州市红十字医院,108.62687174791402,21.952456226562614,医疗保健服务;综合医院;综合医院|医疗保健服务;专科医院;专科医院,090100|090200
B0LKSRK7HW,寻艾艾灸馆(钦州皇庭御龙湾店),108.65190826390568,21.97049351938298,医疗保健服务;医疗保健服务场所;医疗保健服务场所,090000
B0JAUHR8Y7,吉诺宠物医院,108.63087056189318,21.960743914886013,医疗保健服务;动物医疗场所;宠物诊所,090701
B0FFG4MMVM,钦州市第一人民医院总院区健康体检部,108.62856233001904,21.965036054834076,医疗保健服务;综合医院;三级甲等医院,090101
B0JB6UF6ZK,钦州康美口腔门诊部(白石湖院),108.62171258661202,21.9340094847818,医疗保健服务;专科医院;口腔医院,090202
B0FFK7ZX4T,郑远元专业修脚房(万国广场店),108.6255662916528,21.984248962797658,医疗保健服务;医疗保健服务场所;医疗保健服务场所,090000
B0HD9SYP69,健耳听力助听器(钦州明阳街店),108.62795032648813,21.96563413430122,医疗保健服务;医药保健销售店;医疗保健用品,090602
B0309003IY,大参林药店(钦州湾店),108.62114185695617,21.96574524300437,医疗保健服务;医药保健销售店;药房,090601
B0FFMH8N0D,钦南区水东社区卫生服务中心,108.63040123658222,21.943327247759267,医疗保健服务;综合医院;卫生院,090102
B0HK77ONP8,钦州美澳口腔,108.62679932949014,21.942966788210043,医疗保健服务;专科医院;口腔医院,090202
B0GRC5DNIK,钦州市中西医结合医院,108.59700332260545,21.961051931592383,医疗保健服务;综合医院;综合医院,090100
B0GK6OTAN1,大参林(钦州天鹰吾悦店),108.6267982360054,21.94491672053133,医疗保健服务;医药保健销售店;药房,090601
B0FFGH3A4G,南珠社区卫生服务中心,108.61097046771816,21.962343691064156,医疗保健服务;综合医院;卫生院,090102
B0KG6RN2QR,郑远元专业修脚房(白石湖店),108.62368356856928,21.936019228603854,医疗保健服务;医疗保健服务场所;医疗保健服务场所,090000
B0L0ZKDTTX,魅掌柜·功能保健(巨龙国际店),108.59864850736075,21.73643194115808,医疗保健服务;医疗保健服务场所;医疗保健服务场所,090000
B0L23R5SLR,魅掌柜·健康管理(碧海盛世店),108.63238304747087,21.97741773594474,医疗保健服务;医疗保健服务场所;医疗保健服务场所,090000
B0KDACG51I,黄伟国诊所,108.65221870478217,21.743612730337254,医疗保健服务;诊所;诊所,090300
B0G245FQE9,杏林元真中医诊所.针灸.正骨.按摩(钦州八角巷店),108.62532325953423,21.97231059300122,医疗保健服务;诊所;诊所,090300
B0KRBRVZAB,钦州市第二人民医院口腔科,108.61278475526609,21.958299426194195,医疗保健服务;诊所;诊所,090300
B0FFGIAU84,一心堂大健康药店(鸿发市场店),108.6279274915501,21.983476638422474,医疗保健服务;医药保健销售店;药房,090601
B0FFKQI2US,洋紫荆口腔(钦州店),108.62773181349178,21.983543921915842,医疗保健服务;专科医院;口腔医院,090202
B0GUD7TE47,钦州陈恒俊诊所,108.64969290101676,21.956607880532665,医疗保健服务;诊所;诊所,090300
B0KAR6ET0B,钦州颂礼口腔门诊部,108.6248943757879,21.98369351009515,医疗保健服务;专科医院;口腔医院,090202
B0FFINMDPD,健齿口腔,108.59652389052253,21.746262333954235,医疗保健服务;专科医院;口腔医院,090202
B03090MIFB,钦州市第一人民医院总院区急诊,108.62690410141418,21.964602975961117,医疗保健服务;综合医院;三级甲等医院,090101
B0FFKVYPFM,众森药业文华二店,108.64371154863672,21.982760663992117,医疗保健服务;医药保健销售店;药房,090601
B0H2AC73VM,钦州禧月月子中心,108.64052994518994,21.96604296041813,医疗保健服务;医疗保健服务场所;医疗保健服务场所,090000
B0KR6ROCD0,钦州港骄健诊所,108.59764459728288,21.743523048862734,医疗保健服务;诊所;诊所,090300
B0K3M7N2R8,金太阳康复护理院门诊,108.62775201312196,21.97877963745546,医疗保健服务;诊所;诊所,090300
B0LR0ZLT07,颂俭口腔(恒大分院),108.64356919999476,21.975597504949825,医疗保健服务;专科医院;口腔医院,090202
B0FFLGWZZD,桂中大药房(蓬莱大道店),108.65654374763388,21.968965284769105,医疗保健服务;医药保健销售店;药房,090601
B0FFJK1XUT,海港口腔门诊部,108.59876546992224,21.73610078174431,医疗保健服务;专科医院;口腔医院,090202
B0JDSUSW86,明雅口腔门诊部,108.62402305191308,21.936007828674033,医疗保健服务;专科医院;口腔医院,090202
B0FFK8CQ6G,献血车(钦州湾广场),108.62282085609444,21.977148816517943,医疗保健服务;医疗保健服务场所;医疗保健服务场所,090000
B0LRHD8L63,百年姜祖养生馆(中山路店),108.62127013047082,21.956392648690993,医疗保健服务;医药保健销售店;医疗保健用品,090602
B0MBZUCL1U,钦州康美口腔门诊部(中地院),108.6440218966655,21.98272812704003,医疗保健服务;专科医院;口腔医院,090202
B0FFM5N2CW,大参林·新阳店(明阳街),108.62773967625739,21.96564240920354,医疗保健服务;医药保健销售店;药房,090601
B0FFH8M1BO,施妹动物医院,108.6407694158862,21.966911987122565,医疗保健服务;动物医疗场所;宠物诊所,090701
B0JBNU1RVN,郑远元专业修脚房(永福西大街店),108.62187208136407,21.980601510337596,医疗保健服务;医疗保健服务场所;医疗保健服务场所,090000
B0J1NRFUF5,大参林药店,108.6515342144902,21.744216218752936,医疗保健服务;医药保健销售店;药房,090601
B030900ML3,宝康药房,108.628979553424,21.986902888050196,医疗保健服务;医药保健销售店;药房,090601
B0KRCMDIXQ,钦州桂大医院,108.63734723806216,21.96683135762359,医疗保健服务;专科医院;专科医院,090200
B0FFJ8U30B,钦南区疾病预防控制中心,108.59572197284149,21.936198195024474,医疗保健服务;医疗保健服务场所;医疗保健服务场所,090000
B0G2OSFS70,钦南区向阳社区卫生服务中心,108.62602726051304,21.969871574471924,医疗保健服务;综合医院;卫生院,090102
B0FFFRKJRC,国发医药(子材西大街店),108.61826247231984,21.972457381669393,医疗保健服务;医药保健销售店;药房,090601
B0I2MCD1PA,钦州康美口腔(钦州港院),108.59891039606451,21.73624181015507,医疗保健服务;专科医院;口腔医院,090202
B0HGMAWJA3,钦州市陈汝强皮肤病专科诊所,108.62889415696011,21.977537562663255,医疗保健服务;诊所;诊所,090300
B0LRAAZ2ZJ,贺迪功能养生(云品店),108.62266321381594,21.933645258125587,医疗保健服务;医疗保健服务场所;医疗保健服务场所,090000
B030900LVX,大番坡镇卫生院,108.64717484359709,21.84633609752401,医疗保健服务;综合医院;卫生院,090102
B0L0P71JRX,达诚口腔,108.65111872369717,21.956581318205338,医疗保健服务;专科医院;口腔医院,090202
B0MBK7R2UR,钦州贝佳口腔(东风店),108.62047090223072,21.963733997219464,医疗保健服务;专科医院;口腔医院,090202
B0IB7U9PIY,黄色文骨科门诊部,108.63692697019341,21.96854982104215,医疗保健服务;专科医院;骨科医院,090206
B0FFFNRP6O,黄金邦祖传中草药,108.61424971839031,21.966385107038345,医疗保健服务;医药保健销售店;药房,090601
B0FFL2EFR5,沙埠社区卫生服务中心,108.61680378417348,21.901891117117923,医疗保健服务;综合医院;卫生院,090102
B0HR4ZYKPL,广西国药(新城区药店),108.65333447336215,21.737637227558736,医疗保健服务;医药保健销售店;药房,090601
B0J1OXMQCX,大参林(钦州星辉里店),108.64555287447907,21.957690624427936,医疗保健服务;医药保健销售店;药房,090601
B0FFG7UNKV,钦州市酷狗宠物医院,108.63026226059853,21.968226308329832,医疗保健服务;动物医疗场所;宠物诊所,090701
B0J27MAK1R,万和医药(向阳街店),108.62183683722705,21.966172693031048,医疗保健服务;医药保健销售店;药房,090601
B0FFFYVA2S,钦州市中心血站,108.6310447803426,21.990849966668634,医疗保健服务;医疗保健服务场所;医疗保健服务场所,090000
B0FFFWX3GO,众森药业(青松分店),108.6221075831547,21.963307030581053,医疗保健服务;医药保健销售店;药房,090601
B0FFILLXCZ,红阳社区卫生服务中心,108.6104132254079,21.9787808927049,医疗保健服务;医疗保健服务场所;医疗保健服务场所,090000
B0FFJVL4Q1,钦州陈文志诊所,108.64562761556897,21.980027119925087,医疗保健服务;诊所;诊所,090300
B0IUHMNFPB,阿陀堂健康(人和春天店),108.6447203795693,21.963182659899868,医疗保健服务;医药保健销售店;药房,090601
B0KKASOGBW,钦州宝康护理院,108.64987101851663,21.946193595049113,医疗保健服务;医疗保健服务场所;医疗保健服务场所,090000
B0FFFEUIQ2,一心堂大健康药店(钦州新阳街店),108.62342536463503,21.96867810278859,医疗保健服务;医药保健销售店;药房,090601
B0GR91SIOQ,阖家养生馆,108.6439171236981,21.962266580199888,医疗保健服务;医疗保健服务场所;医疗保健服务场所,090000
B0LUZZV3AF,瑞仁综合门诊部&立笑口腔(向阳分院),108.6228852714487,21.966684769622123,医疗保健服务;诊所;诊所,090300
B0I6YSU3NY,惠耳听力助听器(钦州店)(暂停营业),108.62337072722585,21.96294143450551,医疗保健服务;医药保健销售店;医疗保健用品,090602
B0JUG59AC3,钦州色云医院,108.59939206721461,21.94498084082547,医疗保健服务;综合医院;综合医院,090100
B0FFGIARY8,桂中大药房(明阳路二店),108.62786347089951,21.965637247668,医疗保健服务;医药保健销售店;药房,090601
B0FFL6C370,瑞安综合门诊部,108.61635581787958,21.953738256021982,医疗保健服务;诊所;诊所,090300
B0G0YRL6WR,鸡丁头甘树福卫生室,108.66771880590167,21.71755899952514,医疗保健服务;诊所;诊所,090300
B0FFJS64H3,陈文秀口腔,108.608635495599,21.94634259174156,医疗保健服务;专科医院;口腔医院,090202
B03090MHZL,何东玲诊所,108.61215293904719,21.968502766197993,医疗保健服务;诊所;诊所,090300
B0J1X6R8I1,大参林(水东农贸市场店),108.64978778915625,21.954604756536046,医疗保健服务;医药保健销售店;药房,090601
B030900N0Q,万和医药(三沿分店),108.62125406575818,21.978670265902554,医疗保健服务;医药保健销售店;药房,090601
B0J1LDPNNB,李时珍蕲艾灸疗馆(皇庭御珑湾店),108.65258463206266,21.972612300488947,医疗保健服务;医疗保健服务场所;医疗保健服务场所,090000
B03090MHYK,钦州市第二人民医院文峰院区门诊部,108.61416819282542,21.95857345290598,医疗保健服务;综合医院;三级甲等医院,090101
B0G305JS5Z,德笙养生馆,108.64833776110684,21.959233528080393,医疗保健服务;医药保健销售店;医疗保健用品,090602
B03090M9KI,万和医药(新兴分店),108.62753207139026,21.985030881731124,医疗保健服务;医药保健销售店;药房,090601
B0IK0ZMFC4,万和医药(光大天骄御景店),108.63781304215276,21.93186395617991,医疗保健服务;医药保健销售店;药房,090601
B0LUJ5B5EG,钦州立笑口腔(示范总院),108.64660429185376,21.964209921632282,医疗保健服务;医疗保健服务场所;医疗保健服务场所,090000
B0MA55OOYO,久芝堂颂钵疗愈头疗SPA,108.64828288841149,21.95909255731828,医疗保健服务;医疗保健服务场所;医疗保健服务场所,090000
B0FFGIAPLX,众森药业(海城五巷店),108.6103026045341,21.952702554467837,医疗保健服务;医药保健销售店;药房,090601
B0LANHXPQ1,元气植生活馆(港湾丽园店),108.59574441678578,21.74074410791464,医疗保健服务;医疗保健服务场所;医疗保健服务场所,090000
B0FFH5SIAR,钦州市钦南区尖山镇卫生院,108.59886279734643,21.935151261602083,医疗保健服务;综合医院;卫生院,090102
B0KGZO7XI4,老百姓大药房(子材店),108.62435180230683,21.97173347819289,医疗保健服务;医药保健销售店;药房,090601
B0FFGJXXZF,众森医疗(南珠东大街门诊部),108.64756773251835,21.953394092558074,医疗保健服务;诊所;诊所,090300
B0FFFRRV8B,大参林(安州大道店),108.62575567598199,21.94977633143406,医疗保健服务;医药保健销售店;药房,090601
B0G3CN6WAF,众森药业(东岸阳光直营分店),108.65673231266095,21.96893491952882,医疗保健服务;医药保健销售店;药房,090601
B0FFGILF0H,大参林(人民路店),108.61835808325797,21.957355097849728,医疗保健服务;医药保健销售店;药房,090601
B03090MAS3,文峰社区卫生服务中心(人民路),108.61639700641285,21.948822873223403,医疗保健服务;综合医院;卫生院,090102
B03090MNYO,钦北区妇幼保健院-急诊科,108.62221326643747,21.966628495134454,医疗保健服务;诊所;诊所,090300
B0LBT73AKE,老百姓大药房(广场店),108.62443028873972,21.979762198117196,医疗保健服务;医药保健销售店;药房,090601
B0HDBHHLTY,岭南悦美口腔(钦州店),108.62679823088135,21.945021770688776,医疗保健服务;专科医院;口腔医院,090202
B0J19DWF50,一心堂(钦州鸿发市场二店),108.62600251641862,21.98589620895348,医疗保健服务;医药保健销售店;药房,090601
B0LAV19V0N,沐青瑶头疗养生馆,108.62507445422466,21.93538828764483,医疗保健服务;医疗保健服务场所;医疗保健服务场所,090000
B03090MAI5,钦州市西诺德口腔诊所,108.63083876197241,21.978225272651283,医疗保健服务;专科医院;口腔医院,090202
B0G3ZMP896,桂中大药房(人和春天A区店),108.6440738767241,21.960567506914504,医疗保健服务;医药保健销售店;药房,090601
B0FFFX8DMD,钦州韦剑峰诊所,108.61544039091916,21.964881380110626,医疗保健服务;诊所;诊所,090300
B0I0B5DMH8,曼雅菲斯健康管理中心,108.5987023178844,21.739855342486997,医疗保健服务;医药保健销售店;医疗保健用品,090602
B0KB6M9OOV,温文整脊保健馆,108.61957728685098,21.98115219978951,医疗保健服务;医药保健销售店;医疗保健用品,090602
B0MBFS375V,如是心东方食养(大润发店),108.60880418125231,21.970174848593075,医疗保健服务;医药保健销售店;医疗保健用品,090602
B0L1N9XV70,象上家·儿童健康管理(坭兴街店),108.64548001485021,21.95800689984106,医疗保健服务;医疗保健服务场所;医疗保健服务场所,090000
B0J2TC6L1S,钦州港滨海医院金鼓综合门诊部,108.64693465023137,21.738235884813587,医疗保健服务;诊所;诊所,090300
B0K0275TSI,钦州李庆华诊所,108.63314686647438,21.973172630820223,医疗保健服务;诊所;诊所,090300
B0G1CAQP2D,黄金邦骨科中草堂,108.62497819685544,21.984673874055783,医疗保健服务;医疗保健服务场所;医疗保健服务场所,090000
B0LBNAI0N0,钦州市葆健堂药店,108.62999298614332,21.98338487009675,医疗保健服务;医药保健销售店;药房,090601
B0FFM3T5EG,一心堂(江滨豪园小区店),108.63103769782825,21.972375220709974,医疗保健服务;医药保健销售店;药房,090601
B0FFFF5006,一心堂大健康药店(世纪新城店),108.61566935153948,21.98053561944733,医疗保健服务;医药保健销售店;药房,090601
B0FFH56B34,大参林(石岭路店),108.61326327592184,21.977847353210183,医疗保健服务;医药保健销售店;药房,090601
B0FFFZM017,钦州韦明有口腔诊所,108.59811977223474,21.73577676938338,医疗保健服务;专科医院;口腔医院,090202
B030900ML2,众森药业(北辰路店),108.62893365522554,21.986416718575796,医疗保健服务;医药保健销售店;药房,090601
B0FFL5BDRL,聚康堂(阳光家园店),108.65345841084785,21.977442001908862,医疗保健服务;医药保健销售店;药房,090601
B0G3JU6ZEU,一心堂(钦州明阳街二店),108.62717960134604,21.96561611063093,医疗保健服务;医药保健销售店;药房,090601
B0MBD6FFXB,时见头疗养生馆,108.65295931267255,21.98214714375528,医疗保健服务;医疗保健服务场所;医疗保健服务场所|生活服务;美容美发店;美容美发店,090000|071100
B0FFIGXMST,黎氏山草药(五马路分店),108.61592112364572,21.95842588128643,医疗保健服务;医药保健销售店;药房,090601
B0KR5107QY,麦医师医疗器械(钦州店),108.62346271554755,21.960340089490703,医疗保健服务;医药保健销售店;医疗保健用品,090602
B0FFKR88LF,顶尚堂(永福西大街店),108.63036566772482,21.97665517392125,医疗保健服务;医疗保健服务场所;医疗保健服务场所,090000
B0G1NX5X0O,一心堂大健康药店(人和春天小区店),108.64350007024663,21.960845602804763,医疗保健服务;医药保健销售店;药房,090601
B0FFG8Y3JN,张桂兴诊所,108.62736647574768,21.961905106102193,医疗保健服务;诊所;诊所,090300
B0FFIVSD3B,茶麸中药护发,108.61070422759933,21.952248062886373,医疗保健服务;医疗保健服务场所;医疗保健服务场所,090000
B0HRFC323X,一心堂大健康药店(永福西大街店),108.62085353104764,21.98079770330705,医疗保健服务;医药保健销售店;药房,090601
B0J0XHJB08,一心堂(钦州人民路分店),108.61829231602353,21.954356732026344,医疗保健服务;医药保健销售店;药房,090601
B0FFMH3KTI,中兴社区卫生服务中心,108.60178032083836,21.747521717755387,医疗保健服务;综合医院;卫生院,090102
B0HAPYSUKG,钦州黄色云中医诊所,108.61421875705899,21.966323103110025,医疗保健服务;专科医院;骨科医院,090206
B0FFHLQMWA,弘天宠物诊疗保健中心,108.61221152358762,21.97574816654014,医疗保健服务;动物医疗场所;宠物诊所,090701
B0H2C5TWDI,吉诺宠物医院(钦州港店),108.59747361444138,21.744593519725363,医疗保健服务;动物医疗场所;宠物诊所,090701
B0HKZ7TABH,一心堂钦州恒大绿洲小区店(子材东大街店),108.67880324332283,21.965451407231317,医疗保健服务;医药保健销售店;药房,090601
B0IBYR0AEY,康悦养生,108.61099858597757,21.959329234751827,医疗保健服务;医疗保健服务场所;医疗保健服务场所,090000
B0KUNAL9QS,宫延楼热灸养生馆(光大悦湖云邸店),108.63265670135081,21.933515423044494,医疗保健服务;医疗保健服务场所;医疗保健服务场所,090000
B0MUXS8JUP,玉玄道三才神灸馆(415钦州店),108.64164899598572,21.959190878223186,医疗保健服务;医疗保健服务场所;医疗保健服务场所,090000
B03090M8Y8,百姓大药房(协盛商业广场店),108.61821400582488,21.962825845453214,医疗保健服务;医药保健销售店;药房,090601
B0KGDHRXFH,大参林(中央公园店),108.62690563445678,21.93317898106625,医疗保健服务;医药保健销售店;药房,090601
B0JUV1FJQP,万和医药(七里香溪店),108.64837228869176,21.946973619479557,医疗保健服务;医药保健销售店;药房,090601
B0FFF06NIK,大华药房(永福东大街店),108.65461970104532,21.978621431756103,医疗保健服务;医药保健销售店;药房,090601
B0J3RC226P,一心堂(钦州钦江华府店),108.6496048452383,21.96170446609172,医疗保健服务;医药保健销售店;药房,090601
B0HBOYKN3M,大参林(钦州参鸿药房),108.63408563041425,21.983478160685237,医疗保健服务;医药保健销售店;药房,090601
B03090M9UB,一心堂(新兴街店),108.62928133350799,21.960451923474103,医疗保健服务;医药保健销售店;药房,090601
B0J14R1B0A,大参林(钦州嘉良店),108.62633019542403,21.961252096708566,医疗保健服务;医药保健销售店;药房,090601
B0K3JS4862,俏妃女性寒湿护理(白石湖奥林华府店),108.62252330669453,21.935979529571632,医疗保健服务;医疗保健服务场所;医疗保健服务场所,090000
B0G0LDHHDY,九华祥瑞采耳文化馆(海名轩·海逸轩商业广场店),108.5968391955467,21.737575696134787,医疗保健服务;医疗保健服务场所;医疗保健服务场所,090000
B0FFHU5MKZ,大参林(富港新城店),108.59961039177058,21.75006539806014,医疗保健服务;医药保健销售店;药房,090601
B0FFLM8LD4,博雅口腔,108.62606141092228,21.98612524484036,医疗保健服务;专科医院;口腔医院,090202
B030900PE5,颂俭口腔医院北部湾大道门诊部,108.60714848739764,21.952839556366694,医疗保健服务;专科医院;口腔医院,090202
B0FFKC8N5Q,钦州雅美口腔门诊部,108.61419724138717,21.977409391092593,医疗保健服务;专科医院;口腔医院,090202
B0FFFRL3MI,钦州市第二人民医院文峰院区视光部,108.61276079001982,21.958122360262674,医疗保健服务;综合医院;三级甲等医院,090101
B0IR9MLXNY,恒爱宠物诊疗所,108.62682813446504,21.94599919976755,医疗保健服务;动物医疗场所;宠物诊所,090701
B0MAXCMXZ0,大参林(钦州家康店),108.64564555796821,21.98041627371627,医疗保健服务;医药保健销售店;药房,090601
B0H1RCCFKF,一心堂(钦州文峰北路店),108.61323231235211,21.97780535772245,医疗保健服务;医药保健销售店;药房,090601
B0M6LL6RYH,大参林(钦州天润分店),108.67645485629262,21.96391108035163,医疗保健服务;医药保健销售店;药房,090601
B0KGG53RU0,宫延楼热灸养生馆(凤凰路店),108.60902217520514,21.966158802065898,医疗保健服务;医疗保健服务场所;医疗保健服务场所,090000
B0L3KCCIBM,钦州贝芽口腔门诊部,108.6406712554087,21.953878935663933,医疗保健服务;专科医院;口腔医院,090202
B0FFFRZ7LX,大参林(金穗街店),108.63177623447002,21.975456658930355,医疗保健服务;医药保健销售店;药房,090601
B0FFJI651K,雅诚口腔,108.61215552053604,21.95650805015963,医疗保健服务;专科医院;口腔医院,090202
B0I6CDLW0Q,钦州黄玉平妇科诊所,108.60838382158992,21.96488458685736,医疗保健服务;医疗保健服务场所;医疗保健服务场所,090000
B0FFG1IDP1,何永洁诊所,108.63258928603457,21.985337197280305,医疗保健服务;诊所;诊所,090300
B0FFLCJ5DO,中兴社区卫生服务中心预防接种门诊部,108.60149148341091,21.747707888943932,医疗保健服务;综合医院;卫生院,090102
B0HDHYCTV6,一心堂(钦州奥林华府小区店),108.62254034081062,21.934764930528793,医疗保健服务;医药保健销售店;药房,090601
B0LAV77MKS,康逸轩养生馆,108.64841995070718,21.747744239042802,医疗保健服务;医疗保健服务场所;医疗保健服务场所,090000
B0L2TD3DC5,睛睬博视•视力防控护眼中心,108.63267242696973,21.97938325774449,医疗保健服务;医药保健销售店;医疗保健用品,090602
B0J2UAWLBE,卓美雅口腔,108.62590021488559,21.974958148244227,医疗保健服务;专科医院;口腔医院,090202
B0LRMHXM35,昕之康健康管理中心,108.64538999462793,21.982658773782344,医疗保健服务;医疗保健服务场所;医疗保健服务场所,090000
B0KD1ZCRD5,钦州市妇幼保健院健康体检部,108.62706540358852,21.95303225740107,医疗保健服务;医疗保健服务场所;医疗保健服务场所,090000
B0L07Z0YZ9,药君堂中医诊所,108.62512890124592,21.965435556790002,医疗保健服务;诊所;诊所,090300
B0FFI7T328,大参林(皇庭店),108.65542932516436,21.968839291205978,医疗保健服务;医药保健销售店;药房,090601
B0KR5CV8NN,一心堂健康药店钦州绿地公园分公司店,108.62669502388863,21.932219787322104,医疗保健服务;医药保健销售店;药房,090601
B0GK9ZPQYK,梵境采耳,108.64064067515687,21.9669632196618,医疗保健服务;医疗保健服务场所;医疗保健服务场所,090000
B030900PEB,钦州市动物疫病预防控制中心,108.61243375708499,21.94553460421501,医疗保健服务;动物医疗场所;动物医疗场所,090700
B0L3GUHXMW,钦州众源中西医结合诊所,108.64679549752852,21.97194427032522,医疗保健服务;诊所;诊所,090300
B0L1J79C6O,钦州博康精神病医院,108.649817111293,21.946739951800982,医疗保健服务;专科医院;专科医院,090200
B0LDFCYE37,博美医疗器械(钦州店),108.64415463764806,21.961963035710934,医疗保健服务;医药保健销售店;医疗保健用品|医疗保健服务;专科医院;整形美容,090602|090201
B0FFHM44BH,石世栋颈腰腿痛专科,108.63504983776302,21.98323562547886,医疗保健服务;专科医院;骨科医院,090206
B0FFIGXMMZ,翟高亮诊所,108.61618275536965,21.959403113373682,医疗保健服务;诊所;诊所,090300
B03090MHYT,怡萍口腔诊所,108.61153037251509,21.95250360000812,医疗保健服务;专科医院;口腔医院,090202
B0KKB5DVFV,瑶艾馆,108.6503673676882,21.957295005596187,医疗保健服务;医疗保健服务场所;医疗保健服务场所,090000
B0K0T7OT7R,易康中医养生保健,108.62105873284067,21.97070969414426,医疗保健服务;医疗保健服务场所;医疗保健服务场所,090000
B03090M8BM,湘君大药房(永福西大街店),108.62451914830575,21.979824122446914,医疗保健服务;医药保健销售店;药房,090601
B0KUBROLFH,润生养生馆,108.61960287875175,21.968311074270794,医疗保健服务;医疗保健服务场所;医疗保健服务场所,090000
B0KGRUMIKW,钦州鸿瑞综合门诊部(超越体育店),108.61400346426059,21.97739254227452,医疗保健服务;诊所;诊所,090300
B0L6993GJ4,风和养生馆,108.62871060027467,21.97483352012226,医疗保健服务;医疗保健服务场所;医疗保健服务场所,090000
B0FFJA6HYV,洪华兴中医诊所,108.60888998414072,21.952054161175578,医疗保健服务;诊所;诊所,090300
B0M6R931Z7,白石湖宠物医院,108.62713833379163,21.931548909235012,医疗保健服务;动物医疗场所;宠物诊所,090701
B0K3RD0I8S,康慈中医养生保健馆,108.65012127397544,21.7461565618048,医疗保健服务;医疗保健服务场所;医疗保健服务场所,090000
B0FFL9M3T4,大参林(钦州港分店),108.59842656761067,21.73724731923149,医疗保健服务;医药保健销售店;药房,090601
B0FFLFXOF6,钦州莫子华中医诊所,108.63632585171159,21.95382272081462,医疗保健服务;诊所;诊所,090300
B0FFFZ5UJO,吴家礼诊所,108.61035457167505,21.97286312227766,医疗保健服务;诊所;诊所,090300
B0KDVSRVKB,耳通可视采耳(吾悦广场店),108.62777967942267,21.943764924689585,医疗保健服务;医疗保健服务场所;医疗保健服务场所,090000
B0FFIVSBX1,钦州市第二人民医院文峰院区1号楼,108.6128846387965,21.958449420420514,医疗保健服务;医药保健销售店;药房,090601
B0K3UCJGYX,华姐艾灸养生馆,108.59441753521692,21.973432003483598,医疗保健服务;医疗保健服务场所;医疗保健服务场所,090000
B03090M9X8,宫延楼热灸养生馆(锦绣家园店),108.63064195820627,21.960851279404253,医疗保健服务;医疗保健服务场所;医疗保健服务场所,090000
B0LDNH1Q8H,宫延楼热灸养生馆,108.64941491284665,21.744639186001056,医疗保健服务;医疗保健服务场所;医疗保健服务场所,090000
B03090M9PY,钦州明阳宾馆(市人民医院店),108.62601748793486,21.965539525090065,住宿服务;宾馆酒店;宾馆酒店,100100
B03090MB0R,贵人轩大酒楼,108.62423080806798,21.97542737567923,住宿服务;宾馆酒店;宾馆酒店,100100
B03090MAYV,钦州168宾馆(鸿发夜市店),108.62787771028034,21.980700386848945,住宿服务;宾馆酒店;宾馆酒店,100100
B03090M89S,雅苑酒店(钦州湾大道店),108.62518599695147,21.982099404864947,住宿服务;宾馆酒店;三星级宾馆,100104
B0FFGRUS09,7天酒店(钦州年年丰广场向阳街店),108.62421326210881,21.966688241153722,住宿服务;住宿服务相关;住宿服务相关,100000
B0FFJWM8ZW,钦州宇航大酒店,108.60796843919498,21.959809414930817,住宿服务;宾馆酒店;三星级宾馆,100104
B03090M8BT,精通酒店(钦州店),108.62481961128843,21.98126244741013,住宿服务;宾馆酒店;三星级宾馆,100104
B0FFFGLPN2,盛元酒店,108.63245092778297,21.97735561030459,住宿服务;宾馆酒店;四星级宾馆,100103
B03090M9ZQ,颐豪大酒店,108.5988496446558,21.731668948594198,住宿服务;宾馆酒店;三星级宾馆,100104
B030900M3Y,欧雅宾馆(钦州港广场店),108.59684907747311,21.73995067541983,住宿服务;宾馆酒店;宾馆酒店,100100
B030900PFZ,海豚大酒店,108.60803435698976,21.9603006104659,住宿服务;宾馆酒店;三星级宾馆,100104
B0FFHLFDDT,维也纳国际酒店(钦州湾广场农垦店),108.62547328826774,21.987328533365154,住宿服务;宾馆酒店;五星级宾馆,100102
B03090M8PZ,钦季国际酒店(钦州老街中山公园店),108.60747009146107,21.955334567305144,住宿服务;宾馆酒店;宾馆酒店,100100
B03090032M,恒商大酒店,108.62026740824591,21.979667784494293,住宿服务;宾馆酒店;四星级宾馆,100103
B0FFGUADGA,沃顿铂莱酒店(钦州火车东站年年丰广场店),108.62856666100801,21.978559477459534,住宿服务;宾馆酒店;宾馆酒店,100100
B03090MAAZ,钦州宁宁宾馆,108.61901282373725,21.965322247356415,住宿服务;宾馆酒店;宾馆酒店,100100
B03090MLGG,钦州卡罗公寓(年年丰广场店),108.62116589840883,21.964194478815738,住宿服务;旅馆招待所;旅馆招待所,100200
B03090MAF2,阳光宾馆(钦州湾广场店),108.62236153538885,21.977142328290245,住宿服务;宾馆酒店;宾馆酒店,100100
B030900M61,城市客栈(钦州港店),108.59719294413033,21.74003166566992,住宿服务;旅馆招待所;旅馆招待所,100200
B03090M9CL,力弘宾馆,108.62843785503635,21.979027867878195,住宿服务;宾馆酒店;宾馆酒店,100100
B03090MMV1,紫荆花城市连锁酒店(钦州年年丰恒基广场店),108.61829076627711,21.965670125327758,住宿服务;宾馆酒店;经济型连锁酒店,100105
B0309003JK,钦州市荣华民宿(第一人民医院店),108.62523881519594,21.963662580135434,住宿服务;旅馆招待所;旅馆招待所,100200
B0I61A6MNA,维也纳国际酒店钦州湾广场农垦店大堂,108.62552221520001,21.987239431796585,住宿服务;宾馆酒店;五星级宾馆,100102
B03090M8WV,步步高商务宾馆(文峰南路店),108.61279864289338,21.960295366887067,住宿服务;宾馆酒店;宾馆酒店,100100
B0309001IX,正元大酒店,108.59226672585864,21.73026478205313,住宿服务;宾馆酒店;三星级宾馆,100104
B03090M9Q7,鑫源商务宾馆(安州大道),108.62578051099456,21.95234452652628,住宿服务;宾馆酒店;宾馆酒店,100100
B03090M9OE,钦州金钻宾馆,108.62734127445414,21.987310203461757,住宿服务;宾馆酒店;宾馆酒店,100100
B0309001GN,金湾国际大酒店,108.61960826702722,21.960203207697273,住宿服务;宾馆酒店;四星级宾馆,100103
B0FFFF7UXB,钦州威尼斯汀酒店(恒基广场店),108.6196321859734,21.96119465576036,住宿服务;宾馆酒店;宾馆酒店,100100
B03090MA0L,阳光海岸商务酒店,108.59863554751519,21.735720651244147,住宿服务;宾馆酒店;四星级宾馆,100103
B0L0XZL48Q,海豚湾青年旅舍(钦州年年丰广场店),108.63230314283716,21.978416322841696,住宿服务;住宿服务相关;住宿服务相关,100000
B0H1H7TMRN,栖悦里酒店(钦州湾大道年年丰广场店),108.62116365835938,21.9691768526863,住宿服务;宾馆酒店;经济型连锁酒店,100105
B0FFFADSV3,凯利酒店,108.62288716995782,21.968704728697507,住宿服务;宾馆酒店;四星级宾馆,100103
B0FFFEV975,钦州中金大酒店,108.60855952403206,21.967729835191637,住宿服务;宾馆酒店;三星级宾馆,100104
B030900M43,钦州力佳宾馆,108.59869705872447,21.745281596220916,住宿服务;宾馆酒店;宾馆酒店|住宿服务;旅馆招待所;旅馆招待所,100100|100200
B0L6MSNTZP,扬帆青年旅舍(钦州市政府东站店),108.64805444095843,21.978346116023726,住宿服务;住宿服务相关;住宿服务相关,100000
B0FFHE5O0F,钦州东成主题宾馆,108.62590868044519,21.985609188406663,住宿服务;宾馆酒店;宾馆酒店,100100
B03090M89E,钦州东萌大酒店,108.62454994629121,21.98298058223294,住宿服务;宾馆酒店;三星级宾馆,100104
B0FFFW3AN6,钦州悦达分时酒店(年年丰广场店),108.61854025990719,21.969300608989997,住宿服务;宾馆酒店;宾馆酒店,100100
B03090M8BY,城市便捷酒店(钦州鸿发夜市美食广场店),108.62494539471957,21.981676493355927,住宿服务;宾馆酒店;经济型连锁酒店,100105
B030900M41,永惠宾馆(钦州港店),108.59749865436522,21.7435580852629,住宿服务;宾馆酒店;宾馆酒店,100100
B0FFGJIWIE,锦江之星品尚酒店(钦州高铁东站店),108.65205843040526,21.980530013264595,住宿服务;宾馆酒店;经济型连锁酒店,100105
B0FFKM4J9F,大海猫酒店(花园店),108.62067516916025,21.97288113420612,住宿服务;住宿服务相关;住宿服务相关,100000
B0HGFK2NSM,君度酒店(钦州港店),108.5967314795278,21.732497623988916,住宿服务;住宿服务相关;住宿服务相关,100000
B0FFGEOAEL,华庭酒店(年年丰广场向阳街店),108.62163609773508,21.966784203405254,住宿服务;宾馆酒店;宾馆酒店,100100
B0JUA7TWIZ,钦州美雅酒店(老街景区北部湾大道店),108.60831394100575,21.963723075560022,住宿服务;宾馆酒店;宾馆酒店,100100
B0I07COQJU,品尚优艺民宿(钦州白海豚广场店),108.62486551832622,21.981699599823738,住宿服务;住宿服务相关;住宿服务相关,100000
B0FFGH13JZ,明都大酒店(钦州东站店),108.63573417579595,21.990678123904264,住宿服务;宾馆酒店;宾馆酒店,100100
B0I32AKLQG,新远方酒店(钦州港店),108.65522213323045,21.738295032315758,住宿服务;宾馆酒店;宾馆酒店,100100
B0FFG2RU3M,钦州旺港宾馆(钦州港广场店),108.59774671582572,21.740197653927822,住宿服务;宾馆酒店;宾馆酒店,100100
B03090MHAI,钦州双龙宾馆(年年丰广场店),108.6191854367046,21.968491582820263,住宿服务;住宿服务相关;住宿服务相关,100000
B0FFKRMIOB,锐逸酒店(钦州年年丰广场第一人民医院店),108.62295518159488,21.966391550936155,住宿服务;宾馆酒店;三星级宾馆,100104
B0FFF9S2P4,9龙连锁酒店(钦州站钦州湾广场店),108.61979094769889,21.982107434085805,住宿服务;宾馆酒店;宾馆酒店,100100
B0FFJAIOVP,美住·曼途酒店(钦州湾大道年年丰广场店),108.62062458372363,21.96584584110256,住宿服务;住宿服务相关;住宿服务相关,100000
B0FFFDZ3RS,万达宾馆,108.63902953192274,21.995167161000985,住宿服务;宾馆酒店;宾馆酒店,100100
B0LRAX1CX5,扬帆青年旅舍(钦州长融世贸广场店),108.64445791105743,21.963695348675085,住宿服务;旅馆招待所;青年旅舍,100201
B0IBYLGI9U,中国铁建港航局集团有限公司广西钦州海上风电示范项目Ⅲ标段项目经理部,108.65420540443411,21.73941736756089,住宿服务;住宿服务相关;住宿服务相关,100000
B0JBD7URPG,华程酒店(钦州港店),108.65570592141246,21.74034798585864,住宿服务;宾馆酒店;宾馆酒店,100100
B0IRKRUQTY,钦州简爱优品酒店,108.65502053514847,21.73952791332543,住宿服务;宾馆酒店;宾馆酒店,100100
B0H0DRANRN,柏康酒店(钦州港店),108.65476112729175,21.739567407747945,住宿服务;宾馆酒店;宾馆酒店,100100
B03090M8D3,钦州金鹰宾馆,108.62103473249799,21.971415055191677,住宿服务;宾馆酒店;宾馆酒店,100100
B0FFF5OAE6,钦州青苹果便捷酒店,108.6226002017996,21.976768884364084,住宿服务;宾馆酒店;宾馆酒店,100100
B03090MHAA,威斯汀商务酒店(龙胜街),108.61449700542425,21.975141065046245,住宿服务;宾馆酒店;宾馆酒店,100100
B0HARM27LH,橙子民宿(钦州港区中马产业园区店),108.6479361664558,21.744519742760936,住宿服务;住宿服务相关;住宿服务相关,100000
B0FFKQHQK6,钦州乐程酒店,108.61748748137161,21.972401098218075,住宿服务;宾馆酒店;宾馆酒店,100100
B0J1BURNGT,巴厘岛酒店(年年丰店),108.6200993435679,21.96528712444579,住宿服务;住宿服务相关;住宿服务相关,100000
B0FFFFKDJ0,钦州金穗便捷酒店(钦州湾广场仟仟万家购物广场店),108.62396222813697,21.975255608329125,住宿服务;宾馆酒店;宾馆酒店,100100
B0KR6ZKAEC,贝壳酒店(钦州年年丰广场老街景区店),108.62074026571423,21.969026232375807,住宿服务;住宿服务相关;住宿服务相关,100000
B0I0K50QX0,钦州港景程酒店,108.65528397141502,21.73870208605268,住宿服务;宾馆酒店;宾馆酒店,100100
B0G03RHA2M,钦州宜曼酒店(钦州港店),108.65328259236166,21.73761131158685,住宿服务;宾馆酒店;宾馆酒店,100100
B0FFKWM87Z,钦州品尚奕酒店(年年丰广场店),108.62992050824224,21.975285125889602,住宿服务;宾馆酒店;宾馆酒店,100100
B0HR2PTXVB,迪拜八星酒店(钦州年年丰广场店),108.62158296987984,21.970971253132902,住宿服务;宾馆酒店;宾馆酒店,100100
B0FFIDO3OX,优程八桂酒店(钦州东风市场店),108.62168716220704,21.963953800170902,住宿服务;宾馆酒店;经济型连锁酒店,100105
B0FFF5LSPN,豪庭假日酒店(钦州年年丰广场店),108.62150021575616,21.968375108159883,住宿服务;宾馆酒店;宾馆酒店,100100
B0J6NSE42K,钦州港望海酒店(仙岛公园店),108.59488164405104,21.74130138309889,住宿服务;住宿服务相关;住宿服务相关,100000
B03090M9RU,钦州瑞园宾馆(人民医院年年丰广场店),108.63040899635843,21.968398190708662,住宿服务;宾馆酒店;宾馆酒店,100100
B0FFLHIOH1,易诚优品酒店(钦州大润发店),108.60747425965074,21.972353670350603,住宿服务;住宿服务相关;住宿服务相关,100000
B0FFF0F6CO,远洋宾馆(新华路),108.63569992238894,21.976789597804995,住宿服务;宾馆酒店;宾馆酒店|住宿服务;旅馆招待所;旅馆招待所,100100|100200
B03090M8K2,友谊商务酒店(钦州站年年丰广场店),108.6154468357056,21.976109714067576,住宿服务;宾馆酒店;宾馆酒店,100100
B0FFFZPSUE,元元宾馆,108.61370201985582,21.973017709207287,住宿服务;宾馆酒店;宾馆酒店,100100
B0IAH77S8S,希雅兰酒店(钦州年年丰广场店),108.62251753947987,21.97235588062796,住宿服务;宾馆酒店;宾馆酒店,100100
B0G2JZI2ZS,骏怡连锁酒店(钦州老街店),108.61168713909125,21.953946174299666,住宿服务;宾馆酒店;宾馆酒店,100100
B0FFFEUEMC,钦州友家宾馆,108.62125252273356,21.969357843280658,住宿服务;宾馆酒店;宾馆酒店,100100
B0FFGI8KOT,汇嘉便捷酒店(钦州湾广场仟仟万家购物中心店),108.62397509151526,21.97764872951139,住宿服务;宾馆酒店;宾馆酒店,100100
B0FFMF47JB,飞宜酒店(钦州年年丰广场店),108.62283126730613,21.96841465384322,住宿服务;住宿服务相关;住宿服务相关,100000
B0FFFRL2WF,华庭酒店(鸿发店),108.6248494326102,21.983965692705468,住宿服务;宾馆酒店;宾馆酒店,100100
B0FFGI8LC8,钦州钦港商务宾馆(钦州年年丰广场店),108.62551400003801,21.971455955564668,住宿服务;宾馆酒店;宾馆酒店,100100
B0FFFZLZUM,品尚便捷酒店(钦州港店),108.59486366761683,21.74091422328752,住宿服务;宾馆酒店;宾馆酒店,100100
B0FFF2L9SX,安悦民宿,108.6253021826834,21.95409994548413,住宿服务;宾馆酒店;宾馆酒店,100100
B03090MHA1,钦州天诚宾馆,108.62607459222198,21.9819872688896,住宿服务;宾馆酒店;宾馆酒店,100100
B0MU4UA9ST,南悦拾光青年旅舍(钦州东站店),108.65470951180127,21.97828610734448,住宿服务;住宿服务相关;住宿服务相关,100000
B03090MA1G,丽景海湾商务宾馆(钦州港广场店),108.6002923980084,21.74264813022265,住宿服务;宾馆酒店;宾馆酒店,100100
B0LROSW2RH,水木青年旅舍(钦州东站店),108.64483039645421,21.978417716283808,住宿服务;住宿服务相关;住宿服务相关,100000
B0MD7R7N6N,爱琴海酒店,108.63961444462632,21.932370364453174,住宿服务;旅馆招待所;旅馆招待所,100200
B03090M9PX,新荣华宾馆(钦州市第一人民医院店),108.62614228547251,21.965590395487965,住宿服务;宾馆酒店;宾馆酒店,100100
B0I2NYMXTB,钦州如意民宿,108.67810292207047,21.964813413189475,住宿服务;住宿服务相关;住宿服务相关,100000
B0FFF2HBF5,君来旅馆(钦州港店),108.59799270782811,21.738235803517746,住宿服务;旅馆招待所;旅馆招待所,100200
B0J2MST4VA,月明胜宜大酒店(如意城分店),108.6613529112429,21.737477212708335,住宿服务;住宿服务相关;住宿服务相关,100000
B03090MJZC,钦州云海商务宾馆(年年丰广场店),108.62663319271113,21.971744713605762,住宿服务;宾馆酒店;宾馆酒店,100100
B0LDGCBMSX,五月民宿(钦州吾悦广场店),108.62540856091793,21.942921481679416,住宿服务;旅馆招待所;旅馆招待所,100200
B03090M8ZZ,钦州桂源商务宾馆,108.60837881981574,21.9650136513196,住宿服务;宾馆酒店;宾馆酒店,100100
B0LRC7GJQJ,钦州千秋·境庭酒店,108.63624825749089,21.989363727210705,住宿服务;宾馆酒店;宾馆酒店,100100
B0JGFSJ1T7,怡景酒店(钦州港店),108.65467333934875,21.739338474798288,住宿服务;宾馆酒店;宾馆酒店,100100
B03090MJXI,钦州港湾便捷酒店(大花园店),108.62135863004087,21.964051203107275,住宿服务;宾馆酒店;宾馆酒店,100100
B0G1B47L7Z,品尚酒店(钦州秦皇店),108.60339042758046,21.971830386778272,住宿服务;住宿服务相关;住宿服务相关,100000
B0I045UBPJ,里岸酒店(钦州港店),108.5971793939036,21.751555473888082,住宿服务;宾馆酒店;宾馆酒店,100100
B0FFK8HU8S,汇客旅馆(年年丰广场店),108.62070829691932,21.969309400912067,住宿服务;旅馆招待所;旅馆招待所,100200
B0KA5SAJE6,今喜艺术酒店(钦州老街第二人民医院店),108.61319610690116,21.96232502405344,住宿服务;宾馆酒店;宾馆酒店,100100
B0IAJHX3RH,喜乐酒店(钦州老街第二人民医院店),108.61233123412428,21.958535885055625,住宿服务;宾馆酒店;宾馆酒店,100100
B0K36UVPTO,钦季酒店(钦州东站长融世贸广场店),108.6446307516182,21.979818719543882,住宿服务;宾馆酒店;宾馆酒店,100100
B0I0FSOH7U,怡达酒店(钦州体育中心东站店),108.65566586947378,21.967038997086238,住宿服务;宾馆酒店;宾馆酒店,100100
B0H3DMQ086,钦州新蓝海民宿(钦州港店),108.65188728345098,21.747037757552373,住宿服务;住宿服务相关;住宿服务相关,100000
B0FFFZIAV9,钦发宾馆(钦州年年丰广场店),108.62067534539082,21.96926641529967,住宿服务;旅馆招待所;旅馆招待所,100200
B0L0PA0NQ4,达格利喜酒店(北部湾大学城店),108.61886809959985,21.902080230499955,住宿服务;宾馆酒店;宾馆酒店,100100
B0HD5BHKZ1,星悦酒店(钦州港店),108.5986121246378,21.74471437657721,住宿服务;住宿服务相关;住宿服务相关,100000
B0FFFE1ILQ,华腾酒店(育才路),108.63013330116009,21.971979267865265,住宿服务;宾馆酒店;宾馆酒店,100100
B0KDYUWPCB,美菲轻奢酒店(钦州港店),108.65419737990989,21.740292744180408,住宿服务;住宿服务相关;住宿服务相关,100000
B0FFHCOVWX,优程酒店(钦州年年丰广场店),108.62143932033034,21.968025007558744,住宿服务;宾馆酒店;宾馆酒店,100100
B0FFGZXVOT,世鑫宾馆(钦州火车站白海豚广场店),108.61967010874957,21.982201602478963,住宿服务;宾馆酒店;宾馆酒店,100100
B0FFFEUDTS,钦州钦怡旅馆,108.6280740907958,21.98666896045351,住宿服务;旅馆招待所;旅馆招待所,100200
B0FFLP01VM,怡家优品酒店(钦州港店),108.59802963332149,21.739457301618113,住宿服务;住宿服务相关;住宿服务相关,100000
B0KGZ56V65,桂安民宿(钦州市第一人民医院店),108.62540255739744,21.963657379718,住宿服务;住宿服务相关;住宿服务相关,100000
B03090MVU0,钦州金源阁商务宾馆,108.61564754593425,21.97709100432535,住宿服务;宾馆酒店;宾馆酒店,100100
B03090MJXO,华玉宾馆(钦州港店),108.59785450490226,21.743649068240824,住宿服务;住宿服务相关;住宿服务相关,100000
B03090MMUZ,雅斯特酒店(钦州港店),108.59616317888154,21.742853949601326,住宿服务;宾馆酒店;四星级宾馆,100103
B0FFG8MGNY,雅斯特酒店(钦州年年丰广场店),108.62275736199244,21.96872388429857,住宿服务;宾馆酒店;经济型连锁酒店,100105
B0H2JAT37U,钦州月明胜宜大酒店(钦州港店),108.65336740556177,21.737495108873436,住宿服务;宾馆酒店;宾馆酒店,100100
B0GU6SB9DG,钦州君度酒店(老街景区北部湾大道店),108.60803823694343,21.962696749965392,住宿服务;宾馆酒店;宾馆酒店,100100
B0FFI9MGUE,品尚微酒店(钦州湾广场店),108.61752885525283,21.984143630958783,住宿服务;宾馆酒店;宾馆酒店,100100
B0G33HWJF9,格林豪泰酒店(钦州大花园人民路店),108.62114991410107,21.96433956505933,住宿服务;宾馆酒店;宾馆酒店,100100
B0FFFIAHI2,钦州海景湾酒店(钦州港广场消防鉴定站店),108.59648703515923,21.74353019966109,住宿服务;宾馆酒店;宾馆酒店,100100
B03090MFME,钦州现代快捷酒店(钦州大花园人民路店),108.62145348843937,21.96416515479972,住宿服务;宾馆酒店;宾馆酒店,100100
B0FFF294FR,晨耀宾馆(钦州湾广场仟仟万家购物中心店),108.62410890222827,21.977330422117205,住宿服务;宾馆酒店;宾馆酒店,100100
B0FFFPT7OX,钦州海洲商务宾馆(第二人民医院店),108.61280064850182,21.96013528904448,住宿服务;宾馆酒店;宾馆酒店,100100
B0H3BU2GL7,滨海大酒店(钦州港店),108.67914892017032,21.713390659569352,住宿服务;宾馆酒店;宾馆酒店,100100
B0I1A5FNHO,如家睿柏·云酒店(钦州湾广场店),108.6177106417749,21.983718256777166,住宿服务;宾馆酒店;宾馆酒店,100100
B0H3KKY65M,臻美酒店(钦州江滨公园店),108.62977287265602,21.973052263699756,住宿服务;住宿服务相关;住宿服务相关,100000
B03090MNVV,三好金辉日租公寓(钦州金辉时代广场店),108.62142020652759,21.97091740405815,住宿服务;旅馆招待所;旅馆招待所|商务住宅;商务住宅相关;商务住宅相关,100200|120000
B0JK45KX2Y,宜朵酒店(钦州南珠大道年年丰广场店),108.61735686048998,21.96805815594421,住宿服务;住宿服务相关;住宿服务相关,100000
B03090MHAG,钦州6+1便捷酒店(钦州老街店),108.62912793281599,21.953552837469893,住宿服务;宾馆酒店;宾馆酒店,100100
B0G3N6NYUS,柏悦连锁酒店(钦州港店),108.59831259053647,21.73781357353359,住宿服务;宾馆酒店;宾馆酒店,100100
B0FFLFS8SR,格林豪泰酒店(钦州东站市政府店),108.64322483724158,21.97731389536469,住宿服务;宾馆酒店;宾馆酒店,100100
B0FFLK96FC,品尚奕酒店(钦州北部湾店),108.60812017485367,21.962477597343895,住宿服务;宾馆酒店;宾馆酒店,100100
B0HK57KKP1,澳龙酒店(钦州湾大道万国商业广场店),108.62081498096299,21.972699900011552,住宿服务;宾馆酒店;宾馆酒店,100100
B0FFFXNZEV,欣欣商务酒店(钦州港广场消防鉴定站店),108.59688289163198,21.743548163112237,住宿服务;宾馆酒店;宾馆酒店,100100
B0I1F5P8KA,江语阁酒店,108.61915337582062,21.950126862263534,住宿服务;宾馆酒店;宾馆酒店,100100
B0GKTRPSK8,钦州泰斗宾馆(北部湾大学店),108.62494019515624,21.904008485886003,住宿服务;宾馆酒店;宾馆酒店,100100
B0HG4PQ4YB,钦州巨龙大酒店(钦州港店),108.59857457741764,21.735671642941178,住宿服务;住宿服务相关;住宿服务相关,100000
B0I1TCDRH4,时光·麗酒店(钦州年年丰广场店),108.62046450280629,21.97209998475746,住宿服务;住宿服务相关;住宿服务相关,100000
B03090MHAC,汉林便捷酒店,108.63617285644058,21.980104457647894,住宿服务;宾馆酒店;宾馆酒店,100100
B0FFFX875Z,钦州顺达商务宾馆(鸿发市场店),108.62837459224451,21.986569523453547,住宿服务;宾馆酒店;宾馆酒店,100100
B0FFFGU7DC,钦州精美便捷酒店,108.62219276970579,21.977412644013004,住宿服务;宾馆酒店;宾馆酒店,100100
B0KUNMC3TF,铂兰国际酒店,108.63556649236611,21.990727398766264,住宿服务;宾馆酒店;宾馆酒店,100100
B0FFLK3KJ4,宾至便捷公寓(钦州老街恒基广场店),108.61973602466148,21.961587736877192,住宿服务;住宿服务相关;住宿服务相关,100000
B03090MPW2,雅斯特酒店(钦州人民路大花园店),108.62103209636778,21.964038547856056,住宿服务;宾馆酒店;经济型连锁酒店,100105
B0FFL1ZLHI,银河假日酒店(钦州鸿发夜市美食广场店),108.63238464348994,21.98560261318317,住宿服务;宾馆酒店;宾馆酒店,100100
B0FFLHSTLP,钦州徊家艺术酒店(白石湖店),108.6343424136339,21.937327807212064,住宿服务;住宿服务相关;住宿服务相关,100000
B0HR6H4OV6,羽佳商务酒店(钦州第二人民医院店),108.61327798907477,21.962878222991648,住宿服务;宾馆酒店;宾馆酒店,100100
B0FFFFX1TH,钦州中东招待所(东风市场第一中学店),108.62022528815604,21.96284282951302,住宿服务;旅馆招待所;旅馆招待所,100200
B0FFF2MESR,红树林大酒店(钦州港分店),108.59665575193677,21.748164114683142,住宿服务;宾馆酒店;宾馆酒店,100100
B0FFF9L42D,秦皇酒店,108.60326551573773,21.971748397090654,住宿服务;宾馆酒店;宾馆酒店|餐饮服务;中餐厅;中餐厅,100100|050100
B0J3BAKWSG,观山悦湖度假酒店(北部湾大学城店),108.62063169549475,21.901815297563626,住宿服务;旅馆招待所;旅馆招待所,100200
B0L3X71Y3B,钦州天六智能酒店(钦州湾广场店),108.61880327358661,21.982343542695876,住宿服务;宾馆酒店;宾馆酒店,100100
B0MB17WAX8,婉妞喜居民宿(年年丰中心商业区店),108.61515552014535,21.969213688726324,住宿服务;住宿服务相关;住宿服务相关,100000
B0MBDSGBM9,喜善酒店(钦州老街店),108.60924783926303,21.94818208857531,住宿服务;宾馆酒店;宾馆酒店,100100
B0LUPUYXCN,康桥白鹭湾民宿,108.59290710134223,21.865353599097094,住宿服务;住宿服务相关;住宿服务相关,100000
B0FFFX62EV,锦鹏商务宾馆(红星路店),108.6248707229901,21.977347529346762,住宿服务;宾馆酒店;宾馆酒店,100100
B03090M8WZ,金山宾馆(新兴街),108.61146108933423,21.95979412692756,住宿服务;宾馆酒店;宾馆酒店,100100
B0L2A91W67,壹号民宿,108.65355495213967,21.738055997339384,住宿服务;旅馆招待所;旅馆招待所,100200
B0K2XUC0ZW,雅丽馨酒店(钦州港店),108.65407670673035,21.73923752942743,住宿服务;宾馆酒店;宾馆酒店,100100
B0KG05DDP4,嘉禾轻奢民宿(钦州东站店),108.64376376633811,21.976101417989064,住宿服务;住宿服务相关;住宿服务相关,100000
B0FFG8XVTQ,钦州豪城宾馆,108.59698503622627,21.739758579502688,住宿服务;宾馆酒店;宾馆酒店,100100
B0FFM0ZRRL,鸿源宾馆(钦州老街店),108.61094398441884,21.952281912042576,住宿服务;宾馆酒店;宾馆酒店,100100
B0LKYC4IUG,港湾民宿酒店,108.6542214913708,21.736890295962123,住宿服务;住宿服务相关;住宿服务相关,100000
B0MU5ARM0E,筑星一居套房(钦州湾广场店),108.62646897574538,21.98161560427836,住宿服务;旅馆招待所;旅馆招待所,100200
B0FFFIAHWR,悦海商务宾馆,108.59759086203245,21.738480968599845,住宿服务;旅馆招待所;旅馆招待所,100200
B0J2VCFP6O,钦州黄金海岸酒店,108.65507241242818,21.739605849834348,住宿服务;住宿服务相关;住宿服务相关,100000
B0JG4DDCSN,柒禧轻奢公寓(钦州东站店),108.64311908208899,21.976830842397376,住宿服务;住宿服务相关;住宿服务相关,100000
B0MBY75MEZ,钦季酒店(吾悦广场白石湖公园店),108.63039423544147,21.943600387690243,住宿服务;宾馆酒店;宾馆酒店,100100
B0FFJRJV0Q,钦州瑞亚思客栈(吾悦广场店),108.62564921433568,21.942217853250195,住宿服务;旅馆招待所;旅馆招待所,100200
B0JGARG4IZ,钦州港港印象民宿,108.65968178439796,21.738470779948532,住宿服务;旅馆招待所;旅馆招待所,100200
B0FFH9SNPV,老船长商务酒店,108.62981080502557,21.973096233636404,住宿服务;宾馆酒店;宾馆酒店,100100
B0L2V78WQJ,花钦堂公寓(世贸广场店),108.63959236103729,21.955365375700655,住宿服务;住宿服务相关;住宿服务相关,100000
B03090M8ZW,钦州边海商务宾馆,108.60798633643081,21.961596256035687,住宿服务;宾馆酒店;宾馆酒店,100100
B0FFHEMCLC,钦州悦莱宾馆(北部湾大学店),108.62544739784057,21.904021881219954,住宿服务;住宿服务相关;住宿服务相关,100000
B0J3K5Q38E,江野鹿上花园民宿(沙港中街分店),108.62176973145752,21.9498449828922,住宿服务;住宿服务相关;住宿服务相关,100000
B03090MJYQ,钦州华联商务宾馆(钦州港消防鉴定站店),108.59739169404482,21.743615124395365,住宿服务;旅馆招待所;旅馆招待所|住宿服务;宾馆酒店;宾馆酒店,100200|100100
B03090MJJW,海京宾馆(钦州港店),108.59872903904967,21.74538663364543,住宿服务;宾馆酒店;宾馆酒店,100100
B03090MAAH,钦州南之国宾馆,108.61971272986368,21.96828294865807,住宿服务;宾馆酒店;宾馆酒店,100100
B0M6VHJ0LQ,宜呈丽致酒店(长融世贸广场吾悦广场店),108.63643871453732,21.952195773334864,住宿服务;住宿服务相关;住宿服务相关,100000
B03090M8Q0,万里酒店,108.60751103539314,21.95576174792656,住宿服务;宾馆酒店;宾馆酒店,100100
B0K22CGQL8,万和酒店(钦州港广场消防鉴定站店),108.59717277937456,21.74361115275505,住宿服务;宾馆酒店;宾馆酒店,100100
B03090MHVW,富华商务宾馆,108.63620466895934,21.982682631557427,住宿服务;宾馆酒店;宾馆酒店,100100
B0JR45ED99,雅美途酒店(钦州湾广场鸿发夜市店),108.62494836605494,21.98216772261504,住宿服务;住宿服务相关;住宿服务相关,100000
B0IKY7E0X1,呈季酒店(钦州湾广场火车东站店),108.63110927724043,21.97838097406053,住宿服务;宾馆酒店;宾馆酒店,100100
B03090MJWU,钦州宏海旅馆,108.61586578605629,21.96673488865124,住宿服务;旅馆招待所;旅馆招待所,100200
B03090M8DL,好运来宾馆(钦州大润发店),108.61020379675185,21.971288475540653,住宿服务;宾馆酒店;宾馆酒店,100100
B0FFKEC5BU,雅悦酒店(钦州港广场店),108.596408069855,21.7433821460821,住宿服务;宾馆酒店;宾馆酒店,100100
B0GRT5ESBJ,悦华国际酒店(钦州湾广场店),108.62428839277412,21.982110478653325,住宿服务;宾馆酒店;宾馆酒店,100100
B0FFF509OV,钦州市小董起义烈士墓,108.619122713104,21.944056995600747,生活服务;丧葬设施;陵园|风景名胜;风景名胜;纪念馆,071901|110204
B0FFHVM6GY,健康主题公园,108.63783080763072,21.976719309613753,风景名胜;公园广场;公园,110101
B0FFHDR4BK,钦州园博园,108.67964175296225,21.935776690162093,风景名胜;风景名胜;国家级景点,110202
B03090MAL3,进喜园,108.6374137964982,21.973187277607682,风景名胜;公园广场;公园广场,110100
B030900EJS,冯子材旧居,108.620822276512,21.98691263274956,风景名胜;风景名胜;国家级景点,110202
B0309001H6,刘永福旧居,108.61770839715365,21.94778916071627,风景名胜;风景名胜;纪念馆,110204
B0FFGIASCE,永福广场,108.61912154233984,21.94759168420872,风景名胜;公园广场;城市广场,110105
B0FFH5B374,钦州市钦南区基督教礼拜堂,108.61890755991931,21.95312353791103,风景名胜;风景名胜;教堂,110206
B0FFHHXWCY,三界庙,108.62860780750954,21.95370459463771,风景名胜;风景名胜;寺庙道观,110205
B03090MAKV,钦州湾广场,108.62259711207366,21.97869880374801,风景名胜;公园广场;城市广场,110105
B03090MG6O,河堤公园,108.62001505554841,21.95308439537124,风景名胜;公园广场;公园,110101
B03090MU9Y,同心园,108.6505632384873,21.97134634532738,风景名胜;公园广场;公园,110101
B0FFFOHVIQ,和谐公园,108.6250402711221,21.94023564332879,风景名胜;公园广场;公园,110101
B0FFJWYWK0,蚝情广场,108.59244050607913,21.858601410701947,风景名胜;公园广场;城市广场,110105
B03090MG74,梦园,108.65059373149545,21.980250518359384,风景名胜;公园广场;城市广场,110105
B0MB2S0KW4,茶瀑布(钦州港金鼓农贸市场店),108.65050647443131,21.744985385294907,风景名胜;风景名胜;风景名胜,110200
B0G3VPCAK9,孙中山先生铜像,108.59298595937989,21.743724371714386,风景名胜;风景名胜相关;旅游景点,110000
B0LGO55C3T,七彩水族宠物世界,108.61886589794808,21.96783659059407,风景名胜;公园广场;水族馆|购物服务;购物相关场所;购物相关场所,110104|060000
B0309001HF,新世纪广场,108.61922179228347,21.980688339885518,风景名胜;公园广场;城市广场,110105
B0FFF2AL2W,怡心园,108.60832381740134,21.966080192090594,风景名胜;风景名胜相关;旅游景点,110000
B0FFGIOT26,人口文化广场,108.62292025856485,21.98634806431471,风景名胜;公园广场;城市广场,110105
B0KKBUGKLG,宪法广场,108.65053228218515,21.747742489794046,风景名胜;公园广场;城市广场,110105
B0FFH7C17Z,钦江古龙窑(不对外开放),108.63548901996789,21.9625791557405,风景名胜;风景名胜;风景名胜,110200
B0LBSDPYDE,钦州老街,108.6185173165226,21.948259602650218,风景名胜;风景名胜;风景名胜,110200
B0HGN5LS4D,雷神庙,108.61463199135166,21.931148976443325,风景名胜;风景名胜;寺庙道观,110205
B0H6YXBZMP,平南古渡,108.62089572920712,21.955032400736542,风景名胜;风景名胜相关;旅游景点,110000
B0H3HRZQC0,石化口袋公园,108.62940803784527,21.982494232431467,风景名胜;公园广场;公园,110101
B0H3DRVAT2,钦州刘冯故居景区,108.62122169621071,21.98718133311591,风景名胜;风景名胜相关;旅游景点,110000
B0FFL3S2SC,中马广场,108.66556718996254,21.773147260663336,风景名胜;风景名胜相关;旅游景点,110000
B0FFKUBV2Z,红树湾公园,108.60567330415303,21.85773720240131,风景名胜;公园广场;公园,110101
B0FFKPX5O4,北部湾大学海洋馆,108.61282971375513,21.896480915735715,风景名胜;公园广场;水族馆,110104
B030900PDB,广州会馆,108.62116820570165,21.957831444305008,风景名胜;风景名胜;风景名胜|科教文化服务;展览馆;展览馆,110200|140200
B0MGB7TZC4,瑶山森林,108.64428284383133,21.95225619164411,风景名胜;风景名胜;风景名胜,110200
B0MBFA382T,点翠亭,108.59115401437215,21.74780590674699,风景名胜;风景名胜;风景名胜,110200
B0LU4DOOFR,钦州华祖园门店,108.6290598936508,21.97716116527225,风景名胜;风景名胜相关;旅游景点,110000
B0LKJH20BL,庞氏宗祠(白石岭卓仁公纪念堂),108.64727931217867,21.87294634121354,风景名胜;风景名胜;寺庙道观,110205
B0KRMR3GN2,湖畔公园,108.6207480648081,21.93192352593742,风景名胜;公园广场;公园,110101
B0KGASTX0V,北部湾陈氏宗祠,108.58972881972578,21.939729510031487,风景名胜;风景名胜;风景名胜,110200
B0JDVCMEXJ,古艾瑶,108.62980910290327,21.967070370201593,风景名胜;风景名胜相关;旅游景点,110000
B0HKLSPETG,听音广场,108.63289901587044,21.958948215366448,风景名胜;公园广场;城市广场,110105
B0FFM1XKOO,冯承垿旧居,108.61786326585711,21.946369334916774,风景名胜;风景名胜;纪念馆,110204
B0FFLCOHRO,弦音广场,108.63010609875116,21.95664700409015,风景名胜;公园广场;城市广场,110105
B0FFKU8I7G,中山公园革命烈士纪念碑,108.61497643217751,21.95485700258492,风景名胜;风景名胜;纪念馆,110204
B0MRBOCQXX,梦园广场,108.65046791078538,21.98230971963231,风景名胜;公园广场;城市广场,110105
B0KG1C77Q1,蓝色海湾公园,108.67426109073196,21.801757243566453,商务住宅;住宅区;住宅小区|风景名胜;风景名胜;风景名胜,120302|110200
B0I1DMPDLR,大榄江公园,108.60327477952173,21.945626942713147,风景名胜;公园广场;公园,110101
B0HRBDW4WH,钦州宋城墙遗址公园,108.62047630546037,21.95531597929264,风景名胜;风景名胜;风景名胜,110200
B0G3T7O6IV,孔雀湾公园,108.66032356120388,21.77351838940575,风景名胜;公园广场;公园,110101
B0FFMH8APX,苏廷有旧居,108.61855825918607,21.948323592966997,风景名胜;风景名胜相关;旅游景点,110000
B0JDN55JTR,钦州市基督教堂,108.59498319809961,21.93608518073664,风景名胜;风景名胜;教堂,110206
B0HKUZPXAH,气象公园,108.6139608393583,21.950171615222178,风景名胜;公园广场;公园,110101
B0HK3DKB14,沙尾街冯子材故居,108.62173843792549,21.956787328954317,风景名胜;风景名胜;纪念馆,110204
B0GKM7TGIA,松宇园,108.62646564387931,21.968064172073596,风景名胜;公园广场;公园,110101
B0FFLCUSH4,仙岛公园-钦州港桂花园,108.59476165129614,21.741825604003044,风景名胜;风景名胜相关;旅游景点,110000
B0FFKDR2EG,钦州火龙果农业文化休闲园景区,108.66734048931181,21.985309595853806,风景名胜;风景名胜;风景名胜,110200
B0FFIAX3TF,五猪仔大寺猪肚巴,108.62052607200974,21.958672527493892,风景名胜;风景名胜相关;旅游景点,110000
B0MA3X1C61,钦州湾白海豚广场,108.62491742511497,21.981948655819902,风景名胜;公园广场;城市广场,110105
B0M15R6RQY,钦州盐仓码头遗址,108.61397924540681,21.941402413799718,风景名胜;风景名胜;风景名胜,110200
B0KG3SL8K9,钦南区尖山环头烈士纪念碑,108.60312657154336,21.931361187993986,风景名胜;风景名胜;纪念馆,110204
B0HU6C461L,孙总理逝世周年纪念碑,108.5935518599066,21.743490296088464,风景名胜;风景名胜;纪念馆,110204
B0FFHNO4K5,锦月龟谷,108.61463058306964,21.9600977945434,风景名胜;风景名胜相关;旅游景点,110000
B0FFL8W5R5,康王庙,108.5991638495116,21.869271918040972,风景名胜;风景名胜;寺庙道观,110205
B0FFFHBHY4,铁人王进喜,108.63333064304126,21.970859266841963,风景名胜;风景名胜相关;旅游景点,110000
B0FFHZUPW8,中马海浪广场,108.6757162838758,21.76851191274989,风景名胜;公园广场;城市广场,110105
B0LG0L1UG6,攀桂坊,108.61780133960656,21.946503458241033,风景名胜;风景名胜相关;旅游景点|商务住宅;商务住宅相关;商务住宅相关,110000|120000
B0KA57ETDY,文昌阁,108.67945905340878,21.938341254538635,风景名胜;风景名胜;风景名胜,110200
B0J1XUX8M4,天后宫,108.6202416891932,21.954156671683222,风景名胜;风景名胜;风景名胜,110200
B0FFFZ22RZ,白石湖公园景观位置图,108.63414875996504,21.937617229053334,风景名胜;风景名胜相关;旅游景点,110000
B0MUP1GAN0,李三宅,108.67163960042532,21.977946890433312,风景名胜;风景名胜相关;旅游景点,110000
B0MAR751N6,沙井岛,108.58990283108785,21.856808241808572,风景名胜;风景名胜;风景名胜,110200
B0J03H68EH,紫花谷景区,108.67472272336866,21.92842842519483,风景名胜;风景名胜;风景名胜,110200
B0MDJCK91A,竹瑾高定,108.61312042623341,21.957488778473113,风景名胜;风景名胜相关;旅游景点,110000
B0L3GHH3AP,庞氏宗祠(仕茂公宗祠纪念堂),108.60403964721101,21.91691992625928,风景名胜;风景名胜;寺庙道观,110205
B0L22R052O,钦州市叮当萌宠乐园,108.67293108168603,21.926417868502764,风景名胜;风景名胜相关;旅游景点,110000
B0L0Y770FW,牛食禾村下坡处铁栏门,108.65337705576664,21.988386334961998,风景名胜;风景名胜相关;旅游景点,110000
B0KRNZJ3CE,钦州孙中山文化展示馆,108.59304601925425,21.74225276335046,科教文化服务;展览馆;展览馆|风景名胜;风景名胜相关;旅游景点,140200|110000
B0KGFM3OOZ,白石湖南广场,108.62971693836357,21.9327921418858,风景名胜;公园广场;城市广场,110105
B0HGNMKRBR,文峰卓笔,108.60449260983255,21.931598735219477,风景名胜;风景名胜相关;旅游景点,110000
B0FFM5BVRH,钦州市中山公园-社会主义核心价值观主题公园,108.61537294713922,21.955128790710617,风景名胜;公园广场;公园,110101
B0FFL7KBZU,江滨公园左岸管理办公会,108.63362168233714,21.959129261739445,风景名胜;风景名胜相关;旅游景点,110000
B0MBFA38L5,龙门,108.59196910537071,21.744012416985843,风景名胜;风景名胜;风景名胜,110200
B0JD7CEGR2,刘永福墓,108.650551401221,21.907633984995503,风景名胜;风景名胜;风景名胜,110200
B0FFGY2VDF,和谐公园-和谐塔观景台,108.62575212835735,21.940629969442547,风景名胜;风景名胜;观景点,110209
B0JDOH9XOZ,国防公园,108.61845450121947,21.946174669010087,风景名胜;公园广场;公园,110101
B0FFM9IXWA,钦南园,108.63455890667723,21.959841232056014,风景名胜;公园广场;城市广场,110105
B0FFKK7H3W,冯子材旧居-建筑群,108.62095811128918,21.986360226848635,风景名胜;风景名胜相关;旅游景点,110000
B0LGCHTPXI,青云阁,108.63305999462365,21.932952578289505,风景名胜;风景名胜相关;旅游景点,110000
B0KUFCQZV7,资政第,108.61849530773839,21.949036995295497,风景名胜;风景名胜;风景名胜,110200
B0LBYZLNSI,新来陈口袋公园,108.59983567490885,21.969063217658086,风景名胜;公园广场;公园,110101
B0FFLAM0W9,进喜园-碳补偿纪念林,108.63643284609938,21.970138330398054,风景名胜;风景名胜相关;旅游景点,110000
B0G0BNYFMH,何氏主营地理点穴阴阳二宅,108.6271406511863,21.986345001240387,风景名胜;风景名胜;风景名胜,110200
B0FFHBP73F,大濠门,108.65341533883685,21.94033140052756,风景名胜;风景名胜相关;旅游景点,110000
B0MALS65MG,世外桃源(杨帆大道),108.64252737973273,21.975504194948623,风景名胜;风景名胜;风景名胜,110200
B0M6SA2VOC,玄林山,108.62344828156893,21.969670548568914,风景名胜;风景名胜相关;旅游景点,110000
B0309001IY,仙岛公园,108.59264997295344,21.744654739313944,风景名胜;公园广场;公园,110101
B03090MRWY,白石湖公园,108.63325734006443,21.93895015860421,风景名胜;公园广场;公园,110101
B0FFFE5IZH,和谐塔,108.62569521618971,21.940684064786367,风景名胜;风景名胜相关;旅游景点,110000
B0309001GR,中山公园,108.61534597899096,21.955137818427268,风景名胜;公园广场;公园,110101
B03090MHH2,钦州港广场,108.59681301917875,21.741435294307045,风景名胜;公园广场;城市广场,110105
B0FFKCWQO9,滨海公园,108.59027476735508,21.816426733913293,风景名胜;公园广场;公园,110101
B0LGUREQRJ,丹八桂,108.59866680125076,21.875063744669983,风景名胜;风景名胜相关;旅游景点,110000
B0LDDRB26G,丹八桂,108.623022594261,21.93539168627815,风景名胜;风景名胜相关;旅游景点,110000
B0L0T49CNO,老街对歌台,108.61894858815187,21.951417683134697,风景名胜;风景名胜相关;旅游景点,110000
B0KUFCY0P5,六角亭,108.62115879521212,21.98699131078366,风景名胜;风景名胜相关;旅游景点,110000
B0KGXCT136,章氏宗祠,108.61445099704916,21.976408705468714,风景名胜;风景名胜;风景名胜,110200
B0J3XZ9G89,泰禾苑公园,108.65149219115138,21.970674356689834,风景名胜;公园广场;公园|风景名胜;风景名胜;风景名胜,110101|110200
B03090MUA1,同心园-浙江商会林,108.64972607625724,21.97185808257488,风景名胜;风景名胜相关;旅游景点,110000
B0LGV1UR4G,贵台龙窑,108.67783135233014,21.92879974065006,风景名胜;风景名胜相关;旅游景点,110000
B0MBCCNY8M,刘永福纪念馆,108.61777435903069,21.94682163592204,风景名胜;风景名胜;纪念馆,110204
B0KG3ZMQ45,钦州市钦南区大番坡镇烈士纪念埤,108.64311538963452,21.848394966748064,风景名胜;风景名胜;风景名胜,110200
B0HB7L1GVD,钦州东站站前广场,108.6637422357063,21.981534679004135,风景名胜;公园广场;城市广场,110105
B0FFLITUYG,钦州市和平纪念馆,108.65445716749288,21.97671182456194,风景名胜;风景名胜;纪念馆,110204
B0FFH68ZY1,新长城(入口),108.60786614171109,21.967773267570976,风景名胜;风景名胜相关;旅游景点,110000
B0H644IIB3,灵龟台,108.59087321391121,21.74416334814604,风景名胜;风景名胜相关;旅游景点,110000
B0FFL7985F,顏醫師宅院,108.5971697197131,21.972155195597992,风景名胜;风景名胜相关;旅游景点,110000
B0KRKL7VUU,梦园后山-露营地,108.65158225822856,21.985487222140062,风景名胜;风景名胜相关;旅游景点,110000
B0MUPDDACA,坭兴陶珍品馆,108.62619268603052,21.95573963918525,风景名胜;风景名胜相关;旅游景点|购物服务;购物相关场所;购物相关场所,110000|060000
B0LGFOTSPY,百榄泉,108.63235626187425,21.953609441479237,风景名胜;风景名胜相关;旅游景点,110000
B0KRA1DMC5,竹瑾高定,108.61905154967924,21.949372604357173,风景名胜;风景名胜相关;旅游景点,110000
B0FFMHA9DY,水鬼石,108.59879050834495,21.693530868262624,风景名胜;风景名胜相关;旅游景点,110000
B0LAKXLZQ8,清言堂私房高端古树,108.65878632559935,21.973156085429608,风景名胜;风景名胜相关;旅游景点,110000
B0L6DRSH97,陶兴坭攀登,108.62598202521949,21.955706883259598,风景名胜;风景名胜相关;旅游景点,110000
B0G0T7F9Q5,地矿园,108.64960947001612,21.969113985087876,风景名胜;公园广场;公园,110101
B0LAYRZ0YI,青龙堂,108.63004084494642,21.964147666607428,风景名胜;风景名胜;风景名胜,110200
B0L2B5K4HW,印象钦州,108.62331547529337,21.969801763282803,风景名胜;风景名胜相关;旅游景点,110000
B0KRMLSG5F,横江村潘氏祖堂,108.60510959366643,21.94310394845686,风景名胜;风景名胜相关;旅游景点,110000
B0H644GMRL,兴盛亭,108.59361484902772,21.74344027683752,风景名胜;风景名胜相关;旅游景点,110000
B0LR4HPT97,钦州墙,108.64109729287908,21.95580316292045,风景名胜;风景名胜;风景名胜,110200
B0L0O9ITQX,中沙巷河间堂,108.63191068395732,21.961362765649383,风景名胜;风景名胜;风景名胜,110200
B0LR37DPEN,恒祥广场,108.64091676794958,21.953629419226655,商务住宅;商务住宅相关;商务住宅相关|风景名胜;风景名胜相关;旅游景点,120000|110000
B0L0HPP687,古朝坭兴陶制作区,108.62230317721536,21.986226698998205,风景名胜;风景名胜相关;旅游景点,110000
B0G03CH22Y,平南古渡东岸(暂停开放),108.62193924971623,21.954677102508096,风景名胜;风景名胜;风景名胜,110200
B0KKHH5Y19,花千谷(暂停开放),108.67471574266736,21.9283734121656,风景名胜;风景名胜;风景名胜,110200
B0FFM9MAA3,河东片区公园(建设中),108.65534632864376,21.952373599701165,风景名胜;公园广场;公园,110101
B03090M9WW,人和春天,108.6457432882295,21.961315025573146,商务住宅;住宅区;住宅小区,120302
B0FFGK936P,松宇·时代城,108.65379541412617,21.9618169549821,商务住宅;住宅区;住宅小区,120302
B03090MA3H,钦州保税港区海关,108.64806145114997,21.69207758026078,商务住宅;产业园区;产业园区|政府机构及社会团体;政府机关;政府机关相关,120100|130100
B0FFGRGX3P,恒大御景半岛,108.64216708093238,21.976427227993018,商务住宅;住宅区;住宅小区,120302
B0FFI2Z7CF,钦州恒大学府,108.63427389418304,21.93011846549426,商务住宅;住宅区;住宅小区,120302
B03090M9ID,皇庭御珑湾,108.65386088731519,21.969469477717773,商务住宅;住宅区;住宅小区,120302
B03090MG4N,七里香溪,108.64916648038452,21.948190799211503,商务住宅;住宅区;住宅小区,120302
B0FFKM670M,光大·悦湖云邸,108.63522892714123,21.933701765125036,商务住宅;住宅区;住宅小区,120302
B0FFJ1NPMN,光大天骄御景,108.63840284044966,21.93270343739643,商务住宅;住宅区;住宅小区,120302
B03090MQ33,天和府邸,108.65756512912567,21.9740197835339,商务住宅;住宅区;住宅小区,120302
B03090MJMY,恒祥豪苑,108.64181785759979,21.95493357180215,商务住宅;住宅区;住宅小区,120302
B0JBO7W5GM,康桥·星辉里,108.6433305621003,21.95806556124692,商务住宅;住宅区;住宅区,120300
B03090MAXX,金茂·江滨豪园,108.63193812405048,21.971791690734644,商务住宅;住宅区;住宅小区,120302
B030900PB0,翰林福第,108.61732539511418,21.957919356071947,商务住宅;住宅区;住宅小区,120302
B0FFKMIC7K,滨海·江语湖,108.61946680136676,21.932692221701352,商务住宅;住宅区;住宅小区,120302
B03090M9Y2,中地·滨江国际,108.64646884829762,21.979168265656508,商务住宅;住宅区;住宅小区,120302
B03090M9VU,东岸阳光,108.65785566576288,21.96972019670804,商务住宅;住宅区;住宅小区,120302
B0J3VAWJ3K,北投湖畔公园里,108.63811260386726,21.92880202836029,商务住宅;住宅区;住宅小区,120302
B0FFL0YYZ3,人和春天G区,108.64577913702983,21.962825683722006,商务住宅;住宅区;住宅小区,120302
B0FFMCFERR,境东十里,108.67896408931891,21.960955966156863,商务住宅;住宅区;住宅小区,120302
B0FFI2IDKJ,中国-马来西亚钦州产业园区,108.67447913880959,21.770046915277266,商务住宅;产业园区;产业园区,120100
B0FFKMK3TG,钦江华府,108.65047986112779,21.962486278259853,商务住宅;住宅区;住宅区,120300
B03090MA3A,巨龙·国际,108.5980707543848,21.736582108995716,商务住宅;住宅区;住宅小区,120302
B0FFFEBIVD,阳光之春,108.63399823603461,21.994827652622536,商务住宅;住宅区;住宅小区,120302
B0IAJO5PRZ,绿地交投·中央公园,108.62652129273366,21.932478127620918,商务住宅;住宅区;住宅小区,120302
B0FFGZB0AG,万锦悦府,108.65054000943968,21.95675143759725,商务住宅;住宅区;住宅小区,120302
B0FFKO866W,金钟美墅湾,108.65443727267184,21.955236640829167,商务住宅;住宅区;住宅区,120300
B0FFHOUD57,中地滨江壹号,108.64305388451876,21.98361816929464,商务住宅;住宅区;住宅区,120300
B0FFHGWUGY,奥林华府,108.62191423998624,21.935125797027855,商务住宅;住宅区;住宅小区,120302
B0FFIPFYMP,碧桂园安州府,108.62253357829262,21.930100711054866,商务住宅;住宅区;住宅区,120300
B0FFI9ISKS,钦州碧桂园天玺湾,108.64648139156569,21.9878943768955,商务住宅;住宅区;住宅小区,120302
B0FFKOPO9V,宁越东园小区,108.65466864112818,21.957300199124795,商务住宅;住宅区;住宅小区,120302
B0FFJPA87U,正元·及第尊府,108.64347582625012,21.96684450007322,商务住宅;住宅区;住宅小区,120302
B0FFGDKAZV,奥林财富中心,108.63855087272185,21.966857497802327,商务住宅;楼宇;商务写字楼,120201
B0FFGRQHF8,钦州市尖山物流园,108.60118262352059,21.9344903537838,商务住宅;产业园区;产业园区,120100
B03090MIQ0,宁越花园,108.61883308464803,21.985397959809962,商务住宅;住宅区;住宅小区,120302
B030900MN2,阳光家园,108.65430156785271,21.975812683664405,商务住宅;住宅区;住宅小区,120302
B0FFF26VF3,皇庭天麓湖,108.6614183199436,21.9696554549663,商务住宅;住宅区;住宅小区,120302
B03090MQ30,高新钦园,108.67748380408905,21.956308522041738,商务住宅;住宅区;住宅区,120300
B0FFK17792,阳光城翡丽湾,108.63913032942655,21.95446367919144,商务住宅;住宅区;住宅小区,120302
B03090MAI3,世代宝第,108.64884865266394,21.979237141315917,商务住宅;住宅区;住宅小区,120302
B0FFG338TO,光大天骄峰景,108.63632562461979,21.938058196515446,商务住宅;住宅区;住宅小区,120302
B0FFMG7623,新江山美地,108.645925694652,21.985742316136623,商务住宅;住宅区;住宅小区,120302
B0G1PUKVG7,吾悦公馆A区,108.62719254711241,21.94583366118888,商务住宅;住宅区;住宅小区,120302
B0GUJSP9IK,北投凤景湾,108.66450664771394,21.97696705546116,商务住宅;住宅区;住宅区,120300
B0FFJOU13J,敏捷珑玥湾,108.64083342828887,21.984362168818148,商务住宅;住宅区;住宅小区,120302
B0FFFWNM5G,宏基·御堤湾,108.63756069252,21.9694622797942,商务住宅;住宅区;住宅小区,120302
B0IB27VKU5,人和春天A区,108.6428594489547,21.960042288088438,商务住宅;住宅区;住宅小区,120302
B030900PAS,北部湾大厦(南珠西大街),108.62116590065223,21.964148456896407,商务住宅;楼宇;商务写字楼,120201
B0FFGI8M2D,元通·观天下,108.6155470493168,21.969256369252136,商务住宅;住宅区;住宅小区,120302
B0FFK0SRCJ,中梁·钦州府,108.66091814544693,21.97678779079544,商务住宅;住宅区;住宅小区,120302
B0FFKGQJ93,海慧春天,108.65050415743784,21.955370843460333,商务住宅;住宅区;住宅小区,120302
B0FFKMCNSK,奥林商业,108.62314834106445,21.93672618053616,商务住宅;住宅区;住宅小区,120302
B03090MAKH,钦州商业大厦(新兴街),108.61838598047777,21.95870871595026,商务住宅;楼宇;商务写字楼,120201
B03090MH2X,锦绣尊品,108.62710323438621,21.97567799167173,商务住宅;住宅区;住宅小区,120302
B030900PAU,丽景天下,108.60730270014894,21.94577009671795,商务住宅;住宅区;住宅小区,120302
B0FFHOEOAM,钦州国贸中心,108.64900042226405,21.977121869551596,商务住宅;楼宇;商务写字楼,120201
B0FFI7VSR6,世纪新城A区,108.61799440241154,21.981077733526167,商务住宅;住宅区;住宅小区,120302
B0FFHNTWLX,人和春天C区,108.64832775538078,21.959795813640472,商务住宅;住宅区;住宅小区,120302
B0IAHZ5SUV,交投·白石印,108.62560066662053,21.934532242526927,商务住宅;住宅区;住宅区,120300
B0FFK0SRCF,珑玥府,108.63673091372338,21.957042639947772,商务住宅;住宅区;住宅小区,120302
B0G3GSTPD8,交投碧桂园星悦湾,108.61963273275965,21.92945850885669,商务住宅;住宅区;住宅小区,120302
B0FFFEB7IQ,钦城一品,108.65236104728632,21.974445577420184,商务住宅;住宅区;住宅小区,120302
B03090M9WX,东方豪庭,108.63750641505158,21.956893377625697,商务住宅;住宅区;住宅小区,120302
B03090M9VY,富贵世家,108.65520632977986,21.97913159232821,商务住宅;住宅区;住宅小区,120302
B030900MMS,中央公馆,108.62837521410006,21.97384248770667,商务住宅;住宅区;住宅小区,120302
B03090M9VW,钦江丽景,108.6528905139843,21.981229834308486,商务住宅;住宅区;住宅小区,120302
B0FFHI35DT,家兴苑七区,108.59897660276934,21.958651455329072,商务住宅;住宅区;住宅小区,120302
B0FFI1XWA4,青年公寓,108.67324883051907,21.774693259192656,商务住宅;住宅区;住宅小区,120302
B0FFHOUCAX,嘉华·阆苑,108.62635112419294,21.962019436341038,商务住宅;住宅区;住宅小区,120302
B0FFH88DX3,家兴苑六区,108.65708630715861,21.99291562584023,商务住宅;住宅区;住宅小区,120302
B03090MJMV,东进大楼,108.62761448028252,21.973889491992892,商务住宅;楼宇;商务写字楼,120201
B030900MLP,联通大厦(环宇街),108.62722886531641,21.979011414790236,商务住宅;楼宇;商务写字楼,120201
B03090MUAM,中旭·东方韵,108.65445729022775,21.953951991354074,商务住宅;住宅区;住宅小区,120302
B03090MCVR,碧海盛世国际大厦,108.63244294100471,21.97738063350102,商务住宅;楼宇;商务写字楼,120201
B0FFGI9JI3,青城中央广场,108.62253209939013,21.960451197951418,商务住宅;住宅区;住宅小区,120302
B03090MA31,天和·金鼓新城,108.60037720778863,21.745655358803592,商务住宅;住宅区;住宅小区,120302
B0FFH2F68L,安惠一园公租房小区,108.65522055083122,21.994239712908357,商务住宅;住宅区;住宅小区,120302
B03090M8JF,太阳城,108.61411929713285,21.978101783905338,商务住宅;住宅区;住宅小区,120302
B030900EGS,世纪新城,108.6174111526929,21.98114231998922,商务住宅;住宅区;住宅小区,120302
B0309001H1,华信香江花园,108.60610080071187,21.964128493406353,商务住宅;住宅区;住宅小区,120302
B0FFIIGVRB,天润一号,108.67550810482382,21.96377380227853,商务住宅;住宅区;住宅小区,120302
B0FFHO3IWA,农垦家园,108.59921538382027,21.96081643579587,商务住宅;住宅区;住宅小区,120302
B030900PA1,泰禾盛世名门,108.61771645701498,21.966856243394894,商务住宅;住宅区;住宅小区,120302
B0L6OHH0JM,吾悦公馆,108.62877399621816,21.944099792842707,商务住宅;住宅区;住宅小区,120302
B0309001GW,新澳花园,108.60747146159692,21.947700923869697,商务住宅;住宅区;住宅小区,120302
B0FFM7V43E,海悦港城,108.62269423186422,21.932333596972626,商务住宅;住宅区;住宅小区,120302
B0LB1S2TDK,阳光曼哈顿,108.64070061081976,21.96579256560949,商务住宅;楼宇;商住两用楼宇,120203
B0GK1GVT0P,北部湾大学大学生创业园,108.60823106707038,21.900948185590043,商务住宅;产业园区;产业园区,120100
B030900PGR,蓝天丽都,108.60703491600427,21.96655415551135,商务住宅;住宅区;住宅小区,120302
B030900MMU,锦绣家园,108.62980738649415,21.961335641635554,商务住宅;住宅区;住宅小区,120302
B0LBH5ZA7L,长融人和大地,108.65795175306792,21.98366063358907,商务住宅;住宅区;住宅小区,120302
B0FFFEADRS,年年丰广场丰园A区,108.62285812600015,21.970489610498497,商务住宅;住宅区;住宅小区,120302
B030900MMX,幸福苑时代名城,108.63253569740586,21.97892523484893,商务住宅;住宅区;住宅小区,120302
B0FFGIAMEY,红日国际大厦,108.62832207053837,21.978599815584808,商务住宅;楼宇;商务写字楼,120201
B0309003R9,钦州市交通局大厦,108.63404493716516,21.978762984883208,商务住宅;楼宇;商务写字楼,120201
B03090MAII,兴桂惠民小区,108.65240596392938,21.953794663914938,商务住宅;住宅区;住宅小区,120302
B0GRVXVJ9A,奥林云溪海棠,108.62364573120969,21.9338622423696,商务住宅;住宅区;住宅小区,120302
B0G1N973JG,碧桂园·红树湾(建设中),108.59517166491929,21.863439711946334,商务住宅;住宅区;住宅区,120300
B0FFG1Z6EC,世洋丽豪园,108.63609669318693,21.966018879833577,商务住宅;住宅区;住宅小区,120302
B030900MLK,东泉大厦,108.62603383625277,21.978332585978176,商务住宅;楼宇;商务写字楼,120201
B0FFGB3D43,光大白石湖广场,108.6359492966968,21.93905023930603,商务住宅;楼宇;商住两用楼宇,120203
B0FFF2QNF8,半宙制药厂宿舍区,108.63095242297028,21.981059460616482,商务住宅;住宅区;宿舍,120303
B0FFFEH7RV,钦州石油公寓,108.64630732254743,21.97661433255547,商务住宅;住宅区;住宅小区,120302
B03090MAIH,远辰·金湾蓝岸,108.62464377286747,21.942618254269533,商务住宅;住宅区;住宅小区,120302
B0HB2ZVSB8,幸福小镇,108.67224263972693,21.78652033456947,商务住宅;商务住宅相关;商务住宅相关,120000
B0FFFWP7LC,明月园,108.66437436929215,21.94854177273952,商务住宅;产业园区;产业园区,120100
B0309003OP,钦州供电局大厦,108.6207717268831,21.979153010113368,商务住宅;楼宇;商务写字楼,120201
B0FFM8YGD8,吾悦公馆B区,108.62874507933698,21.943400496958443,商务住宅;住宅区;住宅小区,120302
B03090MAI4,奥林名城,108.65524888681455,21.96586721041137,商务住宅;住宅区;住宅小区,120302
B030900PG1,玉锦苑,108.61199058438137,21.979316024789,商务住宅;住宅区;住宅小区,120302
B0FFJYJX2I,曙光园,108.66449365080346,21.95733573991068,商务住宅;产业园区;产业园区,120100
B0FFLB25B0,绿地交投·中央公园璟湖,108.62479503155318,21.932502243942356,商务住宅;住宅区;住宅小区,120302
B030900MN0,泽源小区,108.64598267606128,21.983632219207877,商务住宅;住宅区;住宅小区,120302
B03090MQ31,盛天华府,108.6407115182346,21.967226230324577,商务住宅;住宅区;住宅小区,120302
B03090MAV8,广场丽园,108.6227336863429,21.983271818377748,商务住宅;住宅区;住宅小区,120302
B0FFK10M8E,大华·财富广场二期,108.5974580813609,21.735032568897616,商务住宅;住宅区;住宅小区,120302
B030900MMP,嘉福东方小区,108.62689304092632,21.986652459051335,商务住宅;住宅区;住宅小区,120302
B030900MLU,长荣新城小区,108.62569381045377,21.949037054184437,商务住宅;住宅区;住宅小区,120302
B030900MMZ,合盛·文华名苑,108.64496540221616,21.9724616585403,商务住宅;住宅区;住宅小区,120302
B0FFHOUCHJ,扬帆国际,108.6386117847183,21.94580736617345,商务住宅;住宅区;住宅小区,120302
B03090MAJV,海伦堡花苑,108.60622608698306,21.956176639372057,商务住宅;住宅区;住宅小区,120302
B03090M9VM,都市春天,108.63467593231336,21.97524939097247,商务住宅;住宅区;住宅小区,120302
B030900MLM,邮政大厦(永福西大街),108.62607871856501,21.979268974935618,商务住宅;楼宇;商务写字楼,120201
B030900MLR,海豚湾大厦,108.63390642615504,21.953617219887608,商务住宅;楼宇;商住两用楼宇,120203
B03090M9WC,银河雅苑,108.63486311318042,21.984787637384652,商务住宅;住宅区;住宅小区,120302
B0FFGIAU5M,雄泰·香缇丽景,108.63161909816512,21.98396791501906,商务住宅;住宅区;住宅小区,120302
B0HR0ZUVT2,吾悦公馆C区,108.63130770824858,21.941967353496853,商务住宅;住宅区;住宅小区,120302
B03090MACF,正坤世纪广场,108.6259563075171,21.971231308325976,商务住宅;住宅区;住宅小区,120302
B0FFIS5XC6,盛天华府A区,108.64139913023298,21.966900958667527,商务住宅;住宅区;住宅小区,120302
B0FFIW83AO,正元·清水湾,108.63790304251042,21.989417212456665,商务住宅;住宅区;住宅小区,120302
B030900EBC,佳信·红林新都阳光海岸,108.5947441980968,21.751327572170105,商务住宅;住宅区;住宅小区,120302
B0FFJA4J3G,建行大厦,108.61364525071552,21.969595127600925,商务住宅;楼宇;商务写字楼,120201
B0KG3SL8DW,绿地交投·中央公园御湖,108.62768538465905,21.932530681475782,商务住宅;住宅区;住宅小区,120302
B030900N1A,农村信用社大厦,108.62266013136063,21.97639563991229,商务住宅;楼宇;商务写字楼,120201
B0KU3UFVR6,人和天悦,108.66036717895757,21.982092348122833,商务住宅;住宅区;住宅小区,120302
B03090M9VX,古越扬帆,108.6552617556061,21.967926166465787,商务住宅;住宅区;住宅小区,120302
B0FFLPF1AR,钦州·彰泰红,108.66113413652269,21.966686580829023,商务住宅;住宅区;住宅小区,120302
B03090MHZY,五皇新城,108.64814851847103,21.952274542059797,商务住宅;住宅区;住宅小区,120302
B0FFG0NZZ3,茅坡茂盛小区,108.59854994645661,21.811145252497045,商务住宅;住宅区;住宅小区,120302
B0FFHXU9PM,河东公寓,108.6578380002812,21.963781403540203,商务住宅;住宅区;住宅小区,120302
B03090M8BN,金色海岸(钦州湾大道),108.624808703667,21.979720729383665,商务住宅;住宅区;住宅小区,120302
B0FFGI9JK1,锦绣家园1期,108.63019770427405,21.96145617236905,商务住宅;住宅区;住宅小区,120302
B0FFI0MQ92,人和春天D区,108.64829172827176,21.9619519042567,商务住宅;住宅区;住宅小区,120302
B0KR6CXVWJ,钦州铁路住宅小区,108.61349281507623,21.982046162300115,商务住宅;住宅区;住宅小区,120302
B0FFFVIS9D,恒基国际城,108.61880628388074,21.961558660386764,商务住宅;住宅区;住宅区,120300
B0FFKBCHU8,钦州巨龙如意城,108.66251524043408,21.736076430947463,商务住宅;住宅区;住宅区,120300
B0FFHMA5U5,人和春天B区,108.64586908594502,21.959939154135668,商务住宅;住宅区;住宅小区,120302
B03090MHFB,宏华大厦(育才路),108.62494938833065,21.981679489995447,商务住宅;楼宇;商务写字楼,120201
B03090MH2Q,世纪新城B区,108.61716841228451,21.982167033465515,商务住宅;住宅区;住宅小区,120302
B0FFFDZVLL,滨海华都,108.65239485520583,21.976790629570427,商务住宅;住宅区;住宅区,120300
B0FFH6SGLR,广厦花苑,108.62984907381858,21.9662539278718,商务住宅;住宅区;住宅小区,120302
B030900MMY,皇庭翡翠湾,108.63668612417638,21.974905210265117,商务住宅;住宅区;住宅小区,120302
B0FFGIAH6S,恒基广场A座,108.61995173867734,21.961370411556786,商务住宅;楼宇;商务写字楼,120201
B0FFK55Q5L,孔雀湾东郡,108.66076493777805,21.76510993649537,商务住宅;住宅区;住宅小区,120302
B030900M6B,嘉怡锦湾,108.59833722827102,21.745105591372663,商务住宅;住宅区;住宅小区,120302
B03090M9Y0,水岸蓝都,108.6339102768693,21.976927310085614,商务住宅;住宅区;住宅小区,120302
B03090MOEY,海富中心,108.59664301344547,21.74283289337961,商务住宅;商务住宅相关;商务住宅相关,120000
B03090MI01,丽嘉花园,108.59696282464688,21.74432147508283,商务住宅;住宅区;住宅小区,120302
B030900PAO,海角八号,108.596432671269,21.751474526821134,商务住宅;住宅区;住宅小区,120302
B030900P9Z,鑫隆国际,108.61996321030391,21.971872398330436,商务住宅;住宅区;住宅小区,120302
B030900MLO,信用大厦(南珠东大街),108.62678279877674,21.95437825512553,商务住宅;楼宇;商务写字楼,120201
B0KBBCO3IP,广源国际物流园,108.6794891879674,21.69180363126022,商务住宅;产业园区;产业园区,120100
B0FFIM9OVV,中马国际科技园,108.66747586148824,21.76886376505141,商务住宅;商务住宅相关;商务住宅相关,120000
B0FFGYQ4Q4,开投大厦,108.64344459957418,21.97278737857987,商务住宅;楼宇;商务写字楼,120201
B030900M6A,金海湾小区,108.59817361139824,21.738633936740047,商务住宅;住宅区;住宅小区,120302
B0309003RN,金港花园,108.5906878003867,21.732270414844972,商务住宅;住宅区;住宅小区,120302
B0LBRSCIYR,保税港,108.65142838895937,21.72504054498567,商务住宅;产业园区;产业园区,120100
B0FFKBCIEP,北部湾·名座,108.62346756192866,21.963335511044676,商务住宅;住宅区;住宅小区,120302
B03090M95O,城市之春,108.61807073836405,21.97215242259099,商务住宅;住宅区;住宅小区,120302
B0KUS5SDUM,万锦悦府2期,108.65046910051075,21.95811421418129,商务住宅;住宅区;住宅小区,120302
B03090MIPV,鸿福小区,108.6256521152737,21.964619534617775,商务住宅;住宅区;住宅小区,120302
B0FFGIAFQO,广厦花苑C区,108.62940276495861,21.96782427265755,商务住宅;住宅区;住宅小区,120302
B0309001HK,水东公寓,108.63294019682908,21.953719663297562,商务住宅;住宅区;住宅小区,120302
B0FFG862J0,坭兴陶文化创业产业园,108.67919016435152,21.928676141254584,商务住宅;产业园区;产业园区,120100
B03090040C,文峰庄园,108.61280954292963,21.96210321994282,商务住宅;住宅区;住宅小区,120302
B0FFJIV077,物资大厦,108.6217238958392,21.96832183938717,商务住宅;楼宇;商务写字楼,120201
B0FFGX64Z5,家兴苑五区,108.64668049730973,21.956684203790946,商务住宅;住宅区;住宅小区,120302
B0FFJTI1WB,红树林小区,108.66244301101288,21.764592534084446,商务住宅;住宅区;住宅区,120300
B0FFLLK82Z,云星钱隆天下,108.65707536006207,21.951874151895286,商务住宅;住宅区;住宅区,120300
B0FFFF6PSX,八角楼,108.6228140527846,21.973330010499577,餐饮服务;中餐厅;特色/地方风味餐厅|商务住宅;商务住宅相关;商务住宅相关,050118|120000
B0FFGIA3SN,金湾住宅小区,108.62913726589416,21.96686116699779,商务住宅;住宅区;住宅小区,120302
B0FFKBCL9V,恒信幸福里,108.60917652633036,21.976527634974683,商务住宅;住宅区;住宅区,120300
B030900PAT,港湾丽园,108.59536951189428,21.741153300660258,商务住宅;住宅区;住宅区,120300
B0FFJUCKJJ,中船生活区,108.66006895191487,21.73695742627784,商务住宅;商务住宅相关;商务住宅相关,120000
B0FFGI9FRN,九号公馆小区,108.61410464383837,21.97133458134911,商务住宅;住宅区;住宅小区,120302
B0FFF063BS,金港大厦,108.67760266789467,21.953410917102037,商务住宅;楼宇;商务写字楼,120201
B03090M9XJ,城市新座,108.62984059380933,21.976359743724537,商务住宅;住宅区;住宅小区,120302
B0FFFCWUK7,东方大厦(人民路),108.61884428388716,21.960518126834245,商务住宅;楼宇;商务写字楼,120201
B03090MHQ1,东升豪庭,108.64505233900653,21.969982331915922,商务住宅;住宅区;住宅小区,120302
B0G1F7PCNU,七里香溪北区,108.64964039479266,21.948943317693086,商务住宅;住宅区;住宅小区,120302
B03090M9VZ,滨海明珠,108.64498143059096,21.97119102730203,商务住宅;住宅区;住宅小区,120302
B0FFF2L1P3,广厦花苑A区,108.62953169250558,21.96478465382618,商务住宅;住宅区;住宅小区,120302
B0H1T5HQFE,七里香溪南区,108.64805999838873,21.946459922597466,商务住宅;住宅区;住宅小区,120302
B0K64HJ9WL,国贸城市花园,108.64073774840797,21.961452438638034,商务住宅;住宅区;住宅小区,120302
B0G14BD3ER,光大天骄峰景二区,108.6364105089764,21.937089605180535,商务住宅;住宅区;住宅小区,120302
B03090MA21,远洋滨海国际,108.59541223787573,21.746575553656808,商务住宅;住宅区;住宅小区,120302
B03090MAMV,大华·财富广场,108.59702236602266,21.73262264035542,商务住宅;楼宇;商住两用楼宇,120203
B0J0PM6OAX,中地滨江壹号二区,108.64552375325455,21.98174911405015,商务住宅;住宅区;住宅小区,120302
B03090MUAS,扬帆新城,108.64663353302268,21.95802292328784,商务住宅;住宅区;住宅小区,120302
B0FFFPS79I,丰汇广场,108.6552350039023,21.943871747984005,商务住宅;住宅区;住宅小区,120302
B0FFHRJD2S,盛天华府B区,108.63950193197141,21.967801444187355,商务住宅;住宅区;住宅小区,120302
B0G1G9P2GJ,世纪新城C区,108.61575927997052,21.979768176246235,商务住宅;住宅区;住宅小区,120302
B0FFF0DL6A,红日国贸,108.61968419835422,21.95948278679054,商务住宅;楼宇;商务写字楼,120201
B0FFH8C9ZP,艺华联盟大楼,108.63158168972362,21.973253884196968,商务住宅;楼宇;商务写字楼,120201
B03090MJMO,阳光丽城,108.62446130136773,21.978523573910632,商务住宅;住宅区;住宅小区,120302
B0FFHRX91O,钦州港口岸联检大楼,108.65428846623293,21.734280100803133,商务住宅;楼宇;商务写字楼,120201
B030900N0F,中国农业银行钦州明珠支行大院,108.61756779700643,21.963814936711813,商务住宅;住宅区;住宅小区|金融保险服务;银行;中国农业银行,120302|160107
B0FFFE47Z1,新隆竹苑,108.65367954052198,21.944327825400467,商务住宅;住宅区;住宅小区,120302
B0309003RY,钦州港招商大厦,108.59850834875567,21.74103286746833,商务住宅;楼宇;商务写字楼,120201
B03090MJNH,华信置业广场,108.62658050313385,21.987587292843855,商务住宅;楼宇;商住两用楼宇,120203
B0KD0HVC1E,慧宝康城(建设中),108.63150338582581,21.98230528858862,商务住宅;住宅区;住宅小区,120302
B0KK1STF9I,文和上城,108.64369799391051,21.95394197997101,商务住宅;住宅区;住宅小区,120302
B03090MH2J,丽湾明珠,108.62921979973152,21.9735092191242,商务住宅;住宅区;住宅小区,120302
B0FFGK3267,恒基城市经典,108.62226934344554,21.963368880886836,商务住宅;住宅区;住宅小区,120302
B0FFGI9H3I,祥和景都,108.62487153019417,21.960805660026903,商务住宅;住宅区;住宅小区,120302
B0FFFFT7ID,家兴苑二区,108.63799152724549,21.996369355779816,商务住宅;住宅区;住宅小区,120302
B0JRKZ55HU,农校东苑,108.64683945839334,21.9504799691161,商务住宅;住宅区;住宅小区,120302
B030900PGK,劳动大厦,108.61865629647157,21.965395636319762,商务住宅;楼宇;商务写字楼,120201
B0FFHOUDA6,恒基·华府,108.6181237813472,21.969850276639445,商务住宅;住宅区;住宅小区,120302
B0FFK4BSZO,中马燕窝加工贸易基地,108.6796546957742,21.774972314524632,商务住宅;商务住宅相关;商务住宅相关,120000
B030900PGW,金辉海湾花园,108.6117754862624,21.944915799756718,商务住宅;住宅区;住宅小区,120302
B03090MH9S,阳光金都小区,108.62422480092197,21.975762541898995,商务住宅;住宅区;住宅小区,120302
B0309001HP,钦州市人民政府,108.65059754899059,21.98377918366832,政府机构及社会团体;政府机关;地市级政府及事业单位,130103
B030900MP1,钦州市钦南区人民政府,108.65366462523755,21.94329836124601,政府机构及社会团体;政府机关;区县级政府及事业单位,130104
B0FFFDPT49,钦州市公安局,108.64239118913555,21.964783322040134,政府机构及社会团体;公检法机构;公安警察,130501
B03090M8P3,钦州市钦南区教育局,108.61063440727688,21.949992034510977,政府机构及社会团体;政府机关;区县级政府及事业单位,130104
B0309001H0,国家税务总局钦州市钦北区税务局,108.60738170292437,21.964880166552135,政府机构及社会团体;工商税务机构;工商税务机构,130700
B030900M6S,钦州市公安局交通管理支队中马钦州产业园区大队,108.60047121269616,21.744505854290665,政府机构及社会团体;交通车辆管理;交通管理机构,130601
B03090M9V2,钦州海事局,108.65716427132092,21.94949385039606,政府机构及社会团体;政府机关;地市级政府及事业单位|政府机构及社会团体;政府机关;区县级政府及事业单位,130103|130104
B03090MVD7,钦州港派出所,108.6021709585062,21.750095664113527,政府机构及社会团体;公检法机构;公安警察,130501
B0FFKF06WV,钦州市自然资源局,108.63174713642837,21.978520153789795,政府机构及社会团体;政府机关;地市级政府及事业单位,130103
B0FFF2G6IB,钦州市钦南区人民法院(金海湾东大街),108.6466003922221,21.94200833943059,政府机构及社会团体;公检法机构;法院,130503
B03090MP0F,钦州市中级人民法院,108.65679748647632,21.942099004188837,政府机构及社会团体;公检法机构;法院,130503
B0FFH4UTI1,钦州市政务服务中心,108.63449097544502,21.94061415813882,政府机构及社会团体;政府机关;地市级政府及事业单位,130103
B0FFFWP8T1,钦州市公安局钦南分局,108.64909791289864,21.94247819369136,政府机构及社会团体;公检法机构;公安警察,130501
B03090M93O,钦州市教育局,108.59587265512425,21.962348663826365,政府机构及社会团体;政府机关;地市级政府及事业单位,130103
B0KUV7VTCY,子材派出所,108.62749157054104,21.976196744858687,政府机构及社会团体;公检法机构;公安警察,130501
B030900PHK,钦州市住房和城乡建设局,108.621601626557,21.97745031087688,政府机构及社会团体;政府机关;地市级政府及事业单位,130103
B0HRMHHPDU,恒鹏检测站,108.6103321390741,21.98219756798202,政府机构及社会团体;交通车辆管理;验车场,130603
B0FFJNA2JJ,钦州市消防救援支队,108.65694097657268,21.94569545380124,政府机构及社会团体;公检法机构;消防机关,130504
B0309001HO,钦州市财政局,108.63491095954996,21.986085180690548,政府机构及社会团体;政府机关;地市级政府及事业单位,130103
B030900MPI,鸿亭派出所,108.64649999462509,21.974829152331324,政府机构及社会团体;公检法机构;公安警察,130501
B0309001GE,广西壮族自治区钦州市烟草专卖局,108.61472981441263,21.973486083097942,政府机构及社会团体;政府机关;地市级政府及事业单位,130103
B0FFKNOE0V,钦南区自然资源局,108.62285906258585,21.971759213096203,政府机构及社会团体;政府机关;区县级政府及事业单位,130104
B030900PIM,南珠派出所,108.61154379229916,21.964133134489476,政府机构及社会团体;公检法机构;公安警察,130501
B030900LW0,大番坡镇人民政府,108.64406653789798,21.845464015358182,政府机构及社会团体;政府机关;乡镇级政府及事业单位,130105
B0FFKOPTM0,钦南区市场监管管理局南珠市场监督管理所,108.62587646762827,21.97056408907436,政府机构及社会团体;政府机关;乡镇级政府及事业单位|政府机构及社会团体;政府机关;区县级政府及事业单位,130105|130104
B0FFFDSOOH,钦州市君林检测站,108.63129755329244,21.945503055586446,政府机构及社会团体;交通车辆管理;验车场,130603
B0FFHOB81W,白石湖广场政务中心,108.63425541408606,21.940629511271666,政府机构及社会团体;政府机关;政府机关相关,130100
B0FFKGBG4Q,钦州市生态环境局,108.64910334408374,21.97409825180966,政府机构及社会团体;政府及社会团体相关;政府及社会团体相关,130000
B0IRA7U5U9,钦州市车安机动车检测有限公司,108.63914043845762,21.99256875981927,政府机构及社会团体;交通车辆管理;验车场,130603
B030900MP8,沙埠镇人民政府,108.632629812954,21.95266560318839,政府机构及社会团体;政府机关;乡镇级政府及事业单位,130105
B03090M9GH,钦州市民政局,108.63648666288903,21.992141677519783,政府机构及社会团体;政府机关;地市级政府及事业单位,130103
B0309001GD,钦州市公安局第二办公区,108.62233266490236,21.97535951393549,政府机构及社会团体;公检法机构;公安警察,130501
B0309003QJ,钦州市水利局,108.63356660593273,21.962761071994926,政府机构及社会团体;政府机关;地市级政府及事业单位,130103
B0HUVU1X5N,钦州市公安局沙埠派出所,108.62410384223543,21.937769575503403,政府机构及社会团体;公检法机构;公安警察,130501
B0309003PL,钦州海关,108.6570735276246,21.948565576621057,政府机构及社会团体;政府机关;地市级政府及事业单位,130103
B0FFGXM43L,钦州市农业农村局,108.64975197394274,21.95246580000071,政府机构及社会团体;政府机关;地市级政府及事业单位,130103
B0309002JK,广西壮族自治区第三地质队,108.62418557954587,21.981524321588097,政府机构及社会团体;政府机关;省直辖市级政府及事业单位,130102
B0HR55AF71,钦州港政务服务中心,108.66608398661245,21.772644055830163,政府机构及社会团体;政府机关;政府机关相关,130100
B03090MAFE,钦南区人力资源和社会保障局,108.63268669937622,21.952876622910843,政府机构及社会团体;政府机关;区县级政府及事业单位,130104
B0FFKMFAXB,钦南区农业农村局,108.61091258400718,21.961159167248127,政府机构及社会团体;政府机关;区县级政府及事业单位,130104
B0FFLCLFQU,钦州出入境边防检查站,108.65711434579792,21.950331343120506,政府机构及社会团体;政府机关;地市级政府及事业单位,130103
B030900PH9,广西沿海水环境监测中心,108.61278323200001,21.969074559337905,政府机构及社会团体;政府机关;地市级政府及事业单位|政府机构及社会团体;政府机关;省直辖市级政府及事业单位,130103|130102
B0M6M6TFTK,钦州市公安局交通警察支队一大队,108.61103199021304,21.97086570426308,政府机构及社会团体;交通车辆管理;交通管理机构,130601
B0309003UN,广西壮族自治区钦州市气象局,108.61640403593388,21.96855227097755,政府机构及社会团体;政府机关;地市级政府及事业单位,130103
B0FFF0AJGF,国家石化产品质量监督检验中心,108.59474114298186,21.75248806049528,政府机构及社会团体;政府机关;国家级机关及事业单位,130101
B030900MN9,钦州市林业局,108.62739251514992,21.960222271111483,政府机构及社会团体;政府机关;地市级政府及事业单位,130103
B030900PHQ,钦州市钦南区水利局,108.60806430735924,21.960774818880452,政府机构及社会团体;政府机关;区县级政府及事业单位,130104
B0FFHFXJCX,钦州市住房公积金管理中心,108.65206436953265,21.981492458743627,政府机构及社会团体;政府机关;地市级政府及事业单位,130103
B0G0FLATSH,钦州港经济技术开发区港城消防救援站,108.59759467492593,21.742331561526253,政府机构及社会团体;公检法机构;消防机关,130504
B0FFGP22PT,钦州市钦南区人民检察院,108.65673255237039,21.943810942333712,政府机构及社会团体;公检法机构;检察院,130502
B0FFKKRXSJ,钦州市公安局海岸运河分局,108.64216633435267,21.950945096402517,政府机构及社会团体;政府及社会团体相关;政府及社会团体相关,130000
B0JDCAUKN3,安州大道消防救援站,108.62203950790791,21.925894251799328,政府机构及社会团体;政府及社会团体相关;政府及社会团体相关,130000
B03090M979,钦州市钦南区住房和城乡建设局,108.61607253998632,21.966598639692535,政府机构及社会团体;政府机关;区县级政府及事业单位,130104
B0IDLU8M6R,钦州市卫生健康委员会,108.63554119452512,21.977394122770733,政府机构及社会团体;政府机关;地市级政府及事业单位,130103
B0FFKOUBHX,钦州市市场监督管理局,108.64912432850755,21.97347391806926,政府机构及社会团体;政府机关;地市级政府及事业单位,130103
B030900317,钦州市钦南区交通运输局,108.6156557937212,21.97180548613375,政府机构及社会团体;政府机关;区县级政府及事业单位,130104
B030900PHF,钦州市科学技术局,108.61719529629595,21.96334506362217,政府机构及社会团体;政府机关;地市级政府及事业单位,130103
B0HGVPMVB2,钦州市人力资源和社会保障局,108.62593698854342,21.978385730284444,政府机构及社会团体;政府机关;地市级政府及事业单位,130103
B0HK952X73,广西壮族自治区引航中心钦州港引航站,108.65488798557014,21.73652892127444,政府机构及社会团体;政府机关;地市级政府及事业单位,130103
B0H225IYRJ,金窝社区党群服务中心,108.67182474942577,21.784184106396825,政府机构及社会团体;政府机关;乡镇以下级政府及事业单位,130106
B030900MXP,钦州市人民检察院,108.63668448452529,21.98596745775309,政府机构及社会团体;公检法机构;检察院,130502
B0FFLHVQVG,钦州市建筑工程质量检测中心,108.64901462123535,21.952138951795042,政府机构及社会团体;公检法机构;公证鉴定机构,130505
B0FFF2R0JL,钦州市社会保险事业管理中心,108.65209402600912,21.96682443786208,政府机构及社会团体;政府机关;地市级政府及事业单位,130103
B030900PHU,文峰街道办事处,108.61151618046182,21.95675063613366,政府机构及社会团体;政府机关;乡镇级政府及事业单位,130105
B030900MNF,钦州市司法局,108.63055097942578,21.96367374827555,政府机构及社会团体;公检法机构;公检法机关,130500
B0HUVU2I2L,钦州市公安局向阳派出所,108.62735524594689,21.966982538168477,政府机构及社会团体;公检法机构;公安警察,130501
B0HG09394D,钦南区财政局,108.64293261344622,21.95359009020248,政府机构及社会团体;政府机关;政府机关相关,130100
B0I6URFSMP,国家税务总局钦州市钦南区税务局第一税务分局(办税服务厅),108.61537310281908,21.972446037652457,政府机构及社会团体;政府机关;区县级政府及事业单位|政府机构及社会团体;工商税务机构;工商税务机构,130104|130700
B0FFL3HUZL,钦州东站派出所,108.66740863341072,21.979129537333396,政府机构及社会团体;公检法机构;公安警察,130501
B03090MHTU,钦州市尖山镇委,108.59769344518473,21.932343131757516,政府机构及社会团体;政府机关;乡镇级政府及事业单位,130105
B0FFJH3RVK,钦南区政务服务中心,108.65423332093042,21.943436384749333,政府机构及社会团体;政府及社会团体相关;政府及社会团体相关,130000
B0FFIV10I0,钦州市公安局出入境接待大厅,108.63430731809649,21.940615428475414,政府机构及社会团体;公检法机构;公安警察,130501
B0FFFE5363,北营社区居委会,108.60908132643448,21.982457507869572,政府机构及社会团体;政府机关;乡镇以下级政府及事业单位,130106
B0L6LRFG1N,钦州市税务局,108.61499445930298,21.974379282597337,政府机构及社会团体;工商税务机构;国税机关,130702
B0L0RH53Z1,钦州市公安局钦南分局水东派出所,108.65284399098816,21.953419688987122,政府机构及社会团体;公检法机构;公安警察,130501
B0FFGACVZF,钦州市公安局大榄坪派出所,108.65951678154217,21.726000995043982,政府机构及社会团体;公检法机构;公安警察,130501
B03090M9IP,钦州市交通运输局,108.63410781494247,21.978873945695547,政府机构及社会团体;政府机关;地市级政府及事业单位,130103
B03090M9U1,钦州市招生考试院,108.62653392594044,21.96003626400256,政府机构及社会团体;政府机关;地市级政府及事业单位,130103
B0HKOUMPXS,水东街道办事处,108.62575257231659,21.951999396023336,政府机构及社会团体;政府机关;乡镇级政府及事业单位,130105
B03090M9YR,海棠村委会,108.66137028715066,21.891641373670268,政府机构及社会团体;政府机关;乡镇以下级政府及事业单位,130106
B0HR7BOWDJ,钦州市钦南区水东街道东南社区居民委员会,108.62556986317449,21.951983611305884,政府机构及社会团体;政府机关;乡镇以下级政府及事业单位,130106
B03090MS10,大番坡派出所,108.64071957897467,21.84319649292591,政府机构及社会团体;公检法机构;公安警察,130501
B0GU1LZEQT,钦州市中文机动车检测站,108.64028356629505,21.73857815939323,政府机构及社会团体;交通车辆管理;验车场,130603
B03090M89Y,钦州市海洋局,108.63021116669199,21.971961153804216,政府机构及社会团体;政府机关;地市级政府及事业单位,130103
B0G3AZD8GB,钦州市检验检测中心,108.64628450311902,21.97394510433493,政府机构及社会团体;公检法机构;公证鉴定机构,130505
B0KR67VHRX,钦州市公安局中马钦州产业园区分局第二办公区,108.65152156153391,21.73769754230912,政府机构及社会团体;政府及社会团体相关;政府及社会团体相关,130000
B0FFM7AZPJ,钦州市建筑工程质量检测中心钦州港中马园分场所,108.67680339159773,21.714252396395043,政府机构及社会团体;公检法机构;公证鉴定机构,130505
B0I3SAUTKF,钦州市正通机动车检测有限责任公司,108.63057172314531,21.947732118134923,政府机构及社会团体;交通车辆管理;验车场,130603
B0LUDABL0S,钦北区退役军人事务局,108.6262019326167,21.970848823721045,政府机构及社会团体;政府及社会团体相关;政府及社会团体相关,130000
B0FFF2YFDA,文峰派出所,108.60713996268225,21.94321496689253,政府机构及社会团体;公检法机构;公安警察,130501
B0JKTZ3I9K,钦州市钦南区民政局婚姻登记处,108.6129594367445,21.96091353680553,政府机构及社会团体;政府机关;区县级政府及事业单位,130104
B0K3OZW8FH,广西壮族自治区特种设备检验研究院车用特种设备及工业阀门检验检测中心,108.60271068649818,21.74867187456835,政府机构及社会团体;政府及社会团体相关;政府及社会团体相关,130000
B03090MGPM,中国马来西亚钦州产业园区管理委员会,108.67422278684627,21.769238053295656,政府机构及社会团体;政府机关;政府机关相关,130100
B0FFKKM84B,钦州港海关,108.65192791405669,21.7322695809218,政府机构及社会团体;政府及社会团体相关;政府及社会团体相关,130000
B0J01H0CGS,钦州市天鹰机动车检测有限公司,108.63920175411207,21.96328377006879,政府机构及社会团体;交通车辆管理;验车场,130603
B0FFIVLGNH,钦州港顺达车辆检测站,108.63317793178838,21.745238756965303,政府机构及社会团体;政府及社会团体相关;政府及社会团体相关,130000
B030900MP5,钦南区行政信息中心,108.65437301031385,21.94325904349497,政府机构及社会团体;政府机关;区县级政府及事业单位,130104
B030900PIJ,钦州市公安局尖山派出所,108.59736554266604,21.93304951773171,政府机构及社会团体;公检法机构;公安警察,130501
B0FFI7JV8E,国家税务总局钦州市税务局稽查局,108.61419938047912,21.974506010620015,政府机构及社会团体;工商税务机构;工商税务机构,130700
B0J6MCG2J3,钦州市钦南区临港工业园区管理委员会,108.67350050726444,21.9106842837121,政府机构及社会团体;政府机关;政府机关相关,130100
B0FFFE1736,钦北区劳动保障监察大队,108.62144779924135,21.978445950329917,政府机构及社会团体;政府机关;区县级政府及事业单位|政府机构及社会团体;公检法机构;公检法机关,130104|130500
B030900MPC,钦州市总工会,108.64924179488789,21.97903735125884,政府机构及社会团体;社会团体;社会团体相关,130400
B0HBXDQ8OG,钦州保税港区海事处,108.6510348561365,21.733509698106687,政府机构及社会团体;政府及社会团体相关;政府及社会团体相关,130000
B030900PH7,钦州市环境卫生管理处,108.61067413482176,21.954773288412692,政府机构及社会团体;政府机关;地市级政府及事业单位,130103
B0FFK7N21H,大石古村委,108.63876691790722,21.936816829776284,政府机构及社会团体;政府机关;乡镇以下级政府及事业单位,130106
B0HKXCRC2Y,钦州市政务服务中心人力资源和社会保障分中心,108.65221772269413,21.967314446955385,政府机构及社会团体;政府机关;政府机关相关,130100
B03090MF56,钦州市公安局海岸运河分局沙井港水上派出所,108.59686183635165,21.869068211348306,政府机构及社会团体;公检法机构;公安警察,130501
B0FFLCDFSM,钦州市钦南区退役军人事务局,108.6247221279621,21.9533322748248,政府机构及社会团体;政府机关;区县级政府及事业单位,130104
B0FFH8LXWQ,交警支队一大队三大队交通秩序业务办理大厅,108.61084616340142,21.971172980647307,政府机构及社会团体;政府及社会团体相关;政府及社会团体相关,130000
B0FFLCWR0P,钦州市行政审批局,108.6342783682558,21.940692507716808,政府机构及社会团体;政府机关;地市级政府及事业单位,130103
B03090MARM,南珠街道办事处,108.60835095690679,21.962712572049103,政府机构及社会团体;政府机关;乡镇级政府及事业单位,130105
B03090MPFZ,钦南区人民法院钦州港人民法庭,108.59220982815431,21.728311982710334,政府机构及社会团体;公检法机构;法院,130503
B0FFIZM8ZM,中马钦州产业园区派出所,108.671393360091,21.772343777898808,政府机构及社会团体;公检法机构;公安警察,130501
B0J0KC5T81,钦北区劳动人事争议仲裁院,108.62124610098176,21.97818204281546,政府机构及社会团体;政府机关;区县级政府及事业单位,130104
B0309003PM,钦州海关缉私分局,108.6570685387491,21.94857459022281,政府机构及社会团体;政府机关;地市级政府及事业单位,130103
B0FFMHMTXC,钦州市高新技术产业服务中心,108.67580449986907,21.96181530937547,政府机构及社会团体;政府及社会团体相关;政府及社会团体相关,130000
B0K2PDKTBA,超越机动车检测站,108.61078894337946,21.97687272861096,政府机构及社会团体;政府及社会团体相关;政府及社会团体相关,130000
B03090MA3D,鸡墩头社区居委会,108.6677826224288,21.718202134308992,政府机构及社会团体;政府机关;乡镇以下级政府及事业单位,130106
B0J1JUWTAB,钦南区生态移民发展中心,108.64292862191522,21.953587095409393,政府机构及社会团体;政府及社会团体相关;政府及社会团体相关,130000
B0FFKLQ7UM,中马消防救援站,108.6645621005242,21.76247259374858,政府机构及社会团体;政府及社会团体相关;政府及社会团体相关,130000
B0LDBABE44,天益昌隆港务,108.59698732321155,21.71301975167114,政府机构及社会团体;政府及社会团体相关;政府及社会团体相关,130000
B0FFGIARXQ,钦州市红十字会(金湖办公区),108.6271770206747,21.97757479880827,政府机构及社会团体;社会团体;红十字会,130405
B0LABU1TRZ,钦南区尖山街道九鸦村民委员会,108.59431086571433,21.905348535467127,政府机构及社会团体;政府及社会团体相关;政府及社会团体相关,130000
B03090MIPP,广西钦州市水利电力工程处,108.62833623636324,21.954281224072012,政府机构及社会团体;政府及社会团体相关;政府及社会团体相关,130000
B0HU1HB9W9,国家税务总局中国-马来西亚钦州产业园区税务局,108.59601935132987,21.740265889018062,政府机构及社会团体;工商税务机构;工商税务机构,130700
B0FFKFF0N1,钦州市文化广电体育和旅游局,108.64840150418796,21.98191619942241,政府机构及社会团体;政府及社会团体相关;政府及社会团体相关,130000
B03090M930,南珠街道城西社区居委会,108.61329675936902,21.967164248993463,政府机构及社会团体;政府机关;乡镇以下级政府及事业单位,130106
B0FFGIAQOT,中共广西壮族自治区沿海公路发展中心委员会,108.61759570371395,21.964991470520506,政府机构及社会团体;政府机关;省直辖市级政府及事业单位,130102
B0G0FLCAHY,钦州港经济技术开发区消防救援大队,108.60213160965498,21.71635086789146,政府机构及社会团体;公检法机构;消防机关,130504
B0JAC5T7O7,钦州峻安机动车检测有限公司,108.66540718387454,21.96330984293101,政府机构及社会团体;交通车辆管理;验车场,130603
B03090M9XP,钦州市公证处,108.63045913933883,21.96368788024656,政府机构及社会团体;公检法机构;公证鉴定机构,130505
B0FFFE9P62,钦州市金海湾司法鉴定所,108.62677096724015,21.951324813251563,政府机构及社会团体;公检法机构;公证鉴定机构,130505
B0FFM95VMM,大岭村民委员会,108.61145944847144,21.911339005593952,政府机构及社会团体;政府机关;乡镇以下级政府及事业单位,130106
B0I6FRKI46,金石湖片区职工之家,108.6768126701515,21.910378870555718,政府机构及社会团体;社会团体;社会团体相关,130400
B0FFGFUW6U,钦州市钦南区向阳街道新兴社区,108.63191467885417,21.96132074002184,政府机构及社会团体;政府机关;乡镇以下级政府及事业单位,130106
B0LD4OQH1W,峻安机动车检测站,108.66309668590539,21.96294707515112,政府机构及社会团体;交通车辆管理;验车场,130603
B03090MIOM,钦州市档案局,108.64780962454276,21.985488929683648,政府机构及社会团体;政府机关;政府机关相关,130100
B0KR2SGRLR,钦州市钦南区民政局,108.64282083994834,21.953720338020986,政府机构及社会团体;政府机关;区县级政府及事业单位,130104
B0KKC7N275,钦州反虚假信息诈骗中心,108.62246347335694,21.975341359525874,政府机构及社会团体;政府及社会团体相关;政府及社会团体相关,130000
B0FFI6Z9Y9,钦州市海洋局执法码头,108.64064286545381,21.738037357356895,政府机构及社会团体;政府及社会团体相关;政府及社会团体相关,130000
B030900M6I,国家税务总局钦州港经济技术开发区税务局海景街办公区,108.59796847365679,21.74330690728045,政府机构及社会团体;工商税务机构;工商税务机构,130700
B0FFJ0HMO0,钦州市不动产登记中心,108.63184795790734,21.978481994567222,政府机构及社会团体;政府及社会团体相关;政府及社会团体相关,130000
B0309003GN,钦州市钦南区林业局,108.62478103704804,21.95331719748071,政府机构及社会团体;政府机关;区县级政府及事业单位,130104
B0FFKDWZ61,国家税务总局钦州市钦南区税务局沙埠税务分局,108.62899118915844,21.953070788310256,政府机构及社会团体;工商税务机构;国税机关,130702
B0H60UK6KP,中交一航局北部湾预制场,108.6427976963781,21.7122504091656,政府机构及社会团体;政府机关;政府机关相关,130100
B0FFJ8VQNF,钦州市政府采购中心,108.63428535905543,21.940614460205413,政府机构及社会团体;政府机关;地市级政府及事业单位,130103
B0FFJJ3BKL,钦州市审计局,108.65212495879004,21.966772357057582,政府机构及社会团体;政府机关;政府机关相关,130100
B03090M8OT,文昌社区居委会,108.61625240149341,21.944383884795677,政府机构及社会团体;政府机关;乡镇以下级政府及事业单位,130106
B0LBLGKPKV,钦州市公安局,108.62233166880897,21.97530949128631,政府机构及社会团体;公检法机构;公安警察,130501
B0FFL77NKO,钦州市退役军人事务局,108.63627807200926,21.991976916448458,政府机构及社会团体;政府机关;地市级政府及事业单位,130103
B0FFJXQ5DN,鸿亭街道办事处,108.64689915063457,21.974429271396698,政府机构及社会团体;政府机关;乡镇级政府及事业单位,130105
B0FFF2BB67,子材街道办事处,108.61538203065138,21.97370662898524,政府机构及社会团体;政府机关;乡镇级政府及事业单位,130105
B0LK2MQ9OQ,中马管委,108.67342465569264,21.76976779733795,政府机构及社会团体;政府机关;政府机关相关,130100
B0FFKKWK3I,钦南区尖山街道政务服务中心,108.59734356563737,21.932754379881743,政府机构及社会团体;政府机关;政府机关相关,130100
B0KUHHII77,正大司法鉴定,108.6659460945592,21.9594159584435,政府机构及社会团体;公检法机构;公证鉴定机构,130505
B0HDGLNB79,钦州钦北公路养护中心,108.61746480191314,21.96642627755127,政府机构及社会团体;政府及社会团体相关;政府及社会团体相关,130000
B0HD9C2KYG,钦州市警邮合作中心,108.62654197871484,21.979141340080304,政府机构及社会团体;政府机关;政府机关相关,130100
B0FFFEWQBN,钦州市残疾人联合会,108.63174453014878,21.990988060223263,政府机构及社会团体;社会团体;残联,130404
B03090MANB,亚路江社区居委会,108.60569250674807,21.74985308712801,政府机构及社会团体;政府机关;乡镇以下级政府及事业单位,130106
B03090MPSV,钦州市农机局,108.62301131389731,21.96196738041789,政府机构及社会团体;政府机关;地市级政府及事业单位,130103
B0FFKTXDTC,钦州市卫生监督所,108.64762761989608,21.973346489090762,政府机构及社会团体;政府机关;政府机关相关,130100
B03090MAGI,广西茅尾海红树林自治区级自然保护区管理处,108.62743445616759,21.960015118983307,政府机构及社会团体;政府机关;政府机关相关,130100
B0LDD57SIK,国家税务总局中国-马来西亚钦州产业园区税务局,108.66608199145352,21.772642058779613,政府机构及社会团体;工商税务机构;工商税务机构,130700
B0GKYPEP72,钦州市钦南区人力资源社会保障服务大厅,108.63270366865781,21.952874597781182,政府机构及社会团体;政府机关;区县级政府及事业单位,130104
B0FFIHMV45,钦州市钦南区向阳街道办事处,108.6282740646278,21.95992599629932,政府机构及社会团体;政府机关;乡镇级政府及事业单位,130105
B03090M8FR,钦州市劳动保障监察支队,108.61861134972337,21.96552774353128,政府机构及社会团体;政府机关;地市级政府及事业单位,130103
B0FFJUDGWY,钦州仲裁委员会,108.64372899846386,21.97286794045614,政府机构及社会团体;政府及社会团体相关;政府及社会团体相关,130000
B0L1SZP9GA,沣和检测站,108.5957698708496,21.95858487753162,政府机构及社会团体;交通车辆管理;验车场,130603
B0FFIPW90E,市民服务中心-市政局,108.63433526322221,21.94067241469868,政府机构及社会团体;政府机关;区县级政府及事业单位,130104
B0FFF509P4,钦州市钦南区卫生健康局,108.6268137562867,21.954217139434597,政府机构及社会团体;政府机关;区县级政府及事业单位,130104
B0GRJCNO5A,广西壮族自治区沿海公路发展中心,108.6178154184526,21.965021275308043,政府机构及社会团体;政府及社会团体相关;政府及社会团体相关,130000
B030900M12,钦州港经济技术开发区工商行政管理局,108.59608567009988,21.753946600194787,政府机构及社会团体;工商税务机构;工商部门,130701
B03090M9QQ,钦州市钦南区劳动保障监察大队,108.63280648371912,21.952834432050388,政府机构及社会团体;政府机关;区县级政府及事业单位,130104
B03090MRZL,果子山边防派出所,108.60048049240213,21.717848975856512,政府机构及社会团体;公检法机构;公安警察,130501
B0K6ND72RS,广西壮族自治区公安厅交通管理总队高速公路管理四支队(办公区),108.5943488330118,21.947063438346976,政府机构及社会团体;交通车辆管理;交通管理机构,130601
B0G0TUFW79,钦州市住房保障中心,108.6246172846099,21.9534584595998,政府机构及社会团体;政府机关;地市级政府及事业单位,130103
B0GRDDHDDK,钦州市钦北区自然资源和规划局,108.63003235492667,21.974459582933573,政府机构及社会团体;政府机关;政府机关相关,130100
B0IU77J1OL,广西钦州市钦北区北营社区退役军人服务站,108.60902637671136,21.982475550885898,政府机构及社会团体;政府机关;乡镇以下级政府及事业单位,130106
B0FFH6GE7C,交警一大队交通事故司法调解室、人民调解室,108.61081320587542,21.97098291323345,政府机构及社会团体;交通车辆管理;交通管理机构,130601
B030900MPL,钦州市交通组织管理中心,108.6340489294597,21.978768981900885,政府机构及社会团体;交通车辆管理;交通管理机构,130601
B0FFL195DG,田寮居委会,108.6706614742819,21.967041575252928,政府机构及社会团体;政府机关;乡镇级政府及事业单位,130105
B0FFKKH5XL,钦州市钦南区社会保险事业局,108.63259487220536,21.952749692981396,政府机构及社会团体;政府机关;区县级政府及事业单位,130104
B0HD77ROAP,钦州人和机动车检测有限公司,108.64655567104279,21.95863835129846,政府机构及社会团体;交通车辆管理;验车场,130603
B0L3A7VL6J,红阳派出所执勤警务室,108.63296805288753,21.97603624739812,政府机构及社会团体;公检法机构;公安警察,130501
B0M6S53LOB,广西钦州市盛达机动车检测有限公司,108.5972350677702,21.94388370983496,政府机构及社会团体;交通车辆管理;验车场,130603
B03090M96Z,广西壮族自治区公安厅交通警察总队高速公路巡逻民警支队七大队,108.61093508602785,21.97091679665882,政府机构及社会团体;交通车辆管理;交通管理机构,130601
B0K13S56C4,广西壮族自治区钦州市城区烟草专卖局,108.61372839802148,21.964646705413553,政府机构及社会团体;政府及社会团体相关;政府及社会团体相关,130000
B0J277WK5W,文峰街道中山社区居民委员会,108.61258136119558,21.95039481179478,政府机构及社会团体;政府机关;乡镇以下级政府及事业单位,130106
B03090M8D7,钦州市国土资源局钦南分局土地征收征用中心,108.62299984976325,21.971820082658112,政府机构及社会团体;政府机关;区县级政府及事业单位,130104
B0FFGI9JIJ,向阳街道城中南社区居民委员会,108.628528287896,21.967070067566112,政府机构及社会团体;政府机关;乡镇以下级政府及事业单位,130106
B0MBAC9VVS,钦州市公安局刑侦支队,108.64647715987935,21.95214739159831,政府机构及社会团体;政府及社会团体相关;政府及社会团体相关,130000
B0FFL9J37T,中交四航局钦州港项目经理部,108.63020955957357,21.73829002048511,政府机构及社会团体;政府及社会团体相关;政府及社会团体相关,130000
B0FFFF43V3,钦州市钦南区劳动人事争议仲裁院,108.63272663012957,21.95280953403338,政府机构及社会团体;政府机关;区县级政府及事业单位,130104
B03090M9JA,广西钦州市地质队,108.62580304573952,21.981585411942277,政府机构及社会团体;政府机关;地市级政府及事业单位,130103
B0FFF4S19L,钦州市广电局,108.63523429234283,21.98725525383887,政府机构及社会团体;政府机关;国家级机关及事业单位,130101
B0M25ZBK9R,钦州市钦南区司法局,108.64567872499985,21.955248244365833,政府机构及社会团体;公检法机构;公检法机关,130500
B0KDKH5S7L,广西自贸区钦保机动车检测有限公司,108.64325874733512,21.691472573096014,政府机构及社会团体;交通车辆管理;验车场,130603
B0MA26O2D7,广西北部湾危险化学品应急救援基地,108.60237670912552,21.752605647241886,政府机构及社会团体;政府机关;政府机关相关,130100
B030900PH4,大马鞍水库管理所,108.59872802590984,21.993462031425768,政府机构及社会团体;政府机关;政府机关相关,130100
B0FFKIQRVF,永福社区居委会,108.63543707958873,21.983765299304842,政府机构及社会团体;政府机关;乡镇以下级政府及事业单位,130106
B0H27DV61L,尖山街道尖山社区居民委员会,108.60176418250008,21.936533145105944,政府机构及社会团体;政府机关;乡镇以下级政府及事业单位,130106
B0MBFR8TW7,钦州市驾驶学员便民服务大厅,108.64926374149654,21.979136359339762,政府机构及社会团体;政府及社会团体相关;政府及社会团体相关,130000
B0M6MKUID2,钦州市政务服务中心,108.652150889034,21.967000418620692,政府机构及社会团体;政府机关;地市级政府及事业单位,130103
B0MRXUKS18,广西壮族自治区北部湾港口管理中心钦州港口中心,108.65475229578567,21.736537174652252,政府机构及社会团体;政府机关;政府机关相关,130100
B0FFKFHV8S,钦北区自然资源局不动产登记窗口,108.63001438113804,21.974560655210094,政府机构及社会团体;政府机关;区县级政府及事业单位,130104
B0LBRCK0X9,钦州市公安局中马钦州产业园区分局,108.59836416791015,21.746112006097476,政府机构及社会团体;公检法机构;公安警察,130501
B0FFIWKHK0,钦州市钦南区沙埠镇沙寮村民委员会,108.64521135354978,21.92209221775088,政府机构及社会团体;政府机关;乡镇以下级政府及事业单位,130106
B0I04HU9XT,葵子村民委员会,108.61971533208568,21.853177342857723,政府机构及社会团体;政府机关;乡镇以下级政府及事业单位,130106
B03090MLFC,钦州市健康教育与健康促进中心,108.62040665242704,21.97069137569851,政府机构及社会团体;政府机关;政府机关相关,130100
B0GKU7IL81,钦州港经济技术开发区社会保险事业局,108.65437827433085,21.734011825862083,政府机构及社会团体;政府机关;政府机关相关,130100
B0FFLCI90I,中共钦州市纪委办公区,108.62717502360724,21.977581804661934,政府机构及社会团体;政府机关;地市级政府及事业单位,130103
B0K03ZZAR1,北海海事法院钦州法庭,108.60133862574976,21.746606476632632,政府机构及社会团体;公检法机构;法院,130503
B03090MNQE,大番坡镇茅坡村民委员会,108.62288283557477,21.83203116064873,政府机构及社会团体;政府机关;乡镇以下级政府及事业单位,130106
B0K64HOLX8,中国(广西)自由贸易试验区钦州港片区管理委员会,108.67421579159887,21.769478169919115,政府机构及社会团体;政府机关;政府机关相关,130100
B03090MA01,钦州海事局指挥中心,108.59389945539074,21.72955456889083,政府机构及社会团体;政府机关;地市级政府及事业单位,130103
B0MDHCT5NC,绿州路消防救援站,108.66682409572246,21.95756039584733,政府机构及社会团体;公检法机构;消防机关,130504
B0FFKEV3RO,钦州港经济技术开发区社会工作局,108.65435332068648,21.73422896070525,政府机构及社会团体;政府及社会团体相关;政府及社会团体相关,130000
B0MBFD60B3,钦州市公安局高新派出所,108.62746477934733,21.95238144016886,政府机构及社会团体;公检法机构;公检法机关,130500
B0FFK854RF,桥坪村民委员会,108.6727444002928,21.90878381727919,政府机构及社会团体;政府机关;政府机关相关,130100
B0FFL7ZLKQ,中国银行保险监督管理委员会钦州监管分局,108.62185450180003,21.972516691349306,政府机构及社会团体;政府机关;地市级政府及事业单位,130103
B0FFGE8TPS,北部湾大学,108.61252083137839,21.900960280221682,科教文化服务;学校;高等院校,141201
B0309003Q4,广西钦州农业学校,108.63166466691148,21.950270820580158,科教文化服务;学校;职业技术学校,141206
B0309003PW,钦州市第二中学,108.64232903848823,21.97047013056491,科教文化服务;学校;中学,141202
B0FFF2HFR8,钦州市第四中学,108.59078357278194,21.964349437550414,科教文化服务;学校;中学,141202
B0FFK1JF9J,钦州市共美学校,108.62310446166362,21.915096908535382,科教文化服务;科教文化场所;科教文化场所,140000
B0309003MX,钦州市第三中学,108.62944377338265,21.945771704506562,科教文化服务;学校;中学,141202
B03090MAG8,广西钦州市第一中学,108.61930149125565,21.9641584032652,科教文化服务;学校;中学,141202
B0H3NU0X38,钦州书局·奶茶·咖啡,108.61932605184768,21.951984574834867,科教文化服务;图书馆;图书馆,140500
B0309003NE,钦州市第六中学,108.61356599812066,21.95608575610485,科教文化服务;学校;中学,141202
B0FFI7OBDF,钦州港经济技术开发区中学,108.65908468694106,21.72812967098374,科教文化服务;学校;学校,141200
B0FFHDRWNF,钦州市高新区实验学校,108.67444972397314,21.961604773425577,科教文化服务;学校;中学,141202
B0FFH0OWVB,钦州市文实中学,108.66715047077582,21.954478302228072,科教文化服务;学校;中学,141202
B0K1FON7TQ,钦州市外国语学校(白石湖校区),108.63415187097709,21.91479333290557,科教文化服务;学校;学校,141200
B0JAHCHTRP,国家消防行业职业技能鉴定广西鉴定站钦州考点,108.59739975238995,21.742338592978435,科教文化服务;科教文化场所;科教文化场所,140000
B0FFL1I87E,钦州市京华学校,108.61243587805602,21.92245058123599,科教文化服务;学校;学校,141200
B0FFI0SJTL,钦州市图书馆,108.64865183394147,21.964051270438155,科教文化服务;图书馆;图书馆,140500
B0FFHMRF9Y,钦州市外国语学校,108.63008999614273,21.979745013828836,科教文化服务;学校;中学,141202
B0L10MD5EQ,广西钦州商贸学校(高新校区),108.66438682095101,21.959022747792634,科教文化服务;学校;职业技术学校,141206
B0FFGIAQ59,钦州市第八中学,108.63281331397151,21.976462671012953,科教文化服务;学校;中学,141202
B0FFGE4ZJ3,钦州市第二中学初中部,108.6256583727449,21.959147920185295,科教文化服务;学校;中学,141202
B0FFM8BOZO,钦州市委党校,108.62618743619981,21.89957586202251,科教文化服务;学校;学校,141200
B0FFGLGL7I,钦州市第九中学,108.6386126526884,21.948464633141388,科教文化服务;学校;中学,141202
B0FFJL5SD2,长水中马阳光学校,108.65688310557137,21.76280524042387,科教文化服务;科教文化场所;科教文化场所,140000
B0HK3CLF8B,钦州市钦南区松宇小学,108.65225290975165,21.96190880945946,科教文化服务;学校;小学,141203
B0FFGIBQ1M,钦州市博物馆,108.61761356933906,21.946765762420227,科教文化服务;博物馆;博物馆,140100
B0FFM165JV,钦州市第三中学,108.63167754907924,21.95220872726015,科教文化服务;学校;中学,141202
B0309003TC,钦州市第七小学,108.61749927567215,21.976306942617075,科教文化服务;学校;小学,141203
B0FFFE6FMT,钦州市第八小学,108.64827215560769,21.97445388620793,科教文化服务;学校;小学,141203
B03090MIZK,钦州市子材小学,108.63073046637822,21.988146120813912,科教文化服务;学校;小学,141203
B0FFM7JMIF,钦州市东升学校(第九小学),108.65521720212675,21.9812105580109,科教文化服务;科教文化场所;科教文化场所,140000
B030900PJM,钦州市第二小学,108.61127683578373,21.948362806160407,科教文化服务;学校;小学,141203
B0309003ZL,钦州市实验小学,108.62594585851014,21.960301117951502,科教文化服务;学校;小学,141203
B0309003O8,尖山中心小学,108.59848791576086,21.936235853698207,科教文化服务;学校;小学,141203
B0309003N4,钦州市第五小学,108.61200014332064,21.967637468256584,科教文化服务;学校;小学,141203
B030900PJN,钦州市第四小学,108.61296376156001,21.954147307287403,科教文化服务;学校;小学,141203
B0HUD7JWLG,北部湾大学第一附属小学,108.63024743257034,21.903874639976934,科教文化服务;学校;小学,141203
B0FFH29WDJ,扬帆学校,108.6420188043125,21.9475807336558,科教文化服务;学校;中学,141202
B0JR4KZ92U,钦州港经济技术开发区实验学校,108.66973522867318,21.773977651386982,科教文化服务;学校;中学,141202
B0FFH28Q6G,人和春天小学,108.64814210158389,21.961030728109016,科教文化服务;学校;小学,141203
B0FFL80GP5,钦州市人民警察训练中心,108.63575898408766,21.99362147616315,科教文化服务;科教文化场所;科教文化场所,140000
B0JATZPBIK,钦南区金棕榈小学,108.63520628470192,21.927271729126556,科教文化服务;学校;小学,141203
B0FFI5IW2K,钦州港开发区第四小学,108.65283154613559,21.73900570873479,科教文化服务;学校;小学,141203
B0FFFEVFMC,钦州市第十小学,108.6029051917175,21.96275825676003,科教文化服务;学校;小学,141203
B0FFKP0WZ0,坭兴陶博物馆,108.67892654656326,21.933430902699772,科教文化服务;科教文化场所;科教文化场所,140000
B0JRURZBLU,钦州市安州高级中学-东门,108.67896461382406,21.930280327615304,科教文化服务;科教文化场所;科教文化场所,140000
B0FFIAQ5MM,白石湖实验小学,108.63515868047607,21.921021817636706,科教文化服务;学校;小学,141203
B0309001HL,沙埠小学,108.65466309804114,21.948293913219466,科教文化服务;学校;小学,141203
B0309003N2,钦州市第一小学,108.61927839305154,21.94631091507962,科教文化服务;学校;小学,141203
B0FFGAP95Y,钦州市第三十四小学,108.62907113455027,21.99227430557638,科教文化服务;学校;小学,141203
B030900EI3,钦南区沙埠镇中心小学,108.63654535679358,21.95530609475904,科教文化服务;学校;小学,141203
B030900MRO,白海豚实验学校,108.62515162338559,21.97039088734374,科教文化服务;学校;小学,141203
B0HRUSEKGH,广西钦州市第一中学初中部,108.61983182613913,21.962961292956138,科教文化服务;学校;中学,141202
B0FFIMJ4DJ,钦州市第三十九小学,108.64042365154098,21.996760687413826,科教文化服务;学校;小学,141203
B030900M6W,钦州港经济开发区第一小学,108.59901804327905,21.74251437939099,科教文化服务;学校;小学,141203
B0H2Y5YCS1,钦州市钦南区尖山中学,108.59746142469444,21.934697290908137,科教文化服务;学校;中学,141202
B0LBS5T57F,钦州市小苏传媒有限公司,108.64067964499252,21.96596468143153,科教文化服务;传媒机构;传媒机构,141100
B0KAJAT738,广西明德安全技术服务有限公司,108.65444505670015,21.938974865683818,科教文化服务;培训机构;培训机构,141400
B0IRUAYPNF,钦州知行高中,108.6515955336364,21.93871393268731,科教文化服务;学校;中学,141202
B0FFL99H4H,钦师附小,108.63178900117848,21.979752679888637,科教文化服务;学校;小学,141203
B0FFLIE52K,钦州市钦南区特殊教育学校,108.60570799326928,21.966556846355317,科教文化服务;学校;学校,141200
B0M1UH8TZO,平陆运河宣教中心,108.62816418485559,21.940775001094224,科教文化服务;科教文化场所;科教文化场所,140000
B0L13H6HLN,广西钦州商贸学校高新区产教融合基地,108.66433693196085,21.95917291449982,科教文化服务;科教文化场所;科教文化场所,140000
B0M6OHLM2M,钦州市民生职业技术学校,108.67416971406713,21.773265891717294,科教文化服务;学校;职业技术学校,141206
B030900PJP,钦州市英华小学,108.61932911735124,21.971053656642876,科教文化服务;学校;小学,141203
B0K2CA3G22,未来1号科技馆,108.6345302667996,21.994380662235482,科教文化服务;科技馆;科技馆,140600
B0FFF4O3N9,坭兴陶艺术馆,108.63154391993882,21.969927355422662,科教文化服务;美术馆;美术馆|科教文化服务;展览馆;展览馆,140400|140200
B0H2NUEQC0,钦州市第一小学(二校区),108.61861743063616,21.94319708736524,科教文化服务;学校;小学,141203
B0FFJ8VQNR,海棠小学,108.64802084720955,21.890234206350204,科教文化服务;学校;小学,141203
B0H1MAYXTJ,钦州港经济技术开发区第二小学(新校区),108.65669905939347,21.75202701535192,科教文化服务;学校;小学,141203
B030900MRS,田寮小学,108.66795453528387,21.975026546037533,科教文化服务;学校;小学,141203
B0KGBCAJ8Z,钦州市广演职业学校,108.6528317375269,21.938833749613273,科教文化服务;学校;职业技术学校,141206
B030900PK8,钦州市水利电力勘测设计院,108.61826784306167,21.96471369225044,科教文化服务;科研机构;科研机构,141300
B0J0YSI3QV,钦州市安港安全教育培训有限公司,108.59870031171174,21.740002403700156,科教文化服务;培训机构;培训机构,141400
B0FFIPO4PZ,钦州市第三十五小学,108.66711380915837,21.96959057045148,科教文化服务;学校;小学,141203
B03090M93R,北部湾职业技术学校,108.59669222493733,21.965428053286985,科教文化服务;学校;职业技术学校,141206
B0FFG0EQWB,大石鼓小学,108.62252382974837,21.925239401401875,科教文化服务;学校;小学,141203
B0FFIJVKYK,钦州市第一小学-永福小学,108.61962691543108,21.946387598114576,科教文化服务;学校;小学,141203
B0L279KFUY,四中拼多多驿站,108.59381415270335,21.963675360705597,科教文化服务;培训机构;培训机构,141400
B0FFKLEEH4,钦州市实验小学第二校区,108.62181195146336,21.964571958168275,科教文化服务;学校;小学,141203
B030900MRR,钦州市第二十二小学,108.66321347164723,21.92124595530144,科教文化服务;学校;小学,141203
B0FFKCIF2M,钦州市文化艺术中心,108.64889642291583,21.98176325463096,科教文化服务;科教文化场所;科教文化场所,140000
B0FFF5YLT4,钦州市书香小学,108.62563822929096,21.962737655275166,科教文化服务;学校;小学,141203
B0H6R58465,钦州师范学校附属小学第二校区,108.6292994361139,21.978157320465996,科教文化服务;学校;小学,141203
B0J33DGHHE,万国商业广场-会议厅,108.62686418850902,21.984597522673987,科教文化服务;传媒机构;传媒机构,141100
B0FFJX6VEW,钦州市第二十一小学,108.6459876786928,21.922350011598382,科教文化服务;学校;小学,141203
B0J0ZADJ5J,钦州市第六中学永福校区,108.61704221464838,21.948490122326692,科教文化服务;学校;学校,141200
B0LUSH4026,科大讯飞AI学习机专卖店(钦州长融世贸店),108.64485206205464,21.963948801222404,科教文化服务;科研机构;科研机构,141300
B0309003UE,广西钦州商贸学校,108.61220676413221,21.970915873720642,科教文化服务;学校;职业技术学校,141206
B0FFJDS5ZE,钦州新闻传媒中心,108.63526423773021,21.987214189785835,科教文化服务;科教文化场所;科教文化场所,140000
B0FFGIAHOT,钦州市钦南区梅园小学,108.60939397383375,21.963135126706767,科教文化服务;学校;小学,141203
B0JB31MI8O,广西医科大学附属钦州市第二人民医院临床医学院,108.61283469343287,21.958449459130566,科教文化服务;培训机构;培训机构,141400
B0L1RB9Y55,钦州市安州高级中学,108.67896461382406,21.930280327615304,科教文化服务;学校;中学,141202
B0H25SLF8X,北部湾大学东密歇根联合工程学院,108.60811320031645,21.900367979646532,科教文化服务;学校;高等院校,141201
B0FFM93H75,北部湾大学教育学院,108.61441695935416,21.89583233287693,科教文化服务;学校;高等院校,141201
B0FFIH7ASJ,北部湾大学图书馆,108.61208732037751,21.900442360701632,科教文化服务;图书馆;图书馆,140500
B03090M93T,钦州市卫生学校,108.59582474483338,21.96081893847338,科教文化服务;学校;职业技术学校|商务住宅;住宅区;宿舍,141206|120303
B0309003TE,钦州市第三小学(装修中),108.61711151083973,21.961127085138145,科教文化服务;学校;小学,141203
B0JAFCN76H,钦州港片区工人文化宫,108.66810730813118,21.76987899442903,科教文化服务;文化宫;文化宫,140800
B0KKLZBT0O,浦北陈皮文化体验馆(钦州馆),108.64982912542551,21.96621821660008,科教文化服务;科教文化场所;科教文化场所,140000
B0H6ROA1EZ,北部湾大学国际教育与外国语学院,108.61374873379039,21.895630785570994,科教文化服务;学校;高等院校,141201
B0FFJHSN35,钦州市技工学校,108.63716964126678,21.904424868889752,科教文化服务;科教文化场所;科教文化场所,140000
B0FFM94D4P,北部湾大学理学院,108.6149283839446,21.895374684820865,科教文化服务;学校;高等院校,141201
B0IRJUMGTG,金鼓台,108.67439876248324,21.801788996571076,科教文化服务;科教文化场所;科教文化场所,140000
B0H6RD8247,机械与船舶海洋工程学院工程训练中心,108.60836500935422,21.899662494719788,科教文化服务;科教文化场所;科教文化场所,140000
B0K2RZGQ6Z,皇庭实验小学,108.66732834348359,21.968669722234402,科教文化服务;科教文化场所;科教文化场所,140000
B0FFIMVWKD,大番坡镇茂盛小学,108.60086974759747,21.811745962773593,科教文化服务;学校;小学,141203
B030900EBF,钦州市钦南区沙埠中学,108.63838414496597,21.947643599621333,科教文化服务;学校;中学,141202
B0JKVDNTPM,知新安全特种设备考试点,108.63714028099271,21.872064602964766,科教文化服务;科教文化场所;科教文化场所,140000
B0JBG7NWL7,北部湾大学礼堂,108.61084054427592,21.901791901139358,科教文化服务;科教文化场所;科教文化场所,140000
B0LDVZZ0L2,小凡星·言语治疗·发育迟缓·自闭症干预(钦州中心),108.63498020767194,21.978368421320067,科教文化服务;培训机构;培训机构,141400
B0J6AZW2Y6,广西桂澜消防职业培训学校钦州分校,108.63552257910862,21.99065943243068,科教文化服务;培训机构;培训机构,141400
B0FFKPW8VD,北部湾大学创新创业学院,108.60939999610254,21.900863423450613,科教文化服务;学校;高等院校,141201
B0FFKPYANH,蓝月亮教育城,108.63451030305787,21.99440270201476,科教文化服务;培训机构;培训机构,141400
B0G1GOQFID,高新考场,108.6790362889391,21.953538295374454,科教文化服务;科教文化场所;科教文化场所,140000
B0L13H6HCC,国际交流中心,108.613500027838,21.895338846860266,科教文化服务;科教文化场所;科教文化场所,140000
B0G0OOUZQC,钦州港第五小学,108.67227193679226,21.718184551155446,科教文化服务;学校;小学,141203
B0MAXXMPFE,钦州市政协文史馆,108.61847834952505,21.94863982236089,科教文化服务;传媒机构;传媒机构,141100
B030900LW2,大番坡镇小学,108.64399261325691,21.847106900793968,科教文化服务;学校;小学,141203
B03090MPD2,钦州市职业教育中心图书馆,108.59687521782419,21.96419444454854,科教文化服务;图书馆;图书馆,140500
B0309003N5,中共钦州市钦南区委员会党校,108.61038687377132,21.966004837900158,科教文化服务;学校;学校,141200
B0HGJ1LG3T,钦州市档案馆,108.64749135173831,21.98482417098519,科教文化服务;档案馆;档案馆,140900
B0GUA9DDJ1,联诚消防培训学校,108.66334356789324,21.953515109600588,科教文化服务;培训机构;培训机构,141400
B03090M8R1,钦州市群众艺术馆,108.61676522995114,21.955334644148174,科教文化服务;展览馆;展览馆,140200
B0KGT7EWBP,广西明德,108.62910683270121,21.97677291888136,科教文化服务;科教文化场所;科教文化场所,140000
B03090M8ZA,广西广播电视技术中心钦州分中心,108.61043285647158,21.96542553080147,科教文化服务;传媒机构;传媒机构,141100
B0G0K9TPTL,钦州松宇红缨幼儿园,108.65535686427238,21.961293833024854,科教文化服务;学校;幼儿园,141204
B0KG2AYYAW,志公教育(钦州分校),108.62296216648585,21.966487588736097,科教文化服务;培训机构;培训机构,141400
B0FFFWRQST,广西钦州市老年大学,108.65060125671526,21.969254282452482,科教文化服务;学校;成人教育,141205
B0JGGHQP2Y,钦州市融媒体中心,108.63533709700509,21.987272108503277,科教文化服务;传媒机构;传媒机构,141100
B0LRYXXB6A,潮弹社弹珠堂(吾悦三楼店),108.62747822894185,21.942727815323412,科教文化服务;培训机构;培训机构,141400
B0FFMEEAYR,北部湾大学陶瓷与设计学院,108.61498518105022,21.898168962711143,科教文化服务;学校;高等院校,141201
B0FFM71TYH,北部湾大学经济管理学院,108.61342502400827,21.897143763262168,科教文化服务;学校;高等院校,141201
B0FFKIVMZB,全纳儿童能力训练中心(钦北校区),108.65187608740348,21.975542976909114,科教文化服务;培训机构;培训机构,141400
B0FFKVFLK7,坭兴陶聚壶堂,108.62386488990428,21.985214444102446,科教文化服务;展览馆;展览馆,140200
B0K6NZ4JT3,华图教育(钦州分校),108.62736532576467,21.94455383090986,科教文化服务;培训机构;培训机构,141400
B03090M9UA,钦州市第一幼儿园,108.62904274895223,21.96027815683027,科教文化服务;学校;幼儿园,141204
B0GUM18BWM,钦州市海湾文化传播有限公司,108.62860914855405,21.98756368752478,科教文化服务;科教文化场所;科教文化场所,140000
B0H2T5OTMM,睦米托育早教中心,108.64777205590102,21.978397634932467,科教文化服务;培训机构;培训机构,141400
B0FFH8D5DX,钦州市城西幼儿园,108.61025304423552,21.96521355174991,科教文化服务;学校;幼儿园,141204
B0FFMHL8UZ,北部湾大学石油与化工学院,108.61016944587713,21.89695206107918,科教文化服务;学校;高等院校,141201
B0HDNMD8GN,一术打击乐,108.63436158241923,21.994370905595705,科教文化服务;培训机构;培训机构,141400
B0KK0SDV92,钦州V5街舞教育培训(人和校区),108.65132007354606,21.960612877516304,科教文化服务;培训机构;培训机构,141400
B0FFKKFFDF,皇庭天麓湖幼儿园,108.66623892447792,21.96896194400662,科教文化服务;学校;幼儿园,141204
B030900MRT,钦州市第二幼儿园,108.62551623398853,21.966597641728608,科教文化服务;学校;幼儿园,141204
B0KRPDL2Z6,千年古陶城综合研学实践教育基地(研学基地服务中心),108.68062173606673,21.93027224408778,科教文化服务;科教文化场所;科教文化场所,140000
B0MGVRF64W,广西东宇影视文化有限公司,108.63451762368553,21.987587472297122,科教文化服务;传媒机构;传媒机构,141100
B0FFIGXJFP,广西彩进文化三鸿艺术馆,108.60866831281464,21.949484071266443,科教文化服务;展览馆;展览馆,140200
B0GR0AV0RU,钦州市农业科学研究所,108.64966818862027,21.951879669376886,科教文化服务;科研机构;科研机构,141300
B0G2U604QS,钦州市钦南区白石湖幼儿园,108.637112956698,21.920657688918553,科教文化服务;学校;幼儿园,141204
B0FFJ8RV44,JS舞蹈全国连锁(钦州湾广场店),108.62827415576403,21.978500830902433,科教文化服务;培训机构;培训机构,141400
B03090MUAN,钦州市实验幼儿园,108.65249467894384,21.955507319670506,科教文化服务;学校;幼儿园,141204
B0FFGYL9G5,广西钦州起跑线教育,108.62969985760789,21.975931729482426,科教文化服务;培训机构;培训机构,141400
B0HU7KVHPV,锦润教育,108.6271958741852,21.979936895574966,科教文化服务;培训机构;培训机构,141400
B0MD1DSNIY,钦州BH舞蹈工作室,108.64258634536846,21.953359554694615,科教文化服务;培训机构;培训机构,141400
B0IDD1SD2Y,佳韵培训中心,108.64663232368201,21.982648632956685,科教文化服务;培训机构;培训机构,141400
B0H3J563EQ,高新考场科目三起点,108.67900435989777,21.95361839313755,科教文化服务;科教文化场所;科教文化场所,140000
B0FFF0AOSC,平安机动车驾驶员培训公司,108.67662711238353,21.990773500623362,科教文化服务;驾校;驾校|公司企业;公司;公司,141500|170200
B0G1PPJTI8,钦北区青少年活动中心,108.63451429559156,21.994402696136266,科教文化服务;文化宫;文化宫,140800
B0LDOSPB6E,启阳未来成长中心,108.62428960577112,21.93676887974214,科教文化服务;科教文化场所;科教文化场所,140000
B0FFF2PN7J,钦州市第二中学附属幼儿园,108.64011756114137,21.970498743695853,科教文化服务;学校;幼儿园,141204
B0IBY7YF2O,梓航教育,108.62939211832744,21.960975025371553,科教文化服务;培训机构;培训机构,141400
B0HRDAWIB5,跃动幼儿园,108.65787507491991,21.980761403330646,科教文化服务;学校;幼儿园,141204
B0FFGDX2GU,向阳幼儿园(向阳街),108.62315585280506,21.9669806033157,科教文化服务;学校;幼儿园,141204
B0FFHFBIV2,钦州市钦南区第一幼儿园,108.6554902094196,21.948081285635165,科教文化服务;学校;幼儿园,141204
B0HRVR00R6,钦州师范学校附属小学学区联盟学校,108.61667926939619,21.977240149105988,科教文化服务;学校;小学,141203
B0FFJ24QEC,东港区第一幼儿园,108.66321213321511,21.725086626296225,科教文化服务;学校;幼儿园,141204
B03090MB2A,钦州市国土资源档案馆,108.63188289914308,21.978403908546742,科教文化服务;档案馆;档案馆,140900
B0FFL2TJE8,钦北区银河艺星幼儿园,108.64768994163278,21.98435760337225,科教文化服务;学校;幼儿园,141204
B0J26UZ676,大白鲨体育培训,108.65044662125027,21.96885937139925,科教文化服务;培训机构;培训机构,141400
B0M1T6C0RL,万悦花园礼堂,108.62661460393394,21.984397740781137,科教文化服务;科教文化场所;科教文化场所,140000
B0IU9RWNMX,钦州市高新幼儿园,108.67528968853058,21.962448584255906,科教文化服务;学校;幼儿园,141204
B0HKZRU3V1,半亩方塘美学,108.63943025366218,21.964172830919996,科教文化服务;培训机构;培训机构,141400
B0FFHESSC1,老吴画室,108.62796097072521,21.97254440770781,科教文化服务;培训机构;培训机构,141400
B0G0DM6QKZ,儒亭书法艺华大厦校区,108.63159865731976,21.9732978814512,科教文化服务;培训机构;培训机构,141400
B0MUOU4GIV,华童阅读馆,108.62638011520974,21.961247032342182,科教文化服务;培训机构;培训机构,141400
B0FFI74R85,钦北区阳光之春实验幼儿园,108.63599247334186,21.994947750099815,科教文化服务;学校;幼儿园,141204
B0FFJHCE4P,乐学教育·小初高辅导(南珠店),108.61878809164168,21.965996792170255,科教文化服务;培训机构;培训机构,141400
B0FFJXO68Q,24小时自助图书馆,108.64875958460891,21.96429919848873,科教文化服务;图书馆;图书馆,140500
B0G3LHGABG,钦州港经济技术开发区第三小学,108.59495874255236,21.718049915436506,科教文化服务;学校;小学,141203
B0JBPLALR0,钦州兰亭书法院,108.64799714552555,21.96658462706,科教文化服务;培训机构;培训机构,141400
B0IGARR7UD,钦州幼专附属幼儿园,108.59736734457856,21.957710289982774,科教文化服务;学校;幼儿园,141204
B0FFJ8VQPH,钦州市钦南区银信幼儿园,108.64844678216873,21.953943814264637,科教文化服务;学校;幼儿园,141204
B0I12U805Y,钦州市第八幼儿园,108.64619366644422,21.974603573661877,科教文化服务;学校;幼儿园,141204
B0FFF2GZKA,钦州市龙凤幼儿园,108.6173007890441,21.97099060350978,科教文化服务;学校;幼儿园,141204
B0FFIDNQ0A,万花童幼儿园,108.63094424864714,21.98491229717397,科教文化服务;学校;幼儿园,141204
B0LGSU97UX,钦州市第三十三小学,108.64732686978556,21.961264264508483,科教文化服务;学校;小学,141203
B0MABCTE2R,钦州市第三十六小学,108.63500300166399,21.920455778963515,科教文化服务;学校;小学,141203
B0J3UC05ZW,广西路桥平陆运河桥梁6标工地试验室,108.63930875874802,21.897629298466157,科教文化服务;科教文化场所;科教文化场所,140000
B0FFG9EJYS,龙湾驾校训练场,108.61197821196109,21.987224780752474,科教文化服务;驾校;驾校,141500
B0IUPLM5VX,哈迪宝贝钦州托育园,108.65196261299094,21.981208508316097,科教文化服务;培训机构;培训机构,141400
B0L1OSNK3A,唯美舞服,108.63892881917207,21.952662138274178,科教文化服务;培训机构;培训机构,141400
B0IR214V6N,千幽画室,108.63224216692956,21.98016924045005,科教文化服务;培训机构;培训机构,141400
B03090M9HQ,钦州市测绘院,108.63187091556398,21.978506974246727,政府机构及社会团体;政府机关;地市级政府及事业单位|科教文化服务;科教文化场所;科教文化场所,130103|140000
B0FFF5J9SH,恒企会计培训(钦州钦南校区),108.62132466942984,21.96424032982471,科教文化服务;培训机构;培训机构,141400
B0J14HZ65J,诺顿教育,108.64385932508421,21.960645905220012,科教文化服务;培训机构;培训机构,141400
B0FFHJ3HYT,乐羊羊幼儿园,108.6256367947296,21.9512121617125,科教文化服务;学校;幼儿园,141204
B03090MG3E,油路小学,108.63499253087177,21.910041830956125,科教文化服务;学校;小学,141203
B0FFF2SAVY,亿童幼儿园(国泰路),108.63417554010748,21.98191128686927,科教文化服务;学校;幼儿园,141204
B0309001HX,钦州东站,108.66434878006227,21.981862678342452,交通设施服务;火车站;火车站,150200
B0FFH250KY,钦州东站停车场,108.66448552641788,21.980427737384975,交通设施服务;停车场;公共停车场,150904
B0HR17BBSA,钦州东站(进站口),108.66447646821692,21.982036517193794,交通设施服务;火车站;进站口/检票口,150202
B030900MS1,钦州汽车南站,108.65054482620693,21.93994640961253,交通设施服务;长途汽车站;长途汽车站,150400
B0FFGIJ0XQ,钦州汽车南站停车场,108.6505946756069,21.940745701974393,交通设施服务;停车场;公共停车场,150904
B0FFJKOGXD,钦州汽车总站,108.59780580303257,21.944616975510755,交通设施服务;长途汽车站;长途汽车站,150400
B0309001HD,钦州站,108.61558316456588,21.98650352214174,交通设施服务;火车站;火车站,150200
B0H2650SD3,钦州汽车总站停车场,108.59774878430972,21.94548840066578,交通设施服务;停车场;公共停车场,150904
B0FFLK62FN,白石湖公园东停车场,108.63415370898956,21.93847062930686,交通设施服务;停车场;公共停车场,150904
B0H1UZWAZX,钦州市第一人民医院总院区停车场,108.62709185899138,21.963287112585004,交通设施服务;停车场;公共停车场,150904
B0HR17BJUR,钦州东站(出站口),108.66391877151347,21.982451777218692,交通设施服务;火车站;出站口,150203
B0GK9RQO79,钦州新城吾悦广场地下停车场,108.62659966552913,21.94272292167344,交通设施服务;停车场;公共停车场,150904
B0GKOM7432,年年丰广场地下停车场,108.62340434974729,21.969631580479223,交通设施服务;停车场;公共停车场,150904
B030900M8J,钦州港客运站,108.59943603795794,21.738452606029863,交通设施服务;长途汽车站;长途汽车站,150400
B0FFGIAQIG,钦州市第一人民医院停车场,108.62680622274348,21.965382470079575,交通设施服务;停车场;路边停车场,150906
B0FFHEDXJH,钦州港站,108.60999462794342,21.752200586158953,交通设施服务;火车站;货运火车站,150210
B0FFMDHWNO,钦州港东站,108.67108939319452,21.684762838656578,交通设施服务;火车站;货运火车站,150210
B0FFL6XZEA,钦州汽车客运中心,108.66239137436064,21.98275182570996,交通设施服务;长途汽车站;长途汽车站,150400
B0H2Y5Y4VF,刘永福故居停车场,108.6186701483012,21.947552114490126,交通设施服务;停车场;公共停车场,150904
BV10271180,大花园(公交站),108.6196319815579,21.96538965409856,交通设施服务;公交车站;公交车站相关,150700
B0FFHUHXPZ,北部湾港钦州港区外贸码头,108.64074565938387,21.676311011097845,交通设施服务;港口码头;港口码头,150300
B0GKJMXDRV,白石湖公园北停车场,108.63008190836345,21.940952547007054,交通设施服务;停车场;公共停车场,150904
B0FFMAQZ7H,大榄坪站,108.6649515591914,21.754688546654407,交通设施服务;火车站;火车站,150200
B0309001GJ,钦州湾广场三沿路停车场,108.62183224683342,21.978397508586202,交通设施服务;停车场;公共停车场,150904
BV10525053,火车东站(公交站),108.66273763936205,21.981055363747206,交通设施服务;公交车站;公交车站相关,150700
BV11127784,钦州港枢纽站(公交站),108.60030855403032,21.73923371182591,交通设施服务;公交车站;公交车站相关,150700
BV11588138,旧总站(公交站),108.62015714861288,21.967640184507577,交通设施服务;公交车站;公交车站相关,150700
B0H1R7BL28,钦州市妇幼保健院停车场,108.62687573325499,21.95262330126294,交通设施服务;停车场;公共停车场,150904
BV10691578,火车西站(公交站),108.61649006803958,21.986203570373128,交通设施服务;公交车站;公交车站相关,150700
B0I6GUAPE1,鸿发市场停车场,108.6270887707324,21.985638732587258,交通设施服务;停车场;公共停车场,150904
B0FFKVVGGV,钦州园博园4号停车场,108.68019172018988,21.930673232224834,交通设施服务;停车场;公共停车场,150904
B0FFG8Y81S,吉运码头,108.59678089136564,21.72357399479762,交通设施服务;港口码头;港口码头,150300
B0GK9RRVHE,钦州吾悦广场停车场(安州大道入口),108.62668453091528,21.94266178641649,交通设施服务;停车场;停车场入口,150907
B0HRDCX37V,世贸广场地下停车场,108.6440757126704,21.963826056061933,交通设施服务;停车场;公共停车场,150904
B0FFHP2UTV,广进地面停车场,108.59785885848083,21.757019680165296,交通设施服务;停车场;公共停车场,150904
B0FFKPXYFO,火车西站货场,108.62089706504912,21.98907657662269,交通设施服务;交通服务相关;交通服务相关,150000
BV11300644,钦州新汽车总站(公交站),108.5979296881405,21.945916575839075,交通设施服务;公交车站;公交车站相关,150700
BV11336810,金桂浆纸厂宿舍区(公交站),108.67655994238444,21.714732045354022,交通设施服务;公交车站;公交车站相关,150700
B0H1P7RCLE,钦州市中医医院停车场,108.65689201667595,21.967436909506205,交通设施服务;停车场;公共停车场,150904
BV09552297,水上服务区(公交站),108.61203710360988,21.926563843732232,交通设施服务;公交车站;公交车站相关,150700
BV10271346,五里桥(公交站),108.64027418259563,21.951391389001284,交通设施服务;公交车站;公交车站相关,150700
B0GKOM6QSI,年年丰广场地下停车场(入口),108.62337739526188,21.969531563825985,交通设施服务;停车场;停车场入口,150907
B0K0F9OFNA,果子山码头,108.59367493250735,21.720673976010158,交通设施服务;港口码头;港口码头,150300
B0FFF2C302,正新码头,108.5909061521008,21.724623339780816,交通设施服务;港口码头;港口码头,150300
B0FFHYBG92,钦州凤凰欢乐世界停车场,108.65455883334776,21.938223297604218,交通设施服务;停车场;停车场相关,150900
BV10271289,汽车南站(公交站),108.65007680705085,21.941199844362966,交通设施服务;公交车站;公交车站相关,150700
B0FFHUHXQ0,钦州港保税港区外贸码头3号泊位,108.64076362335763,21.67630197869965,交通设施服务;港口码头;港口码头,150300
BV11678792,年年丰(公交站),108.62147220832708,21.969351603075854,交通设施服务;公交车站;公交车站相关,150700
BV11093387,新汽车总站(公交站),108.59615334421687,21.94625496340594,交通设施服务;公交车站;公交车站相关,150700
BV11191412,钦州监狱生活小区(公交站),108.61100349720898,21.98157881111159,交通设施服务;公交车站;公交车站相关,150700
BV10271187,泥桥(公交站),108.62711744233718,21.991389415285454,交通设施服务;公交车站;公交车站相关,150700
BV11483077,大花园旧一中后门(公交站),108.61964396546873,21.96538363899953,交通设施服务;公交车站;公交车站相关,150700
BV11001715,文实中学(公交站),108.66624264763968,21.954186898761247,交通设施服务;公交车站;公交车站相关,150700
B0KR2K6H76,华兴码头,108.59220192956124,21.726229137253622,交通设施服务;港口码头;港口码头,150300
BV10582819,子材扬帆北路口(公交站),108.64297394430756,21.965454675751367,交通设施服务;公交车站;公交车站相关,150700
B0GUJ5PWFE,钦州市辉顺停车服务管理中心,108.59477859585806,21.970242479484387,交通设施服务;停车场;停车场相关,150900
BV10271380,三马路口(公交站),108.61633897164134,21.951010970000873,交通设施服务;公交车站;公交车站相关,150700
BV10582818,大学城(公交站),108.61606988914856,21.897888881580137,交通设施服务;公交车站;公交车站相关,150700
B0H10UUTYX,钦州汽车南站(进站口),108.65034823985907,21.940448000752358,交通设施服务;长途汽车站;进站,150401
BV10527042,扬帆子材东路口(公交站),108.6434161066435,21.96368709680486,交通设施服务;公交车站;公交车站相关,150700
BV09552298,钦州水上服务区(公交站),108.61205109302657,21.926476791777613,交通设施服务;公交车站;公交车站相关,150700
BV10524359,钦州湾子材路口(公交站),108.62236474083687,21.972840281370207,交通设施服务;公交车站;公交车站相关,150700
BV09530617,火车东站(客运中心)(公交站),108.66259986799659,21.983020556850065,交通设施服务;公交车站;公交车站相关,150700
BV10271232,钦州湾广场(公交站),108.62315340669116,21.976186982807107,交通设施服务;公交车站;公交车站相关,150700
BV11103021,钦州湾向阳路口(公交站),108.62112480952811,21.9672139603858,交通设施服务;公交车站;公交车站相关,150700
B0FFGH399S,嘉园酒店停车场,108.61698534703733,21.9677603612177,交通设施服务;停车场;公共停车场,150904
B0LUARO7D8,人和大地小区停车场,108.65655603766912,21.982761811924778,交通设施服务;停车场;公共停车场,150904
B0HDL7XOT0,振华停车场,108.60011603481435,21.73136553128544,交通设施服务;停车场;公共停车场,150904
B0HARU0U9J,恒基广场地下停车场,108.61955732644805,21.960410358330964,交通设施服务;停车场;公共停车场,150904
B0HRDCXPUK,世贸广场停车场,108.64420146256012,21.963512694869575,交通设施服务;停车场;公共停车场,150904
BV10271210,鸿发市场(公交站),108.62814596112088,21.986863959691746,交通设施服务;公交车站;公交车站相关,150700
B030900Q2U,沙井停车场,108.60786568984767,21.956517905416533,交通设施服务;停车场;公共停车场,150904
B0H6B7FDS1,大润发钦州店地下停车场,108.60995605308453,21.97098749780923,交通设施服务;停车场;公共停车场,150904
BV10527035,交警二大队(公交站),108.64639235480756,21.951905422588258,交通设施服务;公交车站;公交车站相关,150700
B0MRJ18JHS,生辉海鲜城(五马路店)-门前停车场,108.60888029170309,21.945916237548126,交通设施服务;停车场;公共停车场,150904
B0H265052X,钦州汽车总站(进站口),108.59813064460626,21.94505112846004,交通设施服务;长途汽车站;进站,150401
BV10527052,扬帆坭兴路口(公交站),108.64011916853556,21.958060818779213,交通设施服务;公交车站;公交车站相关,150700
BV11104862,梦园广场(公交站),108.6507604725267,21.977947126983505,交通设施服务;公交车站;公交车站相关,150700
B0KKB59IMS,天鹰观渔白石湖一店地下停车场,108.63310485767333,21.934076050368205,交通设施服务;停车场;公共停车场,150904
BV11509452,逸仙路口(公交站),108.59655692445729,21.745315935746557,交通设施服务;公交车站;公交车站相关,150700
BV10525046,南珠市场(公交站),108.61449336491413,21.96785360336056,交通设施服务;公交车站;公交车站相关,150700
BV11370304,交警五大队(公交站),108.6012387706229,21.744798753556456,交通设施服务;公交车站;公交车站相关,150700
BV09036601,吾悦广场(公交站),108.62614035492389,21.943767990854404,交通设施服务;公交车站;公交车站相关,150700
B0H06UEO8W,东风市场停车场,108.62230537539868,21.961632013452807,交通设施服务;停车场;公共停车场,150904
BV10550273,钦州保税港区(公交站),108.64908416330586,21.692988126782502,交通设施服务;公交车站;公交车站相关,150700
B0JRXS3A0Q,牙山大型停车场,108.62536820974351,21.725289925861993,交通设施服务;停车场;停车场相关,150900
B0J635693R,广西御驰物流停车场,108.60472224857496,21.708240628234844,交通设施服务;停车场;公共停车场,150904
BV10271307,城东市场(公交站),108.63574599566547,21.953108255464965,交通设施服务;公交车站;公交车站相关,150700
B0H1NR8J8W,钦州市第二人民医院文峰院区立体停车场,108.61370273635349,21.95829770089901,交通设施服务;停车场;公共停车场,150904
B0J3XZ2HF4,钦州园博园2号停车场,108.68048355923285,21.940309291776845,交通设施服务;停车场;公共停车场,150904
BV10271219,东风市场(公交站),108.62046790056975,21.963854057550535,交通设施服务;公交车站;公交车站相关,150700
B03090MB2E,梦园游园车辆停车场,108.65135595972409,21.981572776117662,交通设施服务;停车场;公共停车场,150904
B0HU5ROFLM,年年丰广场地下停车场,108.62327754186933,21.96960671390736,交通设施服务;停车场;公共停车场,150904
B0FFF04OY9,钦州市中医院内科住院楼停车场,108.61699403125229,21.953502558947875,交通设施服务;停车场;公共停车场,150904
B030900M8I,巨龙港务有限公司边贸口岸,108.59356245194542,21.731152213953933,交通设施服务;港口码头;港口码头,150300
B0LAYUYZJM,万恒大型停车场,108.59123016303826,21.971993136678094,交通设施服务;停车场;公共停车场,150904
BV11472084,扬帆东南路口(公交站),108.640059875333,21.94609620595782,交通设施服务;公交车站;公交车站相关,150700
BV11370309,港区中学(公交站),108.66008728704325,21.72924423542972,交通设施服务;公交车站;公交车站相关,150700
B0HUYZS0VT,仟仟万家钦州购物中心停车场,108.62445230011855,21.97883373169917,交通设施服务;停车场;公共停车场,150904
B0LRHA6LDS,钦州市第三中学(初中部)-停车场,108.63175538551185,21.95270985757273,交通设施服务;停车场;公共停车场,150904
BV09541720,体育馆开投充电桩大门(公交站),108.65163012657189,21.96569473882872,交通设施服务;公交车站;公交车站相关,150700
B0LUHXKOGY,临海集团码头,108.5977331464171,21.731377031051142,交通设施服务;交通服务相关;交通服务相关,150000
BV09525821,北部湾大学东门(公交站),108.61610680743135,21.898638204382166,交通设施服务;公交车站;公交车站相关,150700
BV09377765,钦州港公交枢纽站(公交站),108.60055839839576,21.739674826092493,交通设施服务;公交车站;公交车站相关,150700
B0K1O7TPCQ,钦州汽车总站(出站口),108.59861145747709,21.9445287902656,交通设施服务;长途汽车站;出站,150402
BV09026051,联检大楼(公交站),108.65509162204798,21.734422680722773,交通设施服务;公交车站;公交车站相关,150700
BV11370306,电厂北门(公交站),108.62315743385132,21.70814068788115,交通设施服务;公交车站;公交车站相关,150700
B0H3JZZRSL,钦州东站停车场(入口),108.66403159882505,21.980533653112282,交通设施服务;停车场;停车场入口,150907
BV10524186,扬帆金海湾东路口(公交站),108.64021472683822,21.942749359739427,交通设施服务;公交车站;公交车站相关,150700
BV10531523,扬帆永福东路口(公交站),108.64444232929867,21.976196319717832,交通设施服务;公交车站;公交车站相关,150700
B0FFLAKN0L,钦州汽车南站候车厅,108.65036520294785,21.94042996181725,交通设施服务;长途汽车站;候车室,150403
BV11670060,幸福小镇东门(公交站),108.67643566011698,21.7872056839462,交通设施服务;公交车站;公交车站相关,150700
B0JUGRLGY8,中国建设银行钦州湾大道南停车场,108.62180569803807,21.9699475232895,交通设施服务;停车场;公共停车场,150904
B0FFG638RP,人和春天停车场,108.64048619369704,21.962789481800993,交通设施服务;停车场;公共停车场,150904
BV10841944,钦州园博园(公交站),108.67836149532663,21.941054598305477,交通设施服务;公交车站;公交车站相关,150700
BV10271184,钦州湾永福西路口(公交站),108.6242924588046,21.980631772912766,交通设施服务;公交车站;公交车站相关,150700
BV10689493,市行政中心(公交站),108.65091191305997,21.982423978007482,交通设施服务;公交车站;公交车站相关,150700
B0MAHCLQ2H,天鹰观渔广场店停车场(入口),108.62317414922975,21.98081915700852,交通设施服务;停车场;停车场入口,150907
B0H3V78PW2,水东农贸市场停车场,108.65016294631994,21.954790176373344,交通设施服务;停车场;公共停车场,150904
BV10271216,城中南市场(公交站),108.62655048276481,21.968553299102897,交通设施服务;公交车站;公交车站相关,150700
BV10525051,白石湖(公交站),108.6280263736753,21.941621583607596,交通设施服务;公交车站;公交车站相关,150700
B0J2P5AP7P,狮子头大型停车场,108.67715955064625,21.71427773641293,交通设施服务;停车场;公共停车场,150904
B0LDJRX9QS,临海物流危化品停车场,108.62341681902375,21.712805230865413,交通设施服务;停车场;停车场相关,150900
BV09551078,钦州汽车南站(公交站),108.6505937155261,21.939978337318987,交通设施服务;公交车站;公交车站相关,150700
BV09541719,中石油小区(公交站),108.64444630291969,21.97656148635447,交通设施服务;公交车站;公交车站相关,150700
BV10531518,新阳钦州湾路口(公交站),108.62230204420996,21.96851429401414,交通设施服务;公交车站;公交车站相关,150700
BV11356049,海港市场(公交站),108.59786309776345,21.752020568716812,交通设施服务;公交车站;公交车站相关,150700
B0HU9Z4MFE,钦州商业大厦停车场,108.61870057448436,21.958489302193545,交通设施服务;停车场;公共停车场,150904
B0L2SR6VHE,北部湾大学停车场,108.61117745096061,21.89667523364922,交通设施服务;停车场;专用停车场,150905
BV10527032,扬帆鸿亭路口(公交站),108.64420224894471,21.96782374571823,交通设施服务;公交车站;公交车站相关,150700
B0HKOCK1V8,钦州万颐大酒店停车点,108.63983632857835,21.96641425085831,交通设施服务;停车场;公共停车场,150904
B0FFLAAC0W,长融世贸广场停车场,108.64431821913574,21.963443464831666,交通设施服务;停车场;停车场相关,150900
B0HUC7WH9W,协盛商业广场地下停车场,108.61803027401925,21.96225475121855,交通设施服务;停车场;公共停车场,150904
B0FFHZXC81,钦州站停车场,108.61625438044867,21.985784585411977,交通设施服务;停车场;公共停车场,150904
BV10271378,五马路口(公交站),108.61409486378447,21.946525765274185,交通设施服务;公交车站;公交车站相关,150700
BV11611233,保税港首末站(公交站),108.66110171248742,21.69237177402484,交通设施服务;公交车站;公交车站相关,150700
B0FFFZ7V6U,山仔停车场,108.60706930668402,21.978476803742083,交通设施服务;停车场;公共停车场,150904
BV10527030,扬帆南珠路口(公交站),108.64028900883875,21.954320762601178,交通设施服务;公交车站;公交车站相关,150700
BV10271294,一马路口(公交站),108.61824334688588,21.955043107063887,交通设施服务;公交车站;公交车站相关,150700
B0H6754XRJ,天鹰观渔白石湖一店地下停车场(入口),108.6346268764166,21.937444444504855,交通设施服务;停车场;停车场入口,150907
B0FFKYMNJJ,钦州恒大御景半岛停车场,108.64335655032455,21.977541783630016,交通设施服务;停车场;停车场相关,150900
B0FFGIAS57,金湾步行街商业区停车场,108.6217552734592,21.95965767894925,交通设施服务;停车场;公共停车场,150904
B0HUYZTKWP,仟仟万家钦州购物中心地下停车场,108.62396608273963,21.978109958898408,交通设施服务;停车场;公共停车场,150904
BV10523913,金海湾扬帆路口(公交站),108.64141336238475,21.94121068440939,交通设施服务;公交车站;公交车站相关,150700
B0FFLCYYUT,钦州汽车总站候车大厅,108.59813964286793,21.945007105870047,交通设施服务;长途汽车站;候车室,150403
B0IBHRFMK0,金湾国际大酒店地下停车场,108.61962922974794,21.96038027069358,交通设施服务;停车场;公共停车场,150904
BV09130268,钦州湾向阳路口(旧汽车总站)(公交站),108.6210080011487,21.9666898359022,交通设施服务;公交车站;公交车站相关,150700
BV10450356,交警一大队(公交站),108.6113326986462,21.97053633399264,交通设施服务;公交车站;公交车站相关,150700
B0I6G5CUKX,恒商大酒店停车点,108.61975312178758,21.97960528654655,交通设施服务;停车场;公共停车场,150904
BV10527047,东风市场东门(公交站),108.62283051025959,21.96346329763154,交通设施服务;公交车站;公交车站相关,150700
BV11581239,广西中伟新能源(公交站),108.66521805964486,21.71125527642641,交通设施服务;公交车站;公交车站相关,150700
B0H3RAEJBL,钦州汽车客运中心停车场,108.6625400619638,21.98196016811485,交通设施服务;停车场;公共停车场,150904
B030900MZ9,停车场(钦州市钦南区信访办北),108.65383522705143,21.943489140000764,交通设施服务;停车场;公共停车场,150904
BV10550283,北部湾新兴路口(公交站),108.60752882041852,21.959864694147537,交通设施服务;公交车站;公交车站相关,150700
B0H0MSJ0AN,钦州市图书馆停车场,108.64802318410149,21.964643657470695,交通设施服务;停车场;公共停车场,150904
B0H1UZWIY9,钦州市第一人民医院总院区地下停车场,108.62640392406941,21.96437149107543,交通设施服务;停车场;公共停车场,150904
B0IGAZO9SZ,广西满帮停车场,108.66801125315972,21.897231364162188,交通设施服务;停车场;公共停车场,150904
B0MRRC2LA8,钦州保税港北闸口(散货),108.64179097109948,21.68769956853489,交通设施服务;交通服务相关;交通服务相关,150000
BV10271324,小花园(公交站),108.62447624561743,21.95872813961525,交通设施服务;公交车站;公交车站相关,150700
BV09541739,北部湾大道新兴美食广场路口(公交站),108.60749287265591,21.959428506567516,交通设施服务;公交车站;公交车站相关,150700
B0FFL2GDRN,钦州园博园6号停车场,108.67608614283327,21.935456201616955,交通设施服务;停车场;公共停车场,150904
B0HRN7XGGJ,开投大厦停车场,108.64293665985191,21.972824243080623,交通设施服务;停车场;公共停车场,150904
BV09026050,扬帆平山路口(公交站),108.64002170974518,21.930652893822405,交通设施服务;公交车站;公交车站相关,150700
B0L05NSQAQ,中石油东北炼化工程有限公司(广西公司)地上停车场,108.59825589471282,21.752761813732196,交通设施服务;停车场;公共停车场,150904
BV09541718,金海湾花鸟市场(公交站),108.5974598727953,21.946078726322202,交通设施服务;公交车站;公交车站相关,150700
B0H1UZW3DS,钦州市第一人民医院总院区立体停车场,108.62649577958157,21.964292339116824,交通设施服务;停车场;公共停车场,150904
B0H3254EIP,滨海医院停车场,108.59940708836373,21.737701302829244,交通设施服务;停车场;公共停车场,150904
BV10523907,农校(公交站),108.63222253560438,21.952945313624248,交通设施服务;公交车站;公交车站相关,150700
BV09556748,钦州水上服务中心(公交站),108.61205109302657,21.926476791777613,交通设施服务;公交车站;公交车站相关,150700
BV11341158,北部湾建设路口(公交站),108.60790223594898,21.96518501452312,交通设施服务;公交车站;公交车站相关,150700
BV11479823,四中路口(公交站),108.59519376229693,21.964423694198988,交通设施服务;公交车站;公交车站相关,150700
BV10450359,南珠文峰北路口(公交站),108.61396790645671,21.969153656102886,交通设施服务;公交车站;公交车站相关,150700
B0H06UEO8X,东风市场地下停车场,108.62244516633622,21.96170489248804,交通设施服务;停车场;公共停车场,150904
B0HUC7W1QF,协盛商业广场停车场,108.61841776956065,21.96217333599161,交通设施服务;停车场;公共停车场,150904
B0M6N5EWWY,敏捷珑玥湾-地下停车场,108.6408793752935,21.983535702982667,交通设施服务;停车场;公共停车场,150904
BV09383037,市供水公司(年年丰)(公交站),108.62367482569455,21.971983387200087,交通设施服务;公交车站;公交车站相关,150700
B0HRY7GMHN,仙岛公园停车场,108.59421074373175,21.74281902465805,交通设施服务;停车场;专用停车场,150905
BV10582821,钦北消防大队(公交站),108.62707049385263,21.971469033160258,交通设施服务;公交车站;公交车站相关,150700
B0FFKK4DBD,和谐公园停车场,108.62507327642885,21.939068046178214,交通设施服务;停车场;公共停车场,150904
BV10550282,钦州港供水公司(公交站),108.61506759155391,21.743319010132936,交通设施服务;公交车站;公交车站相关,150700
B0HRDCXPUJ,世贸广场地下停车场(入口),108.64396395974843,21.963594133734812,交通设施服务;停车场;停车场入口,150907
BV10525042,二医院(公交站),108.61257300420137,21.95791140378237,交通设施服务;公交车站;公交车站相关,150700
BV09305614,新汽车总站(花鸟市场)(公交站),108.59809960945995,21.94604961058516,交通设施服务;公交车站;公交车站相关,150700
B0FFGIAMKK,停车场,108.61977576129682,21.94536895954014,交通设施服务;停车场;路边停车场,150906
B0M6FSYC6V,钦州市港区公安消防大队港区中队停车场,108.59764465830028,21.74225652280478,交通设施服务;停车场;公共停车场,150904
B03090M9I0,梦园富民路南停车场,108.64966189017467,21.978523361932034,交通设施服务;停车场;公共停车场,150904
B03090M9I1,梦园富民路北停车场,108.64964777276288,21.981540817868304,交通设施服务;停车场;公共停车场,150904
BV10524358,钦州湾鸿发路口(公交站),108.62535162326962,21.98440829869697,交通设施服务;公交车站;公交车站相关,150700
BV11370303,港区四小(公交站),108.65029615409547,21.740655963694177,交通设施服务;公交车站;公交车站相关,150700
B0FFKJR2IC,钦州大蚝示范区大蚝装卸码头,108.59502588811594,21.735404945228836,交通设施服务;交通服务相关;交通服务相关,150000
B0HR4DZ02D,联通大厦停车场,108.62700823489365,21.978844614636596,交通设施服务;停车场;公共停车场,150904
BV10271185,冯子材故居(公交站),108.62279047119571,21.985949022082277,交通设施服务;公交车站;公交车站相关,150700
BV11509543,钦州市第二中学(公交站),108.64441656642072,21.97248460017703,交通设施服务;公交车站;公交车站相关,150700
BV09069401,安州嘉兴路口(公交站),108.62116416604344,21.917752319561483,交通设施服务;公交车站;公交车站相关,150700
B0H3TRMSZU,钦南区人民医院停车场,108.63431160715868,21.954969272727013,交通设施服务;停车场;公共停车场,150904
BV10271351,中山公园(公交站),108.61561462864725,21.955698851605405,交通设施服务;公交车站;公交车站相关,150700
B0M6CHUT3F,北部湾大学南侧停车场,108.61226240678958,21.894828564297054,交通设施服务;停车场;公共停车场,150904
B0HR1RGBMT,钦州国贸中心停车场,108.64926884994789,21.976706197164958,交通设施服务;停车场;公共停车场,150904
B0HK0LHNRF,越也码头,108.62249917671144,21.980335689802928,交通设施服务;港口码头;港口码头,150300
B0H6B7EBLZ,大润发钦州店地下停车场(入口),108.60996604295266,21.970996495465446,交通设施服务;停车场;停车场入口,150907
B0FFG3WSSH,吉成物流停车场,108.67122942822061,21.980970106820124,交通设施服务;停车场;公共停车场,150904
B0M6GOQ2XY,远辰金湾蓝岸停车场,108.62588584211393,21.94212952172781,交通设施服务;停车场;公共停车场,150904
BV09026054,港区中学路口(公交站),108.65425669801787,21.731023827576685,交通设施服务;公交车站;公交车站相关,150700
B0FFGI9IBI,停车场(滨江南路),108.61980566721354,21.946456448006565,交通设施服务;停车场;路边停车场,150906
BV10565929,北部湾金海湾西路口(公交站),108.60534825911404,21.94625333927388,交通设施服务;公交车站;公交车站相关,150700
BV10271379,四马路口(公交站),108.61456328709264,21.94725772594384,交通设施服务;公交车站;公交车站相关,150700
B0LB9RX37E,钦州港片区石化园区一危化品停车场,108.61022098740506,21.78157503758902,交通设施服务;停车场;公共停车场,150904
B0FFF05OC4,金湖国际大酒店停车场,108.62767320527352,21.977523142289485,交通设施服务;停车场;专用停车场,150905
BV11336813,钦州港市场(公交站),108.59808590906728,21.733237733776924,交通设施服务;公交车站;公交车站相关,150700
B0M60GL4TW,中国石油广西石化公司停车场,108.60240260373963,21.775170283306824,交通设施服务;停车场;专用停车场,150905
BV11062780,钦州湾广场北(公交站),108.622160692969,21.979943880477705,交通设施服务;公交车站;公交车站相关,150700
B0HKOCLHD3,钦州万颐大酒店地面停车点(入口),108.63982236002263,21.966346240809344,交通设施服务;停车场;停车场入口,150907
BV10271260,二马路口(公交站),108.61754434271421,21.953241918720312,交通设施服务;公交车站;公交车站相关,150700
B0IG2CA1OA,万国商业广场地面停车场,108.62550137180646,21.984712261096526,交通设施服务;停车场;公共停车场,150904
BV11464550,大番坡路口(公交站),108.63455411549579,21.853508813761056,交通设施服务;公交车站;公交车站相关,150700
BV11356050,钦州港招商大厦(公交站),108.59813049817768,21.741368075062802,交通设施服务;公交车站;公交车站相关,150700
BV10271186,钦州湾银河路口(公交站),108.62586968546901,21.98677878972858,交通设施服务;公交车站;公交车站相关,150700
BV09035924,市中医院北门(公交站),108.65785871368783,21.968606661374345,交通设施服务;公交车站;公交车站相关,150700
BV11522348,扬帆金海湾路口(公交站),108.64021472683822,21.942749359739427,交通设施服务;公交车站;公交车站相关,150700
BV11341155,大润发(公交站),108.60824567865585,21.970370280110952,交通设施服务;公交车站;公交车站相关,150700
B0MGC7FBES,钦州港大榄平榄1泊位,108.63556279373313,21.697845226249978,交通设施服务;停车场;停车场相关,150900
BV10525054,文峰五马路口(公交站),108.60904409947942,21.94674753227944,交通设施服务;公交车站;公交车站相关,150700
BV11370301,中山码头(公交站),108.59935651278028,21.729406917233483,交通设施服务;公交车站;公交车站相关,150700
B0FFIGHS9V,阳光·曼哈顿小区停车场(出入口),108.641709554105,21.96565185669015,交通设施服务;停车场;停车场出入口,150909
B0H3J73ECL,东升农贸市场停车场,108.64489813286336,21.980846753188562,交通设施服务;停车场;公共停车场,150904
B03090042R,中国建设银行(钦州分行),108.61332259654112,21.96991553758238,金融保险服务;银行;中国建设银行,160106
B0FFI796YE,广西农村信用社(三沿路),108.62266212845238,21.976394637193064,金融保险服务;银行;农村商业银行,160121
B0FFMCGYA6,中国人民银行(钦州市分行),108.61533823403722,21.970611195563933,金融保险服务;银行;中国人民银行,160101
B0FFGI9FQH,中信银行(钦州分行营业部),108.63246684290654,21.978500130860915,金融保险服务;银行;中信银行,160111
B0309003LW,中国农业银行(钦州分行),108.62376549239299,21.975985183490568,金融保险服务;银行相关;银行相关,160200
B03090043K,中国银行(钦州分行),108.6145591838807,21.969996567759043,金融保险服务;银行;中国银行,160104
B030900M8N,中国农业银行(钦州钦州港支行),108.60161775741463,21.740480841685738,金融保险服务;银行;中国农业银行,160107
B03090M8DE,中国工商银行(向阳支行),108.62213040663177,21.966239401650753,金融保险服务;银行;中国工商银行,160105
B0I3UKNN76,中国建设银行(广西自贸试验区钦州港片区支行),108.66722936913223,21.770469927982393,金融保险服务;银行;中国建设银行,160106
B0FFKRRPJI,中国工商银行(人和春天支行),108.64698646108002,21.964275290554426,金融保险服务;银行;中国工商银行,160105
B0FFFO7QCR,中国农业银行(江南分理处),108.6257846032127,21.950323557204616,金融保险服务;银行;中国农业银行,160107
B0FFJ16IO6,中国建设银行(子材东大街支行),108.64061772080677,21.966983266279218,金融保险服务;银行;中国建设银行,160106
B030900M8M,中国建设银行(港区支行),108.59910903945467,21.741700022084224,金融保险服务;银行;中国建设银行,160106
B0FFJXWWK9,桂林银行(钦州分行),108.6308989828972,21.971549018949098,金融保险服务;银行;银行,160100
B03090MB23,广西北部湾银行(钦州分行营业部),108.62613866095555,21.978481527421746,金融保险服务;银行;银行,160100
B030900EIA,广西农村信用社,108.62677281730605,21.954331245219407,金融保险服务;银行;农村商业银行,160121
B0I67ZO556,交通银行,108.64363654199909,21.965764717009026,金融保险服务;银行;交通银行,160108
B0FFFEFCD5,中国银行(永福大街支行),108.64485434641139,21.9783996670386,金融保险服务;银行;中国银行,160104
B0FFFQ68P2,中国工商银行(银河街支行),108.62672826971536,21.98745804695682,金融保险服务;银行;中国工商银行,160105
B0FFFFKGUD,申万宏源证券有限公司钦州永福西路证券营业部,108.63038555136492,21.978322938409786,金融保险服务;证券公司;证券公司,160500
B0FFI7UO5Q,钦州市区农村信用合作联社(小江分社),108.64483280331524,21.970042733944418,金融保险服务;银行;农村商业银行,160121
B030900MUA,中国建设银行(新兴街支行),108.62966865726608,21.960690520389985,金融保险服务;银行;中国建设银行,160106
B0FFFEIT1D,中国建设银行(永福东大街支行),108.64522256063991,21.97842505231728,金融保险服务;银行;中国建设银行,160106
B0309002SM,中国农业银行(南珠支行),108.60844162521126,21.967846962288174,金融保险服务;银行;中国农业银行,160107
B03090M8OH,中国农业银行(钦州郊区支行),108.60873444726143,21.945476117461798,金融保险服务;银行;中国农业银行,160107
B0FFG338J2,中国建设银行(钦州湾大道南支行),108.62206329699971,21.97049049839453,金融保险服务;银行;中国建设银行,160106
B030900PKG,中国建设银行(永福西大街支行),108.62486162536611,21.97963462537961,金融保险服务;银行;中国建设银行,160106
B03090MAD4,中国工商银行(安州支行),108.62576061733907,21.950815821443744,金融保险服务;银行;中国工商银行,160105
B0FFHCLXGU,中国银行(钦州市扬帆大道支行),108.64108542762554,21.953552108595936,金融保险服务;银行;中国银行,160104
B03090MNFL,中国工商银行(钦州永福东大街支行),108.64497414145451,21.977383981435214,金融保险服务;银行;中国工商银行,160105
B03090MA0M,中国工商银行(钦州港科技支行),108.59833268586128,21.73565268053049,金融保险服务;银行;中国工商银行,160105
B0FFLOZXG6,广西农村信用社,108.63427375349879,21.95342159000795,金融保险服务;银行;银行,160100
B0FFGIALQ4,广西北部湾银行(钦州市人民路支行),108.61899208225671,21.960594015808656,金融保险服务;银行;银行,160100
B0HA7KXH7T,广西北部湾银行(广西自贸试验区钦州港片区支行),108.67551969962581,21.76951371530973,金融保险服务;银行;银行,160100
B0I1VSYDX1,兴业银行(钦州支行),108.64111399305193,21.961214715281965,金融保险服务;银行;兴业银行,160118
B030900N0C,中国银行(新兴中路支行),108.61664618451607,21.95932365533776,金融保险服务;银行;中国银行,160104
B0FFIRX212,中国光大银行(钦州分行营业部),108.64374076737973,21.977063913491897,金融保险服务;银行;中国光大银行,160113
B0FFGD9GGP,广西农村信用社(钦州港支行),108.59983463129869,21.742751290484932,金融保险服务;银行;农村商业银行,160121
B030900M8K,中国银行(钦州港支行),108.59610520610241,21.742690886942302,金融保险服务;银行;中国银行,160104
B0IDAD2UH2,桂林银行(钦州钦南区支行),108.65569692865466,21.96439067897411,金融保险服务;银行;银行,160100
B0FFFYH87P,中国邮政储蓄银行(钦州市分行营业部),108.64882678911322,21.977445329799355,金融保险服务;银行;中国邮政储蓄银行,160139
B0FFIQ0FD8,中国农业银行(钦州明珠支行),108.63802190628044,21.967062422280115,金融保险服务;银行;中国农业银行,160107
B030900PKF,中国建设银行(钦州建设街支行),108.61843669017044,21.96328884887132,金融保险服务;银行;中国建设银行,160106
B0309003QR,中国农业银行(钦州新兴支行),108.6253146136045,21.985799001836057,金融保险服务;银行;中国农业银行,160107
B0FFK0C2TM,中国工商银行(钦州广场支行营业室),108.6263652615396,21.979195585672237,金融保险服务;银行;中国工商银行,160105
B0FFH58KI5,中国邮政储蓄银行(钦州市钦州港支行),108.5987141241893,21.7437619601624,金融保险服务;银行;中国邮政储蓄银行,160139
B030900EJ9,中国工商银行(江滨支行),108.61144248472968,21.952068455849627,金融保险服务;银行;中国工商银行,160105
B030900PKE,中国建设银行(钦州二马路支行),108.61460889414359,21.954233016303892,金融保险服务;银行;中国建设银行,160106
B0JASRDYKB,中国邮政储蓄银行,108.63168348256896,21.953351264039746,金融保险服务;银行;银行,160100
B0HR07XOPP,中国工商银行(广西自贸区钦州港片区支行),108.664730181987,21.773046815084832,金融保险服务;银行;中国工商银行,160105
B0L39CSN14,中国邮政储蓄银行(钦州市南珠西大街支行),108.62316900905537,21.963377872982107,金融保险服务;银行;中国邮政储蓄银行,160139
B03090MA9D,中国邮政储蓄银行(永福西大街支行),108.62596889190618,21.979319133909193,金融保险服务;银行;中国邮政储蓄银行,160139
B0H02SD7MH,广西北部湾银行(扬帆大道支行),108.63973816854742,21.953322168708713,金融保险服务;银行;银行,160100
B0FFF307KQ,中国建设银行(金海湾支行),108.60776634040825,21.94493343457728,金融保险服务;银行;中国建设银行,160106
B03090M9TE,中国银行(新兴街支行),108.62903274561437,21.96069436839112,金融保险服务;银行;中国银行,160104
B0FFK8KQ4M,华夏银行(钦州支行),108.64914111340472,21.977087604415193,金融保险服务;金融保险服务机构;金融保险机构,160000
B0FFFT8412,中国工商银行(金湾支行),108.62168237245346,21.959788821050598,金融保险服务;银行;中国工商银行,160105
B0I6Z7C4E2,中国平安财产保险股份有限公司(钦州中心支公司),108.6343532580829,21.94009211121632,金融保险服务;金融保险服务机构;金融保险机构,160000
B0309002Q7,广西农村信用社(盛世名门北),108.61799511314241,21.966492803332457,金融保险服务;银行;农村商业银行,160121
B0KGZHUF8K,广西北部湾银行子材东大街支行,108.6387943866856,21.96692214572353,金融保险服务;银行;银行,160100
B0FFFRJEN2,广西农村信用社(永福分社),108.63253476630479,21.977553585333776,金融保险服务;银行;农村商业银行,160121
B0FFFJS3PL,中国农业银行(钦州金海湾支行),108.63228022761271,21.97752993460462,金融保险服务;银行;中国农业银行,160107
B0LGMHAZ6I,中国邮政储蓄银行(钦州市文峰支行),108.60924484110481,21.94820210003057,金融保险服务;银行;中国邮政储蓄银行,160139
B0L3UCHV3X,中国农业银行(广西自贸试验区钦州港片区支行),108.66555027884978,21.772156864948325,金融保险服务;银行;中国农业银行,160107
B0I0PR5D28,钦南国民村镇银行,108.65130221350067,21.958585943704303,金融保险服务;银行;银行,160100
B0IKY7E11B,广西北部湾银行(南珠大街支行),108.6232479087922,21.96300660610635,金融保险服务;银行;银行,160100
B0FFLMBWKT,广西北部湾银行(钦州港支行),108.59624214785947,21.742944980286612,金融保险服务;银行;银行,160100
B0J65SH4FM,桂林银行(广西自贸试验区钦州港片区科技支行),108.6681352424995,21.76986093322661,金融保险服务;金融保险服务机构;金融保险机构,160000
B0FFLCN8YN,中国银行24小时自助银行(扬帆大道支行),108.64102255720323,21.95352719882957,金融保险服务;自动提款机;中国银行ATM,160301
B0G1TXWYK4,桂林银行钦州人和春天小微支行,108.64607842353352,21.964258852086864,金融保险服务;银行;银行,160100
B0FFGI8HOX,中国农业银行24小时自助银行(南珠支行),108.60847059773742,21.96787295717467,金融保险服务;自动提款机;中国农业银行ATM,160304
B03090MA8R,中国人民保险(钦州市分公司),108.62471847324417,21.966849720970057,金融保险服务;保险公司;中国人民保险公司,160401
B0FFKU5E4P,中国工商银行24小时自助银行(人和春天支行),108.64703236405647,21.964223186041586,金融保险服务;自动提款机;中国工商银行ATM,160302
B0I1OMBH3N,广西北部湾银行吾悦广场支行,108.62713270395976,21.94463116286976,金融保险服务;银行;银行,160100
B0FFMDY0RV,桂林银行(钦州市钦州港支行),108.5968909399517,21.74248371994898,金融保险服务;银行;银行,160100
B0FFFRRHV1,中国建设银行24小时自助银行(江东名园支行),108.62575463960609,21.950554704149646,金融保险服务;自动提款机;中国建设银行ATM,160303
B0FFI7T3QV,中国农业银行24小时自助银行(钦州城中支行),108.64816619388436,21.978392942207904,金融保险服务;自动提款机;中国农业银行ATM,160304
B0FFKQSLV3,中国邮政储蓄银行24小时自助银行(钦州市分行),108.64906127153509,21.97745592048942,金融保险服务;自动提款机;中国邮政储蓄银行ATM,160336
B0JRBSR7OM,桂林银行(钦州吾悦广场小微支行),108.6267671862906,21.946967738569953,金融保险服务;银行;银行,160100
B03090M9TU,中国建设银行24小时自助银行(新兴街支行),108.62970059833187,21.960770515698865,金融保险服务;自动提款机;中国建设银行ATM,160303
B0LR37E7TK,广西农村信用社(24小时自助银行),108.62677282028389,21.954270216105478,金融保险服务;自动提款机;农村商业银行ATM,160318
B030900PKS,广西农村信用社(天涯街分社),108.62305826231368,21.96158714594997,金融保险服务;银行;农村商业银行,160121
B0J3JU0GS5,兴业银行(钦州阳光丽城社区支行),108.62501543353622,21.97864197040373,金融保险服务;银行;兴业银行,160118
B0MU6ZUOHW,中国工商银行(钦州分行)-办公楼(副楼),108.62260070999227,21.966349930624734,金融保险服务;银行;中国工商银行,160105
B0I1UMZH2L,桂林银行(中地滨江国际小微支行),108.64698477514203,21.978284953230073,金融保险服务;银行;银行,160100
B03090M9HB,广西北部湾银行24小时自助银行(钦州分行营业部),108.62622452711345,21.978398381862768,金融保险服务;自动提款机;自动提款机,160300
B0HA374MA7,桂林银行(钦州人民路小微支行),108.61852083663737,21.958005248484444,金融保险服务;银行;银行,160100
B0LD0P7D30,广西农村信用社(溢丰分社),108.60963137049849,21.97089066486509,金融保险服务;银行;银行,160100
B03090M9IY,中国工商银行ATM,108.63130592991708,21.978361692863334,金融保险服务;自动提款机;中国工商银行ATM,160302
B03090M8DF,中国工商银行24小时自助银行(向阳支行),108.62205851089522,21.966253487758138,金融保险服务;自动提款机;中国工商银行ATM,160302
B0KB4ZT0WH,广西中马投控产业服务集团有限公司,108.67801379965152,21.769809147278366,金融保险服务;金融保险服务机构;金融保险机构,160000
B0IA97R30D,桂林银行(钦州元通观天下小微支行),108.61555207584344,21.968588046902056,金融保险服务;银行;银行,160100
B0FFG338JT,中国人寿保险股份有限公司(钦州湾大道支公司),108.62077433261156,21.966672076059258,金融保险服务;保险公司;中国人寿保险公司,160402
B0FFF4R2U3,钦州市钦南国民村镇银行(沙埠支行),108.63315482414932,21.953324166998158,金融保险服务;银行;农村商业银行,160121
B0HK1A5O2G,桂林银行(钦州沙埠镇小微支行),108.63974212417146,21.954064516493467,金融保险服务;银行;银行,160100
B0FFFGLOAC,交通银行24小时自助银行(钦州港区支行),108.596666017868,21.742569781598515,金融保险服务;自动提款机;交通银行ATM,160305
B0IAC5PRGF,桂林银行(钦州文峰南路小微支行),108.60862451374182,21.946175518681905,金融保险服务;银行;银行,160100
B0FFHYR8XO,中国农业银行(文峰分理处),108.61194081980449,21.95503450705919,金融保险服务;银行;中国农业银行,160107
B0IDFSIP0Q,桂林银行(钦州新兴街小微支行),108.627518340761,21.95954478785088,金融保险服务;银行;银行,160100
B0FFGIASLZ,中国工商银行24小时自助银行(金湾支行),108.62170234189423,21.95982381594376,金融保险服务;自动提款机;中国工商银行ATM,160302
B0JRYM0DTU,交通银行24小时自助银行,108.64347488281571,21.96573397307761,金融保险服务;自动提款机;交通银行ATM,160305
B0FFGIAOOP,中国银行(赛格广场分理处),108.62155953008721,21.98066688257615,金融保险服务;银行;中国银行,160104
B0JBOZLPMA,广西农村信用社,108.6121106572451,21.954680211895763,金融保险服务;银行;农村商业银行,160121
B0FFGKWL38,中国农业银行(钦州城中支行),108.64822207436846,21.978332815584487,金融保险服务;银行;中国农业银行,160107
B0G3UR2UXY,桂林银行万国广场小微支行,108.62552835282878,21.984226998530428,金融保险服务;银行;银行,160100
B0KKYU93U1,银小云POS机刷卡机免费办理中心(世贸店),108.64526916347843,21.964148186031682,金融保险服务;金融保险服务机构;金融保险机构,160000
B0FFHNU4PI,中国信合(政务服务中心分社),108.63437919701957,21.94035119684972,金融保险服务;银行;农村商业银行,160121
B0FFGIAKIP,中国工商银行24小时自助银行(银河街支行),108.6264966424782,21.987513362430413,金融保险服务;自动提款机;中国工商银行ATM,160302
B0I24SHLN8,桂林银行(太阳城小微支行),108.6133252152177,21.97767922440943,金融保险服务;银行;银行,160100
B0FFIHEX9X,中国人寿保险股份有限公司(钦州国贸中心店),108.64893255512992,21.977463151468918,金融保险服务;保险公司;中国人寿保险公司,160402
B0MDJUK0Q0,广西钦州中马产业园区保险快速理赔祥运盛通服务网点,108.65824181660297,21.724761889266617,金融保险服务;金融保险服务机构;金融保险机构,160000
B0FFLC6RM1,新华保险客户服务中心(钦州中心支公司),108.6379889632264,21.967221549294383,金融保险服务;保险公司;新华人寿保险公司,160406
B0FFI0DE6P,中国太平洋财产保险股份有限公司(钦州中心支公司),108.64928272855842,21.978547046142946,金融保险服务;保险公司;中国太平洋保险,160405
B0G1B66M3F,华夏银行ATM(钦州支行),108.6491730528173,21.976885451925412,金融保险服务;自动提款机;华夏银行ATM,160307
B0H0VC1ZLA,中国银行广西自贸区钦州港片区支行,108.66518909847986,21.772931889525136,金融保险服务;银行;中国银行,160104
B0JUS5PEW3,广西农村信用社广西自贸区钦州港片区科技分社,108.66481698642369,21.7728355581237,金融保险服务;银行;银行,160100
B0MD17UJ5I,卡友仓,108.65742245503064,21.709742430680507,金融保险服务;金融保险服务机构;金融保险机构,160000
B03090MAK7,中国建设银行24小时自助银行(二马路支行),108.61467681544481,21.95421995290956,金融保险服务;自动提款机;中国建设银行ATM,160303
B0LR3RF6DP,钦州市区农村信用合作联社尖山信用社,108.60589711312336,21.940471309941355,金融保险服务;银行;农村商业银行,160121
B0KGMYSZ0O,中国大地财产保险股份有限公司钦州中心支公司,108.63776041113373,21.967232909829214,金融保险服务;保险公司;保险公司,160400
B0HK17C9WN,桂林银行(尖山街道小微支行),108.5951792674396,21.9335069412123,金融保险服务;银行;银行,160100
B0FFG2M4L8,中国农业发展银行(钦州市分行),108.654866798829,21.96516458087524,金融保险服务;银行;银行,160100
B0L2KDGD60,POS机营业厅(人民路店),108.61937651633173,21.961560089727463,金融保险服务;金融保险服务机构;金融保险机构,160000
B03090MA2F,中国农业银行24小时自助银行(钦州港支行),108.60123296817608,21.74077108275265,金融保险服务;自动提款机;中国农业银行ATM,160304
B0FFFF68X1,阳光财产保险股份有限公司钦州中心支公司,108.63419332417651,21.98564002684984,金融保险服务;保险公司;保险公司,160400
B0LAUU329M,中国工商银行(文珠自助银行),108.61385324030466,21.964980763385828,金融保险服务;自动提款机;中国工商银行ATM,160302
B0H63D9C0X,注册公司代理记账(大账房运营中心),108.61345148973491,21.969155073418086,金融保险服务;金融保险服务机构;金融保险机构,160000
B0I1FAO445,大地保险,108.64607504033256,21.951865950553447,金融保险服务;保险公司;保险公司,160400
B0FFFXZXO4,中国太平洋保险(集团)股份有限公司(扬帆北大道店),108.64701996264351,21.95260366916699,金融保险服务;保险公司;中国太平洋保险,160405
B0JUJ5O6B2,中国平安人寿保险股份有限公司钦州中心支公司,108.65201844536621,21.982054808378468,金融保险服务;金融保险服务机构;金融保险机构,160000
B0FFLH5WI8,中国农业银行24小时自助银行(钦州明珠支行),108.63804585408673,21.96716643447942,金融保险服务;自动提款机;中国农业银行ATM,160304
B03090MAUM,中国工商银行个人贷款中心(向阳街),108.62206550055413,21.966256481471323,金融保险服务;银行相关;银行相关,160200
B0FFH74UCJ,都邦保险(银河街),108.63130661370539,21.984791739625315,金融保险服务;保险公司;保险公司,160400
B0MD7M4PL4,中国人寿(钦州港营销服务部),108.64862346878915,21.748470184513753,金融保险服务;保险公司;中国人寿保险公司,160402
B0IR17TSCD,北部湾财产保险股份有限公司(钦州分公司),108.64890962087246,21.977155045761045,金融保险服务;保险公司;保险公司,160400
B0HR3OIR2S,中国农业银行24小时自助银行(钦州分行营业室),108.62363869057273,21.975870275665994,金融保险服务;自动提款机;中国农业银行ATM,160304
B0HKYL1S5W,太平财产保险有限公司(永福东大街店),108.65514052332392,21.978274307138285,金融保险服务;金融保险服务机构;金融保险机构,160000
B0FFKBCA01,广西钦州铭德投资管理有限公司,108.60848859059946,21.967684856784242,公司企业;公司;公司|金融保险服务;金融保险服务机构;金融保险机构,170200|160000
B0K6ZRYR80,光大,108.63415363834777,21.939916319704643,金融保险服务;银行;中国光大银行,160113
B0FFLNO61U,钦州市兴顺小额贷款有限公司,108.60748365407426,21.96408372990971,金融保险服务;金融保险服务机构;金融保险机构,160000
B0FFL7Q9C7,桂林银行24小时自助银行(钦州分行),108.63096686708985,21.971470888415723,金融保险服务;自动提款机;自动提款机,160300
B0JGACDZ7E,中国工商银行24小时自助银行(钦州港科技支行),108.5983276888247,21.73563667486493,金融保险服务;自动提款机;中国工商银行ATM,160302
B0FFFE64SE,钦州市钦南国民村镇银行(文峰支行),108.62172931657496,21.959543652962513,金融保险服务;银行;银行,160100
B0FFKYFU3T,广西农村信用社(大学城分社),108.6146855089286,21.898669454691753,金融保险服务;银行;银行,160100
B0MDT7D9Y5,中华联合财产保险股份有限公司钦州中心支公司(南珠东大街店),108.64343457303771,21.953408166500413,金融保险服务;保险公司;保险公司,160400
B0HGYUYBLZ,桂林银行(钦州大番坡镇小微支行),108.64468225156232,21.84514582763548,金融保险服务;银行;银行,160100
B0FFGI9FQI,中信银行24小时自助银行(钦州分行营业部)(装修中),108.6322602205103,21.978411381140695,金融保险服务;自动提款机;中信银行ATM,160308
B0J2X7SIUP,国民村镇银行钦州港支行,108.5988913569585,21.737237223772055,金融保险服务;银行;银行,160100
B0FFL8LRMO,中国光大银行24小时自助银行,108.64372580209705,21.976997907273415,金融保险服务;自动提款机;中国光大银行ATM,160310
B0J3MCI2XM,紫金财产保险股份有限公司(钦州中心支公司),108.64067565614668,21.96590265835512,金融保险服务;保险公司;保险公司,160400
B0FFGE0N3T,中国银行24小时自助银行(永福大街支行),108.64473659747325,21.978383859448734,金融保险服务;自动提款机;中国银行ATM,160301
B0FFFPXM3P,中国银行24小时自助银行(新兴中路支行),108.61646741026397,21.959261788853926,金融保险服务;自动提款机;中国银行ATM,160301
B0FFFS6C9H,中国银行24小时自助银行(海景三街),108.59643509772135,21.742608822135388,金融保险服务;自动提款机;中国银行ATM,160301
B0FFJER231,国海证券,108.64379787041966,21.972525662193657,金融保险服务;证券公司;证券营业厅,160501
B0GRSHBXOW,国泰海通证券钦州子材东大街证券营业部,108.64035629325447,21.966123278450354,金融保险服务;证券公司;证券营业厅,160501
B0FFGA4MCJ,中国人保大厦,108.62467654592862,21.966695697519633,金融保险服务;金融保险服务机构;金融保险机构,160000
B0FFFE2FD7,广西汇星投资,108.60619855777368,21.946951251305677,公司企业;公司;公司|金融保险服务;金融保险服务机构;金融保险机构,170200|160000
B0JULRNAC3,万众一心投资有限责任公司,108.6395080699543,21.964739977240825,金融保险服务;金融保险服务机构;金融保险机构,160000
B03090M9JG,中国邮政储蓄银行24小时自助银行(钦州市分行),108.62607372666191,21.979266980141794,金融保险服务;自动提款机;中国邮政储蓄银行ATM,160336
B0J0L9T5O5,华泰保险永福东店,108.66003817040576,21.977671873066665,金融保险服务;银行;银行,160100
B0I1OADYRX,兴业银行24小时自助银行(钦州支行),108.64111698502303,21.96125372900653,金融保险服务;自动提款机;兴业银行ATM,160315
B0I0UM6VDO,安盛天平财产保险有限公司钦州中心支公司,108.61037750292147,21.9738095564825,金融保险服务;保险公司;保险公司,160400
B0IRKUXVNQ,钦州鸿运实业投资有限公司,108.61242926641054,21.976238235034582,金融保险服务;金融保险服务机构;金融保险机构,160000
B0L219TXNV,广西农村信用社(大番坡分社),108.64581478736183,21.846144358164143,金融保险服务;银行;银行,160100
B03090M9NY,中国工商银行24小时自助银行(银河街自助银行),108.63501479148704,21.98552576193682,金融保险服务;自动提款机;中国工商银行ATM,160302
B0LRM7Z65C,国盛证券(永福东大街),108.64797062664358,21.978300241152443,金融保险服务;证券公司;证券营业厅,160501
B0I1LHJ1MC,中国人寿财产保险股份有限公司钦北区支公司,108.63516362174452,21.98326246902659,金融保险服务;金融保险服务机构;金融保险机构,160000
B0HK9MXDKN,桂林银行沙埠镇大岭村普惠金融综合服务点,108.6114425164541,21.910300523149093,金融保险服务;金融保险服务机构;金融保险机构,160000
B0MUS9F077,广西北部湾银行24小时自助银行(吾悦公馆A区支行),108.62711573190253,21.944628182909046,金融保险服务;自动提款机;自动提款机,160300
B0FFFSM0XT,中国工商银行离行式自助银行(钦州分行钦州港支行兴港路钦州港广场),108.59818643224094,21.74223642537068,金融保险服务;自动提款机;中国工商银行ATM,160302
B03090M9TF,中国银行24小时自助银行(新兴街支行)(暂停营业),108.62908465441463,21.96075232737799,金融保险服务;自动提款机;中国银行ATM,160301
B0MGJYBL0G,光大银行,108.65206436884327,21.98150646538341,金融保险服务;银行;中国光大银行,160113
B030900EHS,中国工商银行24小时自助银行(江滨支行),108.61150341474188,21.952210479647984,金融保险服务;自动提款机;中国工商银行ATM,160302
B0FFFRS2PX,鼎和财产保险股份有限公司,108.62579259664511,21.95019748726336,金融保险服务;保险公司;保险公司,160400
B0IU1SY5YB,中国人民财产保险股份有限公司广西自贸试验区钦州港片区科技支公司,108.66574280537255,21.772483638366626,金融保险服务;金融保险服务机构;金融保险机构,160000
B0MAN9ROI2,钦州市区农村信用合作联社大番坡信用社,108.64580681053988,21.84602031440041,金融保险服务;银行;农村商业银行,160121
B0FFHEJA6V,中国邮政储蓄银行24小时自助银行(钦州港支行),108.59885805803079,21.743759930255855,金融保险服务;自动提款机;中国邮政储蓄银行ATM,160336
B0LD4XQBCY,中国人民人寿保险股份有限公司钦州市分公司,108.64920389889504,21.978626223353363,金融保险服务;金融保险服务机构;金融保险机构,160000
B0L2X5XD7D,中农创润元(钦州)运营中心,108.65111987130632,21.953532862353814,金融保险服务;金融保险服务机构;金融保险机构,160000
B0K0GZZ7WU,大番坡镇大番坡村农村普惠金融综合服务点,108.63604992711436,21.840414515063415,金融保险服务;金融保险服务机构;金融保险机构,160000
B0G3JR90TR,银行卡中心(钦州港支行),108.62338752632728,21.966536126909713,金融保险服务;银行;银行,160100
B0K0SOEKPJ,申能财产保险股份有限公司钦州中心支公司,108.64917297947963,21.978377159941555,金融保险服务;金融保险服务机构;金融保险机构,160000
B0HKO7KUX6,桂林银行尖山街道排榜社区农村普惠金融综合服务点,108.60019002639926,21.875604649377284,金融保险服务;金融保险服务机构;金融保险机构,160000
B0LKSAI4QD,钦州市融易通信息咨询服务有限公司,108.64516080543109,21.955795390393956,金融保险服务;金融保险服务机构;金融保险机构,160000
B0HKGHDLJV,桂林银行大番坡镇沙坡村农村普惠金融综合服务点,108.62857898378931,21.86915844766625,金融保险服务;金融保险服务机构;金融保险机构,160000
B0MDTHBIVL,广西自贸区卓佑投资有限公司,108.63804248929195,21.933954597571645,金融保险服务;金融保险服务机构;金融保险机构,160000
B0MGU1DYL5,广西奕琪财税咨询有限公司,108.64398546969568,21.9522957117151,金融保险服务;金融保险服务机构;金融保险机构,160000
B0I1XMLAAF,广西盛鼎理赔,108.62659056798331,21.965482787755658,金融保险服务;金融保险服务机构;金融保险机构,160000
B0JB1G6DVF,中国信合24小时自助银行,108.63390608156925,21.940244837781794,金融保险服务;自动提款机;农村商业银行ATM,160318
B0HGAZ1KXP,永安财产保险股份有限公司钦州中心支公司,108.60633238108365,21.948363856671666,金融保险服务;保险公司;保险公司,160400
B0LKRK4LK0,易达金服,108.63704830322756,21.936560378809194,金融保险服务;金融保险服务机构;金融保险机构,160000
B0I2RDUG4X,通胜投资,108.6162486526214,21.980351016262095,金融保险服务;金融保险服务机构;金融保险机构,160000
B0MB31GNLB,钦州市南珠西大街支行,108.62317100537851,21.963391877376786,金融保险服务;银行;银行,160100
B0LGJ6HHNX,广西旺壹投资管理有限公司钦州分公司,108.65264039600869,21.954558602508122,金融保险服务;金融保险服务机构;金融保险机构,160000
B0L0J5GB21,广西秒融普惠信息咨询,108.63650538979384,21.97659428764924,金融保险服务;金融保险服务机构;金融保险机构,160000
B0HR06IQHC,广西恒逸新材料有限公司,108.62849106618546,21.747139980570502,公司企业;公司;公司,170200
B0IR9SNO1Y,钦州远景能源科技有限公司,108.6453353114699,21.713111477298565,公司企业;公司;公司,170200
B0HASD70V3,广西中伟新能源科技有限公司,108.66622273954704,21.709911827378217,公司企业;公司;公司,170200
B0FFG854V0,中国石油广西石化公司,108.60238462138283,21.77503923287719,公司企业;公司;公司,170200
B0GKVZ0UU6,广西华谊氯碱化工有限公司,108.61581424640396,21.731951675989205,公司企业;公司;冶金化工,170205
B0FFHRKAM2,广西钦州澄星化工科技有限公司,108.6223838516013,21.72318854606564,公司企业;公司;冶金化工,170205
B0FFF3UA96,钦州天恒石化有限公司,108.60940970394307,21.741511502902323,公司企业;公司;冶金化工,170205
B0FFHO73O5,远大港务,108.59492355308961,21.72218757550502,公司企业;公司;公司,170200
B0G2AD4FMU,中国燃气,108.63390633965949,21.934962315066258,公司企业;公司;公司,170200
B0FFJID83N,陆海港务(钦州)有限公司,108.63058320373383,21.732211016396864,公司企业;公司;公司,170200
B0FFHYF6EL,广西港青油脂有限公司,108.67451953858188,21.760000538339973,公司企业;公司;公司,170200
B0FFGZ98QY,钦州鲁花食用油有限公司,108.60269442396385,21.75433025967475,公司企业;公司;公司,170200
B0J06UH0XV,广西华谊新材料有限公司,108.62561151551778,21.71104694005483,公司企业;公司;公司,170200
B0IR4A0D19,广西钦州永鑫港务有限公司,108.59576961996164,21.715595893532633,公司企业;公司企业;公司企业,170000
B03090MA08,广西新天德能源有限公司,108.5988311603144,21.721142689210794,公司企业;公司;公司,170200
B0FFF65TP2,广西国有钦廉林场,108.68057267999443,21.95379656338942,公司企业;农林牧渔基地;其它农林牧渔基地,170400
B0FFL1CS85,广西华谊能源化工有限公司,108.61494405088038,21.716138052087384,公司企业;公司;冶金化工,170205
B0FFL9KV4Y,广西北部湾国际集装箱码头有限公司,108.64444947348439,21.686796799410352,公司企业;公司企业;公司企业,170000
B0FFFWEM90,广西众森医药集团有限公司,108.67678001214475,21.905042392330227,公司企业;公司;医药公司,170203
B0FFH2EYA2,国投钦州港口有限公司,108.62111952418009,21.705676974706385,公司企业;公司;公司,170200
B0FFHBXCDQ,广西沿海铁路股份有限公司钦州电务段,108.61373738124378,21.985296505497047,公司企业;公司;公司,170200
B0KRSSE034,国投钦州第二发电有限公司,108.62237354172709,21.77118260128061,公司企业;公司;公司,170200
B0HRJML5YP,钦州锦峰海洋重工科技有限公司,108.64419154569384,21.71703297671976,公司企业;公司;公司,170200
B0FFG15UES,广西钦州志诚化工有限公司,108.60740604521848,21.73037512943995,公司企业;公司;公司,170200
B0FFF2BDGG,广西钦州力顺机械有限公司生产区,108.6644700067621,21.951278896381496,公司企业;公司;机械电子,170204
B0FFF2J3UT,中国石油六建公司,108.6018106132857,21.741080026826268,公司企业;公司;公司,170200
B0FFF2NZAA,广西钦州恒星锰业有限责任公司,108.60817970231152,21.723481889549415,公司企业;公司;冶金化工,170205
B0FFFQJFEV,广西电网公司钦州供电局,108.62079369642551,21.979141981587457,公司企业;公司;公司,170200
B0M6L55J8W,广西友发昆大管道科技有限公司,108.65890061464182,21.717960921607876,公司企业;公司;公司,170200
B03090M9YT,钦州市海特建材有限公司,108.67517051779176,21.911163343987067,公司企业;公司;公司,170200
B0FFF06N7X,钦州车务段,108.61741688465928,21.986483844611833,公司企业;公司;公司,170200
B03090MALM,中石油东北炼化工程有限公司广西公司,108.59907851696539,21.752837683774995,公司企业;公司;公司,170200
B0IKVABYI3,广西雅保锂业有限公司,108.61917710632524,21.72852610302261,公司企业;公司;公司,170200
B0M66MAPY9,平陆运河,108.63540836947428,21.97896506687651,公司企业;公司;公司,170200
B0HRVL5TB2,广西钦州市坭兴工艺厂,108.6256964733136,21.95585130195064,公司企业;工厂;工厂,170300
B0LUB53DNO,创艺装饰集团(钦州店),108.64190272866237,21.953997986309812,公司企业;公司;广告装饰,170201
B0FFG0G930,广明码头仓储有限公司,108.6072974338372,21.703502476086502,公司企业;公司;公司,170200
B0IUU5X8I7,北部湾港钦州自动化码头智慧运营中心,108.65221203626925,21.675708031527865,公司企业;公司;公司,170200
B0FFKXMZDV,中铁联集钦州铁路集装箱中心站,108.66657803023485,21.68677822212841,公司企业;公司企业;公司企业,170000
B03090M9YY,广西东油沥青有限公司,108.60450072945044,21.763822560143005,公司企业;公司;公司,170200
B0FFI84YGZ,广西天亿新能源材料有限公司,108.61158434220383,21.745782793090775,公司企业;公司;公司,170200
B0FFF2XQNW,钦州华润勒沟混凝土有限公司,108.590820110881,21.72561973005261,公司企业;公司;公司,170200
B0FFF077SM,东方资源(钦州)有限公司,108.60318145328954,21.72638251350394,公司企业;公司;公司,170200
B03090MA03,钦州中山港务,108.59776625054778,21.728933030102613,公司企业;公司;公司,170200
B0H0UUKR9F,广西钦州保税港区创大仓储有限责任公司,108.66377838950301,21.67213211620503,公司企业;公司;公司,170200
B03090M9DZ,广西钦州市钦江欧亚糖业有限公司,108.64593111453419,21.997286757863844,公司企业;公司;公司,170200
B03090M9US,中国石化销售有限公司广西钦州石油分公司钦州本部片区,108.62845169718518,21.98177715346844,公司企业;公司;冶金化工,170205
B0H1X42D6T,广西志得实业有限公司,108.63231267972293,21.741574467063273,公司企业;公司;公司,170200
B0HACHV6GD,广西钦州保税港区金汇汽车供应链管理有限公司,108.66290732205708,21.674720725844878,公司企业;公司;公司,170200
B0HGRUNH5C,广西钦州宇欣电子科技有限公司,108.66438262119296,21.963258773936516,公司企业;公司企业;公司企业,170000
B0J2LH0B6C,广西宏坤能源集团有限公司,108.63122142565332,21.74572671931567,公司企业;公司;公司,170200
B0K2RDBHSM,平陆运河控制点,108.60072204114631,21.931233934492578,公司企业;公司企业;公司企业,170000
B03090M908,广西北部湾投资集团有限公司沿海高速公路分公司钦州管理区,108.60664446431574,21.961969182210275,公司企业;公司;公司,170200
B0GKGC8UNL,广西华盛集团金海工艺有限责任公司,108.60389858865987,21.98188295204016,公司企业;公司;公司,170200
B0FFIIHO0E,广西久和油脂有限公司,108.60318355912086,21.74489611872412,公司企业;公司企业;公司企业,170000
B0FFGIAU5X,广西裕华建设集团有限公司,108.60750215898325,21.953378616141272,公司企业;公司;建筑公司,170202
B0FFIM48EO,广西钦州中石化石油液化气有限责任公司,108.60214896424927,21.70876786038785,公司企业;公司;公司,170200
B0FFF2D98K,钰龙港务,108.59208900187276,21.725057653398856,公司企业;公司;公司,170200
B0IAJCZH6O,国投钦州第二发电有限公司4x660MW项目联合办公区,108.62167461893785,21.76993383290893,公司企业;公司;公司,170200
B03090M933,钦州农垦冷冻厂,108.59496923705157,21.976549470655815,公司企业;工厂;工厂,170300
B0LAYSXBZ7,广西知新安全技术服务有限公司,108.66323947746811,21.960325554587147,公司企业;公司;公司,170200
B0FFKP3WBD,钦州电务段-钦州东高铁综合维修车间,108.65780683341417,21.988859364512248,公司企业;公司企业;公司企业,170000
B0FFJ57O3Z,广西慧宝源医药科技有限公司,108.67525947835935,21.76621779153686,公司企业;公司;医药公司,170203
B0FFHKYHKS,北海航标处钦州航标管理站,108.6410133258972,21.733653956232917,公司企业;公司;公司,170200
B0I1ND9AP8,广西五祥农牧有限责任公司,108.6705915014837,21.909349192504994,公司企业;公司;公司,170200
B0FFID4QDS,北部湾港钦州码头有限公司司勒沟作业区,108.59012089139361,21.73103781770229,公司企业;公司企业;公司企业,170000
B0HRTS6JSF,孚宝(钦州)码头有限公司,108.62193322369276,21.708418166543158,公司企业;公司;公司,170200
B0FFI77M0Z,钦州海诺尔环保电力有限公司,108.65312107773528,21.87794727300451,公司企业;公司企业;公司企业,170000
B0JB147UQT,广西千里通柳工机械营销有限公司,108.67271439247516,21.910382635618415,公司企业;公司;公司,170200
B0JDRMJ509,广西钦州保税港区双胞胎生物科技有限公司,108.67146603539892,21.673803042770345,公司企业;公司;公司,170200
B0H0KALHYM,广西鸿谊新材料有限公司,108.61271812137717,21.72543358684166,公司企业;公司;公司,170200
B0FFGY2D8W,广西钦州泰兴石油化工有限公司,108.61213520908733,21.736571571821926,公司企业;公司;冶金化工,170205
B0J21RFHM5,广西钦州凯森供应链管理有限公司,108.67776902468412,21.675521735867612,公司企业;公司;公司,170200
B0K0LHROK3,广西钦州保税港区珉合集装箱服务有限公司,108.67873477169833,21.67521881636786,公司企业;公司;公司,170200
B03090MIKC,康华饲料公司,108.59188501099491,21.97359597281624,公司企业;公司;公司,170200
B0JRA5OTY7,广西天福木业有限公司,108.6421415394655,21.86621889224992,公司企业;公司;公司,170200
B0FFHTNF66,鼎丰冰厂,108.65534850578382,21.887793834118686,公司企业;工厂;工厂,170300
B0G1BM9PEZ,宏泰商品混凝土搅拌站,108.63541741368596,21.855097272687622,公司企业;公司;公司,170200
B0GUBCOOYZ,中国-东盟(钦州)华为云计算及大数据中心,108.66856492595247,21.95795825641139,公司企业;公司;公司,170200
B0H0SH3AKC,自贸中心,108.6451828982544,21.687198705993787,商务住宅;楼宇;商务写字楼|公司企业;公司;公司,120201|170200
B0FFKMVA4W,广西禹鼎新材料科技有限公司,108.6100237842618,21.727669424369005,公司企业;公司企业;公司企业,170000
B0KDG7KR25,广西欧瑞源环境科技有限公司,108.6776839990946,21.90263054654817,公司企业;公司;公司,170200
B03090M8S4,千秋陶业,108.61402593410537,21.946700905397012,公司企业;公司;公司,170200
B0H0OSWYRS,广西北投交通养护科技集团沿海片区经理部,108.66215037728323,21.89305956633858,公司企业;公司;公司,170200
B0FFLC6WDH,钦州市国裕食品有限责任公司,108.64936983027695,21.911609983456206,公司企业;公司;公司,170200
B0G1FCOHR7,钦州市新华书店有限公司,108.63112424880929,21.978420972364805,公司企业;公司;公司,170200
B0FFJNAMAN,亨利管业有限公司3号厂房,108.66752917850545,21.901750432444814,公司企业;公司;公司,170200
B0I2BR4TDY,临海拆装箱新货场,108.66272997220386,21.71081984569872,公司企业;公司;公司,170200
B0FFGCO2ZT,金页制药,108.63518810494269,21.992853968003363,公司企业;公司;公司,170200
B0M6L77Q4J,广西安鑫电子材料有限公司,108.67651571117777,21.701244833217675,公司企业;公司;机械电子,170204
B0JBOZN72O,中交天津航道局钦州港11号泊位项目部,108.62720048490601,21.720794846425708,公司企业;公司;公司,170200
B03090M9UW,中国移动通信集团钦州市城区分公司,108.62544277003732,21.978464370768698,公司企业;公司;电信公司,170208
B0FFKGQFYR,钦州华为数字小镇,108.63386736738566,21.9358698051009,公司企业;公司企业;公司企业,170000
B0FFI0TGRJ,广西利顺电子有限公司,108.66562498967994,21.956770310798653,公司企业;工厂;工厂,170300
B0HRGM7TIH,广西中马钦州产业园区开发有限公司,108.66576076889099,21.772357549575243,公司企业;公司;公司,170200
B0I1OMD4YO,广西乐苏科技有限公司,108.66401419096728,21.94921077866895,公司企业;公司;公司,170200
B0MGRUKTC1,广西骅桥新材料有限公司,108.6216757018024,21.726899825905072,公司企业;公司;公司,170200
B0J3DM9Y09,广西天盛港务有限公司,108.61484387419176,21.701526391458263,公司企业;公司;公司,170200
B0KURSRGF2,中油一建广西石化项目经理部,108.59411606703208,21.757331114445286,公司企业;公司;公司,170200
B0FFKOYH31,广西永盛石油化工有限公司,108.60813904764163,21.73779774993588,公司企业;公司;公司,170200
B0I1HAPPBY,广西交科沥青有限公司,108.59709413311433,21.757640054395203,公司企业;公司;公司,170200
B0FFG15ULW,广西泓达生物能源科技有限公司,108.60223128090277,21.721893051547475,公司企业;公司;网络科技,170206
B0JRC56KAX,广西自贸区临海供应链有限公司,108.64786320502203,21.746990900933948,公司企业;公司;公司,170200
B0FFGCO3C3,广西三同工程勘察检测有限公司-总部,108.6486374681371,21.972121135041487,公司企业;公司;公司,170200
B0J0U53G7Y,广西路桥工程集团有限公司平陆运河桥梁6标项目经理部,108.60672235121498,21.9629716183351,公司企业;公司;公司,170200
B0J25MQLKX,钦州港开源玉米打包厂,108.67188206867765,21.693689712637298,公司企业;工厂;工厂,170300
B0HRH544Z4,广西万兴化工科技有限公司,108.60855810586658,21.70806652805957,公司企业;公司;公司,170200
B0FFGKYB6A,永兴陶业有限公司,108.59730174355559,21.970610443133218,公司企业;公司;公司,170200
B0FFHCEMD7,广西中马钦州产业园区投资控股集团有限公司,108.67800187538185,21.768843754117135,公司企业;公司;公司,170200
B0IKAANP7F,广西蓝海机械设备有限公司,108.65856243915731,21.71722426251938,公司企业;公司;公司,170200
B0FFMH7OSX,广西银鹏品种盐有限公司,108.66761100775975,21.677929935164858,公司企业;公司;公司,170200
B0FFKH8ZCG,广西钦州广源物资供应有限责任公司,108.60389889755952,21.70701750607119,公司企业;公司企业;公司企业,170000
B0FFGKY41S,公鹅田砖厂,108.62365961035805,21.99731639751792,公司企业;工厂;工厂,170300
B0I37AQOBU,南方锰业钦州公司,108.60408228592402,21.73777880396845,公司企业;公司;公司,170200
B0LAKCKDCI,广西国农新材料有限公司,108.63159075743432,21.745997319361518,公司企业;公司;公司,170200
B03090MH84,广西钦州福晟电子有限公司,108.66300462266179,21.948419323353626,公司企业;公司;机械电子,170204
B0FFIZP3KS,中栩木业有限责任公司,108.67989389742814,21.921001169533582,公司企业;公司;公司,170200
B0JB1UFX4J,林德气体(广西)有限公司,108.62123641061902,21.704587423600067,公司企业;公司;公司,170200
B0I1FCP9UI,广西天宜环境科技有限公司,108.61501322523853,21.710838892327843,公司企业;公司;公司,170200
B0FFI67HNK,北京深度空间装饰钦州分公司,108.62150121051563,21.96845314420955,公司企业;公司;广告装饰,170201
B0L39ZSI8J,葛洲坝交投广西区域管理中心,108.65648826096631,21.94090600989651,公司企业;公司;公司,170200
B0J6NZDW1Q,佰佳电竞(钦州店),108.64119959838806,21.965687706308973,公司企业;公司;公司,170200
B0FFL1JFWX,广西奥佳华新能源科技有限公司,108.6793847080769,21.908556186086194,公司企业;公司;公司,170200
B0IDOH4WYA,广西自贸区量孚新能源科技有限公司,108.60316332538211,21.729285698993742,公司企业;公司;公司,170200
B0FFMHGKDC,广西京盛石油化工集团有限公司,108.60372501994571,21.706981563967247,公司企业;公司;公司,170200
B0FFHOD09W,广西钦州市亿阳商贸有限公司,108.62355506154016,21.970870996591493,公司企业;公司;商业贸易,170207
B0LBRCKD3F,广西国际木材交易中心,108.65912080743422,21.68309000118085,公司企业;公司;公司,170200
B0FFHUJ55U,广西鑫德利科技有限公司,108.6701554679166,21.769099743093268,公司企业;公司;公司,170200
B0KDFM3Q16,珉合堆场,108.67791870476505,21.674871215205908,公司企业;公司;公司,170200
B0FFLCW34X,中国石油广西石化公司,108.59382700042299,21.760091284384412,公司企业;公司;公司,170200
B0FFKM96KF,钦州市远鑫物资配送有限公司,108.6454933487542,21.950635361245958,公司企业;公司;公司,170200
B0H0DR8BB6,广西兴安伟山木业,108.63236734075554,21.746524448839995,公司企业;公司企业;公司企业,170000
B0LKZOGTU3,钦州港大榄坪作业区,108.64574190425594,21.70364206118784,公司企业;公司企业;公司企业,170000
B0FFGB358V,钦州市钦北区果品土产食杂公司,108.61555724608243,21.964968319466347,公司企业;公司;公司,170200
B0LD9UY1BO,山东港湾钦州港15号泊位工程项目经理部,108.6279754808202,21.715123590747563,公司企业;公司;公司,170200
B0JAYCIFUO,广西石化新建厂区,108.60292005993762,21.75884308640054,公司企业;公司;公司,170200
B0FFHLTYDE,钦州市滨海新城投资集团有限公司,108.62131617367021,21.93365874737992,公司企业;公司;公司,170200
B0FFFRN9CS,广西钦州市伟杰物流有限公司,108.62073582269365,21.97822760908604,公司企业;公司企业;公司企业,170000
B0HBK5P2JT,广西恒逸新材料有限公司现场建设指挥部,108.63155062657162,21.750161117351045,公司企业;公司;公司,170200
B0LGDSACIE,广西钦州福鸿新材料有限公司,108.65192444142282,21.721637278187302,公司企业;公司;公司,170200
B0K3GS8LWB,中铁十九局拌和站,108.6709836939409,21.805633216976073,公司企业;公司;公司,170200
B0KUH7E2P5,广西自贸区臻和新材料有限公司,108.62087405712252,21.763825073422122,公司企业;公司;公司,170200
B0HKB7X32Y,中国铁塔股份有限公司钦州市分公司,108.64142334241025,21.961570380887192,公司企业;公司;公司,170200
B0JUTCEW3W,西部陆海新通道(平陆)运河航道工程施工1314标段项目经理部,108.6128452940482,21.92532964148189,公司企业;公司;公司,170200
B0FFGCNSER,国投钦电有限责任公司,108.62690300710008,21.69939378859377,公司企业;公司;公司,170200
B0KAMU2ZKO,广西雄创盛世科技有限公司塑料助剂生产基地,108.62203242710723,21.76320055268422,公司企业;公司;公司,170200
B0IGMS585E,广西智宏商品混凝土有限公司,108.63460211480938,21.85168389427817,公司企业;公司;公司,170200
B0FFL55EC4,广西联诚消防有限公司,108.6632298496846,21.953264206371284,公司企业;公司企业;公司企业,170000
B0FFHN53PX,钦州日之新硅胶制品科技有限公司,108.66370846257037,21.958374731903348,公司企业;公司企业;公司企业,170000
B0M6NDE1H4,广西河海贸易集团有限公司,108.68060282249029,21.687058763345057,公司企业;公司;商业贸易,170207
B0JB5Z6I7C,中马国际冷链中心业务大厅,108.67196743103916,21.76347087096363,公司企业;公司;公司,170200
B0HUAH2OSM,广西桂建工程质量检测有限公司,108.59918250223313,21.7521153571109,公司企业;公司;建筑公司,170202
B0G3UY0VPI,广西望子成龙学生用品有限公司,108.64290849512982,21.977369448465915,公司企业;公司;公司,170200
B0FFGZ99YA,钦城泡沫包装厂,108.66806658361436,21.98882186850485,公司企业;公司;冶金化工,170205
B0KAM559AH,艺彩图文广告,108.60043115737948,21.74610052988116,公司企业;公司;广告装饰,170201
B0FFIOSX1Y,广西北部湾制药股份有限公司,108.67861560101267,21.906780775931544,公司企业;公司企业;公司企业,170000
B0FFHNXNPO,钦州市钦州南区宏进食品有限公司,108.5952092131942,21.97563302527727,公司企业;公司企业;公司企业,170000
B0LACZDM60,广西自贸区川桂新通道发展有限公司,108.67162574941095,21.69224464938786,公司企业;公司;公司,170200
B0I6DHZ750,广西鑫泰利科技有限公司,108.67099747230435,21.768902049819115,公司企业;公司;公司,170200
B0MBK4P7Q0,钦州港勒沟作业区,108.59080911263116,21.725600720744772,公司企业;公司企业;公司企业,170000
B0KBRDO1LY,钦州市滨海供应链有限公司,108.6659330312856,21.96132089107957,公司企业;公司;公司,170200
B0KKRCSRJ4,钦州粒佳供应链管理有限公司,108.67666263860362,21.918154858392608,公司企业;公司;公司,170200
B0L0LD9L6B,星链智运(广西)数字科技有限公司,108.64248537374678,21.936683761966773,公司企业;公司;公司,170200
B0HB6SL20J,安徽路港钦州港项目部,108.62720343242223,21.721778237634325,公司企业;公司;公司,170200
B0FFGZ8ZFH,吉运港务公司,108.59581620395943,21.72392922906485,公司企业;公司;公司,170200
B0LG7SVBTL,北投环保水务集团,108.6146190779641,21.74414873572633,公司企业;公司;公司,170200
B0LBTU2F6L,给力装饰广告,108.61800053869976,21.9781213253172,公司企业;公司;广告装饰,170201
B0FFF90Y1S,钦江农场,108.59593229154979,21.866334020591225,公司企业;农林牧渔基地;其它农林牧渔基地,170400
B0JAURR9UB,中交天津航道局有限公司,108.62434639119854,21.836746637651363,公司企业;公司;公司,170200
B0JBDAWG5L,宏盛造船厂,108.5945450662812,21.920617808567126,公司企业;公司企业;公司企业,170000
B0FFKX7I9M,广西钦州韵彩广告传媒有限公司,108.61369551004199,21.942579205971747,公司企业;公司;广告装饰,170201
B0KUPU2R06,钦州市钦州港创大矿业有限公司,108.60340363061056,21.740355147057983,公司企业;公司;矿产公司,170209
B0K01ZCFNK,广西力冠电力工程有限公司钦防钦港项目,108.66563300940882,21.89534101354977,公司企业;公司;公司,170200
B0FFMHPNL4,钦州市二手发电机,108.60439348120859,21.7291251260493,公司企业;工厂;工厂,170300
B0FFL801VW,兴达伟业,108.66534664733702,21.956858884615325,公司企业;公司;公司,170200
B0I3CHQL2E,广西自贸区睿显科技有限公司,108.67353872377562,21.762892632647887,公司企业;公司;公司,170200
B0KUSDVIS5,广西钦州市博长包装材料有限公司,108.67630748419388,21.897882880474672,公司企业;公司;公司,170200
B0J1CDB35B,平陆运河西岸钢结构加工厂,108.59037993565997,21.916185388101283,公司企业;工厂;工厂,170300
B0KRLM2P33,上海中谷物流股份有限公司(广西分公司),108.66609196818096,21.772633035815968,公司企业;公司;公司,170200
B0FFG15UDM,广西华盛热能有限公司,108.60743119892423,21.726742639162914,公司企业;公司;公司,170200
B0KDJCNHUI,中国电信钦北区分公司鸿亭支局,108.64803738309102,21.980279062727067,公司企业;公司;电信公司,170208
B0LAC5JJ42,中铁二局钦港铁路二分部,108.66617851105066,21.960026805412465,公司企业;公司;公司,170200
B0KDP78SYK,广西钦州港综合保税区诚峰仓储项目,108.66115862713062,21.670951660696854,公司企业;公司;公司,170200
B0FFI7M7Q2,钦陆一级公路有限责任公司,108.64716492142442,21.947043764197947,公司企业;公司;公司,170200
B0JKASL2DU,中铁三局电务公司南防铁路钦州至防城港段新增二线工程项目部,108.60781705329353,21.97047458112148,公司企业;公司;公司,170200
B03090M9Q1,钦州东南建材水泥制品厂,108.67759849797216,21.916782444532526,公司企业;工厂;工厂,170300
B0KD9O1RHC,钦州北港供应链有限公司,108.64566905159516,21.70381725431154,公司企业;公司;公司,170200
B0FFG1HZK7,广西修正堂医药(曙光园店),108.6631677990242,21.9572582290608,公司企业;公司;医药公司,170203
B03090MAKT,钦州市力韵印刷有限公司,108.61578500131765,21.943815030211248,公司企业;公司;公司,170200
B0H21M5YJD,钦州市博金科技有限公司,108.6302474626903,21.985048313572214,公司企业;公司;公司,170200
B0G26ZJ9S2,广西云波健康科技有限公司,108.67960970032473,21.777009282097026,公司企业;公司;公司,170200
B0HU2UULWQ,广西恒沁检测科技有限公司,108.66484187645614,21.95626856675226,公司企业;公司企业;公司企业,170000
B0K2FHMZAR,钦果农业百香果Ai智能分选仓(钦南仓),108.66853024948676,21.912722739166522,公司企业;公司;公司,170200
B0K6NC6WMP,中铁联集钦州铁路集装箱中心站(二场)自动化控制楼,108.66090955736402,21.66389857181673,公司企业;公司;公司,170200
B0LK7R49J0,广西港铁工贸有限公司,108.6658895947598,21.68823108712697,公司企业;公司;商业贸易,170207
B0J6AMVEUG,广西平陆运河资源开发有限公司,108.62561860189022,21.935275575626406,公司企业;公司;公司,170200
B0H1G7UX4L,钦州市建达机械科技有限公司,108.6511298012523,21.934196614764804,公司企业;公司;机械电子,170204
B0IUD5IH3U,北部湾港智慧港口创新中心,108.6471384877254,21.670965303178914,公司企业;公司;公司,170200
B0K1UD6QE0,广州拉森钢板桩(钦州仓库),108.63530642516896,21.85916333469335,公司企业;公司;公司,170200
B0I6VM63ZO,广西汉昌工程咨询有限公司钦州市分公司,108.65141136851486,21.95046687496367,公司企业;公司;公司,170200
B0M6VAIKCN,中国移动通信集团广西有限公司钦州市钦州港分公司,108.66374801931151,21.762683235503577,公司企业;公司;电信公司,170208
B0FFHUEF5M,广西交通投资集团钦州高速公路运营有限公司,108.67757672309389,21.953531023082682,公司企业;公司;公司,170200
B0KU2Z4QEE,广西国药医药连锁有限公司,108.66331264194707,21.953499160861554,公司企业;公司;医药公司,170203
B0MAZAC6VV,广西锦峰港务有限公司,108.64078138302686,21.7216304539375,公司企业;公司企业;公司企业,170000
B0KRXHSOG0,广西湘鑫广告装饰有限公司,108.65587780775105,21.734590295698045,公司企业;公司;广告装饰,170201
B0JRZS32F6,大学城美食广场润海物业服务中心,108.61658818115568,21.899274071208144,公司企业;公司;公司,170200
B0JU9CFVG5,中交路桥建设有限公司平陆运河跨线桥7标项目经理部,108.59741739771269,21.873734331656717,公司企业;公司;公司,170200
B0FFHGK1ST,广西农垦通润发展有限公司,108.62566599888657,21.98700014354295,公司企业;公司;公司,170200
B0LASA3FYB,高岭酒厂,108.6014565864334,21.973135697300584,公司企业;工厂;工厂,170300
B0JD6MS0CS,广西新港湾工程有限公司平陆运河钦州城区段航道工程项目经理部,108.63722063598028,21.96374308231763,公司企业;公司;公司,170200
B0FFG1L1TY,中国电信股份有限公司钦州钦南区分公司,108.61685554992415,21.966955098037392,公司企业;公司;电信公司,170208
B0FFHFBIV3,中国太平洋保险(钦州中心支公司),108.63494327661198,21.97838048181403,金融保险服务;保险公司;中国太平洋保险|公司企业;公司;公司,160405|170200
B0FFIBUQXQ,远洋小区物业管理处,108.59585809958294,21.74657652485928,公司企业;公司企业;公司企业,170000
B0G3ZBNASR,钦州账易财税公司,108.63780932117196,21.9671127767647,公司企业;公司企业;公司企业,170000
BZ7BO6001L,钦州港收费站(G75兰海高速出口),108.65939387259621,21.89277964597687,道路附属设施;收费站;收费站,180200
BZ7BO6001K,钦州港收费站(G75兰海高速入口),108.65925422060734,21.892348704534324,道路附属设施;收费站;收费站,180200
B03090ME96,钦州市,108.65059754899059,21.98377918366832,地名地址信息;普通地名;地市级地名,190104
B0KARZD6HQ,平陆运河,108.63867603982149,21.978772963428028,地名地址信息;自然地名;河流,190204
B0HGTS8YRA,钦州港,108.59876012193,21.743371788755848,地名地址信息;热点地名;热点地名,190700
B03090MCSP,钦南区,108.65366462523755,21.94329836124601,地名地址信息;普通地名;区县级地名,190105
B0FFH07LUM,子材大桥,108.63354231299078,21.969653387803703,地名地址信息;交通地名;桥,190307
B0KK7RO3CA,平山岛,108.61477950570861,21.937577921884113,地名地址信息;自然地名;岛屿,190202
B0FFFDX9X6,钦江二桥,108.63855332272577,21.977963772272624,地名地址信息;交通地名;桥,190307
B0K6F1QDZH,钦州一桥,108.62486670557057,21.957370028164167,地名地址信息;交通地名;桥,190307
B0HGTZ8PZP,北部湾,108.60748476572688,21.961769626887605,地名地址信息;热点地名;热点地名,190700
B0FFGQFNX6,二马路,108.61680226370163,21.953688825021622,地名地址信息;交通地名;道路名,190301
B030900E5O,尖山,108.60444366532442,21.931187560502398,地名地址信息;自然地名;山,190203
B0FFGQG6LM,一马路,108.61733051306271,21.955366133736504,地名地址信息;交通地名;道路名,190301
B0FFFCXC0E,金海湾大桥,108.62071061311686,21.942268505362687,地名地址信息;交通地名;桥,190307
B0JRTZVWJS,钦州市中心,108.650591551086,21.984008302913978,地名地址信息;市中心;城市中心,190500
BZ7CO6008B,新兴街,108.62937317055435,21.960570858010446,地名地址信息;交通地名;道路名,190301
B0FFHWCBFG,黎头咀钦江大桥,108.59633901651827,21.889851071055194,地名地址信息;交通地名;桥,190307
B0FFGQHI69,五马路,108.61453943156579,21.944861602034383,地名地址信息;交通地名;道路名,190301
B0FFFDB32A,沙井钦江大桥,108.60141389981088,21.8641719270867,地名地址信息;交通地名;桥,190307
B0FFGDJ9JX,钦江大桥,108.60330663560943,21.906964482873224,地名地址信息;交通地名;桥,190307
BZ7CO60087,银河街,108.62968636629272,21.986440729197618,地名地址信息;交通地名;道路名,190301
B0HGTS79G6,建设路,108.61615555661851,21.9641664072942,地名地址信息;热点地名;热点地名,190700
B0HR5UAUS6,钦江,108.63563435309568,21.970550732043257,地名地址信息;自然地名;河流,190204
B0IA34HN98,文峰路,108.61434856643389,21.967162395084646,地名地址信息;交通地名;道路名,190301
B0KDG9T5I7,扬帆大道,108.61861156553168,21.837812337673686,地名地址信息;交通地名;道路名,190301
B0FFFEDEEK,大马鞍水库,108.60099369179584,21.997010141438956,地名地址信息;自然地名;湖泊|地名地址信息;自然地名;河流,190205|190204
B0KUXBTPS1,钦州五桥保通桥,108.64595038362373,21.990981750870418,地名地址信息;交通地名;桥,190307
B0FFGQJDK8,文峰南路,108.61077822052629,21.950867352736495,地名地址信息;交通地名;道路名,190301
BY0001MFBV,永福大桥保通桥,108.63858921720785,21.978665048655635,地名地址信息;交通地名;桥,190307
BZ7CO5008O,占鳌巷,108.61861820987717,21.94770423832821,地名地址信息;交通地名;道路名,190301
B0FFGQG0PB,梅园路,108.61117821560197,21.96317694129173,地名地址信息;交通地名;道路名,190301
B030900C0B,望鸦大岭,108.61021241107281,21.793662359434812,地名地址信息;自然地名;山,190203
B0FFGQIMT6,四马路,108.61682158524363,21.94659342110304,地名地址信息;交通地名;道路名,190301
BZ7BO6001T,三娘湾出口(G75兰海高速东南向),108.65966506641327,21.89625078146454,地名地址信息;交通地名;高速路出口,190304
B0FFGQISBV,金海湾东大街,108.65627772565921,21.941350613329664,地名地址信息;交通地名;道路名,190301
B0FFGXAGMU,龙门港,108.608872263175,21.678099884978387,地名地址信息;自然地名;河流,190204
B0FFGQFCIY,南珠西大街,108.6101408705677,21.971038398864312,地名地址信息;交通地名;道路名,190301
B0FFGQH2H6,金穗街,108.62713720736627,21.975092670738658,地名地址信息;交通地名;道路名,190301
B0IA34GSU7,文峰路,108.61511638207779,21.972999522502352,地名地址信息;交通地名;道路名,190301
B0IA3KE6BV,子材西大街,108.61770119194912,21.972694034614086,地名地址信息;交通地名;道路名,190301
B0KU5CRXSG,人民路,108.61639289882963,21.95113498038124,地名地址信息;交通地名;道路名,190301
BZ7BO6001O,G75兰海高速入口(钦州方向),108.65987854856822,21.896605547414726,地名地址信息;交通地名;高速路入口,190305
BZ7CO5007H,永福西大街,108.62487362747859,21.97920840887266,地名地址信息;交通地名;道路名,190301
B0IA3NDOUQ,小江五巷,108.64714477905557,21.9711502866517,地名地址信息;交通地名;道路名,190301
B030900BON,鲤鱼墩,108.61753830251261,21.892621030590416,地名地址信息;自然地名;岛屿,190202
B0HGTS8BLV,钦州湾大道,108.62277098591134,21.976008331303525,地名地址信息;热点地名;热点地名,190700
B030900C1A,金鼓江,108.64300200057414,21.75885020023431,地名地址信息;自然地名;河流,190204
B0FFGQHJ5M,民安街,108.62963858996571,21.983553426284775,地名地址信息;交通地名;道路名,190301
B0FFGQIW5P,海城六巷,108.61046646759267,21.952188197718783,地名地址信息;交通地名;道路名,190301
B0IA3NC4NI,富民路,108.64938169025397,21.95457846543665,地名地址信息;交通地名;道路名,190301
B0G0MSNNSB,茶山江大桥,108.65001980483737,21.903158805917776,地名地址信息;交通地名;桥,190307
B0FFGQI27V,大路巷,108.62472514926148,21.952800017307734,地名地址信息;交通地名;道路名,190301
B0FFGQIM0H,龙墩二巷,108.61293783372598,21.953249899345483,地名地址信息;交通地名;道路名,190301
B0FFGQHML8,向阳街,108.62535846224604,21.967028037878546,地名地址信息;交通地名;道路名,190301
B0FFGQIFA0,龙墩三巷,108.61288391002606,21.95289677274782,地名地址信息;交通地名;道路名,190301
B0FFL7L1FQ,北部湾·名座-1号住宅楼,108.62305915578,21.963741171033302,地名地址信息;地名地址信息;地名地址信息,190000
B0FFGGF54D,五马路与文峰南路交叉口,108.609139000302,21.94696757767045,地名地址信息;交通地名;路口名,190302
BZ7BO5001C,进港大道,108.65425021086489,21.883966047323547,地名地址信息;交通地名;道路名,190301
B0KRDALOB8,金鼓永久安置房融和东三巷9号,108.65114918526073,21.742004993596296,地名地址信息;门牌信息;门牌信息,190400
BZ7CO600A5,南珠东大街,108.64774136896244,21.95308464162955,地名地址信息;交通地名;道路名,190301
B0IA34HFL0,新华路,108.63585153519038,21.9787933207311,地名地址信息;交通地名;道路名,190301
BZ7AO60024,马莱大道,108.63544048528844,21.832243672314984,地名地址信息;交通地名;道路名,190301
B0IA34GZH7,文峰北路,108.61526610623065,21.975000344088834,地名地址信息;交通地名;道路名,190301
BZ7BO6001H,茶山江桥,108.64003334963745,21.896707705754007,地名地址信息;交通地名;桥,190307
B0FFGQI36I,城西一街,108.6122499155795,21.966861912632563,地名地址信息;交通地名;道路名,190301
B0FFGQFCIX,金海湾西大街,108.61341578536332,21.943375810376327,地名地址信息;交通地名;道路名,190301
B0KDUUAIWR,渡口村9号,108.62340508946735,21.954463353728897,地名地址信息;门牌信息;门牌信息,190400
B0LDNX7AF5,公共厕所,108.6271067974669,21.94358569649737,公共设施;公共厕所;公共厕所,200300
B0KD6BERLK,公共厕所,108.59682798495558,21.74203153978642,公共设施;公共厕所;公共厕所,200300
B0JK06P4L2,公共厕所,108.61848267089931,21.962438398701508,公共设施;公共厕所;公共厕所,200300
B0FFH8GQTV,年年丰广场-洗手间,108.6229011317687,21.96906088234193,公共设施;公共厕所;公共厕所,200300
B0IGPCK6TE,公共厕所,108.64835156968152,21.98281171153917,公共设施;公共厕所;公共厕所,200300
B0FFL36VHF,公共厕所,108.65022752716608,21.940073037391244,公共设施;公共厕所;公共厕所,200300
B0FFF2ZQQA,同心园地震应急避难场所应急公共厕所,108.65136145387666,21.97130089017144,公共设施;公共厕所;公共厕所,200300
B0I33L02E5,公共厕所,108.62924434676209,21.98190617146188,公共设施;公共厕所;公共厕所,200300
B0GRTLGDDY,公共厕所,108.66290023142969,21.98152227588034,公共设施;公共厕所;公共厕所,200300
B03090MUAT,公共厕所,108.64366611516903,21.95283750658707,公共设施;公共厕所;公共厕所,200300
B0FFGWU3UQ,公共厕所,108.63778806492157,21.952798988764016,公共设施;公共厕所;公共厕所,200300
B0FFL1KN4I,公共厕所,108.63679601322484,21.99321571280851,公共设施;公共厕所;公共厕所,200300
B0FFGIBOQ9,永福广场公共厕所,108.6187660494182,21.946961737843974,公共设施;公共厕所;公共厕所,200300
B0J6JA59LQ,公共厕所,108.61971354500052,21.951552974882226,公共设施;公共厕所;公共厕所,200300
B0MGRZJYSV,高峰公共厕所,108.6204682982574,21.9556931675891,公共设施;公共厕所;公共厕所,200300
B0LAF101IX,公共厕所,108.63603699350205,21.94181842871838,公共设施;公共厕所;公共厕所,200300
B0FFKUK609,公共厕所,108.5953945192913,21.968207485311897,公共设施;公共厕所;公共厕所,200300
B0FFL2K99Q,公共厕所,108.6368837537061,21.99504344074864,公共设施;公共厕所;公共厕所,200300
B0FFG1P8ZK,万国商业广场-万国饭店洗手间,108.626971015416,21.984573376814694,公共设施;公共厕所;公共厕所,200300
B0FFL39DHZ,公共厕所,108.63362866793831,21.959160266397898,公共设施;公共厕所;公共厕所,200300
B0FFKWVRK4,和谐公园-公共厕所,108.6253128820084,21.93943593317361,公共设施;公共厕所;公共厕所,200300
B0G33U09K6,公共厕所,108.62899303512405,21.95615625752769,公共设施;公共厕所;公共厕所,200300
B0FFGIAQA0,公共厕所,108.61859435921734,21.945290109378043,公共设施;公共厕所;公共厕所,200300
B0LDNSWDMX,公共厕所,108.58971054014168,21.821551955797972,公共设施;公共厕所;公共厕所,200300
B0FFH43VKW,公共厕所,108.60940746107948,21.973404004197945,公共设施;公共厕所;公共厕所,200300
B03090MAMR,公共厕所,108.59132320000926,21.743612179381767,公共设施;公共厕所;公共厕所,200300
B0FFF2UXBS,河堤公园-公共厕所,108.62004302456182,21.95292729148786,公共设施;公共厕所;公共厕所,200300
B0FFK2FYS6,旧车站公共厕所,108.61812797070816,21.965856372063918,公共设施;公共厕所;公共厕所,200300
B0FFH2LI0N,仟仟万家钦州购物中心-洗手间,108.62435047500581,21.978471680050585,公共设施;公共厕所;公共厕所,200300
B0FFL4E8IQ,公共厕所,108.59768881172334,21.94543138283082,公共设施;公共厕所;公共厕所,200300
B0MAGCZ1XD,公共厕所,108.61997859712106,21.90196605091588,公共设施;公共厕所;公共厕所,200300
B0KB9559T7,公共厕所,108.59172228344369,21.865258459562178,公共设施;公共厕所;公共厕所,200300
B0LRJDH7TA,公共厕所,108.62689987990858,21.989714898577812,公共设施;公共厕所;公共厕所,200300
B0HRJSLM5H,坭兴厂公共厕所,108.62343001250873,21.95526970971963,公共设施;公共厕所;公共厕所,200300
B0H3B71NH9,吴屋园公共厕所,108.61796698615501,21.949341654062287,公共设施;公共厕所;公共厕所,200300
B0KKLA7QDR,公共厕所,108.62724708798956,21.994283617100677,公共设施;公共厕所;公共厕所,200300
B0FFL6OL0Y,公共厕所(GX-QZ-0038),108.63407540398879,21.96808486683398,公共设施;公共厕所;公共厕所,200300
B0MBLLTTP3,公共厕所,108.62086718201185,21.98754788555158,公共设施;公共厕所;公共厕所,200300
B03090M9V1,公共厕所,108.67191978801404,21.940569550863692,公共设施;公共厕所;公共厕所,200300
B0JDHP7I4V,公共厕所,108.60459219446344,21.9797796545996,公共设施;公共厕所;公共厕所,200300
B0FFKZKYJY,公共厕所,108.5924724188509,21.860301207043616,公共设施;公共厕所;公共厕所,200300
B0LAP5F4UY,公共厕所,108.5932428896255,21.744168568103674,公共设施;公共厕所;公共厕所,200300
B0FFJ59BOJ,公共厕所,108.67974476576602,21.93066906018821,公共设施;公共设施;公共设施,200000
B0M6OAKX4X,三桥市场厕所,108.6177785963295,21.94184025358334,公共设施;公共厕所;公共厕所,200300
B0KG5M57CG,中石化公共厕所,108.62501310416718,21.985452200693583,公共设施;公共厕所;公共厕所,200300
B0FFKZVF1V,公共厕所,108.67756069629228,21.934714071816504,公共设施;公共厕所;公共厕所,200300
B03090M8C4,公共厕所,108.59416792214768,21.946138998035234,公共设施;公共厕所;公共厕所,200300
B0FFJZ63HF,公共厕所,108.64819891348243,21.94200155056469,公共设施;公共厕所;公共厕所,200300
B0H011TSW0,北部湾大学东区操场-公共厕所,108.61268148907476,21.90442480455625,公共设施;公共厕所;公共厕所,200300
B0L1XSR80D,滨海临时便民疏导点,108.62895033518288,21.931046327982624,公共设施;公共设施;公共设施,200000
B0FFL8PGM8,公共厕所,108.68011373626453,21.93401497223822,公共设施;公共厕所;公共厕所,200300
B0FFH6R7C9,公共厕所,108.65677814369307,21.88909980050736,公共设施;公共厕所;公共厕所,200300
B0FFL9PA2J,应急避难场所(白石湖),108.62955417331757,21.93371480034277,公共设施;公共设施;公共设施,200000
B0H6G6TQCF,公共厕所(GX-QZ-0285),108.65900668366561,21.772700516914266,公共设施;公共厕所;公共厕所,200300
B0KGV5GQU1,公共厕所,108.61198471589242,21.976744808906655,公共设施;公共厕所;公共厕所,200300
B0FFHLQZUV,邮政报刊亭,108.61686189757985,21.959661618202784,公共设施;报刊亭;报刊亭,200100
B0FFLJYD7I,公共厕所,108.60847175810424,21.90285294683605,公共设施;公共厕所;公共厕所,200300
B0MADMHJRK,钦州石化产业园区事故废水防控应急配套工程,108.6232652133226,21.709363045545885,公共设施;公共设施;公共设施,200000
B0FFH5RZSX,应急避难场所(一马路),108.61549280015363,21.955192716834535,公共设施;紧急避难场所;紧急避难场所,200400
B0LRTZ8S7Z,梦园地震应急避难场所,108.64980054179344,21.97935050767436,公共设施;公共设施;公共设施,200000
B0FFJZD8PL,邮政报刊亭,108.626027268571,21.96970649594749,公共设施;报刊亭;报刊亭,200100
B0FFI26V6F,邮政报刊亭,108.62335756950331,21.966576180320004,公共设施;报刊亭;报刊亭,200100
B0FFL19AS7,钦州日报报刊亭,108.62908178966453,21.978523782955087,公共设施;报刊亭;报刊亭,200100
B0FFG83QBR,邮政报刊亭,108.61698552855428,21.96403358686067,公共设施;报刊亭;报刊亭,200100
B0309003O5,报刊亭,108.61964625081248,21.97996056439633,公共设施;报刊亭;报刊亭,200100
B030900EJI,邮政报刊亭,108.61457220319355,21.969289220377892,公共设施;报刊亭;报刊亭,200100
B0FFKYXJLV,公共厕所(装修中),108.60651501092092,21.952917934755597,公共设施;公共厕所;公共厕所,200300
B03090MUAO,公共厕所(暂停营业),108.65670096270065,21.95724040848279,公共设施;公共厕所;公共厕所,200300
B03090MAPA,城西公共厕所(暂停营业),108.61535143417133,21.96618207672762,公共设施;公共厕所;公共厕所,200300
B03090M8JB,公共厕所(暂停营业),108.61503620518332,21.978577240019813,公共设施;公共厕所;公共厕所,200300
B030900EJA,邮政报刊亭,108.61481071694047,21.973538039312647,公共设施;报刊亭;报刊亭,200100
B0ID7UBOSX,陈氏避雷电力设备,108.63458970132096,21.942441885448236,公共设施;公共设施;公共设施,200000
B0FFI8MHC8,公共厕所,108.63450915696858,21.85438028559657,公共设施;公共厕所;公共厕所,200300
B0FFI71QYR,公共厕所,108.60849807768376,21.79260198498843,公共设施;公共厕所;公共厕所,200300
B030900EH1,报刊亭,108.61964327595638,21.9590396173654,公共设施;报刊亭;报刊亭,200100
B0G1DRFLGI,报刊亭,108.62695955684593,21.953435583298738,公共设施;报刊亭;报刊亭,200100
B0FFI9R3C6,郭德联报亭,108.6225512270435,21.97773339705035,公共设施;公共设施;公共设施,200000
B030900EGX,报刊亭,108.62359955333282,21.959424495529152,公共设施;报刊亭;报刊亭,200100
B0GUOL5OPX,邮政报刊亭,108.6211861490124,21.978950471860706,公共设施;报刊亭;报刊亭,200100
B0KGZL579C,公共厕所,108.61585189531628,21.98534473685201,公共设施;公共厕所;公共厕所,200300
B0H6PPMZEV,邮政报刊亭,108.65633098201349,21.99442074154881,公共设施;报刊亭;报刊亭,200100
B0G27OG7VD,邮政报刊亭,108.62141834720212,21.968091061684646,公共设施;报刊亭;报刊亭,200100
B0FFMB2UQ0,邮政报刊亭,108.61027774875515,21.970782184960328,公共设施;报刊亭;报刊亭,200100
B0FFLF3DE0,钦州市钦南区博廉报刊亭,108.64899806779808,21.96412169280194,公共设施;报刊亭;报刊亭,200100
B0FFLCZZJ6,邮政报刊亭,108.61241860832024,21.969457020170953,公共设施;报刊亭;报刊亭,200100
B0FFI9I4MI,陈衣洁报亭,108.61243513891786,21.9581996461452,公共设施;公共设施;公共设施,200000
B0FFG0T19B,报刊亭,108.60480596520897,21.77501624199453,公共设施;报刊亭;报刊亭,200100
B0FFHUA263,中国石化广西钦州本部北部湾加油站,108.68347408659763,21.951071936715362,汽车服务;加油站;中国石化,010101
B0LGTHYJ7F,中国石化广西钦州本部黎合江加油站,108.69257396668566,21.94578243718639,汽车服务;加油站;中国石化,010101
B0FFLITL2O,中国石化广西钦州本部东围加油站,108.57516255198023,21.9470463993454,汽车服务;加油站;中国石化,010101
B030900MF5,中国石油钦州市城郊加油站,108.68639678312972,21.943525070314188,汽车服务;加油站;中国石油,010102
B0FFKODQV3,中国石油茅尾海一号LNG加油加气站,108.58381966404234,21.907372137262872,汽车服务;其它能源站;其它能源站,010200
B0I6ASZCXB,桂中能源科城加油站,108.5839418540734,21.96599516334555,汽车服务;加油站;加油站,010100
B0FFKE1IMV,中国桂中能源加油站,108.55128205419317,21.95130380693021,汽车服务;加油站;加油站,010100
B03090MALC,钦州市康熙岭农机加油站,108.50428877129066,21.912134559485455,汽车服务;加油站;加油站,010100
B030900MZ3,中国石化广西钦州本部科力加油站,108.70618978621029,21.919878152929304,汽车服务;加油站;中国石化,010101
B0FFF2HPWD,衡昆石油龙屋加油站,108.73655201007415,21.91175105051144,汽车服务;加油站;加油站,010100
B0FFI8M989,中国石油黎铁加油站,108.7031887154679,21.954670994712178,汽车服务;加油站;中国石油,010102
B0FFGILF1Q,中国石油钦南区金伟加油站,108.56727357292822,21.945911771961324,汽车服务;加油站;中国石油,010102
B0LRG7TQH6,特来电汽车充电站(慧川黄屋屯重卡充电站),108.54631799286027,21.962861643488264,汽车服务;充电站;充电站,011100
B0FFK1N5MS,中国石油青龙加油站,108.6910225057358,21.882487944078626,汽车服务;加油站;中国石油,010102
B0LKVP4D31,昆仑网电汽车充电站(中国石油广西钦州城郊重卡充电站),108.68638381157798,21.943544102513638,汽车服务;充电站;充电站,011100
B0L1TB11KQ,中国石化汽车充电站(黎合江重卡充电站),108.68352220311493,21.9465086716067,汽车服务;充电站;充电站,011100
B0LKLA8MKQ,南方电网汽车充电站(钦州市宏进农批市场充电站),108.5610187002587,21.949405102575223,汽车服务;充电站;充电站,011100
B0L25UD3JS,璟宏二手车,108.68104793166196,21.926471642193793,汽车服务;二手车交易;二手车交易,011000
B0JB97VUOZ,钦州市创达汽车服务中心,108.58000847346118,21.965221658573558,汽车维修;汽车维修;汽车维修|汽车服务;汽车服务相关;汽车服务相关,030000|010000
B0MA6MK1W7,钦州大疆农业无人机,108.68543713359911,21.9601837329692,汽车服务;汽车服务相关;汽车服务相关,010000
B0KDLPMPXS,驴充充汽车充电站(钦南区茅尾海出口充电站),108.58675935506555,21.905003168037418,汽车服务;充电站;充电站,011100
B0HUC5U33F,广西新君农机销售有限公司,108.56261043862999,21.957569278423744,汽车服务;汽车服务相关;汽车服务相关,010000
B0HD3AMI63,众义达汽车服务中心,108.56607018726368,21.94689276675288,汽车服务;汽车服务相关;汽车服务相关,010000
B0MGKUKNTU,中国石油北投能源茅尾海二号加油站,108.58434070200967,21.909342309026815,汽车服务;加油站;中国石油,010102
B0JDOPCVXC,蔚来能源汽车充电站(钦州吾悦广场),108.62809015320269,21.94395461506676,汽车服务;充电站;充电站,011100
B0KKXH50IX,海城六巷洗车店,108.60979812837105,21.95203557237898,汽车服务;洗车场;洗车场,010500
B0FFKFFO07,西湖轮胎(钦南区242国道店),108.69076033508861,21.937560591372186,汽车服务;汽车养护/装饰;汽车养护|汽车维修;汽车维修;汽车维修,010400|030000
B0GD2RT4OY,广西长特汽车销售服务有限公司,108.6898280645166,21.944118327107258,汽车服务;汽车服务相关;汽车服务相关,010000
B0L2U5EP0H,瘦哥洗车店,108.64440457597586,21.95246608612386,汽车服务;洗车场;洗车场,010500
B0I25REWGP,南方电网汽车充电站(钦州市新区供电局本部充电站),108.58227831520874,21.966673667976345,汽车服务;充电站;充电站,011100
B0FFH86RKD,奇胜汽车升级改装,108.63051902103177,21.943527182748742,汽车服务;汽车服务相关;汽车服务相关,010000
B0FFMG1F7W,闪靓专业洗车店,108.61145787165597,21.964332291434854,汽车服务;洗车场;洗车场,010500
B0L165S6B3,中国石油鼓雪充电站,108.65665705342926,21.957461595631994,汽车服务;充电站;充电站,011100
B0MBFC7K8Y,钦州市开投汽车充电站(钦州茅尾海高速出入口超充站),108.58674135482705,21.904962142608447,汽车服务;充电站;充电站,011100
B0MGSALR0X,中国铁塔汽车充电站(广西钦州市第一中学充电站),108.61931841795193,21.965190877823964,汽车服务;充电站;充电站,011100
B0FFHFPFE1,张超杰农机,108.62461925580028,21.953985708773562,汽车服务;汽车服务相关;汽车服务相关,010000
B0J30SA0QA,中国石化汽车充电站(钦州城东充电站)(暂停营业),108.6377910590541,21.952798984115482,汽车服务;充电站;充电站,011100
B0H1258K0N,南方电网汽车充电站(钦州市钦南区政府停车场充电站),108.65313490860714,21.941700566054823,汽车服务;充电站;充电站,011100
B03090MAS1,惠尔汽车用品批零商行,108.61346774270397,21.963590411549227,汽车服务;汽车配件销售;汽车配件销售,010800
B0K2CS3G7L,顺发二手货,108.65224537904416,21.95273244848997,汽车服务;二手车交易;二手车交易,011000
B0FFL6CACP,车宝典汽车用品(量子膜授权店),108.63052204138916,21.94300292833182,汽车服务;汽车养护/装饰;汽车养护,010400
B0H1GSTW77,源达汽车维修服务中心,108.6511546094317,21.93696389140741,汽车服务;汽车服务相关;汽车服务相关,010000
B0MUPCE4QL,新电途汽车充电站(钦州健强物流重卡超充站),108.54672513670508,21.95614927042015,汽车服务;充电站;充电站,011100
B0HU4YK5LJ,新锦泰汽车服务,108.6424996207884,21.951417771841058,汽车服务;汽车服务相关;汽车服务相关,010000
B0FFLKOC4N,庆明汽车养护中心,108.5511888032311,21.952988437778814,汽车服务;汽车养护/装饰;汽车养护,010400
B0FFKOXSCO,V养车·车都市汽车养护中心,108.62529056095177,21.967198200954055,汽车服务;汽车养护/装饰;汽车养护,010400
B0FFIAFSZG,有福之家汽车修理厂,108.63083248352872,21.9432766341727,汽车服务;汽车养护/装饰;汽车养护,010400
B0FFIHKBHI,尊华汽车电子改装车身膜,108.6309722374896,21.94327544146862,汽车服务;汽车养护/装饰;汽车养护,010400
B0IK4HM062,范二轮胎店,108.58648827929515,21.905840475925995,汽车服务;汽车配件销售;汽车配件销售|汽车维修;汽车维修;汽车维修,010800|030000
B0J2HHO0LL,佰韵音响(贝德音响专卖店),108.62201691038877,21.959313227640408,汽车服务;汽车服务相关;汽车服务相关,010000
B0IR1UVVS4,车杰轮汽车服务中心,108.60771429992155,21.96725310761079,汽车服务;汽车服务相关;汽车服务相关,010000
B0K1S74Z1O,广西钦州市刚正高空作业车租赁有限公司,108.64529824685043,21.940847022342915,汽车服务;汽车租赁;汽车租赁,010900
B0L02NNKSZ,云快充超级充电站(钦州西高速口度普储能充电站),108.56345705360431,21.946703261246785,汽车服务;充电站;充电站,011100
B0LAMRCIA0,钦州市钦南区骏德汽车美容中心(个体工商户),108.61154200814568,21.959739042188243,汽车服务;汽车服务相关;汽车服务相关,010000
B0FFLBEGJN,车艺道汽车内饰修复翻新改装,108.59478699672387,21.96194352810466,汽车服务;汽车养护/装饰;汽车养护,010400
B0JR5UQRQK,启源汽车充换电站(钦州进港大道1号站),108.67379569078652,21.912997824773832,汽车服务;充电站;充电站,011100
B0FFLC8N97,浩国美车馆,108.62712582252705,21.942435123106314,汽车服务;汽车服务相关;汽车服务相关,010000
B0K2JS5NGK,保诺驰汽车服务中心(钦州奥林店),108.62163361182228,21.935830440407706,汽车服务;汽车服务相关;汽车服务相关,010000
B0K2U4J1VS,洛盾车膜(钦南安州汽配城店),108.6306258652679,21.942887731552396,汽车服务;汽车养护/装饰;汽车养护,010400
B0K1MOOYJM,美途汽车保养,108.59701437535006,21.95988037180428,汽车服务;汽车服务相关;汽车服务相关,010000
B0J3UPXWPA,驴充充汽车充电站(钦州市金桔收费站出口重卡充电站),108.73572071375236,21.911329167563967,汽车服务;充电站;充电站,011100
B0LK45VWJQ,特来电汽车充电站(广西圣亿新能源2号充电站),108.67466369444453,21.911680550241712,汽车服务;充电站;充电站,011100
B0FFLJJJHC,广汽本田4S店钦州金裕充电站,108.64067962144583,21.946074197876797,汽车服务;充电站;充电站,011100
B0FFFE7IPC,金辉车行(龙墩路店),108.61086741455219,21.945034506376643,汽车服务;汽车租赁;汽车租赁,010900
B0LR1DRSL4,特来电汽车充电站(钦州钦冠新能源重卡超充站二期),108.66911343333078,21.901117101792718,汽车服务;充电站;充电站,011100
B0MUGRNFYW,星发汽车服务中心,108.62260511580341,21.937416123949927,汽车服务;汽车服务相关;汽车服务相关,010000
B0MANSPHH0,艺车汇养车,108.65184314755173,21.955542516848425,汽车服务;汽车养护/装饰;汽车养护,010400
B0LU3D9O47,车助手服务中心,108.59512369574512,21.96620954777815,汽车服务;汽车服务相关;汽车服务相关,010000
B0L16RSZY1,钦州市鑫锋工程机械配件中心,108.66038413865175,21.941649060183295,汽车服务;汽车服务相关;汽车服务相关,010000
B0FFI795ZO,骏龙汽车服务中心,108.60830486019233,21.965550951452293,汽车服务;汽车服务相关;汽车服务相关,010000
B0FFGK13T8,新源重工(钦州办事处),108.66008982547643,21.941736657660154,汽车服务;汽车服务相关;汽车服务相关,010000
B0I1464D70,新博健汽车养护馆,108.63707783882447,21.96526402597025,汽车服务;汽车养护/装饰;汽车养护,010400
B0GRTZDPRT,钦南区神州汽车租赁(免押金),108.6301346253,21.965310093323104,汽车服务;汽车租赁;汽车租赁,010900
B0FFGIAJT8,永奇汽车音响贴膜店,108.61138156175974,21.951778361247595,汽车服务;汽车养护/装饰;汽车养护,010400
B0LGCSMK4E,钦南区9.9快冲冲汽车养护中心,108.6291119171976,21.954430277213746,汽车服务;汽车养护/装饰;汽车养护,010400
B0FFIA7RDF,福斯特汽车租赁,108.64080143334655,21.94485842047491,汽车服务;汽车服务相关;汽车服务相关,010000
B0FFJ966QC,鸿毅汽车美容中心,108.60929999850573,21.964449812912296,汽车服务;汽车服务相关;汽车服务相关,010000
B0FFMAC0QK,钦朋汽车养护美容会所,108.60595477535651,21.94648015016134,汽车服务;汽车养护/装饰;汽车养护,010400
B0FFI2J7H5,常来租车行,108.59490380547155,21.965224087126675,汽车服务;汽车服务相关;汽车服务相关,010000
B0LR6PFJNE,驴充充汽车充电站(恒基广场充电站),108.61955133466803,21.960409363957034,汽车服务;充电站;充电站,011100
B0LAYUYW1J,同成汽车租赁,108.66236730547419,21.965090482398633,汽车服务;汽车租赁;汽车租赁,010900
B0LRHA7KDX,钦州市开投汽车充电站(白石湖南广场超充站),108.62927566967306,21.93332298435022,汽车服务;充电站;充电站,011100
B0I1D7OZWW,韦二建筑机械店,108.69065455656316,21.937783879351038,汽车服务;汽车服务相关;汽车服务相关,010000
B0G39SOXDX,圣恒汽车服务中心,108.60942633906653,21.955002229056426,汽车服务;汽车服务相关;汽车服务相关,010000
B0LGUADQPJ,保诺驰汽车服务中心(钦北店),108.65568987418435,21.965823374093816,汽车服务;汽车服务相关;汽车服务相关,010000
B0FFM98VG8,乘龙汽车钦州盈通4S店,108.70231149926637,21.953056506297138,汽车销售;汽车销售;汽车销售,020000
B0HD7AOK5O,曹七汽车维修拖车救援服务,108.57825448604935,21.946819703921705,汽车销售;汽车销售;汽车销售|汽车维修;汽车维修;汽车维修,020000|030000
B0L0H7RHYA,钦州市重卡运力新能源科技有限公司,108.68538726225759,21.959883679526524,汽车销售;汽车销售;汽车销售,020000
B0GKC7VDT9,广西钦州合顺汽车销售服务有限公司,108.7065290722265,21.96151955868429,汽车销售;汽车销售;汽车销售,020000
B0I24UNLWN,恒星汇汽车城,108.57774339376486,21.96345426999279,汽车销售;汽车销售;汽车销售,020000
B0GDCZ7UBO,广西鹏大汽车集团有限公司,108.6834941392865,21.908912786600006,公司企业;公司;公司|汽车销售;汽车销售;汽车销售,170200|020000
B0G1LA5O33,钦州市翔宝汽车贸易有限责任公司,108.5748933453462,21.947393334631943,汽车销售;汽车销售;汽车销售,020000
B0KD4PY4LV,广西利威汽车贸易有限公司,108.68485375638068,21.954351001830275,汽车销售;汽车销售;汽车销售,020000
B0L6MSLOW9,广西亿岸汽车销售有限公司,108.58326943799536,21.908828570700063,汽车销售;汽车销售;汽车销售,020000
B0L1VSATX0,广西添成汽车销售有限公司,108.69431816876673,21.946762000333315,汽车销售;汽车销售;汽车销售,020000
B0LDZ9Q031,广西联胜专营店,108.6848886700151,21.954482001376302,汽车销售;汽车销售;汽车销售|汽车维修;汽车维修;汽车维修,020000|030000
B0L3VPGSW4,钦州易通汽车销售服务有限公司,108.69074395578858,21.945879590858528,汽车销售;汽车销售;汽车销售,020000
B0HG6BBM7C,钦州力顺汽车,108.70685844667582,21.961933308239672,汽车销售;汽车销售;汽车销售,020000
B0MGBLURFO,宏进国际汽车城B3区,108.5591259110941,21.951426218573054,汽车销售;汽车销售;汽车销售,020000
B0KRKDA3D0,钦州市信威汽车销售有限公司,108.69546564753408,21.94851095646855,汽车销售;汽车销售;汽车销售,020000
B0JGU1BCVK,钦州市辉越汽车销售有限公司,108.70251904133181,21.954119708463242,汽车销售;汽车销售;汽车销售,020000
B0MDLNEB02,山东华鑫挂车,108.67361731644517,21.908931227026546,汽车销售;汽车销售;汽车销售|汽车服务;汽车服务相关;汽车服务相关,020000|010000
B0MG1ASXP0,宏进国际汽车城,108.55957654232881,21.95192714941897,汽车销售;汽车销售;汽车销售,020000
B0MBUUMMMK,广西兴灿汽车销售有限公司,108.64577931463002,21.95920695924502,汽车销售;汽车销售;汽车销售,020000
B0MDCL41L0,乘龙玉柴骏马店,108.67576189232202,21.915680377878246,汽车销售;汽车销售;汽车销售,020000
B0LKS7IMRG,威威新能源小卖部,108.64712661068627,21.955052651985337,汽车销售;汽车销售;汽车销售,020000
B0MGJYBM89,广西犇富汽车有限公司,108.67755749549737,21.918778473156358,汽车销售;汽车销售;汽车销售,020000
B0MG9HPFAK,胜利挂车批发站,108.65725701655103,21.889453075306697,汽车服务;汽车服务相关;汽车服务相关|汽车销售;汽车销售;汽车销售,010000|020000
B0MDJXLERV,巨森新能源,108.68099721465475,21.96334332844802,汽车销售;汽车销售;汽车销售|公司企业;公司;公司,020000|170200
B0MB4C026Z,钦州市森里,108.64059049635888,21.95231231878849,汽车销售;汽车销售;汽车销售,020000
B0LURO4JMS,合创,108.65130911188606,21.9400330787829,汽车销售;汽车销售;汽车销售,020000
B0L1U62653,白马汽车城3号楼,108.63969180300023,21.96266869816204,汽车销售;汽车销售;汽车销售,020000
B0J26HOU1O,钦州汇有汽车销售服务有限公司,108.63564000901776,21.93653950557788,汽车销售;汽车销售;汽车销售,020000
B0GDDHTU1L,王仔轮胎批发流动补胎救援,108.58620325889764,21.90541617526431,汽车维修;汽车维修;汽车维修,030000
B0K6FUFOZI,志诚汽车维修中心,108.56212291956263,21.95505139036736,汽车维修;汽车综合维修;汽车综合维修,030100
B0MGL7NUEW,豫通油泵油嘴后处理,108.68418847142166,21.950521377112285,汽车维修;汽车维修;汽车维修,030000
B0LB3ZB5QS,广运小车维修服务,108.6874215497164,21.94189147201916,汽车维修;汽车维修;汽车维修,030000
B0JRXC5EYL,广西钦州市钦南区大黄峰汽修店,108.68402808790943,21.945539290167527,汽车维修;汽车维修;汽车维修,030000
B0FFH3BGTG,钦州国鑫汽车修理厂,108.68856085180346,21.94474683165123,汽车维修;汽车维修;汽车维修,030000
B0IUZZ48ET,钦州市众杰汽车维修服务中心,108.6846043232791,21.954429489297766,汽车维修;汽车维修;汽车维修,030000
B0GRT7H5NV,强盛汽修汽配,108.58290940254285,21.90729166139949,汽车维修;货车维修;货车维修,035000
B0G3LBE9DQ,阿勇柴油电喷尿素泵后处理服务部,108.56641998995475,21.9591170352282,汽车维修;汽车维修;汽车维修,030000
B0FFMGDCRO,陆川流动补胎钟友,108.55151342523712,21.95226369363414,汽车维修;汽车维修;汽车维修,030000
B0IG6CG4HY,鑫盛汽修,108.68383400230725,21.93613615321733,汽车维修;汽车维修;汽车维修,030000
B0FFL4X0TC,老吴重汽修配机油,108.68418350580211,21.950060166047667,汽车维修;汽车维修;汽车维修,030000
B0FFLAJHEG,和谐鑫业汽车修配店,108.65575888178941,21.942180971958084,汽车维修;汽车维修;汽车维修,030000
B0KG3ZMQCK,维车坊汽车维修中心,108.64820162836516,21.947676254665268,汽车维修;汽车维修;汽车维修,030000
B0JBMU2HXW,曾师傅汽修,108.60608125808602,21.95504717464474,汽车维修;汽车综合维修;汽车综合维修,030100
B0L3CZJXW2,鼎力汽车电子新能源汽车维修,108.60587488419698,21.945541742174417,汽车维修;汽车维修;汽车维修,030000
B0FFHM4PS4,钦州市钦南区富通汽车维修中心,108.63110903042818,21.942571916985603,汽车维修;汽车维修;汽车维修,030000
B0FFL3BSL1,钦州市专业液压系统方向机,108.68889210491547,21.94489932569491,汽车维修;汽车维修;汽车维修,030000
B0FFLCM7CK,钦州锦鑫汽车维修中心,108.60749968349266,21.963195297680702,汽车维修;汽车维修;汽车维修,030000
B0FFL8VJKL,百盛汽车维修服务有限公司,108.60135929140182,21.959806382772534,汽车维修;汽车维修;汽车维修,030000
B0FFJFG97O,广西钦州市王仔汽修理厂,108.66593613278506,21.89849092943893,汽车维修;汽车维修;汽车维修,030000
B0H1BA5ZBJ,雨鑫汽车美容维修中心,108.65653751439001,21.95372703714473,汽车维修;汽车综合维修;汽车综合维修,030100
B0HUXAJ66Q,三兴汽车修理厂,108.56430210272985,21.94675642302158,汽车维修;汽车综合维修;汽车综合维修,030100
B0JAOZYXYE,中金铝焊修补水箱,108.68188598700452,21.92639906374155,汽车维修;汽车维修;汽车维修,030000
B0FFKY7KZR,钦泉汽车养护站(道路施救),108.66321449302228,21.940993379342885,汽车维修;汽车维修;汽车维修,030000
B0J1F53SNT,大哥汽车电器维修厂,108.66789135049005,21.90104140288789,汽车维修;汽车维修;汽车维修,030000
B0MBFU70NS,鑫驰自动变速箱专修,108.66919890829642,21.9479832861728,汽车维修;汽车维修;汽车维修,030000
B0FFI8MEF5,万里汽修厂,108.63296710912292,21.852199508869607,汽车维修;汽车综合维修;汽车综合维修,030100
B0FFM9ETTJ,泓桦汽车修理,108.64151142202175,21.956269710584454,汽车维修;汽车维修;汽车维修,030000
B0G07Z0M9N,前进轮胎店,108.5834554996723,21.908675587303254,汽车维修;汽车维修;汽车维修,030000
B0I3F1603H,钦州市庆顺汽车维修有限公司,108.62993500828978,21.94411425480583,汽车维修;汽车维修;汽车维修,030000
B0L3MMJLXW,广西孟顺汽车维修服务有限公司,108.6740662841812,21.90823004051412,汽车维修;汽车维修;汽车维修,030000
B0J1RMK0IU,元发汽车内饰改装,108.60551703759785,21.948138157809552,汽车维修;汽车维修;汽车维修,030000
B0LAX74H4Z,姚仔汽修厂,108.66743668790107,21.895905833930996,汽车维修;汽车综合维修;汽车综合维修,030100
B0H27R0NVN,小庄汽修,108.6676830919516,21.89608444746347,汽车维修;汽车维修;汽车维修,030000
B0FFM840NL,艺匠汽车音响,108.62675814364843,21.948141310071406,汽车维修;汽车维修;汽车维修,030000
B0FFI8MDCD,合全进口汽车维修厂,108.6255580959228,21.94760053389957,汽车维修;汽车综合维修;汽车综合维修,030100
B0H1O5RRH2,惠航汽车维修服务部,108.6767071452055,21.90582990412781,汽车维修;汽车维修;汽车维修,030000
B0IKJH7J9D,铭祥汽车维修厂,108.64095374011583,21.952660897257203,汽车维修;汽车综合维修;汽车综合维修,030100
B0H0GHGUQA,益兴安耐特轮胎经营部,108.66676706242467,21.94078650126438,汽车维修;汽车维修;汽车维修,030000
B0FFFZ9C8U,奥宝汽修,108.60815161824894,21.95278995969947,汽车维修;汽车维修;汽车维修,030000
B0IUKMAT5Q,百车汇汽修,108.64546741671812,21.950381284356617,汽车维修;汽车维修;汽车维修,030000
B03090MTFM,迅通汽车维修厂,108.6299524544619,21.954820340416028,汽车维修;汽车维修;汽车维修,030000
B0JK55E0WS,得世通汽车维修部,108.60607364831921,21.947147408663287,汽车维修;汽车维修;汽车维修,030000
B0JKKCDZP4,河南柔刹王方向机四轮定位,108.66564497512269,21.895459046687844,汽车维修;汽车维修;汽车维修,030000
B0GUAABU46,同顺快修,108.60155819302979,21.959427139086067,汽车维修;汽车维修;汽车维修,030000
B0IDPAP7W5,原漆工匠汽车凹陷无痕修复玻璃修复,108.60896641164145,21.96236503012492,汽车维修;汽车维修;汽车维修,030000
B0GDDYRME2,诚致汽车维修,108.64105737524278,21.935409494053058,汽车维修;汽车维修;汽车维修,030000
B0LD3RKPF0,鑫奇汽修,108.67271931129271,21.91178429378858,汽车维修;汽车维修;汽车维修,030000
B0IKJC92UK,钦州市湛港进口汽车修理厂,108.63901192740775,21.947083344898733,汽车维修;汽车维修;汽车维修,030000
B0JG19SIJ9,德业汽车维修,108.65214414564561,21.94181041925249,汽车维修;汽车维修;汽车维修,030000
B03090MI14,哥弟汽车维修服务中心,108.62994993150876,21.96559747957951,汽车服务;汽车养护/装饰;汽车养护|汽车服务;汽车配件销售;汽车配件销售|汽车维修;汽车维修;汽车维修,010400|010800|030000
B0LDLXVARH,满旺汽车维修服务有限公司,108.58344671967109,21.965957915055085,汽车维修;汽车维修;汽车维修,030000
B0FFKGBV0J,谢仔汽车空调电器,108.66625847989442,21.896182217598895,汽车服务;汽车配件销售;汽车配件销售|汽车维修;汽车维修;汽车维修,010800|030000
B0KUO5Q7JP,钦泉汽车维修店,108.69429876277775,21.895646670124275,汽车维修;汽车维修;汽车维修,030000
B0I0FMK04R,胜瑞进口汽车维修,108.607531195492,21.952112995846537,汽车维修;汽车维修;汽车维修,030000
B0HAOUIIJ3,钦州市钦南区尖山方邹汽车维修店,108.59926364103241,21.93445184166017,汽车维修;汽车维修;汽车维修,030000
B0H12C9AEC,精诚汽修(恒大绿洲店),108.68086452220433,21.96337758993221,汽车维修;汽车维修;汽车维修,030000
B0KBFDUG38,致腾汽车修理厂,108.66587330162781,21.898098863331647,汽车维修;汽车综合维修;汽车综合维修,030100
B0IB2UTF1M,兴诚汽车维修养护中心,108.57846478207259,21.96367089086595,汽车维修;汽车维修;汽车维修,030000
B0L0JLGZ96,鸿悦汽修,108.64760128942696,21.94058492050654,汽车维修;汽车维修;汽车维修,030000
B0MUCS0ZVR,新西武低碳修复科技,108.56605215979839,21.947034812028335,汽车维修;汽车维修;汽车维修,030000
B0I15R00I6,赵五汽修,108.61248768293501,21.945864720862662,汽车维修;汽车维修;汽车维修,030000
B0FFMESYYL,鸿鑫达汽车修理厂,108.666556673412,21.898138576210798,汽车维修;汽车维修;汽车维修,030000
B0HKUSVK6T,校油泵油嘴传动轴增压器,108.68872846295773,21.945038677902282,汽车维修;汽车维修;汽车维修,030000
B0J64RQSN8,安悦汽车维修,108.65573892402197,21.942257045236143,汽车维修;汽车维修;汽车维修,030000
B0FFMHGFV9,善达汽车维修服务部,108.62699478080515,21.947675790421254,汽车维修;汽车维修;汽车维修,030000
B0FFFE1BW2,赛特汽车维修美容服务中心,108.63108506354138,21.963196788091278,汽车维修;汽车综合维修;汽车综合维修,030100
B0IU77O7XM,运银汽车修理厂,108.61020098523102,21.946931868849777,汽车维修;汽车综合维修;汽车综合维修,030100
B0M6ARZBSZ,符三汽车修理部,108.5776793907364,21.962761893046615,汽车维修;汽车维修;汽车维修,030000
B0FFGIAQ0G,星顺汽车维修,108.62306140881972,21.958490666628546,汽车维修;汽车维修;汽车维修,030000
B0FFFT80Y0,钦州新宏裕汽车修配部,108.60615058719486,21.947138365175828,汽车维修;汽车综合维修;汽车综合维修,030100
B0J07MGBF3,佰特·诚文汽车维修服务中心,108.6059088235717,21.946237057162726,汽车维修;汽车维修;汽车维修,030000
B0JBT77NHT,盛鸿汽车钣金喷漆中心,108.64470371668577,21.93669505146865,汽车维修;汽车维修;汽车维修,030000
B0KAAA9GSA,金恒汽车服务中心,108.60086222680762,21.946397135105737,汽车维修;汽车维修;汽车维修,030000
B0FFG5B0Y2,黄仔电动车摩托车维修店,108.68862196516011,21.939738333750142,摩托车服务;摩托车维修;摩托车维修,040200
B0KBGRBL26,张仔摩修配件店,108.54592494214248,21.947584549574387,摩托车服务;摩托车维修;摩托车维修,040200
B0L09OET37,黄二摩修店,108.51145529637049,21.91769335539876,摩托车服务;摩托车维修;摩托车维修,040200
B0FFLLFT5S,方仔电摩维修,108.50778541853295,21.913415548446682,摩托车服务;摩托车维修;摩托车维修,040200
B0J2PMC0CU,兴东车行,108.56543788630854,21.958637572366666,摩托车服务;摩托车销售;摩托车销售,040100
B0FFH3BF1F,本田维修部,108.61646499477567,21.96784487907002,摩托车服务;摩托车服务相关;摩托车服务相关,040000
B0LRJMGNS8,中国飞鸽三轮车,108.61463235841826,21.964664968889334,摩托车服务;摩托车销售;摩托车销售,040100
B0FFG338UP,沙埠旭升摩托维修部,108.68436152889835,21.94140071069997,摩托车服务;摩托车维修;摩托车维修,040200
B0MDT7DIPA,五洲车行,108.6057912078452,21.960805065574984,摩托车服务;摩托车销售;摩托车销售,040100
B0FFI8GOAD,郭仔摩托车电动车维修,108.56789136069398,21.963880076279676,摩托车服务;摩托车维修;摩托车维修,040200
B0K2KHLLA7,振明电动车摩托车维修,108.64235878661826,21.933618507562173,摩托车服务;摩托车维修;摩托车维修,040200
B0L0F97HWX,钦州天能锂电总代理,108.60724044532579,21.95210015271849,摩托车服务;摩托车销售;摩托车销售,040100
B0LRFC7OQ0,宁仔摩修店,108.6236205037574,21.959789645386994,摩托车服务;摩托车维修;摩托车维修,040200
B0KK95K6KM,辉哥维修店,108.54784968772523,21.94938329610184,摩托车服务;摩托车维修;摩托车维修,040200
B0MUNO3Z1A,谭七摩修,108.58179805143038,21.92733863644773,摩托车服务;摩托车维修;摩托车维修,040200
B0MUD9L9MX,仁源电摩维修店,108.60634174391006,21.94074521425368,摩托车服务;摩托车维修;摩托车维修,040200
B0MGVLFJ41,贤通车行,108.60614158176638,21.94739849395365,摩托车服务;摩托车服务相关;摩托车服务相关,040000
B0MGKXLL0V,电摩维修,108.62981018353798,21.96538456630443,摩托车服务;摩托车维修;摩托车维修,040200
B0MDY1VRIU,华犀车行,108.6338538954459,21.946019670774593,摩托车服务;摩托车销售;摩托车销售,040100
B0M6XMPAU1,鹏进电摩维修部,108.60808934700991,21.959503198067395,摩托车服务;摩托车维修;摩托车维修,040200
B0LDVRSOPM,智达电动车维修店,108.61468311872696,21.94784290451651,摩托车服务;摩托车维修;摩托车维修|生活服务;维修站点;维修站点,040200|071200
B0L1YGD6PR,德叔车行,108.60289411567913,21.94389826365353,摩托车服务;摩托车服务相关;摩托车服务相关,040000
B0MDZH7Q3C,蜜雪冰城(钦州幼专校内店),108.58853460672594,21.96458010236034,餐饮服务;冷饮店;冷饮店,050700
B0IKBHE5WC,彦余炖品(翰林福第店),108.61590015293159,21.958349863674254,餐饮服务;中餐厅;中餐厅,050100
B0I6VY62ZG,东场顺丰猪脚粉,108.69123835315037,21.93622113463524,餐饮服务;中餐厅;中餐厅,050100
B0I3TRJPWX,初原茶坊,108.65197020177648,21.948632990828557,餐饮服务;茶艺馆;茶艺馆,050600
B0I037259P,竹盐鸡饭旗舰店,108.612460141334,21.95759733999876,餐饮服务;中餐厅;中餐厅,050100
B0G259WGCE,上思烧烤,108.63937529298944,21.965612603727504,餐饮服务;中餐厅;中餐厅,050100
B0G0P4BBHH,钦良猪脚粉,108.62755398057435,21.965706677559705,餐饮服务;快餐厅;快餐厅,050300
B0FFKT6SYH,云里福旺云吞·面(世贸店),108.64853707423502,21.964295588944072,餐饮服务;餐饮相关场所;餐饮相关,050000
B0FFI8GI1E,大姐牛腩粉,108.50811027835084,21.916027753157906,餐饮服务;中餐厅;中餐厅,050100
B0FFI24TLR,螺中螺(烧烤海螺),108.65236945544906,21.96578344317298,餐饮服务;中餐厅;中餐厅,050100
B0FFJ27OXR,苗族羊肉粉三分店,108.64965511317881,21.954000704402553,餐饮服务;中餐厅;中餐厅,050100
B0FFGIBNPO,聚缘美食(沿水路店),108.61784156085933,21.96140652848392,餐饮服务;中餐厅;中餐厅,050100
B0FFJ21G4G,早尝好粥店(鸿福小区店),108.62518886068158,21.964338962471693,餐饮服务;餐饮相关场所;餐饮相关,050000
B0FFHMP9CA,达人煲仔饭(广厦花苑店),108.6288837523215,21.96573196433325,餐饮服务;快餐厅;快餐厅,050300
B0FFIDNPX2,芬香包子店(钦州店),108.6126031311133,21.95463581864077,餐饮服务;糕饼店;糕饼店|餐饮服务;中餐厅;中餐厅,050800|050100
B0FFF301G4,佰味海螺,108.62622415321808,21.96560630189181,餐饮服务;中餐厅;海鲜酒楼,050119
B0FFF4ZH2X,羊城蛋糕屋(水东店),108.63221355560262,21.95286728907361,餐饮服务;糕饼店;糕饼店,050800
B0FFGPEKL1,大风江烤生蚝,108.6207457353564,21.95924656933161,餐饮服务;中餐厅;中餐厅,050100
B0FFG0ALM3,吴记海螺,108.62109311308679,21.96191947318428,餐饮服务;中餐厅;特色/地方风味餐厅,050118
B0FFITXCPA,炭烤生蚝(建设街),108.60982946020093,21.965141799703172,餐饮服务;中餐厅;中餐厅,050100
B0FFFX8ES0,桂香糕点,108.61589387265096,21.964256683834034,餐饮服务;糕饼店;糕饼店,050800
B0MUZ56E74,福禾云饺,108.61007097246885,21.94980632797685,餐饮服务;中餐厅;特色/地方风味餐厅,050118
B0MUTHKWYV,森林子·果蔬茶(世贸店),108.64557450578816,21.964245710632177,餐饮服务;冷饮店;冷饮店,050700
B0MUNR3CJ5,哈尔滨锅包肉,108.63481978811193,21.952279241029665,餐饮服务;中餐厅;中餐厅,050100
B0MUHYNMXK,奈香雪老盐水,108.62691609722712,21.943828052701022,餐饮服务;餐饮相关场所;餐饮相关,050000
B0MDUC0F9L,007重庆小面,108.61386648558084,21.95963820734823,餐饮服务;中餐厅;中餐厅,050100
B0MDT7CD55,云南小锅米线,108.6167330661421,21.897917294230226,餐饮服务;中餐厅;中餐厅,050100
B0MD4ZIDQU,钦定美食坊,108.613284010506,21.962300943217002,餐饮服务;中餐厅;中餐厅,050100
B0MAYH1698,南桥司机食堂,108.72865543411974,21.914399362933274,餐饮服务;中餐厅;中餐厅,050100
B0MAH7LFEQ,老广石磨肠粉(文峰路店),108.61342686140452,21.96209273067386,餐饮服务;中餐厅;中餐厅,050100
B0LRPSRGBX,李有财鲜串烧烤店,108.6216746404463,21.93402953575304,餐饮服务;中餐厅;中餐厅,050100
B0LRMAXQ0X,喜尚川香面(世贸店),108.64784159929445,21.964275800330544,餐饮服务;中餐厅;四川菜(川菜),050102
B0LKPCZJRI,安乐巧糖水店,108.51550758844128,21.891612635919405,餐饮服务;甜品店;甜品店,050900
B0LKF5UGAJ,8哥靓粥大排档,108.63925258724795,21.964615323612097,餐饮服务;中餐厅;中餐厅,050100
B0LG5SNABJ,福欧桂林妹担子米粉(新兴街店),108.63066992679353,21.960491069498076,餐饮服务;中餐厅;中餐厅,050100
B0LD3LKPZR,谷小望(钦州新城吾悦广场金海湾东大街店),108.62746525039827,21.942726831402,餐饮服务;餐饮相关场所;餐饮相关,050000
B0LD09FXRH,正宗越南鸡粉,108.61332801452696,21.961213390197965,餐饮服务;餐饮相关场所;餐饮相关,050000
B0LBLAMQAM,星月湾美食城,108.62042675645472,21.967985067285735,餐饮服务;餐饮相关场所;餐饮相关,050000
B0LATL8EX0,云川阁,108.64288562013078,21.955448054443206,餐饮服务;中餐厅;中餐厅,050100
B0LAT70XTI,味聚学园小馆(吾悦店),108.62906248681871,21.944502604914856,餐饮服务;中餐厅;中餐厅,050100
B0L6M1XKK7,椒姐脆皮猪脚粉,108.60433605936477,21.945257326484395,餐饮服务;中餐厅;中餐厅,050100
B0L2UAE2IM,九曲巷口(老街店),108.61894759694485,21.95126461108114,餐饮服务;餐饮相关场所;餐饮相关,050000
B0L1D7VK7U,欧记鲜味沙煲粉,108.64984950643547,21.957564057762085,餐饮服务;中餐厅;中餐厅,050100
B0L1BSY8IF,小食堂自选快餐店,108.6492219758729,21.95594940228392,餐饮服务;快餐厅;快餐厅,050300
B0KRO1SMF8,白石湖别苑(钦州店),108.62188107781147,21.939437892527064,餐饮服务;餐饮相关场所;餐饮相关,050000
B0KRN5J41W,奇味广式蒸鸡烤鱼,108.61663319829552,21.897767314518454,餐饮服务;中餐厅;中餐厅,050100
B0KRKD6HCK,东东美食,108.60065468599859,21.959895634714155,餐饮服务;中餐厅;中餐厅,050100
B0KRHMRPSK,三鲜生·杀猪粉(盛天华府店),108.64010873091887,21.967404285880548,餐饮服务;中餐厅;中餐厅,050100
B0KKNC51UI,BLACK LIPS小黑唇.日咖夜酒(钦江华府店),108.64995702676228,21.962454196569777,餐饮服务;餐饮相关场所;餐饮相关,050000
B0KGV5JZD6,利小茶(农校店),108.63152179588783,21.95283924521649,餐饮服务;冷饮店;冷饮店,050700
B0K2K100PS,卡可可·烧烤·炸串·小吃(人和春天G区店),108.64823375894183,21.96391093914308,餐饮服务;餐饮相关场所;餐饮相关,050000
B0K2776ABM,蚝情吧私房菜,108.63860376855743,21.966845409002374,餐饮服务;中餐厅;中餐厅,050100
B0K12C93SF,妙奇cake,108.62267608319353,21.935932335760878,餐饮服务;糕饼店;糕饼店,050800
B0K0N7GJCW,原海螺私家煲,108.64843931366705,21.963794522406793,餐饮服务;中餐厅;中餐厅,050100
B0K0KD8VZC,大寺味道三姐春卷,108.6218521602399,21.95910130769666,餐饮服务;餐饮相关场所;餐饮相关,050000
B0JUA5VL36,邓记福旺云吞(广厦花苑店),108.62926011504783,21.965658431567785,餐饮服务;餐饮相关场所;餐饮相关,050000
B0JR31F3XX,屠夫杀猪粉(光大·悦湖云邸店),108.635829886924,21.931650886157744,餐饮服务;中餐厅;中餐厅,050100
B0JKRX3HJ7,大福烧鸟,108.61997038231758,21.968145618445185,餐饮服务;餐饮相关场所;餐饮相关,050000
B0JKGCDY9Z,古香脆皮狗肉店(长荣新城小区店),108.62676909270543,21.948819620091218,餐饮服务;中餐厅;特色/地方风味餐厅,050118
B0JDYRMVLR,德意肠粉店,108.6126356043805,21.944192809724605,餐饮服务;餐饮相关场所;餐饮相关,050000
B0JD47PBG7,吉绿烧烤(奥林商业店),108.62227359581905,21.937580572381478,餐饮服务;中餐厅;特色/地方风味餐厅,050118
B0JBOZJKQ0,小小美食小院,108.64136640491925,21.96267399950604,餐饮服务;中餐厅;中餐厅,050100
B0JAAHIEI1,众源鸡鸭饭庄,108.61220136894352,21.958618021882803,餐饮服务;中餐厅;中餐厅,050100
B0J3OUWAB3,西郊农家菜,108.56117865414492,21.954880950098264,餐饮服务;中餐厅;中餐厅,050100
B0IRAASGQM,香港大辉记(正元店),108.64371432547622,21.96684410032833,餐饮服务;餐饮相关场所;餐饮相关,050000
B0I667AH8I,山口生料粥粉店,108.64623636712406,21.958492833051995,餐饮服务;中餐厅;中餐厅,050100
B0I2KCJ87Y,京果木北京烤鸭(钦州店),108.62363145637319,21.960419933124193,餐饮服务;餐饮相关场所;餐饮相关,050000
B0I17ARID7,好梓源(钦州分店),108.62567617529585,21.942140783572487,餐饮服务;咖啡厅;咖啡厅,050500
B0HRV7T1YT,生料煮粉(长融世贸广场店),108.64634086293292,21.964163354480583,餐饮服务;中餐厅;中餐厅,050100
B0HR0GRKWH,黄记番薯粥,108.6273143001489,21.967251718316252,餐饮服务;中餐厅;中餐厅,050100
B0HR06ILW8,浦北烧烤(木井路店),108.62063946538522,21.967841775383405,餐饮服务;中餐厅;特色/地方风味餐厅,050118
B0HKDC0YRI,余姐美食店,108.68784965592886,21.940513058833616,餐饮服务;快餐厅;快餐厅,050300
B0H3574FX2,黄惠珍凉茶(钦州店),108.6186026688059,21.959222748410944,餐饮服务;餐饮相关场所;餐饮相关,050000
B0H0CATCM7,火记啫啫煲(钦州新城吾悦广场店),108.6281850619218,21.94257583387653,餐饮服务;中餐厅;综合酒楼,050101
B0G33UYC1C,颜记石磨肠粉早餐店(格莱美风情街店),108.67875034548287,21.96589571750194,餐饮服务;快餐厅;快餐厅,050300
B0G2Z7IQJV,伊利雪世界冰淇淋批发(文峰南路店),108.61164725187521,21.95248450603337,餐饮服务;冷饮店;冷饮店,050700
B0G0RGB215,卜姨祖传艾火,108.62171938568011,21.958422129202926,餐饮服务;中餐厅;中餐厅,050100
B0FFMF9IP5,北海妹牛腩粉(二分店),108.61147966523659,21.96810707268489,餐饮服务;快餐厅;快餐厅,050300
B0FFM5I373,又一顿饮食店,108.6275296526179,21.952783549241268,餐饮服务;中餐厅;中餐厅,050100
B0FFLLE1JB,专业猪脚粉(文峰店),108.61213062501517,21.954906304835006,餐饮服务;中餐厅;中餐厅,050100
B0FFLIUM46,雷公四烧鸡(北职校店),108.59387313906291,21.963683365247697,餐饮服务;中餐厅;中餐厅,050100
B0FFLAFR9U,漓之源桂林米粉(建设店),108.61411893519583,21.96502056522617,餐饮服务;快餐厅;快餐厅,050300
B0FFL2LA4D,泉水大排档,108.69007445549849,21.945400513529968,餐饮服务;中餐厅;中餐厅,050100
B0FFJJ5R0I,寻香来小吃店,108.65180947625437,21.950410129481988,餐饮服务;餐饮相关场所;餐饮相关,050000
B0FFITIPX8,BBQ海螺,108.65230559027086,21.965975650505612,餐饮服务;中餐厅;中餐厅,050100
B0FFHXMV3F,西门街排骨,108.60920155811831,21.954852300820832,餐饮服务;中餐厅;中餐厅,050100
B0FFHR8CPP,温州汤包店(广厦花苑店),108.62876187544927,21.967436936144335,餐饮服务;中餐厅;特色/地方风味餐厅,050118
B0FFHBX9YI,旺胜桂林米粉店,108.67635817993458,21.96200135308581,餐饮服务;中餐厅;中餐厅,050100
B0FFGM0PQ7,朱姐桂林米粉店(文峰南路店),108.61432261923635,21.966694193777737,餐饮服务;中餐厅;特色/地方风味餐厅,050118
B0FFG2KFST,隐味寿司料理(雄泰荟商业广场店),108.62099219090163,21.963262220729362,餐饮服务;外国餐厅;日本料理,050202
B0FFHFWTQX,老西街桂林米粉(水东公寓店),108.63296816179653,21.953393467681426,餐饮服务;中餐厅;中餐厅,050100
B0FFH5ZIPG,星湖海鲜酒店,108.60715347850005,21.95293559943999,餐饮服务;中餐厅;海鲜酒楼,050119
B0FFFZB4LS,罗三猪脚粉,108.6137013495126,21.945740710732608,餐饮服务;中餐厅;中餐厅,050100
B0MGUHCVAU,艺振轩新海南鸡饭(北部湾大学店),108.61668310189098,21.898467601370832,餐饮服务;快餐厅;快餐厅,050300
B0MDY5UPIM,三津汤包(钦州新兴街中山路店),108.62198895432293,21.95924722697011,餐饮服务;餐饮相关场所;餐饮相关,050000
B0MDR7BJ4V,老街坊沙虫瑶柱牛肉粥,108.61093535585734,21.965371157629917,餐饮服务;中餐厅;中餐厅,050100
B0MA69MY2M,重庆荣昌卤鹅,108.63545057115145,21.952820561058125,餐饮服务;餐饮相关场所;餐饮相关,050000
B0FFHE94VQ,钦州宏进农副产品批发市场,108.55895475753051,21.94941199206728,购物服务;综合市场;农副产品市场|购物服务;综合市场;果品市场,060703|060704
B0FFFWGXQM,中国东盟(钦州)农产品大市场,108.56052791519399,21.95152839183122,购物服务;综合市场;农副产品市场,060703
B0JDAC3442,广西宏图佳信水产有限公司,108.55712305616022,21.947921369887894,购物服务;综合市场;水产海鲜市场|公司企业;公司;公司,060706|170200
B0MDT5BJDV,赵一鸣省钱超市(广西钦州中旭东方韵店),108.65544604938484,21.95338489778524,购物服务;便民商店/便利店;便民商店/便利店,060200
B0309003GK,大桥家私城,108.6230943742176,21.95818948557168,购物服务;家居建材市场;家具城,060602
B0FFK320D6,华为授权体验店(钦州湾大道),108.62078733073511,21.966334901785448,购物服务;家电电子卖场;手机销售,060305
B0FFHBXB74,顺达旧货,108.61707905663738,21.95077517862386,购物服务;综合市场;旧货市场,060702
B0FFFPJSUF,冠珠瓷砖(钦州店),108.63821372884264,21.94259245482461,购物服务;家居建材市场;建材五金市场,060603
B0MBMA6ZDA,好想来省钱超市(钦州钦南区人民路店),108.61818641370508,21.955204239206697,购物服务;便民商店/便利店;便民商店/便利店,060200
B0JG6ZHQSM,测量仪器(南方仪器销售),108.64118494030673,21.959335704499022,购物服务;购物相关场所;购物相关场所,060000
B0FFJIVMTL,钦州铭桂生活馆(第六中学店),108.61008066579817,21.955913235173103,购物服务;购物相关场所;购物相关场所,060000
B0GDLKEYM9,钦州建陶世界广场,108.64079474022377,21.938881577755748,购物服务;家居建材市场;家居建材市场,060600
B0L1XAQV5Y,钦州市广达机电五金批发,108.64504867302483,21.943006478745147,购物服务;家居建材市场;建材五金市场,060603
B0IA3OFXLU,果柜(吾悦广场店),108.62905551399571,21.944189464636914,购物服务;综合市场;果品市场,060704
B0KUFL7Z2I,7号衣库(人和春天店),108.64893544982795,21.95916744327741,购物服务;服装鞋帽皮具店;服装鞋帽皮具店,061100
B0G2BU93ZY,宁家优选生活超市(恒大商业广场店),108.67724599185243,21.963814545364492,购物服务;超级市场;超市,060400
B0FFMB2GFJ,名创优品(长融世贸广场店),108.64490794599337,21.9638916790584,购物服务;家居建材市场;家居建材市场,060600
B0K34AYE1D,恰货铺子零食超市(青城中央广场店),108.62235540246968,21.95957297658816,购物服务;购物相关场所;购物相关场所,060000
B0KA6RM4N9,慕思睡眠体验馆(钦州旗舰店),108.63659885857571,21.94296412355369,购物服务;家居建材市场;家具城,060602
B03090MJ6O,箭牌卫浴(钦州市华润店),108.63756200344963,21.942677508256317,购物服务;家居建材市场;建材五金市场,060603
B03090M8Y0,三本寄卖行,108.61351268099826,21.96382348667665,购物服务;特殊买卖场所;特殊买卖场所,061300
B0FFFSYIPE,鹏宏电脑监控光纤配件批发部,108.61421608454371,21.959665934173465,购物服务;家电电子卖场;数码电子,060306
B0FFIGXLT1,谢仔渔具(南珠东大街店),108.64222013588099,21.952720854960642,购物服务;专卖店;专营店,061200
B0FFFPQ4VG,华硕电脑(新兴街店),108.61544165332674,21.959466799378564,购物服务;家电电子卖场;数码电子,060306
B0FFGIAKLQ,钦州商业大厦超市(人民路店),108.61849085278773,21.958487507823744,购物服务;超级市场;超市,060400
B0IAXS2AAQ,亚龙回收旧货电器厨具批发,108.61653074918046,21.950692644084306,购物服务;综合市场;旧货市场,060702
B0FFFF440Z,德力西电气(南珠西大街店),108.62258085391494,21.964003835846103,购物服务;家居建材市场;建材五金市场,060603
B0L31RVNDN,赵一鸣省钱超市(广西钦州海豚湾大厦店),108.63372576871241,21.95344440005298,购物服务;便民商店/便利店;便民商店/便利店,060200
B0L0Y770OH,防水材料.结构胶.玻璃胶,108.63549082689335,21.946042266127986,购物服务;家居建材市场;建材五金市场,060603
B03090MF58,苏宁易购(钦州北部湾城市旗舰店),108.62107102728376,21.964320640564456,购物服务;家电电子卖场;苏宁,060304
B0L255CE9A,小米之家(钦州钦南区大花园广场专卖店),108.62071945512518,21.965746693671054,购物服务;家电电子卖场;手机销售,060305
B0FFI77QJK,飞扬数码(新兴街店),108.62979045590866,21.960514273000644,购物服务;家电电子卖场;手机销售,060305
B0FFG1SBY0,惠普体验店(钦州市新兴街店),108.6147165112096,21.95951044217685,购物服务;家电电子卖场;数码电子,060306
B0LDK5P3X0,皇派门窗(钦州店),108.6335047209312,21.942318410080997,购物服务;家居建材市场;建材五金市场,060603
B0G1DZD9H3,恒林通讯,108.61888328542476,21.959417563532213,购物服务;家电电子卖场;手机销售|生活服务;维修站点;维修站点,060305|071200
B0KRACDCPB,钦州宁华五金机电有限公司,108.64540693495816,21.94246861093409,购物服务;家居建材市场;建材五金市场,060603
B0L2LAPE0S,山姆优选小时达(白石湖店),108.63262672924435,21.93405672413651,购物服务;购物相关场所;购物相关场所,060000
B0GUOO8ETT,大角鹿超耐磨大理石瓷砖(钦州店),108.64046940431466,21.938815071504273,购物服务;家居建材市场;建材五金市场,060603
B0I23SV1NO,百川书城(协盛店),108.61830787696151,21.962939808424448,购物服务;专卖店;书店,061205
B0FFIBSNLB,华为授权体验店(恒基广场店)(暂停营业),108.61957227184269,21.961111677316083,购物服务;家电电子卖场;手机销售|购物服务;家电电子卖场;数码电子,060305|060306
B0LG751JSM,金点原子智能锁,108.62429260818153,21.936624807414628,购物服务;家居建材市场;建材五金市场,060603
B0H0LHEZZU,三桥家具城(三店),108.60674919543081,21.945158106804193,购物服务;家居建材市场;家具城,060602
B0MBNSSQM7,五龙开锁汽车钥匙(钦州新兴街总店),108.61606787898411,21.95976238756398,购物服务;专卖店;专营店,061200
B0FFG4XUQR,晓钟手机配件批发城(钦州湾大道店),108.62051670417468,21.96647825575216,购物服务;家电电子卖场;手机销售,060305
B0FFKYR7Y9,钦州仓社区团购一站式仓配服务中心,108.64299040715493,21.955335826712354,购物服务;购物相关场所;购物相关场所|生活服务;生活服务场所;生活服务场所,060000|070000
B0MD57WVQG,赵一鸣省钱超市(广西钦州扬帆新城店),108.64592701767066,21.958797510541334,购物服务;便民商店/便利店;便民商店/便利店,060200
B0JKFUYEB6,钱站寄售礼品回收,108.6135456639294,21.96341426537815,购物服务;特殊买卖场所;典当行,061302
B0K3G704VM,中为电缆钦州现货运营中心,108.63540098863477,21.94621748409202,购物服务;家居建材市场;建材五金市场,060603
B0L36UAI3L,金点原子锁,108.64261987913639,21.9614323477929,购物服务;家居建材市场;建材五金市场,060603
B0LA5LTPOP,壹帆电脑,108.6225302988683,21.935928497381056,购物服务;家电电子卖场;数码电子,060306
B0FFH2B1H7,高价旧货回收,108.61716994159912,21.95077009146888,购物服务;综合市场;旧货市场|生活服务;生活服务场所;生活服务场所,060702|070000
B0LA97ZE4A,美宜佳便利店(恒大绿洲桂03958店),108.67871157197017,21.963175494822313,购物服务;便民商店/便利店;便民商店/便利店,060200
B030900PCU,新隆综合批发市场,108.6086033423962,21.95009440222953,购物服务;综合市场;综合市场,060700
B0KG7R4M5N,解忧寄卖行,108.6395424635502,21.955315431328852,购物服务;特殊买卖场所;特殊买卖场所,061300
B0FFKGW7HC,升道琦自行车批发中心(广西东盟商贸城店),108.65464950443848,21.940683305282597,购物服务;专卖店;儿童用品店,061207
B0FFF2DT8I,李进开锁,108.6123044179308,21.955351386745892,生活服务;生活服务场所;生活服务场所|购物服务;购物相关场所;购物相关场所,070000|060000
B0FFL79AJA,三福时尚(钦州吾悦广场店),108.627748806624,21.942210222039485,购物服务;购物相关场所;购物相关场所,060000
B0FFK68WCM,美宜佳(世贸广场店),108.64368357610356,21.963060350459884,购物服务;便民商店/便利店;便民商店/便利店,060200
B0FFGB4KEZ,恒洁卫浴HEGII(旗舰店),108.63704696979907,21.94341765496595,购物服务;家居建材市场;厨卫市场,060604
B0J1FH5PPX,果柜(新兴路店),108.61508706629601,21.959677206243438,购物服务;综合市场;果品市场,060704
B0FFHRD2EF,大参林(五马路店),108.61208410792928,21.946002090254463,购物服务;购物相关场所;购物相关场所,060000
B0FFFRHB3N,OPPO官方授权体验店(钦州钦南区新兴街店),108.61839895293006,21.958922805326896,购物服务;家电电子卖场;手机销售,060305
B0FFFRKFCH,锁头专卖店,108.617709642273,21.9632385273186,购物服务;专卖店;专营店,061200
B0IUP7QSBP,泰香园果铺(明阳街店),108.62857228294106,21.965655336654656,购物服务;综合市场;果品市场,060704
B0FFME2EF7,登峰坭兴陶,108.62596704535248,21.955784938898525,购物服务;专卖店;珠宝首饰工艺品,061202
B0LUBH9KEL,中国移动(南珠东大街店),108.64977089349563,21.953247139061794,购物服务;家电电子卖场;手机销售,060305
B0JUXARHZL,赵一鸣零食(广西钦州吾悦广场店),108.62798637641298,21.94293026008668,购物服务;购物相关场所;购物相关场所,060000
B0FFK811YR,五羊电动车(钦州水东专卖店),108.6296051243698,21.953377118464367,购物服务;专卖店;自行车专卖店,061208
B0FFF2W0AB,钦州市鑫农种子经营部,108.62416972712109,21.95853840999902,购物服务;购物相关场所;购物相关场所,060000
B0309003VR,钦州市建钦五金经营部,108.6229393925261,21.962554741760552,购物服务;家居建材市场;建材五金市场,060603
B0JGOUVM5P,富安居(国际)家居建材广场(钦州店)(暂停营业),108.67667728838242,21.96475506311214,购物服务;购物相关场所;购物相关场所,060000
B0FFFRHB3Z,森马(钦州商业大厦店),108.61844092082104,21.958445536748396,购物服务;服装鞋帽皮具店;品牌服装店,061101
B0JRVZNGRJ,阳光书店(河东店),108.64373323064225,21.96796460179894,购物服务;专卖店;书店,061205
B03090MI91,阳光书城(锦绣家园2期店),108.62845773643153,21.9603289492299,购物服务;专卖店;书店,061205
B0309003AB,钦州市民族家电商场(新兴街店),108.61909803458136,21.958651984185604,购物服务;家电电子卖场;综合家电商场,060301
B0FFI7M815,四海渔具(盛天华府店),108.64008777454804,21.967377306652935,购物服务;专卖店;专营店,061200
B03090M8NX,金意寄卖行,108.61228537005596,21.956753069573285,购物服务;特殊买卖场所;典当行,061302
B0FFK5TPB5,好百年家具城(金海湾西大街店),108.61374543332904,21.94299636486407,购物服务;家居建材市场;家具城,060602
B0FFFXOZEI,百联超市(恒祥豪苑分店),108.64087680023228,21.954630961715683,购物服务;便民商店/便利店;便民商店/便利店,060200
B0K0DZAJE3,日丰管钦州地区总代理,108.63543793454724,21.945892273636492,购物服务;购物相关场所;购物相关场所,060000
B0IBH6D0CV,黎合江快递超市,108.68724501007509,21.94063518444102,生活服务;物流速递;物流速递,070500
B0L6SCUSH7,极兔速递(钦州分公司),108.58236842519159,21.965044939948445,生活服务;物流速递;物流速递,070500
B0FFG338U9,钦州黎合江现代物流基地,108.68413777966009,21.946670631348685,生活服务;物流速递;物流速递,070500
B0LACRKN2J,顺丰速运(康熙岭镇店),108.5060190083568,21.913718462521246,生活服务;物流速递;物流速递,070500
B0H03CSJXX,韵达快递(分拨中心),108.57829863885891,21.964776300275663,生活服务;物流速递;物流速递,070500
B0G2R9J06C,钦州幼专菜鸟驿站,108.58672438191459,21.96622736422538,生活服务;物流速递;物流速递,070500
B0K3ZMEMHP,顺丰速运(进港道店),108.67271935334409,21.910933888684188,生活服务;物流速递;物流速递,070500
B0MAL77QAY,东郊记忆·城市印象,108.63997722631271,21.962717265166813,生活服务;生活服务场所;生活服务场所,070000
B0K615TEV1,钦州市华联汽车运输有限公司,108.64447027149728,21.955830579753023,生活服务;物流速递;物流速递,070500
B0FFKUKXR5,大番坡快递超市,108.6350062837408,21.85317398955092,生活服务;物流速递;物流速递,070500
B0FFISB0I0,广西钦州荣震物流有限公司,108.60840275163234,21.965971092808502,生活服务;物流速递;物流速递,070500
B0LD0CGJBP,中国移动(吾悦广场店),108.6268532180744,21.943451952192916,生活服务;电讯营业厅;中国移动营业厅,070603
B0JG074VQM,中国移动(平山大街店),108.63291630909875,21.9318832734672,生活服务;电讯营业厅;中国电信营业厅,070601
B0LAT97HGW,雄颜功能养生(万颐店),108.64005989192324,21.966132759046694,生活服务;美容美发店;美容美发店,071100
B0K6LAKSXV,中国电信(钦州新城吾悦广场金海湾东大街店),108.62738237781792,21.942914026325578,生活服务;电讯营业厅;中国电信营业厅,070601
B0I257EAYV,滨海江语湖物业服务中心,108.61995308518766,21.933723216348262,生活服务;生活服务场所;生活服务场所,070000
B0GRDUI4J4,碧桂园·红树湾营销中心,108.593918101263,21.861108644105624,生活服务;生活服务场所;生活服务场所,070000
B0FFIXLFKJ,谕美扩印·摄影扩印与印刷广告物料定制,108.6184617376096,21.96163803790377,生活服务;生活服务场所;生活服务场所,070000
B0K62Y6H1Y,中国联通(钦州市钦南文峰南路营业厅),108.6140859483221,21.965526833378615,生活服务;电讯营业厅;中国联通营业厅,070604
B0HK6Z3EKK,菜鸟驿站(吾悦公馆店),108.62883888108556,21.94420675860294,生活服务;物流速递;物流速递,070500
B0FFGK32UU,中国邮政(一马路邮政所)(暂停营业),108.61888048382914,21.95542666346353,生活服务;邮局;邮局,070400
B03090M9RC,中国电信(南珠东大街营业厅),108.63236824835705,21.95344334528686,生活服务;电讯营业厅;中国电信营业厅,070601
B0LKL47SQ2,24小时智能快递服务站(英华路店),108.61026646143326,21.956373329895737,生活服务;生活服务场所;生活服务场所,070000
B0FFKTAV69,中国电信(三九人和营业厅),108.64899807241905,21.964027648011655,生活服务;电讯营业厅;中国电信营业厅,070601
B0JKH661MJ,菜鸟驿站(钦州市卫生学校店),108.5953818793633,21.960872992910264,生活服务;物流速递;物流速递,070500
B0H6BMFWRE,爱回收(钦州新城吾悦广场店),108.626897134888,21.94369001064862,生活服务;生活服务场所;生活服务场所,070000
B0K15STS9S,钦州市钦南区零工市场,108.60809304587076,21.94507030965308,生活服务;人才市场;人才市场,070800
B0JRJUH769,江南沐居足道(翰林福第店),108.61844598824639,21.956925807205767,生活服务;洗浴推拿场所;洗浴推拿场所,071400
B0FFGYXT07,中国联通智慧生活馆(钦州市翰林福第营业厅),108.618701567941,21.958596352244477,生活服务;电讯营业厅;中国联通营业厅,070604
B0H0ADSVFE,中国电信三九南珠东大街营业厅(南珠东大街显华营业厅),108.64272708584109,21.952687000663577,生活服务;电讯营业厅;中国电信营业厅,070601
B0HAS79FWK,星速道·金路速运(钦州网点),108.59823063955186,21.94426373484515,生活服务;物流速递;物流速递,070500
B0FFM6QWHI,广西正威物流有限公司,108.66567191269864,21.895425979546392,生活服务;物流速递;物流速递,070500
B0G2K9VIOC,峻轩物流,108.6096203763295,21.950443928911366,生活服务;物流速递;物流速递,070500
B0IBYLZNRS,钦州市盛海物流有限公司,108.6459615988839,21.965800787071093,生活服务;物流速递;物流速递,070500
B0L1SUQF1V,拼多多驿站(光大天骄御景站),108.63907754524593,21.93181695242021,生活服务;生活服务场所;生活服务场所,070000
B0L25ZC4Q3,钦州市头道汤养生馆,108.62307251297962,21.93552869500309,生活服务;美容美发店;美容美发店,071100
B0LKRK5EEM,广西德顺物流有限公司,108.63804648618975,21.93385754500649,生活服务;物流速递;物流速递,070500
B0I6FZIYTS,钦州兴胜物流有限公司,108.60930094165367,21.965599359698473,生活服务;物流速递;物流速递,070500
B0JBFX7QBW,菜鸟驿站(钦州明月园2号店),108.66252572655577,21.949007514545002,生活服务;物流速递;物流速递,070500
B0HR06JS7B,萱娅美颜美体(翰林福第店),108.61687190445096,21.959262418687214,生活服务;美容美发店;美容美发店,071100
B0G3JS4ND2,雷姐工作室(东方豪庭店),108.63885076536963,21.95692229316445,生活服务;生活服务场所;生活服务场所,070000
B0I0MS3Q9O,钦州西站广西捷通ETC服务点,108.55349718218723,21.9467296406346,生活服务;生活服务场所;生活服务场所,070000
B0IUFSURP2,阿誉开锁,108.64920146988365,21.967144771968275,生活服务;生活服务场所;生活服务场所,070000
B0FFFRR0MB,中国移动(沙埠营业厅),108.63139699188204,21.953369671772723,生活服务;电讯营业厅;中国移动营业厅,070603
B0K0LAMEF4,天浴尊享·SPA·足浴,108.63380427864125,21.940066900902725,生活服务;洗浴推拿场所;洗浴推拿场所,071400
B0L1O7OJ9V,钦州万璐通出行,108.63467495974993,21.954322429687252,生活服务;生活服务场所;生活服务场所,070000
B0FFLKMD70,中国邮政(康熙岭邮政支局),108.51248031157922,21.918674802524034,生活服务;邮局;邮局,070400
B0HUUOVATH,菜鸟驿站(钦州新兴街40-2号店),108.62373232669583,21.95994058801942,生活服务;物流速递;物流速递,070500
B0KUX60O22,菜鸟驿站(钦州市安州府3栋109号店),108.62277313955306,21.931827266405,生活服务;物流速递;物流速递,070500
B0J6VS9TQP,高价回收烟酒,108.63026825911606,21.96804321307432,生活服务;生活服务场所;生活服务场所,070000
B0GRHAQSHD,文和上城营销中心,108.64320903953389,21.953523598203144,生活服务;生活服务场所;生活服务场所,070000
B0H03OSZUK,菜鸟驿站(钦州英华四巷51号店),108.60995567560549,21.958209413236045,生活服务;物流速递;物流速递,070500
B0IRFXCW11,菜鸟驿站(丽景天下店),108.60704086236599,21.946997827379136,生活服务;物流速递;物流速递,070500
B0FFG4XE21,世龙世家修脚灰指甲护理连锁(钦州明阳街店),108.62939188860528,21.965678265758793,生活服务;洗浴推拿场所;洗浴推拿场所,071400
B0LUV1EM34,钦州市城东市场垃圾分类站,108.63445251559698,21.951471397234396,生活服务;生活服务场所;生活服务场所,070000
B0JGY714ST,中移铁通钦州分公司,108.62935055624456,21.953477506025056,公司企业;公司;公司|生活服务;生活服务场所;生活服务场所,170200|070000
B0M6YUQZ96,陈仔电动车维修,108.6288399968611,21.94179960785893,生活服务;维修站点;维修站点,071200
B0HG0X2HFS,菜鸟驿站(钦州恒大学府店),108.63570120993194,21.93005931973058,生活服务;物流速递;物流速递,070500
B0KD35RXXP,百印图文印刷,108.62569115214353,21.94212775907929,生活服务;摄影冲印店;摄影冲印,071300
B0FFFP5PCI,华美工艺店,108.6236704464016,21.959413408362142,生活服务;摄影冲印店;摄影冲印,071300
B0FFFRNBRA,吉祥工艺部,108.61814149614126,21.954720051804195,生活服务;生活服务场所;生活服务场所,070000
B0L0J7GY7Q,钦州市孟顺物流有限公司,108.65373297685329,21.95329200537009,生活服务;物流速递;物流速递,070500
B0FFHMDPPX,陈四金银加工店,108.62151861384703,21.959678946831616,生活服务;生活服务场所;生活服务场所,070000
B0IUC5XYKA,万锦悦府兔喜生活店,108.65067368512582,21.95727644848134,生活服务;物流速递;物流速递,070500
B0KKFHPBPH,远洁收废站,108.71425995197062,21.916966606289208,生活服务;生活服务场所;生活服务场所,070000
B0KA17SBZ2,元气植生活馆(人和春天B区店),108.64643291019868,21.959165814793742,生活服务;生活服务场所;生活服务场所,070000
B0L67ASWB4,交投·白石印物业服务中心,108.62561860189022,21.935275575626406,生活服务;生活服务场所;生活服务场所,070000
B0G3D40NNK,雅迪售后服务中心,108.61932637270857,21.96589720607052,生活服务;维修站点;维修站点,071200
B0HR2OY9XU,菜鸟驿站(恒基广场店),108.62007563226932,21.960043651202817,生活服务;物流速递;物流速递,070500
B0K6JAX8A2,中国联通(钦州钦南钦州湾大道第二营业厅),108.62070549368227,21.96535952411174,生活服务;电讯营业厅;中国联通营业厅,070604
B0L6RB08YR,丰巢快递柜(吾悦公馆C区店),108.62996107032323,21.941923173569805,生活服务;物流速递;物流速递,070500
B0HKKDJSVC,钦州市餐具消毒中心,108.61941923738927,21.945587427317147,生活服务;生活服务场所;生活服务场所,070000
B0HAKZGWMZ,韵达快递(钦州韵达水东营业部),108.62481695135381,21.953926445290083,生活服务;物流速递;物流速递,070500
B0L37ULROJ,查尔曼男士理发馆(世贸康桥店),108.6419164725946,21.958635174865105,生活服务;美容美发店;美容美发店,071100
B0LU3S9NX7,海小听采耳SPA馆(钦州万锦店),108.6496958640978,21.957224169093255,生活服务;生活服务场所;生活服务场所,070000
B0KDV6AZ0L,菜鸟驿站(钦州高沙村委1号店),108.56519416594392,21.946970691795553,生活服务;生活服务场所;生活服务场所,070000
B03090035K,中国电信(文峰路合作营业厅),108.61372636774968,21.965315025285744,生活服务;电讯营业厅;中国电信营业厅,070601
B0FFH8HLQI,莫合炳白鸡村莫家正宗祖传日子馆,108.5293953457269,21.908298380140806,生活服务;生活服务场所;生活服务场所,070000
B0KGD5QM45,黄金回收,108.64462656807613,21.96339892195458,生活服务;生活服务场所;生活服务场所,070000
B0FFHVIOQN,中国邮政速递物流(文峰南路店),108.61134755199964,21.952698824842624,生活服务;物流速递;物流速递,070500
B0LUUDPCCN,名人车坊,108.60927711087577,21.962583938723167,生活服务;生活服务场所;生活服务场所,070000
B0FFLAQ848,赵文军货运,108.60979923028137,21.949919561866288,生活服务;物流速递;物流速递,070500
B0H6O9T82M,菜鸟驿站(钦州东方豪庭6栋102号店),108.63795254750029,21.95676962693511,生活服务;物流速递;物流速递,070500
B0K1VHROGO,馥时名表维修中心(长融世贸广场店),108.64483109620278,21.9641609378514,生活服务;维修站点;维修站点,071200
B0KKOCNP31,亿华物流有限公司,108.67387456222686,21.911810109181687,生活服务;物流速递;物流速递,070500
B0LAOUBWA8,塑明星健康管理(万锦悦府2期店),108.65074844829601,21.95869298972353,生活服务;洗浴推拿场所;洗浴推拿场所,071400
B0H3AODOSC,菜鸟驿站(长岛花园9栋101),108.67662854307214,21.961950819499332,生活服务;物流速递;物流速递,070500
B0LBFUZ8G8,扶鑫堂调理推拿馆,108.62561306335093,21.96694969149385,生活服务;洗浴推拿场所;洗浴推拿场所,071400
B0KAAZBL5J,梦格休闲会所,108.61289454213156,21.960211252554306,生活服务;洗浴推拿场所;洗浴推拿场所,071400
B0J2JDABQ9,鸿韵废品回收有限公司,108.66255721305335,21.957883688348783,生活服务;生活服务场所;生活服务场所,070000
B0JG1AF21P,中国邮政钦州寄递物流共配中心,108.66335706022777,21.96312766563031,生活服务;邮局;邮政速递,070401
B0FFLJUZ4O,中国移动文峰朝阳店(文峰南路81号),108.61384429589687,21.96404832660941,生活服务;电讯营业厅;中国移动营业厅,070603
B0309002X0,便民家电修理店,108.61805038576755,21.959425383518493,生活服务;维修站点;维修站点,071200
B0GU6AB1M5,钦州合联制冷家电配件维修部,108.60982784424021,21.957285056889905,生活服务;维修站点;维修站点,071200
B0KGYXONY9,菜鸟驿站(钦州人和春天步行街1号店),108.64757518666535,21.964156209004052,生活服务;物流速递;物流速递,070500
B0MDUYZN69,安能物流钦州市钦南一部,108.65518598409665,21.946557120339232,生活服务;物流速递;物流速递,070500
B0J1PHYOAH,中国电信(盛大白石湖营业厅),108.63546633362864,21.936644815998925,生活服务;电讯营业厅;中国电信营业厅,070601
B0JKN5G6C2,黄金回收行(回收黄金铂金钯金k金彩金钻石等),108.62011833352548,21.964953946110406,生活服务;生活服务场所;生活服务场所,070000
B0HK7ZM3K3,XT电驱,108.61120329201306,21.9610809248371,生活服务;维修站点;维修站点,071200
B0FFKKQWDB,广西同望(钦州)律师事务所,108.64118663016592,21.965580676460068,生活服务;事务所;律师事务所,070701
B0J16R32L9,户外劳动者服务站点工会驿站,108.64144229200551,21.961805461953745,生活服务;生活服务场所;生活服务场所,070000
B0J1N1KN83,N-CUT恩可造型(吾悦广场店),108.62824495240802,21.942764846425362,生活服务;美容美发店;美容美发店,071100
B0FFF2T34Q,万通家电维修中心,108.6364057114567,21.953553471164835,生活服务;维修站点;维修站点,071200
B0I0UXF0UX,菜鸟驿站(钦州油麻角安置点18号店),108.6059469307545,21.943411689055274,生活服务;物流速递;物流速递,070500
B0FFKUVE3V,惠普特约服务站(钦州分部),108.61661224767239,21.958897483222415,生活服务;维修站点;维修站点,071200
B0GR27C8NW,中国联通(钦州钦南水东路营业厅),108.63146187489295,21.953403597802218,生活服务;电讯营业厅;中国联通营业厅,070604
B0ID7CCJ9A,广西北部湾POS机(售后)服务中心,108.64807600902722,21.96585113969926,生活服务;生活服务场所;生活服务场所,070000
B0K6ACBQYW,振发五金申通圆通代收点,108.68869283851564,21.939104907431002,生活服务;物流速递;物流速递,070500
B0JD0D08AW,顺丰速运(七里香溪店),108.64907972896671,21.94703139938361,生活服务;生活服务场所;生活服务场所,070000
B0FFIK4OAK,思然中药茶麸洗头,108.61095671329318,21.957586433294974,生活服务;生活服务场所;生活服务场所,070000
B0LAXAYY3E,钦州市钦灵休闲垂钓园,108.69289321241577,21.94705851035409,体育休闲服务;休闲场所;垂钓园,080502
B0KR6HXOVT,顺钦生态钓场,108.69234711599252,21.93261753411531,体育休闲服务;休闲场所;垂钓园,080502
B0MDJSITCE,龟仙岛,108.58612723938877,21.946839913674797,体育休闲服务;休闲场所;休闲场所,080500
B0LB2DCFBR,黎合江渔乐钓场,108.69312098806809,21.941711576859255,体育休闲服务;休闲场所;垂钓园,080502
B0KKAHL79Z,常来钓场,108.69089479627553,21.922399124293765,体育休闲服务;休闲场所;垂钓园,080502
B0L3SC3CB1,姜尚钓场,108.69947510794283,21.87361099857251,体育休闲服务;休闲场所;垂钓园,080502
B0J32SB72Y,双岭海堤钓场,108.5500261672955,21.92210650064877,体育休闲服务;休闲场所;垂钓园,080502
B0MDS5GIOC,钦和钓场,108.68864132030815,21.87152889857499,体育休闲服务;休闲场所;垂钓园,080502
B0GDFZUTYW,恒海草莓采摘园,108.57070127694512,21.960851751996515,体育休闲服务;休闲场所;采摘园,080503
B0L2CHHR9Q,溢洲大青钓场,108.69073871486766,21.930903450190126,体育休闲服务;休闲场所;垂钓园,080502
B0JGYCVVQ8,创兴休闲农庄,108.52194620786014,21.90854371236842,体育休闲服务;休闲场所;休闲场所,080500
B0FFJMA7QS,荔景山庄,108.68756130142181,21.96060815366097,体育休闲服务;体育休闲服务场所;体育休闲服务场所,080000
B0HGVZNCO7,坭兴陶体验中心,108.68042528539587,21.9284457359938,体育休闲服务;体育休闲服务场所;体育休闲服务场所,080000
B0MD6SA2J2,斯普瑞游泳会馆,108.64400497808079,21.961462049137005,体育休闲服务;运动场馆;游泳馆,080110
B0L2D195OA,星河音乐酒吧,108.63342425517457,21.93442575770785,体育休闲服务;娱乐场所;酒吧,080304
B0K3MHJUES,四个朋友自助棋牌(水东农贸市场店),108.64964709946544,21.95464002356544,体育休闲服务;娱乐场所;棋牌室,080306
B0J0XADDCD,东风阁休闲棋牌(雄泰荟商业广场店),108.62127375669535,21.963944243689234,体育休闲服务;娱乐场所;棋牌室,080306
B0L1OLPIPQ,名轩台球器材专营店,108.61658027053919,21.959246678880465,体育休闲服务;运动场馆;运动场所,080100
B0HR06J00E,沙窝球馆,108.60323346775985,21.952611292588923,体育休闲服务;运动场馆;运动场所,080100
B0I2ARNE6I,萌萌哒夹娃娃(钦州吾悦店),108.62748421622881,21.942785835389337,体育休闲服务;娱乐场所;娱乐场所|购物服务;购物相关场所;购物相关场所,080300|060000
B0LDG75N6R,世爵台球俱乐部,108.61887509254186,21.902033201192616,体育休闲服务;运动场馆;台球厅,080113
B0JDMS6O2J,蓝海优鲜(钦州店),108.6468260569486,21.959231165815286,体育休闲服务;体育休闲服务场所;体育休闲服务场所,080000
B0K3RP0GME,酷8台球俱乐部(水东农贸市场店),108.64974792946747,21.953551325012015,体育休闲服务;运动场馆;台球厅,080113
B0FFK4UTKK,胡梓篮球馆,108.65501137672132,21.966995185625557,体育休闲服务;体育休闲服务场所;体育休闲服务场所,080000
B0L65A9PE9,DT PLAY CLUB酒吧(钦州新城吾悦广场金海湾东大街店),108.62912749592603,21.94205134857798,体育休闲服务;娱乐场所;酒吧,080304
B0L29NQ40X,舞台,108.61907755047646,21.948639228305765,体育休闲服务;影剧院;剧场,080603
B0I2FCN4FQ,常钦台球俱乐部,108.59803994676888,21.96021838081694,体育休闲服务;运动场馆;台球厅,080113
B0FFF4PTQ3,钦州市新体育中心游泳馆,108.65039191080284,21.96545885107049,体育休闲服务;运动场馆;游泳馆,080110
B0L10BBYBB,晚酌小酒馆,108.61028939314012,21.957312762393123,体育休闲服务;娱乐场所;酒吧,080304
B0G2ZBC7JR,小骑兵(协盛商业广场店),108.61887712977175,21.962777170542882,餐饮服务;餐饮相关场所;餐饮相关|体育休闲服务;体育休闲服务场所;体育休闲服务场所,050000|080000
B0L1BZYF19,花果山釆摘园,108.67424988660528,21.9276119321046,体育休闲服务;休闲场所;采摘园,080503
B0K0USTI8Z,锐星台球俱乐部,108.65121351772896,21.956449084652018,体育休闲服务;运动场馆;台球厅,080113
B03090MMU4,辰雨台球城,108.61335590950469,21.962731091189,体育休闲服务;运动场馆;台球厅,080113
B0G31HVXO6,钦州弘扬武术馆,108.60943833267274,21.95490017267532,体育休闲服务;运动场馆;运动场所,080100
B0LUOCJN4P,启迪泳池/游泳馆(暂停营业),108.61665332717531,21.956214166258654,体育休闲服务;运动场馆;游泳馆,080110
B0HGFM4K1O,新星乒乓球馆,108.65057836289806,21.968136791868076,体育休闲服务;运动场馆;乒乓球馆,080112
B0MBO6WKAC,钦州市友谊乒乓球馆,108.62217259873619,21.961041879539792,体育休闲服务;运动场馆;乒乓球馆,080112
B0J219CU57,东升篮球公园,108.64280219196615,21.96769902930013,体育休闲服务;运动场馆;篮球场馆,080104
B0IRRSFA3X,星拓乐(钦州新城吾悦广场店),108.62746525039827,21.942726831402,体育休闲服务;体育休闲服务场所;体育休闲服务场所,080000
B0L1XOSDYF,新蕾乒乓球馆,108.63825565916066,21.962717989185073,体育休闲服务;运动场馆;乒乓球馆,080112
B0KUFU8SZU,小铁24h自助台球(钦州奥林观澜湖店),108.62351882532958,21.935870347602073,体育休闲服务;运动场馆;台球厅,080113
B0ID9CZ3D0,境东十里铭丰游泳馆,108.67793551683573,21.96078280719815,体育休闲服务;运动场馆;游泳馆,080110
B0FFLKUU5R,黑凤梨派轰趴馆,108.62664048874454,21.904018410551885,体育休闲服务;娱乐场所;娱乐场所,080300
B0MG2R4ANF,BG自助网球社,108.62572643731231,21.935139379052952,体育休闲服务;运动场馆;网球场,080103
B0IUTS18UL,钦州市新风尚乒乓球俱乐部,108.61997553867941,21.96479601871558,体育休闲服务;运动场馆;乒乓球馆,080112
B0K6UZOQJ1,钦州市森途丛林探险乐园,108.67989796720778,21.93951699968767,体育休闲服务;休闲场所;游乐场,080501
B0H3JS2CSB,北部湾大学-东区田径场,108.61384023691252,21.903720554550063,体育休闲服务;运动场馆;运动场所,080100
B0IKYAB1T6,冠赢台球俱乐部(新兴路店),108.62220861642153,21.959600152565137,体育休闲服务;运动场馆;台球厅,080113
B0FFISI7EE,新起点KTV(青城金街营销中心店),108.62145963604625,21.960960621579986,体育休闲服务;娱乐场所;KTV,080302
B0MATCWASB,达达·拼豆(手作坊)吾悦店,108.62691610210712,21.943728004929007,体育休闲服务;休闲场所;休闲场所,080500
B0FFKQ8TK3,宏武功夫会馆,108.61828413167368,21.95835764793082,体育休闲服务;运动场馆;运动场所,080100
B0MG2O3ZCV,伯钦嘉宝果采摘园,108.69245987269652,21.932592332127186,体育休闲服务;休闲场所;采摘园,080503
B0LKVH4PYE,欢乐草莓采摘园,108.57241075852785,21.96116562871335,体育休闲服务;休闲场所;采摘园,080503
B0IKN563WY,老二原味果蔬2号草莓园,108.66873224746102,21.943421000885735,体育休闲服务;休闲场所;采摘园,080503
B0L1TD3VV6,和她·TheGrotto酒馆,108.65120922235423,21.962639042311473,体育休闲服务;娱乐场所;酒吧,080304
B0JKAYIIQQ,七夜真人NPC密室逃脱(雄泰荟商业广场店),108.62115295182372,21.963478151549843,体育休闲服务;娱乐场所;娱乐场所,080300
B0JD0HSX0A,域米艺术馆,108.61909453981356,21.94838909189709,体育休闲服务;体育休闲服务场所;体育休闲服务场所,080000
B0KUP76DGL,果优果园,108.6440031425252,21.91747106067439,体育休闲服务;休闲场所;采摘园,080503
B0H3JS2CRG,北部湾大学东区网球场,108.61612164751351,21.901551575266843,体育休闲服务;运动场馆;网球场,080103
B0MDT7DK81,77酒吧CLUB,108.67658156383564,21.9637667728693,体育休闲服务;娱乐场所;酒吧,080304
B0J03A4I9V,棒斯俱乐部(钦州新城吾悦广场店),108.62902966420754,21.942016461322353,体育休闲服务;体育休闲服务场所;体育休闲服务场所,080000
B0KB6L96AN,丛林王国,108.67309269834257,21.926392548885513,体育休闲服务;休闲场所;游乐场,080501
B0HGKXJKN9,萌娃印象游乐场(钦州新城吾悦广场店),108.62797942930469,21.942084865413317,体育休闲服务;休闲场所;游乐场,080501
B0JU41C3IN,抓机鸭潮玩店(长融世贸广场店),108.6452112831829,21.964226321969385,体育休闲服务;娱乐场所;娱乐场所,080300
B0LR0KKYUA,星汇棋牌室,108.64048997831864,21.967019489649513,体育休闲服务;娱乐场所;棋牌室,080306
B0L2ML08ZU,巴萨台球俱乐部,108.67649379073355,21.963377753007553,体育休闲服务;运动场馆;台球厅,080113
B0HUDSLZKY,梦乡KTV,108.60935179198249,21.94714252613044,体育休闲服务;娱乐场所;KTV,080302
B03090MNF6,新世纪桌球俱乐部(大世界万兴家电商场店),108.61955142903605,21.958472440634058,体育休闲服务;运动场馆;台球厅,080113
B0KKLSBF74,田园草莓采摘园,108.57249079684064,21.961747983962145,体育休闲服务;休闲场所;采摘园,080503
B0K1BDU0P3,酉良音乐酒吧馆,108.63970334405475,21.951171198092844,体育休闲服务;娱乐场所;酒吧,080304
B0LKAU9RG5,尤奈潮玩馆,108.62013250488785,21.9610400670716,体育休闲服务;娱乐场所;游戏厅,080305
B0LKRC658C,乐瑶音乐酒吧,108.62791495018583,21.93362190753972,体育休闲服务;娱乐场所;酒吧,080304
B0L3S53BIR,山猪环渔村,108.62061372977662,21.90162922807085,体育休闲服务;体育休闲服务场所;体育休闲服务场所,080000
B0M6HRCCNN,大地影院(钦州嘉莱国际影城),108.63934231436298,21.966521088520835,体育休闲服务;影剧院;电影院,080601
B03090MHH8,中青体育乒羽球馆,108.65497745492837,21.966988244884668,体育休闲服务;体育休闲服务场所;体育休闲服务场所,080000
B0I2BAULWB,云景网球场,108.6604334479691,21.95328151854654,体育休闲服务;运动场馆;网球场,080103
B0MALO84RE,趣趣碰台球俱乐部(翰林福第店),108.61838703364062,21.957590181661338,体育休闲服务;运动场馆;台球厅,080113
B0J05AWT1G,听胡24小时自助棋牌室,108.64899693106742,21.96694904072358,体育休闲服务;娱乐场所;棋牌室,080306
B0M67MVWJR,四个朋友自助棋牌(八大场馆店),108.65560709107771,21.965292274505213,体育休闲服务;娱乐场所;棋牌室,080306
B0I0YCVHL3,童年游乐场(恒基广场店),108.61965718108821,21.960594344170712,体育休闲服务;休闲场所;游乐场,080501
B0K34CYGG1,藏宝格解忧杂货铺,108.61899452717766,21.951404631071654,体育休闲服务;体育休闲服务场所;体育休闲服务场所,080000
B0JB3MAUXR,糖豆豆艾灸养生店(钦州新城吾悦广场金海湾东大街店),108.6275490559909,21.943874272289698,体育休闲服务;休闲场所;休闲场所,080500
B0GU5OY3OL,盛天棋牌馆,108.640346233154,21.967762074549583,体育休闲服务;娱乐场所;棋牌室,080306
B0KRHUPWT9,趣八小镇家庭娱乐中心(协盛广场店),108.61895104787848,21.962426930091095,体育休闲服务;娱乐场所;娱乐场所,080300
B0LBUA3ZSP,顺兴溜冰场台球,108.60894208983194,21.948891619492517,体育休闲服务;运动场馆;综合体育馆,080101
B0MDTCBKHW,胡满楼24h自助棋牌室,108.64065170502023,21.965898695173415,体育休闲服务;娱乐场所;棋牌室,080306
B0IUPSLAMZ,随乐台球会所,108.62073032245968,21.968150826410938,体育休闲服务;运动场馆;台球厅,080113
B0LD4KJC3V,温生全陶艺馆,108.61868204619107,21.94932194748916,体育休闲服务;体育休闲服务场所;体育休闲服务场所,080000
B0L35YCMB0,四个朋友棋牌室(盛天华府店),108.64145104069638,21.96655671011336,体育休闲服务;娱乐场所;棋牌室,080306
B0FFIS54L3,心家精神康复医院,108.69526205961188,21.928860907334226,医疗保健服务;医疗保健服务场所;医疗保健服务场所,090000
B0JBGRJEJC,宫延楼热灸养生馆(向阳街店),108.62658948613864,21.9671926029738,医疗保健服务;医药保健销售店;医疗保健用品,090602
B0LRB7O2P5,舒士通艾灸馆,108.64818410588528,21.959073721808966,医疗保健服务;医疗保健服务场所;医疗保健服务场所,090000
B0HKZUQXDW,七安堂,108.62760380546602,21.947148765491722,医疗保健服务;医药保健销售店;药房,090601
B0L0OCJJA0,黄飞鸿热灸理疗馆(光大天骄御景店),108.6393439430003,21.933255217075143,医疗保健服务;医疗保健服务场所;医疗保健服务场所,090000
B0J1AD1MCJ,宫延楼热灸养生馆(恒大绿洲店),108.68049638287627,21.963341253731347,医疗保健服务;医疗保健服务场所;医疗保健服务场所,090000
B0KURUROEX,刘姐养生馆,108.63939524168109,21.965844682522416,医疗保健服务;医疗保健服务场所;医疗保健服务场所,090000
B0L1KUTS06,瑶妹头疗馆(暂停营业),108.63443350522803,21.952407871973026,医疗保健服务;医疗保健服务场所;医疗保健服务场所,090000
B0FFI7T2AQ,大参林(奥林店),108.63838419614657,21.96698381918513,医疗保健服务;医药保健销售店;药房,090601
B0LDV54ILF,华陀门筋骨堂,108.61439152726496,21.96694625649107,医疗保健服务;医疗保健服务场所;医疗保健服务场所,090000
B0L3MCL6R6,素问灸阁,108.61687290285306,21.959269421103315,医疗保健服务;医疗保健服务场所;医疗保健服务场所,090000
B0L2A60BVL,唐斌斌槐花粉(人和店),108.64923868166557,21.961174863401023,医疗保健服务;医药保健销售店;医疗保健用品,090602
B0LR37EIXV,钦州市儿童医院钦州市妇幼保健院茶山院区(东1门),108.64864343689464,21.931851922718902,医疗保健服务;医疗保健服务场所;医疗保健服务场所,090000
B0H3BK279D,大参林(钦州人和春天店),108.64922961587405,21.96291770969059,医疗保健服务;医药保健销售店;药房,090601
B0J3C7BW5C,一心堂大健康药店(兴桂北路店),108.65053996838101,21.95758683594944,医疗保健服务;医药保健销售店;药房,090601
B0MGT78MC0,宫延楼热灸养生馆,108.61977885237782,21.902366446813435,医疗保健服务;医疗保健服务场所;医疗保健服务场所,090000
B0FFKV4R7F,一心堂(钦州水东路店),108.63357103615864,21.953810799071668,医疗保健服务;医药保健销售店;药房,090601
B0K0PDW1UN,一机灸道,108.62934915440476,21.96174144773917,医疗保健服务;医疗保健服务场所;医疗保健服务场所,090000
B0LDO70I2T,益嘉医药药店,108.60850778058516,21.901718385676563,医疗保健服务;医药保健销售店;药房,090601
B0M60SLUQW,众森药业大华二店,108.62711371682933,21.90404082639748,医疗保健服务;医药保健销售店;药房,090601
B0FFF6H1NL,符姨药店,108.61169011703261,21.95433535778078,医疗保健服务;医药保健销售店;药房,090601
B0JG77Z7PY,钦州初心中西医结合诊所,108.64535445899283,21.954433410476934,医疗保健服务;诊所;诊所,090300
B0FFKQC1JL,开源养生馆,108.64606507249748,21.951647863654177,医疗保健服务;医疗保健服务场所;医疗保健服务场所,090000
B0KDSAUW7F,北京同仁堂(钦州店),108.6209701734841,21.964258718821387,医疗保健服务;医药保健销售店;药房,090601
B0K2RXEUAL,耳通可视采耳(年年丰店),108.62128463525647,21.966113264736855,医疗保健服务;医疗保健服务场所;医疗保健服务场所,090000
B0H6HSH675,大参林药店(钦州奥林华府店),108.62294471494614,21.935299730661384,医疗保健服务;医药保健销售店;药房,090601
B03090M9QX,一心堂(南珠东大街店),108.63483872983721,21.952742433979566,医疗保健服务;医药保健销售店;药房,090601
B0L2OHVN5I,吴老爷筋骨养生堂(恒大绿洲店),108.68029883165362,21.963594740480097,医疗保健服务;医疗保健服务场所;医疗保健服务场所,090000
B0KD9DRKD0,众佳头疗养生馆,108.61436127859393,21.95224527493078,医疗保健服务;医疗保健服务场所;医疗保健服务场所,090000
B0G094M2DG,大参林(钦州光大店),108.63535251165628,21.937413353045162,医疗保健服务;医药保健销售店;药房,090601
B0FFKNHEPP,钦州丁一哲中西医结合诊所,108.64407579688834,21.962109238215966,医疗保健服务;诊所;诊所,090300
B0FFFRN0IH,一心堂(钦州新兴西路店),108.61093664194463,21.95946934502983,医疗保健服务;医药保健销售店;药房,090601
B0LG0U63Y0,道然阁养生馆,108.62379109987369,21.942275091239555,医疗保健服务;医疗保健服务场所;医疗保健服务场所,090000
B0KD07ZRKE,美佳口腔诊所,108.62829387149215,21.942742772344776,医疗保健服务;专科医院;口腔医院,090202
B0JG1AFOHO,钦州罗雄烈中医馆,108.6084596857657,21.94571639951193,医疗保健服务;诊所;诊所,090300
B0FFMDOEVC,众森药业(沙寮分店),108.6409815036932,21.9359468738131,医疗保健服务;医药保健销售店;药房,090601
B0FFISGM4V,大参林药店(建设街店),108.61172953681893,21.965403604266076,医疗保健服务;医药保健销售店;药房,090601
B0L0N5RZF3,贵孕贵美养生馆(人和春天店),108.6476502711407,21.959112675150273,医疗保健服务;医疗保健服务场所;医疗保健服务场所,090000
B03090M8OO,钦州市畜牧站,108.61232187786798,21.945520682183595,医疗保健服务;动物医疗场所;兽医站,090702
B03090MNO7,钦州市第二人民医院文峰院区急诊,108.61439992338535,21.958618282343416,医疗保健服务;综合医院;三级甲等医院,090101
B0JDKCA2X5,钦州卢永飞口腔诊所,108.64964871115258,21.962452744587008,医疗保健服务;专科医院;口腔医院,090202
B0LARC9A7G,俏妃寒湿护理(阳光城翡丽湾店),108.63970118839815,21.954431756970756,医疗保健服务;医疗保健服务场所;医疗保健服务场所,090000
B0H2OK9Z3D,海清源养生馆,108.6106846126667,21.965282289834732,医疗保健服务;医疗保健服务场所;医疗保健服务场所,090000
B0I3P5I07F,宫延楼热灸养生馆七里香溪店,108.64937508443464,21.94686779815582,医疗保健服务;医疗保健服务场所;医疗保健服务场所,090000
B0JR5RZLP8,肽康养生馆,108.63698968347808,21.951525612658664,医疗保健服务;医疗保健服务场所;医疗保健服务场所,090000
B0FFG4A6LK,黄一荣口腔诊所,108.61045711082986,21.959707790326323,医疗保健服务;专科医院;口腔医院,090202
B0L1XOS5U5,奥林诊所,108.62142499725704,21.93407983090912,医疗保健服务;诊所;诊所,090300
B03090MAKQ,国发医药(人民路总店),108.6180066877231,21.954402030353975,医疗保健服务;医药保健销售店;药房,090601
B0LDOC1AUI,一心堂(钦州人民路店),108.61831117627769,21.956713837829277,医疗保健服务;医药保健销售店;药房,090601
B0KAVZDD8B,何水连口腔,108.60173706472733,21.959873293762026,医疗保健服务;专科医院;口腔医院,090202
B0K025VG4A,龙阁养生坊,108.6253176018214,21.965490355345196,医疗保健服务;医药保健销售店;医疗保健用品,090602
B0JUXDXO2Q,钦州祥育中医诊所,108.61010055965178,21.957695071585444,医疗保健服务;诊所;诊所,090300
B0FFLME555,欧碧口腔诊所,108.63222549882394,21.953587615844548,医疗保健服务;专科医院;口腔医院,090202
B0FFF2DZGS,佳康大药房(南珠东大街店),108.64148764323942,21.95275807457763,医疗保健服务;医药保健销售店;药房,090601
B0FFL8KYAT,黄方山草药店,108.61184873963985,21.958672309715755,医疗保健服务;医药保健销售店;药房,090601
B0FFMBVPCC,原生草鼻炎膏,108.6251687955388,21.966316928355113,医疗保健服务;医疗保健服务场所;医疗保健服务场所,090000
B0GKJH00BL,国药控股专业药房(钦州文峰南路店),108.61226239924525,21.95665804153994,医疗保健服务;医药保健销售店;药房,090601
B0K1HZROT9,桦医堂中医诊所,108.6455009433608,21.95855012299199,医疗保健服务;诊所;诊所,090300
B0IDPZP0NY,钦州市建设大药房,108.60835982708586,21.965215758952993,医疗保健服务;医药保健销售店;药房,090601
B0FFID7CMD,圆圆宠物诊所,108.60816708953374,21.963371995690505,医疗保健服务;动物医疗场所;宠物诊所,090701
B0FFIGXP1L,李荣贵诊所,108.63927339737485,21.947257013954914,医疗保健服务;诊所;诊所,090300
B0FFL4QUVA,广西国药(人和春天店),108.64830657793553,21.96434401744714,医疗保健服务;医药保健销售店;药房,090601
B0FFK6LKME,康目视光(锦绣家园店),108.62849567238337,21.960332901603945,医疗保健服务;医药保健销售店;医疗保健用品,090602
B0H01HOS24,阮星诊所,108.64742108539507,21.952715024420066,医疗保健服务;诊所;诊所,090300
B0L127UBKC,可爱宝宝月子中心,108.62194409315101,21.93724677702673,医疗保健服务;医疗保健服务场所;医疗保健服务场所,090000
B0L2VR8X70,钦星宠物诊所,108.63360209752234,21.930959845796284,医疗保健服务;动物医疗场所;宠物诊所,090701
B0L0XCLXCZ,万锦口腔,108.64959305032568,21.95807075541838,医疗保健服务;专科医院;口腔医院,090202
B0L09RDL8I,黄高棋中医诊所,108.63613720407888,21.954015098301596,医疗保健服务;诊所;诊所,090300
B0LKAS89P8,小牙咿口腔,108.64574513919021,21.9642644272082,医疗保健服务;专科医院;口腔医院,090202
B0I12M24ZI,钦州全广新诊所,108.63895472885316,21.953452474400986,医疗保健服务;诊所;诊所,090300
B0L0KRPOWB,钦州立笑口腔(协盛分院),108.61962613322582,21.962445257784605,医疗保健服务;诊所;诊所,090300
B0MAFDT696,视百年,108.64359361631203,21.966086942318906,医疗保健服务;医疗保健服务场所;医疗保健服务场所,090000
B0IKX5VIKT,大参林(光大风景店),108.63750332837617,21.938385549704275,医疗保健服务;医药保健销售店;药房,090601
B0FFLCJ29B,黄强养生堂,108.60666271987779,21.95640652081095,医疗保健服务;医疗保健服务场所;医疗保健服务场所,090000
B0FFKYLL0L,钦州颜新尚诊所,108.64792740671261,21.964377698639417,医疗保健服务;诊所;诊所,090300
B0MA6CLR3G,钦州市平泽大药房,108.56140186748935,21.956764173170992,医疗保健服务;医药保健销售店;药房,090601
B0K03A5TEA,钦州幸福里中医诊所,108.61631960275373,21.959070831724812,医疗保健服务;诊所;诊所,090300
B0FFLACGAV,大参林(天鹰钦州洪琴店),108.64396896110891,21.96335201001077,医疗保健服务;医药保健销售店;药房,090601
B0LUNLAAPV,庞冠松诊所,108.62654963707038,21.90399351212168,医疗保健服务;诊所;诊所,090300
B0FFM9FFJG,哈皮儿童康复,108.61792559035105,21.958564093144354,医疗保健服务;医疗保健服务场所;医疗保健服务场所,090000
B0FFJDK32M,钦州宏远便捷酒店(西高速收费站店),108.55699788458358,21.947437935160128,住宿服务;住宿服务相关;住宿服务相关,100000
B0M6BSH18R,钦州云泽酒店(钦州西出口宏进市场店),108.55704696070589,21.94744701950901,住宿服务;宾馆酒店;宾馆酒店,100100
B0JDT6WRLE,瑞亚思度假公寓(恒基广场店),108.62028533433002,21.96018550078837,住宿服务;住宿服务相关;住宿服务相关,100000
B03090MPEW,钦州蓝海洋商务宾馆,108.60767777678286,21.958107771786167,住宿服务;宾馆酒店;宾馆酒店,100100
B0M6OHLM1C,宜宝丽酒店(钦州吾悦广场店),108.62536848939783,21.945680847581222,住宿服务;宾馆酒店;宾馆酒店,100100
B0FFMG160C,雅斯特酒店(钦州汽车南站店),108.65186383467002,21.94064937218755,住宿服务;住宿服务相关;住宿服务相关,100000
B0FFKBZPD6,城市便捷酒店(钦州老街新汽车总站店),108.59729597784956,21.945247352619184,住宿服务;宾馆酒店;宾馆酒店,100100
B0M6FAXJS3,雅斯特酒店(钦州长融世贸广场店),108.64608211773957,21.949982039497556,住宿服务;宾馆酒店;宾馆酒店,100100
B0K05SX20L,钦州艾克电竞酒店,108.62190465862058,21.967814399988914,住宿服务;住宿服务相关;住宿服务相关,100000
B0M2B58MT6,北部湾国际大酒店,108.63306159978961,21.940961400074663,住宿服务;宾馆酒店;四星级宾馆,100103
B0IG4S0F92,钦州宇航大酒店大堂,108.60792247972987,21.95980944174159,住宿服务;宾馆酒店;三星级宾馆,100104
B0IALSTP31,海豚大酒店大堂,108.60806333918299,21.96013851619065,住宿服务;宾馆酒店;三星级宾馆,100104
B03090M9U2,永利旅社(前进路店),108.62700808019402,21.961565398159237,住宿服务;旅馆招待所;旅馆招待所,100200
B0309002TL,珠江旅社,108.61624727969549,21.967528925646942,住宿服务;旅馆招待所;旅馆招待所,100200
B0FFH6XG1L,城市便捷酒店(钦州汽车南站店),108.65348317339388,21.94055738447149,住宿服务;宾馆酒店;经济型连锁酒店,100105
B0HRBRYQ78,AUSOTEL·雅阁澳斯特酒店(钦州市城市名片美食广场长融世贸店),108.64221911117454,21.95326711723469,住宿服务;宾馆酒店;宾馆酒店,100100
B03090MHJR,大运宾馆(钦州老街店),108.60957556678996,21.947408509149206,住宿服务;宾馆酒店;宾馆酒店,100100
B030900PAH,城市便捷酒店(钦州老街人民路店),108.62034006300131,21.964183348261695,住宿服务;宾馆酒店;经济型连锁酒店,100105
B030900MLE,钦州城东迎宾馆(农校第九中店),108.63590568072576,21.953322117217535,住宿服务;宾馆酒店;宾馆酒店,100100
B0IR6HQHGN,钦州悦华·江语湖酒店(白石湖公园吾悦广场店),108.62122031869889,21.933492771327103,住宿服务;住宿服务相关;住宿服务相关,100000
B0K2LRILSO,优驿水晶酒店(钦州白石湖公园吾悦广场店),108.62275407599427,21.933710186938725,住宿服务;宾馆酒店;宾馆酒店,100100
B0FFFE5LZ2,钦州梦之港宾馆,108.61255866303094,21.96523390375897,住宿服务;宾馆酒店;宾馆酒店,100100
B03090MHAO,宜居商务宾馆(钦州第二人民医院店),108.61265093048858,21.95769123917587,住宿服务;宾馆酒店;宾馆酒店,100100
B0JKVAL61K,悦江畔宴会酒店,108.63438329585536,21.958594896259626,住宿服务;宾馆酒店;宾馆酒店,100100
B0G0CYSF7N,荣华宾馆(钦南区植检站南),108.62135147690093,21.967397804053626,住宿服务;宾馆酒店;宾馆酒店,100100
B0MBT7CTZ4,壹号电竞酒店(吾悦店),108.62689697545032,21.946958571223497,住宿服务;住宿服务相关;住宿服务相关,100000
B0IRXGY8JZ,疏影的民宿(钦州吾悦广场店),108.62559128979203,21.94255408435153,住宿服务;住宿服务相关;住宿服务相关,100000
B0IDRGWC85,舒心宾馆(钦州恒基广场店),108.6190729726962,21.96061194347054,住宿服务;住宿服务相关;住宿服务相关,100000
B0MDG1S0S2,钦州市钦南区青柠小筑,108.56836097792461,21.961247367052767,住宿服务;旅馆招待所;旅馆招待所,100200
B0MUTULAN2,汉庭快捷(钦州长融世贸广场酒店),108.64083060192715,21.96058687593666,住宿服务;宾馆酒店;经济型连锁酒店,100105
B0JAYSDSZ7,大屋小栈民宿(安州大道1号分店),108.62680722290041,21.944885694443048,住宿服务;住宿服务相关;住宿服务相关,100000
B0J3DN9X44,遇见你民宿(起凤街分店),108.68076766477874,21.965049565082804,住宿服务;旅馆招待所;旅馆招待所,100200
B0IAOGYNKI,小小李民宿(汽车总站人民医院店),108.61992576842378,21.96149449746569,住宿服务;住宿服务相关;住宿服务相关,100000
B0JGKSNQHB,大屋小栈民宿(子材东大街分店),108.64603157882212,21.96315040480325,住宿服务;住宿服务相关;住宿服务相关,100000
B0GRGOTLRD,轻途美宿酒店,108.61751365295355,21.968195073170357,住宿服务;宾馆酒店;宾馆酒店,100100
B0LG2HKE6Z,宝雅宾馆(钦州第二人民医院店),108.6124001535877,21.958670897325142,住宿服务;宾馆酒店;宾馆酒店,100100
B0L6NMMDGH,拼多多驿站(安州大道店),108.62287303502296,21.93092672371014,住宿服务;住宿服务相关;住宿服务相关,100000
B0I11M7QSX,幸福e栈(新兴街店),108.6216354038175,21.960535227963742,住宿服务;住宿服务相关;住宿服务相关,100000
B0HK3RSKAF,优居优住,108.63753431064325,21.93751308523546,住宿服务;住宿服务相关;住宿服务相关,100000
B0J3N5P52J,公园里的家公寓(龙祥路分店),108.67685728606448,21.956247670812374,住宿服务;旅馆招待所;旅馆招待所,100200
B0M6BRIB1H,多多驿站,108.5830965747241,21.966808150154364,住宿服务;住宿服务相关;住宿服务相关,100000
B0KK257BBJ,拼多多驿站(兴桂北路店),108.65196549215085,21.963247967827815,住宿服务;住宿服务相关;住宿服务相关,100000
B0MGG14DSO,多多驿站,108.59534689295444,21.960807963817626,住宿服务;住宿服务相关;住宿服务相关,100000
B0JU6NUZC8,莹莹民宿(人民路分店),108.6207245432357,21.963794758833586,住宿服务;住宿服务相关;住宿服务相关,100000
B0MDLNEHZ5,多多驿站,108.63839605472567,21.92860449116367,住宿服务;住宿服务相关;住宿服务相关,100000
B0MAOXJXNU,拼多多驿站,108.633204881927,21.950272639144668,住宿服务;住宿服务相关;住宿服务相关,100000
B0L6ASU376,拼多多驿站,108.65050506650952,21.95717570241731,住宿服务;住宿服务相关;住宿服务相关,100000
B0L12SSVKJ,云心小院,108.62550418625426,21.967964306761054,住宿服务;住宿服务相关;住宿服务相关,100000
B0K2UHXWHC,拼多多驿站(钦州市钦南区四中服务站),108.59379015498509,21.963738390389317,住宿服务;住宿服务相关;住宿服务相关,100000
B0FFHCKL3R,万颐大酒店(钦州东站长融世贸广场店),108.64005989192324,21.966132759046694,住宿服务;宾馆酒店;宾馆酒店,100100
B0LKZ9GJG8,多多驿站,108.6486735960332,21.947596386253547,住宿服务;住宿服务相关;住宿服务相关,100000
B0MAV654AN,拼多多驿站,108.6219099322869,21.96205265075911,住宿服务;住宿服务相关;住宿服务相关,100000
B0MA11F7QK,拼多多驿站,108.58349689912976,21.96255631865161,住宿服务;住宿服务相关;住宿服务相关,100000
B0IGZGY4AB,工业风公寓(安州大道分店),108.62561825314785,21.94242899179109,住宿服务;旅馆招待所;旅馆招待所,100200
B0MGO5VO3G,柚子雅居(钦州老街刘永福店),108.60832862917083,21.94930919334158,住宿服务;旅馆招待所;旅馆招待所,100200
B0G07NXF2W,如意宾馆(钦州人民医院年年丰广场店),108.62673233583907,21.965526631350972,住宿服务;住宿服务相关;住宿服务相关,100000
B0K1SNUY17,沐沐民宿,108.644438948563,21.963749406490827,住宿服务;住宿服务相关;住宿服务相关,100000
B0MAR75OIQ,建国·铂萃酒店(钦州市城市名片美食广场|钦江古龙窑店),108.63477258880698,21.958156113559998,住宿服务;宾馆酒店;宾馆酒店,100100
B0I1YR91NE,满丰旅馆,108.62781016132207,21.953329450325988,住宿服务;旅馆招待所;旅馆招待所,100200
B0M6U5QEOF,天樾酒店(钦州白石湖公园吾悦广场店),108.62070712513939,21.93186854301099,住宿服务;宾馆酒店;宾馆酒店,100100
B0KUAUF1ZZ,钦州拉昆塔温德姆酒店,108.6336526969848,21.957662517613173,住宿服务;宾馆酒店;宾馆酒店,100100
B0L05CTQQU,臻悦美境酒店(钦州白石湖公园吾悦广场店),108.63754993404669,21.944574432532374,住宿服务;宾馆酒店;宾馆酒店,100100
B0IR7H9P47,悦华江语湖酒店大堂,108.62134214105319,21.933565674927497,住宿服务;宾馆酒店;宾馆酒店,100100
B0FFF2UFVS,天怡宾馆(南珠东大街店),108.63581383567026,21.953735452654197,住宿服务;住宿服务相关;住宿服务相关,100000
B0FFJIVJJF,宏湾招待所(市妇幼保健院店),108.62769535306387,21.95330358534669,住宿服务;宾馆酒店;宾馆酒店,100100
B0L2V782M7,树心子公寓酒店(世贸广场店),108.63944266104056,21.95536561400055,住宿服务;住宿服务相关;住宿服务相关,100000
B0KRYUYJIB,聆海小院,108.59597237852988,21.864267048821706,住宿服务;旅馆招待所;旅馆招待所,100200
B0K09S25UK,康盛酒店,108.50342716894318,21.911035464363334,住宿服务;宾馆酒店;宾馆酒店,100100
B0FFF2JEL5,万昌旅馆,108.61560909299887,21.966825158017773,住宿服务;住宿服务相关;住宿服务相关,100000
B0MDD5OTQX,同福公寓民宿,108.62431989198903,21.950434368191964,住宿服务;旅馆招待所;旅馆招待所,100200
B0MUS9DVS0,多多驿站,108.58424685114598,21.967659092006325,住宿服务;住宿服务相关;住宿服务相关,100000
B0MUR7EFO7,佳净民宿(永福东大街88号店),108.68074777618666,21.963743980255668,住宿服务;旅馆招待所;旅馆招待所,100200
B0MUR67AGR,拼多多驿站,108.65480887838713,21.96624420151139,住宿服务;住宿服务相关;住宿服务相关,100000
B0MUOX7IOY,恒祥驿站,108.64258623012581,21.95571067623077,住宿服务;旅馆招待所;旅馆招待所,100200
B0MUOX75W6,嘉华驿站,108.62671540433443,21.96468825338514,住宿服务;旅馆招待所;旅馆招待所,100200
B0MUOO73U3,恒祥驿站,108.64083983221228,21.955513442472284,住宿服务;旅馆招待所;旅馆招待所,100200
B0MUDLJX7T,优居优住,108.65031941034086,21.958598712787946,住宿服务;住宿服务相关;住宿服务相关,100000
B0MU2UEH6C,北部湾大学驿站,108.61195238484603,21.902053226487542,住宿服务;旅馆招待所;旅馆招待所,100200
B0MU1Z175Y,拼多多驿站,108.59538963592288,21.862716362411813,住宿服务;住宿服务相关;住宿服务相关,100000
B0MGZSINOR,港湾7号美食水汇温德姆酒店项目部,108.63375350535452,21.957775425202605,住宿服务;宾馆酒店;宾馆酒店,100100
B0MGA9FXO3,悦雅公寓,108.58794748623387,21.966459844081513,住宿服务;旅馆招待所;旅馆招待所,100200
B0MDJXKS2Z,西门驿站,108.6530301213977,21.9624956763472,住宿服务;旅馆招待所;旅馆招待所,100200
B0MD7C7JHE,叮咚驿站,108.6249711397636,21.96561183007664,住宿服务;住宿服务相关;住宿服务相关,100000
B0MD776ZY1,高沙驿站,108.56823775631743,21.942584318112115,住宿服务;住宿服务相关;住宿服务相关,100000
B0MD1UT3DL,安州府驿站,108.62342217830194,21.93162643227686,住宿服务;旅馆招待所;旅馆招待所,100200
B0MBT69O8L,陌上花开民宿(钦州东站店),108.6367986958693,21.938411644985255,住宿服务;住宿服务相关;住宿服务相关,100000
B0MBSSE2HN,百草河畔小院,108.586129243969,21.946751872352653,住宿服务;住宿服务相关;住宿服务相关,100000
B0MBPN0KEX,华女士的民宿(子材东大街88号店),108.68089744217907,21.963443560507205,住宿服务;住宿服务相关;住宿服务相关,100000
B0MBK6OX3V,长岛花园驿站,108.67905183654238,21.961896250406514,住宿服务;旅馆招待所;旅馆招待所,100200
B0MB57L07J,广西移动公寓,108.64837332749538,21.966455905480817,住宿服务;住宿服务相关;住宿服务相关,100000
B0MB1OWUGB,千润日子馆,108.63441355575154,21.952136771946478,住宿服务;住宿服务相关;住宿服务相关,100000
B0MAPUWNHO,御湖驿站一号店,108.6280647859934,21.931870878103997,住宿服务;旅馆招待所;旅馆招待所,100200
B0MAOZH3YF,钦州汇景花园大酒店,108.644841595901,21.953542859220665,住宿服务;宾馆酒店;宾馆酒店,100100
B0MAKLPQLL,北投湖畔公园里驿站,108.63809655196431,21.930505866769842,住宿服务;旅馆招待所;旅馆招待所,100200
B0MAFLV4BK,万圆大酒店,108.63914270322631,21.966721500289072,住宿服务;宾馆酒店;宾馆酒店,100100
B0MACXXX76,东门驿站,108.63370500550715,21.92896174275822,住宿服务;旅馆招待所;旅馆招待所,100200
B0MA6SJVXC,遇见住宿(人民路),108.61892819587786,21.960020806347195,住宿服务;旅馆招待所;旅馆招待所,100200
B0MA5OQJXF,黎姨出租房,108.59699653141898,21.95680590816448,住宿服务;旅馆招待所;旅馆招待所,100200
B0M6XYNJDP,花好月圆民宿(汽车总站人民医院一店),108.62117388946182,21.964144446411442,住宿服务;旅馆招待所;旅馆招待所,100200
B0M6UHPP5I,力力的民宿(天润一号营销中心2号楼1单元店),108.67501132120677,21.963004375843898,住宿服务;住宿服务相关;住宿服务相关,100000
B0M6TR66AL,茶山江安置小区的民宿,108.62651869364852,21.903859486953642,住宿服务;旅馆招待所;旅馆招待所,100200
B0M6T75IGE,红树林民宿,108.59370197256621,21.864762351011734,住宿服务;旅馆招待所;旅馆招待所,100200
B0M61OJMNQ,简舍的民宿(北部湾大学斜对面壹号美食城广场店),108.6163834576724,21.89881804071432,住宿服务;旅馆招待所;旅馆招待所,100200
B0LUSZ3Y3R,广西泰禾国际旅行社有限公司钦州分公司,108.59797671599688,21.944934098902838,住宿服务;宾馆酒店;宾馆酒店,100100
B0LUA5H0IB,优居优住,108.62506809413802,21.963439679450936,住宿服务;住宿服务相关;住宿服务相关,100000
B0LRYXVPVG,雨轩之家,108.67908579538562,21.961121818148968,住宿服务;旅馆招待所;旅馆招待所,100200
B0LR5UAH00,中枋民宿,108.6256002876941,21.94230495444716,住宿服务;旅馆招待所;旅馆招待所,100200
B0LR0XPUPA,文峰公寓B栋,108.61143601504763,21.96185212574784,住宿服务;旅馆招待所;旅馆招待所,100200
B0LKGN13ZK,鹿坤の小屋,108.64190804495507,21.96769450334007,住宿服务;住宿服务相关;住宿服务相关,100000
B0LKDOP53F,盛鹏公寓,108.58189625564567,21.965106716255985,住宿服务;旅馆招待所;旅馆招待所,100200
B0LKA67NVZ,陌上花开民宿(钦州钦州东站一店),108.64103943508518,21.95531302317475,住宿服务;旅馆招待所;旅馆招待所,100200
B0LK9AA71I,万顺大酒店,108.63940417939864,21.966749098803344,住宿服务;宾馆酒店;宾馆酒店,100100
B0LD4KGEFQ,安顺陶香花语阁,108.68029883165362,21.963594740480097,住宿服务;住宿服务相关;住宿服务相关,100000
B0LD3LFTN7,零三号房,108.62199008851384,21.93597011679989,住宿服务;住宿服务相关;住宿服务相关,100000
B0LBLUNC1F,沙寮生活驿站,108.64253741219409,21.9337002513629,住宿服务;住宿服务相关;住宿服务相关,100000
B0LBL9OQR9,钦州陶然烧柴窑,108.69646352561226,21.949059606346918,住宿服务;住宿服务相关;住宿服务相关,100000
B0LAF90W8B,山水驿,108.6843908167997,21.934273254862845,住宿服务;住宿服务相关;住宿服务相关,100000
B0L3ASUDAU,璟湖118店,108.62506963572629,21.931824591815506,住宿服务;宾馆酒店;宾馆酒店,100100
B0L3AST0FQ,亦可之家,108.63300496819502,21.955975646554556,住宿服务;住宿服务相关;住宿服务相关,100000
B0L3A1XGPC,拾光民宿(恒大绿洲5号楼店),108.678768328232,21.965393444839805,住宿服务;旅馆招待所;旅馆招待所,100200
B0L2B5KHPS,北部湾酒店,108.60724030674358,21.954951513134432,住宿服务;宾馆酒店;宾馆酒店,100100
B0L1UP23EO,文峰公寓A栋,108.61148595606326,21.962002161216986,住宿服务;旅馆招待所;旅馆招待所,100200
B0L0FBUU34,司机之家(广南线店),108.68424052099736,21.94712966436031,住宿服务;旅馆招待所;旅馆招待所,100200
B0L0C70HG2,蓝天丽都驿站,108.60713979083158,21.96730745653349,住宿服务;旅馆招待所;旅馆招待所,100200
B0L02ZMVF7,广西雅居阁民宿有限公司(办公点),108.65529902412078,21.940478009524583,住宿服务;旅馆招待所;旅馆招待所,100200
B0L027NVSR,钦州雅居阁民宿(高新钦园8栋1单元403客房),108.67574602845023,21.953967679141154,住宿服务;旅馆招待所;旅馆招待所,100200
B0KUV9VJOU,肆野·山院,108.69201790692958,21.931103367193977,住宿服务;住宿服务相关;住宿服务相关,100000
B0KUD79BTP,钦州拉昆塔温德姆酒店筹备处,108.63375349557144,21.95797552060885,住宿服务;宾馆酒店;宾馆酒店,100100
B0FFITC9YH,王母庙,108.58031247635935,21.926750486935372,风景名胜;风景名胜;寺庙道观,110205
B0FFITGVJM,康王庙,108.57415414605252,21.919749484873776,风景名胜;风景名胜;寺庙道观,110205
B0FFIKRSUJ,螺壳墩,108.49988282145053,21.898173724452313,风景名胜;风景名胜相关;旅游景点,110000
B0I69H47IT,钦州市动物园,108.68172280797158,21.93760971544106,风景名胜;公园广场;动物园,110102
B0HUPMNOO1,海蝦楼(红树林观景台),108.57908767527034,21.869350460887098,风景名胜;风景名胜;风景名胜,110200
B0FFLHYUPQ,北部湾花卉公园,108.73845764882672,21.949431399883814,风景名胜;风景名胜相关;旅游景点,110000
B0FFL02T3K,钦州千年古陶城,108.68100188737075,21.92951818130817,风景名胜;风景名胜相关;旅游景点,110000
B0KDB5XBBR,大风江古灶,108.73499531847523,21.911582586820284,风景名胜;风景名胜;风景名胜,110200
B0KAPAO8AH,西围村陈氏祠堂,108.54117008165716,21.942882141229713,风景名胜;风景名胜;风景名胜,110200
B0MBRSR1OC,青云台,108.68174690248769,21.93458622760116,风景名胜;风景名胜;风景名胜,110200
B0JD9U1JLO,冯子材墓神道碑亭,108.72637726957754,21.949832861937494,风景名胜;风景名胜;风景名胜,110200
B0HGTH8KAK,冯子材墓,108.73321114818805,21.946840228311785,风景名胜;风景名胜相关;旅游景点,110000
B0MR5XIYL2,钦州茅尾海,108.5827992131387,21.91048112476796,风景名胜;风景名胜;风景名胜,110200
B0LAFHZ0CA,白茅草坡,108.54650199533947,21.92933201005194,风景名胜;风景名胜;风景名胜,110200
B0MGP91L1Y,杨氏弘农堂,108.56521266230456,21.937193045520523,风景名胜;风景名胜;风景名胜,110200
B0KRMR15XR,康王庙(黄坡督村),108.56173733265722,21.935934711353163,风景名胜;风景名胜;寺庙道观,110205
B0L60C1P71,伏波庙,108.51613544512591,21.89118222167057,风景名胜;风景名胜;寺庙道观,110205
B0I3TLGMEZ,芦花·海盐,108.55942641001498,21.950176083997597,风景名胜;风景名胜相关;旅游景点,110000
B0K2299JJM,南宁园,108.68174175575523,21.93777475938732,风景名胜;风景名胜;风景名胜,110200
B0MD5KTYRU,宁原悌墓,108.71627719800898,21.948282316438128,风景名胜;风景名胜;风景名胜,110200
B0HD0AY858,红树林公园,108.58890189838704,21.876236141025274,风景名胜;公园广场;公园,110101
B03090M9HV,恒大绿洲,108.68083957319247,21.963521704677,商务住宅;住宅区;住宅小区,120302
B030900MLJ,黎合江工业园,108.69267313591354,21.938096601387553,商务住宅;产业园区;产业园区,120100
B0FFHW5K0S,钦林家园小区,108.68304980584611,21.95627319059538,商务住宅;住宅区;住宅区,120300
B0FFKUSSW7,金德大厦,108.61155087090123,21.96236828869433,商务住宅;楼宇;商务写字楼,120201
B0JBG7J02Y,北部湾大学西区学生公寓,108.60944284369582,21.903166490776158,商务住宅;住宅区;宿舍,120303
B0KG35NMFL,万锦悦府1期,108.65047515255614,21.956783568990634,商务住宅;住宅区;住宅小区,120302
B0FFF2T2PO,金鼎苑,108.62405981971771,21.939612506999886,商务住宅;住宅区;住宅小区,120302
B030900PGH,福宁鑫都,108.62135255351265,21.965797040954843,商务住宅;住宅区;住宅小区,120302
B0HD3HPRTY,九号大院,108.62346471243501,21.96034208814786,商务住宅;住宅区;住宅小区,120302
B0H1L6DLQW,及第臻品,108.63158394181166,21.968024394425886,商务住宅;住宅区;住宅小区,120302
B0I1AUCMIF,人和春天E区,108.64829367317755,21.962984392643712,商务住宅;住宅区;住宅小区,120302
B0FFF2IEAJ,怡和花园,108.60649844403623,21.96484963134758,商务住宅;住宅区;住宅小区,120302
B03090M8ON,天成嘉园,108.60950668074307,21.946414078948212,商务住宅;住宅区;住宅小区,120302
B030900MMQ,钦州市水东银安路银苑小区,108.62777838007887,21.94993387101056,商务住宅;住宅区;住宅小区,120302
B03090M9Y1,家兴苑一区,108.64638041809677,21.951142078994177,商务住宅;住宅区;住宅小区,120302
B030900MN1,佳和小区(钦廉街),108.64821745638567,21.95046655845096,商务住宅;住宅区;住宅小区,120302
B0FFHOUC39,上沙大运城,108.63161605190763,21.964606722890604,商务住宅;住宅区;住宅小区,120302
B03090MH2G,锦绣家园2期,108.6288210877705,21.961046815365204,商务住宅;住宅区;住宅区,120300
B0FFFT58GG,水岸茗城,108.6112469946143,21.945728569935078,商务住宅;住宅区;住宅小区,120302
B0FFFA5QMM,水东投资大厦,108.63913540936237,21.952627795423453,商务住宅;楼宇;商务写字楼,120201
B03090M8E1,怡景花园(建业街),108.62323238616591,21.953708191205337,商务住宅;住宅区;住宅小区,120302
B0FFGK3268,金汇花园(五马路),108.60621259464162,21.945960771242113,商务住宅;住宅区;住宅小区,120302
B03090MJNO,广西钦州高新技术产业开发区,108.65757658303718,21.964293135966013,商务住宅;产业园区;产业园区,120100
B03090MJNC,新隆风景,108.60689584631432,21.949828257300982,商务住宅;住宅区;住宅小区,120302
B03090M9WP,江东名园,108.62558890713647,21.950465863920265,商务住宅;住宅区;住宅小区,120302
B0FFF2I7P1,广场公寓二区,108.61057308885437,21.957790797060348,商务住宅;住宅区;住宅小区,120302
B0FFL88KPN,钦南区易地扶贫安置小区,108.67756697039374,21.908764684155518,商务住宅;住宅区;住宅小区,120302
B0FFGI8HOD,相晖苑小区,108.61085837338676,21.96660880068005,商务住宅;住宅区;住宅小区,120302
B03090M8NT,广场公寓,108.61125939337724,21.957818329705415,商务住宅;住宅区;住宅小区,120302
B0KG3SF784,长荣新城小区南区,108.6269208470648,21.9487894150637,商务住宅;住宅区;住宅小区,120302
B0FFI7VQS0,化工总厂小区,108.6403184140032,21.96522591221963,商务住宅;住宅区;住宅小区,120302
B0FFGI9YQC,恒基广场B座,108.61969113189834,21.960650336148987,商务住宅;楼宇;商务写字楼,120201
B0LB2ZPM3A,华信香江花园二期,108.60546527979876,21.964542005403086,商务住宅;住宅区;住宅小区,120302
B0FFFFUUT2,广场公寓一区,108.61165098751435,21.957834054883516,商务住宅;住宅区;住宅小区,120302
B0KG3SFLGG,长荣新城小区A区,108.6248960727343,21.948914959576676,商务住宅;住宅区;住宅小区,120302
B0KG3SF783,长荣新城小区北区,108.62691576041524,21.95073234868462,商务住宅;住宅区;住宅小区,120302
B0FFHOEOJ2,乘风小区,108.59087867095235,21.962175415698987,商务住宅;住宅区;住宅小区,120302
B0FFH8JJVJ,新隆紫苑,108.65840965560533,21.943791799720962,商务住宅;住宅区;住宅小区,120302
B030900PGQ,悦禾小区,108.60789503711432,21.94884922948441,商务住宅;住宅区;住宅小区,120302
B0FFH8D1GQ,阳光城小区,108.60811751397281,21.955557299983646,商务住宅;住宅区;住宅小区,120302
B03090MG7M,伟杰大厦,108.62912693451747,21.953552838792415,商务住宅;楼宇;商务写字楼,120201
B0K2DUEP66,通达苑,108.61652707062686,21.96470632856566,商务住宅;住宅区;住宅小区,120302
B0GUJSPG5K,永华大厦,108.61363234297822,21.96800037925601,商务住宅;商务住宅相关;商务住宅相关,120000
B0H3XU12JR,钦州口岸生活用房住宅小区,108.65707756034477,21.947713162295663,商务住宅;商务住宅相关;商务住宅相关,120000
B0LGGASMNA,东方豪庭一期,108.63906036439207,21.956593805678157,商务住宅;住宅区;住宅小区,120302
B0FFHU5AVZ,外贸小苑,108.61827383344308,21.944241922690242,商务住宅;住宅区;住宅区,120300
B0JB31J2QW,奥林观澜湖,108.62368356856928,21.936019228603854,商务住宅;商务住宅相关;商务住宅相关,120000
B0FFIKLOFE,滨滨物流园,108.60077561839748,21.939328784929902,商务住宅;产业园区;产业园区,120100
B0FFKMQ71T,钦州市公安局海防管理支队公寓楼,108.67726610834688,21.940404341827026,商务住宅;住宅区;宿舍,120303
B0FFHJP0RU,安惠三园,108.68513496148744,21.9373433783691,商务住宅;住宅区;住宅小区,120302
B0309003NC,荣达荣小区,108.60759011839731,21.95265021873441,商务住宅;住宅区;住宅小区,120302
B0I6C5N5W4,康桥白鹭湾(建设中),108.59418884504424,21.86509250968022,商务住宅;住宅区;住宅小区,120302
B0L6X53G9W,家兴苑,108.64643003534941,21.95674766702235,商务住宅;住宅区;住宅小区,120302
B030900MLN,钦州物价大楼,108.62710965007898,21.96696384065554,商务住宅;楼宇;商务写字楼,120201
B0FFJ05LG7,钦州高新技术开发区2期,108.67909953113079,21.905447238129806,商务住宅;产业园区;产业园区,120100
B0G1SH9SHD,钦州市第三中学教工住宅小区,108.62940477559708,21.94709338738651,商务住宅;商务住宅相关;商务住宅相关,120000
B0G07S3A7F,钦州幼儿师范高等专科学校-悦和公寓,108.58819254781059,21.965485446029266,商务住宅;住宅区;宿舍,120303
B0FFJC9QCB,滨海新城,108.63848015564778,21.92315275754462,商务住宅;住宅区;住宅小区,120302
B0JBG7NWL8,北部湾大学北区学生公寓,108.61704233920454,21.90485930790567,商务住宅;住宅区;宿舍,120303
B0L1US3WPX,华信香江花园一期,108.60670132985409,21.96376800890446,商务住宅;住宅区;住宅小区,120302
B0FFK1JAEJ,北爱·双创业园,108.6189989563765,21.901422787636665,商务住宅;商务住宅相关;商务住宅相关,120000
B0KKLCA3UK,翰林轻奢公寓(钦州老街景区店),108.61825024060056,21.957037051269257,商务住宅;商务住宅相关;商务住宅相关,120000
B030900PGU,新兴公寓,108.6116518738046,21.96015015832898,商务住宅;住宅区;住宅小区,120302
B0MUDLKG4Q,康桥·虹铂里,108.64416989350302,21.956102216607523,商务住宅;住宅区;住宅小区,120302
B0FFI59NZ5,梅园公寓2区,108.6117627182873,21.960964465418506,商务住宅;商务住宅相关;商务住宅相关,120000
B03090MJN3,钦州市房改办集资楼,108.62913930036366,21.966085795243533,商务住宅;住宅区;住宅小区,120302
B0JK0ZNYJH,滨海和园(建设中),108.64296505704685,21.963537777805623,商务住宅;住宅区;住宅小区,120302
B0J3R7PO5M,牡丹雅苑小区,108.62925094557295,21.9489995017484,商务住宅;住宅区;住宅小区,120302
B0FFF2L2MM,三益城中花园,108.62621412883125,21.96643470863835,商务住宅;住宅区;住宅区,120300
B0JK2SPUYV,钦州二中教师新村,108.63174432208976,21.954409683895904,商务住宅;住宅区;住宅小区,120302
B0FFKV45G7,钦州华为数字小镇,108.66571265772819,21.95926133073395,商务住宅;产业园区;产业园区,120100
B0LDRDD5LV,自控大楼,108.66333957453196,21.953572144406213,商务住宅;楼宇;商务写字楼,120201
B0FFK8S6P5,桂兴公馆,108.62953476115476,21.963273930288416,商务住宅;商务住宅相关;商务住宅相关,120000
B0FFKX1Y28,伟杰集团物流园,108.66784545378505,21.901164549178304,商务住宅;产业园区;产业园区,120100
B0FFJ2BAP5,市粮食局住宅小区,108.62175999042168,21.965315368994972,商务住宅;住宅区;住宅小区,120302
B0IB2CVCFF,光大·天骄国际大厦,108.63408876920441,21.939705313759553,商务住宅;楼宇;商务写字楼,120201
B0LRKMH9W9,宇欣科技园,108.66298994456439,21.96282722113457,商务住宅;产业园区;产业园区,120100
B0LB9USDCK,钦州市第一人民医院宿舍区,108.62814015139114,21.962736509118198,商务住宅;住宅区;宿舍,120303
B0HU4XLE1I,北部湾大学教师公寓,108.61710929222158,21.904082876308102,商务住宅;住宅区;宿舍,120303
B0MGAXGJDF,北部湾大学城,108.63848015564778,21.92315275754462,商务住宅;商务住宅相关;商务住宅相关,120000
B0HDHZDYLF,南珠公馆,108.67266735229819,21.95376942589852,商务住宅;商务住宅相关;商务住宅相关,120000
B0KBGA9FPS,环卫新村小区,108.63337725068087,21.956708460954985,商务住宅;住宅区;住宅小区,120302
B0KRNUP3GT,龙祥壹号院,108.67420950582603,21.957354203520584,商务住宅;住宅区;住宅小区,120302
B0L17D8TNQ,人和映玥,108.62211429340755,21.92805620122464,商务住宅;商务住宅相关;商务住宅相关,120000
B0FFHISALZ,龙墩公寓,108.61450805909148,21.953257635543117,商务住宅;商务住宅相关;商务住宅相关,120000
B03090MAWD,沿水公寓,108.61566339927892,21.959195475977776,商务住宅;住宅区;住宅小区,120302
B0FFG03YXJ,北部湾大厦A区,108.6212298072578,21.964194410123998,商务住宅;楼宇;商务写字楼,120201
B0K2ZA270B,北部湾大学西区21栋B区,108.60764350823436,21.902524277075358,商务住宅;商务住宅相关;商务住宅相关,120000
B0FFKBCK2N,红星家园小区,108.62774099096328,21.959162320596235,商务住宅;住宅区;住宅小区,120302
B0FFGIARHJ,广厦花苑B区,108.629758228108,21.966306074764773,商务住宅;住宅区;住宅小区,120302
B0FFFE4AC4,钦南区税务局职工住宅小区,108.62792199346299,21.952959129744162,商务住宅;住宅区;住宅小区,120302
B0MAVD5CF9,嘉能榴莲广场,108.61916092505608,21.959160163333006,商务住宅;商务住宅相关;商务住宅相关,120000
B030900PGZ,文昌工业小区,108.61644615819493,21.94445674438033,商务住宅;住宅区;住宅小区,120302
B0JKRMRM59,阳光郡,108.62343856259875,21.96421796464539,商务住宅;住宅区;住宅小区,120302
B03090MAUI,城西凤凰路矿产宿舍区,108.60968054057088,21.966431511246427,商务住宅;住宅区;宿舍,120303
B0FFJ1BF9A,滨海文华园,108.63842823831276,21.923560033234384,商务住宅;商务住宅相关;商务住宅相关,120000
B0FFKZHUIN,华信花园,108.61118673974731,21.952232717215267,商务住宅;商务住宅相关;商务住宅相关,120000
B0L1M6ERSC,茶山江安置小区,108.62591963151156,21.904360466083784,商务住宅;住宅区;住宅小区,120302
B0FFF2L29N,北部湾大厦B区,108.6210620441054,21.9642376106351,商务住宅;楼宇;商务写字楼,120201
B0K0LUTO5V,小江安置区,108.6467209336389,21.96636274465985,商务住宅;住宅区;住宅小区,120302
B0FFK9T3OT,安惠二园,108.59909557448097,21.958074154708115,商务住宅;住宅区;住宅小区,120302
B0FFL81WGB,钦南区税务局宿舍,108.61209501894251,21.96812663047129,商务住宅;住宅区;宿舍,120303
B0FFFRR1XK,钦州学院学生公寓第四公寓区,108.58993567522536,21.96319174478418,商务住宅;住宅区;宿舍,120303
B03090M8C3,高沙新村,108.56747679246541,21.945903010433174,商务住宅;住宅区;住宅小区,120302
B0FFHE3Y8J,文安小区,108.61426580575753,21.964212059065588,商务住宅;住宅区;住宅小区,120302
B0MBZ5CRS5,康熙岭镇接二连三产业融合示范园,108.55911868020048,21.955960371191622,商务住宅;产业园区;产业园区,120100
B0K3OUVD79,龙潮海洋大厦,108.66571166128827,21.95923732119501,商务住宅;商务住宅相关;商务住宅相关,120000
B0I07HNELL,市政府住宅,108.63057810141605,21.96021106158927,商务住宅;住宅区;住宅小区,120302
B0FFFZR9TC,疍家风情小镇,108.58989470157589,21.859491492727592,商务住宅;住宅区;住宅小区,120302
B0IB2RVDA7,市政府住宅一区,108.6304982528264,21.95997205664925,商务住宅;住宅区;住宅小区,120302
B0MAKUO3F1,中地文璟瑞府,108.62527669080639,21.96498816567159,商务住宅;商务住宅相关;商务住宅相关,120000
B0I1HARC3C,钦州市公安局交通警察支队车辆管理所,108.69446392318412,21.94546113937622,政府机构及社会团体;政府及社会团体相关;政府及社会团体相关,130000
B0309003RD,康熙岭镇人民政府,108.50730885182651,21.915739248343716,政府机构及社会团体;政府机关;乡镇级政府及事业单位,130105
B03090MMNL,钦州德天机动车检测有限公司,108.69545875272995,21.94669810250475,政府机构及社会团体;交通车辆管理;验车场,130603
B0FFJ5CJCW,望埠村委会,108.7351861756904,21.911152301422952,政府机构及社会团体;政府机关;乡镇以下级政府及事业单位,130106
B030900LVG,钦州市公安局康熙岭派出所,108.50775718836219,21.91634386178712,政府机构及社会团体;公检法机构;公安警察,130501
B03090MJXV,钦南区民政福利中心,108.70568965450079,21.96097345224657,政府机构及社会团体;政府机关;区县级政府及事业单位,130104
B0LUV5DW26,钦州市公安局交通警察支队二大队黎合江中队,108.69452573178626,21.946657608772277,政府机构及社会团体;交通车辆管理;交通管理机构,130601
B0G1RD27IH,广西钦州关爱中心,108.55737492826924,21.958585867698137,政府机构及社会团体;政府及社会团体相关;政府及社会团体相关,130000
B0FFI8O806,西围村委会,108.55013493235559,21.95166082278549,政府机构及社会团体;政府机关;乡镇以下级政府及事业单位,130106
B0FFF2S0MF,板桥村委,108.70209778320509,21.855768686982834,政府机构及社会团体;政府机关;乡镇以下级政府及事业单位,130106
B0LUV5EBG1,钦州市交通管理支队钦南大队,108.69277552387564,21.94591516198519,政府机构及社会团体;交通车辆管理;交通管理机构,130601
B0FFHS83RM,茅尾海黄金海岸海滨浴场值班室,108.58525807409936,21.843822856685687,政府机构及社会团体;公检法机构;社会治安机构,130506
B0FFHHI6XN,钦州市钦南区尖山镇黄坡居村民委员会,108.57300442592475,21.916190728986546,政府机构及社会团体;政府机关;乡镇以下级政府及事业单位,130106
B0IULCV2XG,广西钦州市钦南区尖山街道黄坡督村委退役军人服务站,108.57291436228377,21.916004554810776,政府机构及社会团体;政府机关;乡镇以下级政府及事业单位,130106
B0FFK88OKV,青龙村民委员会,108.69208787765412,21.888545997195756,政府机构及社会团体;政府机关;政府机关相关,130100
B0FFL17PP0,福禄寿养护院,108.70611287855266,21.960765769250223,政府机构及社会团体;政府及社会团体相关;政府及社会团体相关,130000
B0ID0M0M5L,广西壮族自治区交通运输综合行政执法局第九支队第一大队,108.69177919373521,21.935773000863907,政府机构及社会团体;交通车辆管理;交通管理机构,130601
B0FFLEKBQE,西沟村委会,108.58545056489213,21.937740316723612,政府机构及社会团体;政府机关;乡镇以下级政府及事业单位,130106
B0FFM3LK4W,钦南区黄屋屯镇金竹村村民委员会,108.4998061082725,21.94824438503725,政府机构及社会团体;政府机关;乡镇以下级政府及事业单位,130106
B0HGGAUBNI,钦州市钦南区医疗保障局,108.64275598090639,21.953599387967024,政府机构及社会团体;政府机关;区县级政府及事业单位,130104
B0JKLZ3QCG,长坡村村委会,108.49140686479016,21.888726761684588,政府机构及社会团体;政府机关;乡镇以下级政府及事业单位,130106
B0GRYHUVVD,钦州市钦南区退役军人服务中心,108.6247221279621,21.9533322748248,政府机构及社会团体;政府机关;区县级政府及事业单位,130104
B0LGM7EFS2,水东市场监督管理所,108.62490697982531,21.950468688029865,政府机构及社会团体;政府及社会团体相关;政府及社会团体相关,130000
B0FFFEUBXM,钦州市农机技术推广站,108.62461402025112,21.95897409369263,政府机构及社会团体;政府机关;地市级政府及事业单位,130103
B0FFJPILGC,国家税务总局钦州市钦北区税务局办税服务厅,108.60738070776965,21.964798128043135,政府机构及社会团体;政府及社会团体相关;政府及社会团体相关,130000
B03090MPBB,大番坡村委会,108.64594436045859,21.84918454520424,政府机构及社会团体;政府机关;乡镇以下级政府及事业单位,130106
B0I615869V,国家税务总局钦州市钦南区税务局南珠税务分局,108.61208902847035,21.968061603994194,政府机构及社会团体;工商税务机构;工商税务机构,130700
B0FFJPHOFB,国家税务总局钦州市钦南区税务局尖山税务分局,108.60605800511404,21.940065034899636,政府机构及社会团体;政府及社会团体相关;政府及社会团体相关,130000
B0FFF2MGRM,钦南区钦州工商所,108.60995381016669,21.955482113919782,政府机构及社会团体;工商税务机构;工商部门,130701
B0IDFSHVAU,广西壮族自治区交通运输综合行政执法局第九支队,108.5514836199448,21.947157200470098,政府机构及社会团体;交通车辆管理;交通管理机构,130601
B0I04HQK4L,高岭社区居民委员会,108.60073642382926,21.96436173946664,政府机构及社会团体;政府机关;乡镇以下级政府及事业单位,130106
B0FFGCNUDE,钦州市公安局物证鉴定所,108.62771000433501,21.959939730871103,政府机构及社会团体;公检法机构;公证鉴定机构,130505
B0FFL9GPLI,机动车检测站,108.63149921113465,21.945174618772544,政府机构及社会团体;交通车辆管理;验车场,130603
B0FFKJWM1J,钦州市中级人民法院诉讼服务中心,108.65628963891167,21.94255116436792,政府机构及社会团体;公检法机构;公检法机关,130500
B0FFGIARV3,钦州市卫生信息与医学考试中心,108.63035331172713,21.963940144404248,政府机构及社会团体;政府机关;地市级政府及事业单位,130103
B0309001GL,钦州市钦南区粮食局,108.61856485084971,21.95651849632876,政府机构及社会团体;政府机关;区县级政府及事业单位,130104
B030900MPD,钦州市钦南区司法局沙埠司法所,108.63712953851523,21.948947167649724,政府机构及社会团体;公检法机构;公检法机关,130500
B0FFM1YD0K,钦南区市场监督管理局文峰管理所,108.61000276375702,21.955459070446466,政府机构及社会团体;政府机关;政府机关相关,130100
B0LULZ7Z8F,钦州市公安局3号警务站,108.62381907175417,21.96245868728204,政府机构及社会团体;公检法机构;公安警察|政府机构及社会团体;公检法机构;社会治安机构,130501|130506
B0G2KOY2XC,中山社区党群服务中心,108.61250145172257,21.95030883169754,政府机构及社会团体;政府机关;乡镇以下级政府及事业单位,130106
B0JGFUO2WZ,钦州市钦南区消防救援综合保障中心,108.6169639704984,21.955527552735397,政府机构及社会团体;公检法机构;消防机关,130504
B0IULCSYY1,广西钦州市钦南区沙埠镇桥坪村退役军人服务站,108.67264164200253,21.90884204065288,政府机构及社会团体;政府机关;乡镇以下级政府及事业单位,130106
B0K2LMC2V6,沙埠市场监督管理所,108.62490398284262,21.950502707847637,政府机构及社会团体;政府及社会团体相关;政府及社会团体相关,130000
B0FFLENB1R,钦南区文化广电体育和旅游局,108.61413443842636,21.954327455870033,政府机构及社会团体;政府机关;区县级政府及事业单位,130104
B0MUPOFN4D,共美学校门卫室,108.62362261464438,21.91646896875812,政府机构及社会团体;公检法机构;社会治安机构,130506
B0HGTN7ZVM,钦州市城市管理行政执法支队一大队,108.62379690379417,21.966587679173703,政府机构及社会团体;政府机关;政府机关相关,130100
B0FFIM9R6P,钦州市公安局第一办公区,108.64255384720005,21.964874096333393,政府机构及社会团体;政府及社会团体相关;政府及社会团体相关,130000
B0IURRO3W7,广西钦州市钦南区康熙岭镇板坪村退役军人服务站,108.51002325810796,21.91225958029229,政府机构及社会团体;政府机关;乡镇以下级政府及事业单位,130106
B0FFGZ96DY,君林机动车检测公司车管业务大厅,108.63129356203372,21.945469044881506,政府机构及社会团体;政府机关;政府机关相关,130100
B0MBFC78KM,钦州市公安局海岸运河分局沙井港水上派出所沙井港抵海警务室,108.5902531780977,21.849339829347347,政府机构及社会团体;公检法机构;公安警察,130501
B0IURRNPBA,广西钦州市钦南区沙埠镇大岭村退役军人服务站,108.6114634439501,21.91134700652431,政府机构及社会团体;政府机关;乡镇以下级政府及事业单位,130106
B03090M8WF,钦州市白蚁防治所,108.62455937392909,21.95346753258964,政府机构及社会团体;政府机关;地市级政府及事业单位,130103
B0FFLAMOYD,油路村委会,108.62546934750128,21.904343007319174,政府机构及社会团体;政府机关;乡镇以下级政府及事业单位,130106
B0JRHCKPCL,鸿泰社区居委会,108.6070788050635,21.968073854780474,政府机构及社会团体;政府机关;乡镇以下级政府及事业单位,130106
B0FFHRQUY0,钦州市公安局南珠派出所户籍室,108.61167966695722,21.963801877940217,政府机构及社会团体;公检法机构;公安警察,130501
B0IURRNPB8,广西钦州市钦南区康熙岭镇横山村退役军人服务站,108.51570417398182,21.89140810001323,政府机构及社会团体;政府机关;乡镇以下级政府及事业单位,130106
B0JUR7B6YB,钦州市钦南区档案局,108.65288227717744,21.94585200817736,政府机构及社会团体;政府机关;区县级政府及事业单位,130104
B0309003VK,钦州市计划生育协会,108.6304641201569,21.963901975421432,政府机构及社会团体;社会团体;行业协会,130407
B0HGGAVT3Z,钦南区医保业务窗口,108.65384821007419,21.94323299393727,政府机构及社会团体;政府机关;区县级政府及事业单位,130104
B0KRSSI9A1,钦州市钦南区消防救援大队,108.61694699265188,21.955512561310023,政府机构及社会团体;公检法机构;消防机关,130504
B0FFIBUQXS,钦州市钦南区沙埠镇分界村民委员会,108.7060774683324,21.950316835647627,政府机构及社会团体;政府机关;乡镇以下级政府及事业单位,130106
B0MABCTE5H,钦州市劳动人事争议仲裁院,108.61867726849364,21.965397616561376,政府机构及社会团体;政府机关;政府机关相关,130100
B0LRBZLEEI,钦州市钦南区大番坡镇沙坡村民委员会,108.63477518070798,21.86417846850431,政府机构及社会团体;政府机关;乡镇以下级政府及事业单位,130106
B0HBYUJ2WB,尖山市场监督管理所,108.60598374973237,21.946534161364095,政府机构及社会团体;政府机关;乡镇级政府及事业单位,130105
B0FFK8F5QF,下南山村委,108.603147872515,21.924872081759645,政府机构及社会团体;政府机关;乡镇以下级政府及事业单位,130106
B0LR2N4BRL,钦州市红十字会(新华路),108.63046212340112,21.963906980525593,政府机构及社会团体;社会团体;红十字会,130405
B0HKVD9Z56,犁头咀村民委员会,108.60541644856787,21.87948753469957,政府机构及社会团体;政府机关;乡镇以下级政府及事业单位,130106
B0IURRQF0U,钦州市钦南区康熙岭镇白鸡村退役军人服务站,108.52937940759124,21.906183332014734,政府机构及社会团体;政府机关;乡镇以下级政府及事业单位,130106
B0IU7UNL00,广西钦州市钦南区大番坡镇青龙村委会退役军人服务站,108.69217469602093,21.888404783669323,政府机构及社会团体;政府机关;乡镇以下级政府及事业单位,130106
B03090M9UY,广西钦州市钦江防洪堤管理处,108.63491322322264,21.96022389098215,政府机构及社会团体;政府机关;地市级政府及事业单位,130103
B0LRBZNKXJ,钦南区社会治安综合治理中心,108.65407661175894,21.944798322502567,政府机构及社会团体;政府机关;区县级政府及事业单位,130104
B0H1XZ58R2,傍钦村委会,108.58373996156611,21.962666485157087,政府机构及社会团体;政府机关;乡镇以下级政府及事业单位,130106
B0GUZXKE1P,交通警察,108.68695655295355,21.942799728868692,政府机构及社会团体;政府及社会团体相关;政府及社会团体相关,130000
B0L3AOYNXF,钦州市大数据发展局,108.66900188275669,21.95797742995177,政府机构及社会团体;政府机关;政府机关相关,130100
B0FFG6NLHQ,广西钦州高新技术产业开发区管委会,108.6630644345524,21.949359658301663,政府机构及社会团体;政府机关;政府机关相关,130100
B0FFKDX0EM,钦州市钦南区生态环境局,108.65362670754749,21.943380469814855,政府机构及社会团体;政府机关;区县级政府及事业单位,130104
B0FFJPQ699,国家税务总局钦北区税务局第二税务分局,108.60729677243621,21.964944244523437,政府机构及社会团体;工商税务机构;工商税务机构,130700
B0IU7RO850,广西钦州市钦南区尖山街道犁头嘴村退役军人服务站,108.60561530054173,21.87937138354195,政府机构及社会团体;政府机关;乡镇以下级政府及事业单位,130106
B0L3XC1FYF,钦州市永兴机动车检测有限责任公司,108.66414718751618,21.902446223075582,政府机构及社会团体;交通车辆管理;验车场,130603
B0KULARPHM,钦州海事局平陆运河监管工作组,108.61918158608619,21.945034403134624,政府机构及社会团体;政府及社会团体相关;政府及社会团体相关,130000
B0IU7UJ7YJ,广西钦州市钦南区大番坡镇板桥村委会退役军人服务站,108.70172439619283,21.858157354092235,政府机构及社会团体;政府机关;乡镇以下级政府及事业单位,130106
B0FFJP2PRO,国家税务总局广西壮族自治区税务局第四稽查局,108.60743865302179,21.96490114455653,政府机构及社会团体;工商税务机构;工商税务机构,130700
B0JGX70RRU,钦州市钦南区招商促进局,108.67353341661426,21.91093434024088,政府机构及社会团体;政府机关;地市级政府及事业单位,130103
B0J6SU3L87,钦州市民政局婚姻登记处涉外婚姻登记窗口,108.63445404619569,21.940578195273623,政府机构及社会团体;政府机关;地市级政府及事业单位,130103
B03090MHTF,钦州市钦南区水东街道五里桥社区居民委员会,108.63662931996492,21.952755750392857,政府机构及社会团体;政府机关;乡镇以下级政府及事业单位,130106
B0MDH7SZJ6,钦州市安徽商会,108.63946409750493,21.94559391731997,政府机构及社会团体;社会团体;行业协会,130407
B0K6BS80TS,南珠派出所户籍办证大厅,108.61168765442565,21.963887913088417,政府机构及社会团体;公检法机构;公安警察,130501
B0FFLCYHTI,钦南区文峰街道三宣堂社区居民委员会,108.61554305642576,21.948691570933683,政府机构及社会团体;政府机关;乡镇以下级政府及事业单位,130106
B0FFGJZ2XK,沙埠镇政务服务中心,108.65209368502678,21.953470075175783,政府机构及社会团体;政府机关;乡镇级政府及事业单位,130105
B0IULCOF7P,广西钦州市钦南区沙埠镇坭桥村退役军人服务站,108.74304278013804,21.96797427976254,政府机构及社会团体;政府机关;乡镇以下级政府及事业单位,130106
B0FFGI97AO,钦州市刑科所,108.6276699979791,21.96142549014758,政府机构及社会团体;公检法机构;公安警察,130501
B0MG41YT2N,高沙村民委员会,108.56447220135938,21.949001720172618,政府机构及社会团体;政府机关;政府机关相关,130100
B0MG41Z1J0,谷仓村民委员会,108.56606853057741,21.919161521922156,政府机构及社会团体;政府机关;政府机关相关,130100
B030900PHO,钦州市建设局,108.62476805934975,21.953274192428896,政府机构及社会团体;政府机关;地市级政府及事业单位,130103
B0K6YS9NOW,钦州市人民政府行政复议办公室,108.63071084286422,21.96073913169584,政府机构及社会团体;政府机关;地市级政府及事业单位,130103
B0IURRR91T,广西钦州市钦南区沙埠镇沙埠社区退役军人服务站,108.66205691351605,21.947406640900905,政府机构及社会团体;政府机关;乡镇以下级政府及事业单位,130106
B0LBB5M2ZU,钦州市钦南区纪检委,108.6539560420441,21.94165204158141,政府机构及社会团体;政府及社会团体相关;政府及社会团体相关,130000
B0FFKA5CC7,钦州市园林管理处,108.62951090982534,21.940625157792322,政府机构及社会团体;政府机关;政府机关相关,130100
B0IURRP663,广西钦州市钦南区沙埠镇下南山村退役军人服务站,108.60510953235949,21.923785724367733,政府机构及社会团体;政府机关;乡镇以下级政府及事业单位,130106
B03090MAGM,钦州市直属机关老年人体育协会,108.62807641881092,21.95944602371991,政府机构及社会团体;社会团体;社会团体相关,130400
B030900LVF,钦州市钦南区康熙岭镇财政所,108.50808534594783,21.913115290531664,政府机构及社会团体;政府机关;乡镇级政府及事业单位,130105
B0MG7OIVOC,钦州市钦南区综合行政执法局,108.62381986127056,21.9667427263261,政府机构及社会团体;政府机关;政府机关相关,130100
B0FFFE9X3X,广西壮族自治区森林公安局钦廉派出所,108.68208611778422,21.954623167559088,政府机构及社会团体;公检法机构;公安警察,130501
B0FFFEACDT,钦南区政务服务中心人力资源和社会保障局分中心,108.63281846549366,21.95276138010086,政府机构及社会团体;政府机关;区县级政府及事业单位,130104
B0FFGIANCV,文峰街道办事处政务服务中心,108.61155214591332,21.95669358288796,政府机构及社会团体;政府机关;乡镇级政府及事业单位,130105
B0FFGIAHAU,钦州市第一饮食服务公司工会委员会,108.61741940955822,21.955157950770186,政府机构及社会团体;社会团体;社会团体相关,130400
B0MRBHAYO0,钦州市公安局反恐怖和特巡警大队,108.606640567991,21.959904200192824,政府机构及社会团体;公检法机构;公安警察,130501
B03090M96J,文峰街道新隆社区居务监督委员会,108.61159308645375,21.957040718721732,政府机构及社会团体;政府机关;乡镇以下级政府及事业单位,130106
B0IURRJX90,广西钦州市钦南区康熙岭镇新平村退役军人服务站,108.54656100722188,21.931520175211826,政府机构及社会团体;政府机关;乡镇以下级政府及事业单位,130106
B0H3F9BP83,钦州市钦北区市场监督管理局鸿亭市场监督管理所,108.63847397386984,21.96789711313281,政府机构及社会团体;政府机关;乡镇级政府及事业单位,130105
B0FFJMGD3P,钦州市执行指挥中心,108.65639837583815,21.942790076435124,政府机构及社会团体;政府及社会团体相关;政府及社会团体相关,130000
B0IU7RNEL6,广西钦州市钦南区尖山街道排榜社区退役军人服务站,108.59077162406754,21.86013594126711,政府机构及社会团体;政府机关;乡镇以下级政府及事业单位,130106
B0GUADAMQL,钦州幼儿师范高等专科学校,108.58795148561622,21.966477853752888,科教文化服务;科教文化场所;科教文化场所,140000
B0GUGAZI9E,荣新考场,108.58084491072005,21.9637524714963,科教文化服务;科教文化场所;科教文化场所,140000
B0FFH26A95,钦州市新星学校,108.55895911537343,21.96275936614005,科教文化服务;科教文化场所;科教文化场所,140000
B0K1NH9E07,钦州交警支队机动车驾驶人驾驶理论考场(龙湾科目一考场),108.69524026196959,21.945741001380533,科教文化服务;科教文化场所;科教文化场所,140000
B030900PJ8,康熙岭中学,108.50749829926848,21.918382069431278,科教文化服务;学校;中学,141202
B0FFFE6FWF,傍钦小学,108.58387402804205,21.962041248976334,科教文化服务;学校;小学,141203
B0I3XU8N1B,钦州市文武学校第二校区,108.57538402717924,21.9610262565472,科教文化服务;学校;中学,141202
B0FFJ2XSUB,谷仓小学,108.56308717083468,21.913971126250733,科教文化服务;学校;小学,141203
B030900LVL,白鸡小学,108.52994387542829,21.906095735020585,科教文化服务;学校;小学,141203
B030900PJJ,西沟小学,108.58684179169802,21.937466680404487,科教文化服务;学校;小学,141203
B030900PJH,黄坡启小学,108.57607146972767,21.92016231540877,科教文化服务;学校;小学,141203
B03090MG70,分界小学,108.71096090347756,21.94741606365905,科教文化服务;学校;小学,141203
B030900LVM,玉清小学,108.56575004125108,21.901080508563137,科教文化服务;学校;小学,141203
B0309003S4,长坡小学,108.48993236078918,21.88697351326092,科教文化服务;学校;小学,141203
B030900LVJ,康熙岭镇中心小学,108.51109655076425,21.910978107134184,科教文化服务;学校;小学,141203
B030900LVK,横山村小学,108.51555077460475,21.89039618251136,科教文化服务;学校;小学,141203
B0GU7RIVQQ,钦州幼儿师范高等专科学校-行政楼,108.58851946668271,21.967453466713213,科教文化服务;学校;学校,141200
B030900LW3,青龙小学,108.6908838996847,21.88068432975093,科教文化服务;学校;小学,141203
B0LRZA18VW,新平小学,108.5466050431605,21.932594777978363,科教文化服务;学校;小学,141203
B030900LW4,板桥村小学,108.70259880110162,21.855869997204422,科教文化服务;学校;小学,141203
B0FFKKWI8U,九鸦小学,108.58910040736575,21.90708180199923,科教文化服务;学校;小学,141203
B0M64HJBQS,诗家小学,108.52951410276523,21.919588067907082,科教文化服务;学校;小学,141203
B0LUMCHL2K,高沙小学,108.56470851651795,21.94840474574826,科教文化服务;学校;小学,141203
B0FFF082BO,板坪小学,108.50657315080576,21.904658789726525,科教文化服务;学校;小学,141203
B0L3RNMZXF,金竹小学,108.49977298676035,21.94861846423557,科教文化服务;学校;小学,141203
B0K2LSOVH5,西围小学,108.54650614783175,21.94691541802684,科教文化服务;学校;小学,141203
B0GU3XND34,广西钦州市荣新机动车驾驶员培训有限公司,108.58152920418394,21.963341671789795,科教文化服务;科教文化场所;科教文化场所,140000
B0LGU1JDPQ,钦州市沙埠镇望埠小学,108.73685554069995,21.89639263752537,科教文化服务;学校;小学,141203
B0M6FSXV8E,广西英华国际职业学院3号楼,108.58529708626041,21.967609506442876,科教文化服务;学校;学校内部设施,141207
B0G2US3DBK,DK街舞训练营(曼哈顿校区),108.640604798934,21.965926784308586,科教文化服务;培训机构;培训机构,141400
B0M2ZL3FCY,西部陆海新通道(平陆)运河工程宣教中心展厅,108.61928807034205,21.952659935403172,科教文化服务;科教文化场所;科教文化场所,140000
B0LGN5RS1S,钦州市第二十小学,108.56471652738648,21.948379744298137,科教文化服务;学校;小学,141203
B0K2RZ8NK2,泥桥小学,108.73718875021906,21.94659044918696,科教文化服务;学校;小学,141203
B0LU4SLI0R,好时光午托,108.61871718051057,21.94560814002657,科教文化服务;学校;学校,141200
B0FFKV58OW,钦州市古安州民俗博物馆,108.60631740736477,21.948072725454242,科教文化服务;博物馆;博物馆,140100
B0FFF099VT,智慧岛幼儿园,108.63600742087517,21.95465860129392,科教文化服务;学校;幼儿园,141204
B0IKVCIOHC,雄风驾校,108.64548258148724,21.9463693437407,科教文化服务;驾校;驾校,141500
B0K6BHBOW5,广西国有钦廉林场林业科学研究所,108.73607915957724,21.956113396304236,科教文化服务;科研机构;科研机构,141300
B0JDAMV96U,钦州市业余体育学校,108.6736027669448,21.96100309472871,科教文化服务;学校;学校,141200
B0FFL9R3JY,紫雕装饰设计机构,108.64118856787509,21.96676823856665,公司企业;公司;广告装饰|科教文化服务;学校;学校,170201|141200
B0L29XT5RJ,钦州幼儿师范高等专科学校-综合楼,108.58847946656216,21.967425443387054,科教文化服务;培训机构;培训机构,141400
B0KB3Z0QXJ,钦州市钦南区河东幼儿园,108.6586621039342,21.963278619750163,科教文化服务;学校;幼儿园,141204
B0FFG3G64U,恒乐幼儿园,108.64066917905996,21.935140994794537,科教文化服务;学校;幼儿园,141204
B0FFHWU00U,康美乐幼儿园,108.66239792101655,21.95118479626048,科教文化服务;学校;幼儿园,141204
B0MDZXCH6N,北部湾大学食品工程学院,108.60999062649653,21.89682211873377,科教文化服务;学校;高等院校,141201
B0L6OCFG6N,广西钦州雷火特训营,108.68388439107419,21.926002224232867,科教文化服务;培训机构;培训机构,141400
B0FFH8LIFZ,钦州市第一小学-飞扬午托,108.61962090797778,21.94670875755665,科教文化服务;培训机构;培训机构,141400
B0J37SECWY,神墨教育(白石湖.悦湖云邸),108.63393344453029,21.931793762722524,科教文化服务;培训机构;培训机构,141400
B0FFGIAQH9,钦州市城西幼儿园三学区,108.62512002347097,21.963219512181503,科教文化服务;学校;幼儿园,141204
B0LG3XGJ9O,钦州市旧地文化创意馆,108.61901859707437,21.94930860676435,科教文化服务;科教文化场所;科教文化场所,140000
B0G33SXVQR,钦州市钦南区第二幼儿园,108.60530325866704,21.967532506817538,科教文化服务;学校;幼儿园,141204
B0J0JCSY8J,麻神理工研究所,108.64442497824508,21.963747429173722,科教文化服务;科研机构;科研机构,141300
B0GKB4BR7O,沙坡小学,108.63435664561753,21.8706831357312,科教文化服务;学校;小学,141203
B0KURM1I7Q,金声艺术中心(白石湖校区),108.63286638354712,21.93222050582958,科教文化服务;培训机构;培训机构,141400
B0LRLKLIYM,广西医科大学,108.62754002013,21.965369534886378,科教文化服务;学校;高等院校,141201
B0J1N6AP13,北部湾大学-国际交流中心餐厅,108.61346307168174,21.895287852157193,科教文化服务;科教文化场所;科教文化场所,140000
B0HKKDJT18,华梦托管,108.61750303147531,21.960713520490646,科教文化服务;培训机构;培训机构,141400
B0FFL34VGK,海涛舞蹈,108.61920254420404,21.965815291892547,科教文化服务;培训机构;培训机构,141400
B0G04Z8GPA,恒大睿海幼儿园(钦南校区),108.63485988811142,21.928276723163435,科教文化服务;学校;幼儿园,141204
B0M1P5424Q,嗣中文化馆,108.63916537602385,21.931696756066305,科教文化服务;文化宫;文化宫,140800
B0LAXZSNAZ,儒亭书法(恒大学府校区),108.63327569826652,21.930942308636588,科教文化服务;培训机构;培训机构,141400
B0JADCEAEE,金声艺术中心,108.62999678333755,21.966967068314023,科教文化服务;培训机构;培训机构,141400
B0I3SCZDGV,广然驾校训练场(大学城分校),108.62359444386914,21.90033332044314,科教文化服务;驾校;驾校,141500
B0MG0ZHDRY,昌荣驾校,108.59559889735107,21.95914315536986,科教文化服务;驾校;驾校,141500
B0FFL6CF3S,英华幼儿园二学区,108.59680245041716,21.959959435247114,科教文化服务;学校;幼儿园,141204
B0J315IR48,钦州市广度安全教育培训有限公司,108.66422324154821,21.958370748955463,科教文化服务;培训机构;培训机构,141400
B0H33MSBSW,钦州市钦南区新思维幼儿园,108.611188639324,21.95425568100122,科教文化服务;学校;幼儿园,141204
B0FFFF70I9,金海湾幼儿园,108.60815896818647,21.94546145749203,科教文化服务;学校;幼儿园,141204
B0L3O103G3,钦州九拍音乐体验中心,108.6374573664808,21.939438123276364,科教文化服务;培训机构;培训机构,141400
B0FFFTA4B6,从文书法教育,108.63142793425672,21.953423654544604,科教文化服务;培训机构;培训机构,141400
B0HR7CR100,乐升艺术琴行(钦州新城吾悦广场店),108.62738132030972,21.94412660659968,科教文化服务;培训机构;培训机构,141400
B0HBOHLWLT,壹间美术馆(少儿美术培训),108.6339108098837,21.945615394961084,科教文化服务;培训机构;培训机构,141400
B03090M92W,朝阳幼儿园(仙鹤路),108.61245183143485,21.96414346581424,科教文化服务;学校;幼儿园,141204
B0JRGMVNVM,康桥童话幼儿园,108.64433248316512,21.957458588914385,科教文化服务;学校;幼儿园,141204
B0FFL790I8,小神童幼儿园,108.64254340030473,21.933689236195615,科教文化服务;学校;幼儿园,141204
B0J3AAPAU4,犁排小学,108.60404365280993,21.875520285769124,科教文化服务;学校;小学,141203
B0M61AGPZI,农校驿站,108.6316576791854,21.95027483224848,科教文化服务;科教文化场所;科教文化场所,140000
B0FFIUWB1I,小森林幼儿园,108.64550930634948,21.950803414137553,科教文化服务;学校;幼儿园,141204
B0M6BMGPWL,北部湾大学国际交流中心,108.61352675527665,21.90033019545745,科教文化服务;学校;学校,141200
B0KAA78QSR,钦南区滨海江语湖幼儿园,108.61794685754914,21.931998392659956,科教文化服务;学校;幼儿园,141204
B0MDPON0TM,广西英华国际职业学院2号楼,108.58504703339665,21.967659430416532,科教文化服务;学校;学校内部设施,141207
B0HGCCJDM7,钦州市钦南区扬帆职业技能培训学校,108.66312470798225,21.961160170649787,科教文化服务;培训机构;培训机构,141400
B0FFKUNXJV,超能教育,108.61192926419326,21.966693071263116,科教文化服务;培训机构;培训机构,141400
B0G3AK6L9U,钦州市钦南区第三幼儿园,108.63529467016566,21.956825704068187,科教文化服务;学校;幼儿园,141204
B0LU2ST8IV,英博教育(人和校区),108.64727483495432,21.964271787597852,科教文化服务;学校;学校,141200
B0FFFS37OE,金百花幼儿看护点,108.65264264038323,21.949497183802787,科教文化服务;学校;幼儿园,141204
B0LA79XVHY,乐学教育·小初高辅导(人和店),108.6491719042238,21.95965125565174,科教文化服务;培训机构;培训机构,141400
B0KKU5I1VD,钦州市钦南区童祥幼儿园,108.64343445776382,21.9557592880279,科教文化服务;学校;幼儿园,141204
B0LAZ11CDJ,大番坡镇葵子小学,108.62593907412838,21.853593519352188,科教文化服务;学校;小学,141203
B0HA5SLT4B,王兆儒王茁坭兴陶艺术馆,108.68066968720993,21.929005550712635,科教文化服务;科教文化场所;科教文化场所,140000
B0GK2MHPAS,德杰书法(钦州吾悦校区),108.62697797797253,21.944202153388517,科教文化服务;培训机构;培训机构,141400
B0IKHMBPG8,艺馨书法(钦江华府校区),108.6504679805366,21.960600401071815,科教文化服务;培训机构;培训机构,141400
B0FFKSH9M6,步羁舞蹈体验馆,108.6359005092551,21.93661214867524,科教文化服务;培训机构;培训机构,141400
B0H2S5BQR0,立恒体育篮球培训中心,108.6036431779595,21.952852244017187,科教文化服务;培训机构;培训机构,141400
B0LBLLQL0E,鸿志传媒,108.65181624008352,21.95489425633663,科教文化服务;传媒机构;传媒机构,141100
B03090MIZB,钦州市工业职工中等专业学校,108.62216943049074,21.964582569657694,科教文化服务;学校;职业技术学校,141206
B0FFGZ91LJ,ABC幼儿园,108.62838223699623,21.952688404370306,科教文化服务;学校;幼儿园,141204
B0K60U7JD2,华梦教育(钦江华府校区),108.64973658674442,21.96102190669615,科教文化服务;培训机构;培训机构,141400
B0IUVUMZIJ,童之岛东园幼儿园,108.6556204125749,21.95815685070331,科教文化服务;学校;幼儿园,141204
B0KGUSG1BY,东方童民族艺术教育,108.6183411030822,21.9574071392342,科教文化服务;培训机构;培训机构,141400
B0FFFF4D6L,智乐幼儿园(独岭路),108.61201935905747,21.962791146433695,科教文化服务;学校;幼儿园,141204
B0FFL9VN0T,钦州园博园3号停车场,108.68348265458411,21.93927328959388,交通设施服务;停车场;公共停车场,150904
B0HAOZHC57,康熙岭站,108.52251674922044,21.929979500414138,交通设施服务;火车站;火车站,150200
BV10271204,黎合江(公交站),108.68399438706594,21.941088226481835,交通设施服务;公交车站;公交车站相关,150700
BV11681723,高坳底(公交站),108.55163165367779,21.95193775622192,交通设施服务;公交车站;公交车站相关,150700
BV10657908,英华学院(公交站),108.58544512461421,21.967404466597642,交通设施服务;公交车站;公交车站相关,150700
BV11374721,何家村路口(公交站),108.69502892845173,21.90131416246202,交通设施服务;公交车站;公交车站相关,150700
B0L22R0CYS,钦州幼儿师范高等专科学校停车场,108.58704034105176,21.96783022904425,交通设施服务;停车场;公共停车场,150904
B0H0K7SATG,钦州宏进农副产品批发市场停车场,108.56093563932583,21.94829945278603,交通设施服务;停车场;公共停车场,150904
BV11252882,钦州市应急储备中心(公交站),108.69035208080571,21.940628757269664,交通设施服务;公交车站;公交车站相关,150700
BV09541721,钦州西高速入口(公交站),108.55363443750846,21.946312684189525,交通设施服务;公交车站;公交车站相关,150700
B0L0V9IYHP,北部湾中心停车场,108.64067901323156,21.958491122378117,交通设施服务;停车场;公共停车场,150904
B0HK2RW0DX,城市便捷酒店(钦州恒基广场店)停车场,108.62034806902855,21.96383117217079,交通设施服务;停车场;公共停车场,150904
B0FFKG5PGI,嘉誉停车场,108.66643204406485,21.89664210410228,交通设施服务;交通服务相关;交通服务相关,150000
BV11349584,北部湾西门路口(公交站),108.60689559615955,21.954975713521137,交通设施服务;公交车站;公交车站相关,150700
B0K0VHHN9A,境东十里内部地下停车场,108.67766709637311,21.96184781792233,交通设施服务;停车场;专用停车场,150905
B0KU2Z4QGN,安州大道停车场,108.62686732852231,21.940720630355187,交通设施服务;停车场;路边停车场,150906
B0MUHLQCC4,钦州市技工学校停车场,108.63680040218613,21.9034949926279,交通设施服务;停车场;公共停车场,150904
BV11106182,金海湾北部湾路口(公交站),108.60374848099713,21.945121510879616,交通设施服务;公交车站;公交车站相关,150700
BV10527037,工行住宅区(公交站),108.62633979696793,21.94862606310979,交通设施服务;公交车站;公交车站相关,150700
B0MDXR0NOW,交投·白石印-地下停车场,108.62556872490812,21.934375206417947,交通设施服务;停车场;专用停车场,150905
B0KKC5MSWU,恒祥豪苑地下停车场,108.6416372403987,21.95470575904228,交通设施服务;停车场;公共停车场,150904
B0MR79YDML,及第臻品-地下停车场,108.63180258301749,21.967377781344634,交通设施服务;停车场;专用停车场,150905
BV10271220,人民新兴路口(公交站),108.61865966494845,21.957749990125983,交通设施服务;公交车站;公交车站相关,150700
BV10991262,市第一人民医院(公交站),108.62776563890509,21.96552532013624,交通设施服务;公交车站;公交车站相关,150700
B0LR5DAZ7Y,钦州市博物馆停车场,108.61780133970397,21.94650145728573,交通设施服务;停车场;公共停车场,150904
BV09208172,扬帆东南路口(钦州九中)(公交站),108.64025737016493,21.948261922659572,交通设施服务;公交车站;公交车站相关,150700
BV11191411,蓬莱子材东路口(公交站),108.65600625468804,21.963595727277976,交通设施服务;公交车站;公交车站相关,150700
B0H32U4TX1,钦州宝顺医院停车场,108.65199876632751,21.95616353152491,交通设施服务;停车场;公共停车场,150904
B0IBHRGGCN,金湾国际大酒店地下停车场(入口),108.61965319649553,21.960390250978286,交通设施服务;停车场;停车场入口,150907
B0LU2DV6RR,奥林华府-地下停车场,108.62181742407233,21.93423147616137,交通设施服务;停车场;专用停车场,150905
B0MB91UY8Y,城东市场(南珠东大街店)地上停车场,108.63532983198476,21.952165428871698,交通设施服务;停车场;公共停车场,150904
B0MB6UNHLL,恒大绿洲-地下停车场,108.67710633218218,21.96360070607901,交通设施服务;停车场;公共停车场,150904
B0HU3UYNM5,天润1号停车场,108.67653064507364,21.964554243754037,交通设施服务;停车场;停车场相关,150900
BV09189654,向阳钦州湾路口(公交站),108.62112880286617,21.96723396562606,交通设施服务;公交车站;公交车站相关,150700
B0FFGIAOJ7,翰林福第停车场,108.61604698208971,21.958172648422003,交通设施服务;停车场;专用停车场,150905
BV10494825,文峰二马路口(公交站),108.61187292947987,21.954251183534133,交通设施服务;公交车站;公交车站相关,150700
B0G3O9CY2X,碧桂园·红树湾停车场,108.59252542171188,21.86006810192957,交通设施服务;停车场;停车场相关,150900
BV09206012,市技工学校(公交站),108.63876157196671,21.903271843959317,交通设施服务;公交车站;公交车站相关,150700
B0J6SL5XLW,阳光·曼哈顿小区停车场,108.6418003764148,21.965463618240715,交通设施服务;停车场;公共停车场,150904
BV10525044,文峰建设路口(公交站),108.6135496751711,21.963091108235417,交通设施服务;公交车站;公交车站相关,150700
BV09541717,旧总站(公交站),108.62015714861288,21.967640184507577,交通设施服务;公交车站;公交车站相关,150700
B0FFGIAJZ9,龙敦公寓停车场,108.61493849121716,21.95456489562549,交通设施服务;停车场;公共停车场,150904
BV11224344,葵子村路口(公交站),108.62913989783956,21.85142042234043,交通设施服务;公交车站;公交车站相关,150700
B0MA5UOPJP,停车场螺蛳粉(钦州店),108.61567444184816,21.95804791920278,交通设施服务;停车场;公共停车场,150904
BV10582827,子材大桥东(公交站),108.63928440576937,21.967017416612418,交通设施服务;公交车站;公交车站相关,150700
B0FFLBYPRM,白石湖公园北停车场(出入口),108.63047122504305,21.941064071893265,交通设施服务;停车场;停车场出入口,150909
B0H1K73DAT,海豚湾大厦停车场(入口),108.63351217109582,21.953268625588315,交通设施服务;停车场;停车场入口,150907
B0LK0Y6EKJ,松宇时代城-地下停车场,108.65189462091969,21.963875394808227,交通设施服务;停车场;公共停车场,150904
BV09035923,高新实验学校(公交站),108.67593323839967,21.96094165004082,交通设施服务;公交车站;公交车站相关,150700
B0MBMY673X,钦州市第四中学停车场,108.59144753575512,21.963859292397895,交通设施服务;停车场;公共停车场,150904
BV11349581,尖山中学(公交站),108.59892384816848,21.933517468716957,交通设施服务;公交车站;公交车站相关,150700
B0FFKK46GM,金鼎苑停车场,108.62449216879267,21.939318858500588,交通设施服务;停车场;停车场相关,150900
B0H1R7C833,钦州市妇幼保健院地下停车场,108.62712532559966,21.952620985471313,交通设施服务;停车场;公共停车场,150904
BV10531007,永福广场(公交站),108.61980664269852,21.94693167386103,交通设施服务;公交车站;公交车站相关,150700
B0H23ZQB1L,滨海新城黄金浴场停车点,108.58558911260053,21.844324217130186,交通设施服务;停车场;公共停车场,150904
B0I6DZL6QG,优程酒店(钦州年年丰广场店)停车场,108.62148525718808,21.967966930162348,交通设施服务;停车场;公共停车场,150904
B0FFGIAPXE,钦州市钦南区教育局停车场,108.61053853063255,21.94942182826122,交通设施服务;停车场;路边停车场,150906
BV10527049,高新区明月园(公交站),108.6627113013491,21.948731029897253,交通设施服务;公交车站;公交车站相关,150700
BV09036432,桥坪村路口(高新二期路口)(公交站),108.6732073166344,21.908423764967353,交通设施服务;公交车站;公交车站相关,150700
B0MA2APXLV,大世界商场民族家电地下停车场,108.62035330750325,21.958794766915688,交通设施服务;停车场;公共停车场,150904
B0MBUBM3FB,钦州市体育中心停车场,108.65185358866236,21.96640467310486,交通设施服务;停车场;公共停车场,150904
B0HRX5SJYV,奥林财富中心北侧停车场,108.63862271981475,21.967073487777363,交通设施服务;停车场;公共停车场,150904
BV09026057,扬帆敏昌路口(大学城路口)(公交站),108.63986341369822,21.902387675644995,交通设施服务;公交车站;公交车站相关,150700
B0MB6UNVX1,钦州市体育中心停车场,108.65084788835148,21.965545075344153,交通设施服务;停车场;公共停车场,150904
B0LKSMHT8O,联德停车场,108.66695472937425,21.89806177875658,交通设施服务;停车场;公共停车场,150904
B0FFG7TVFP,钦州市美食广场地面停车场,108.6514076320527,21.965583086921907,交通设施服务;停车场;公共停车场,150904
B0L359FD7T,钦州市共美学校停车场,108.62323120813691,21.91640138593067,交通设施服务;停车场;公共停车场,150904
BV11252984,北部湾花卉小镇(泥桥)(公交站),108.73699900307523,21.944524528818604,交通设施服务;公交车站;公交车站相关,150700
BV10523908,职教中心(公交站),108.5952747203405,21.964800869894468,交通设施服务;公交车站;公交车站相关,150700
BV10523911,南珠扬帆北路口(公交站),108.63909846506245,21.952994028586744,交通设施服务;公交车站;公交车站相关,150700
B0J03Z3893,钦州桂大医院停车场,108.63724643337865,21.966850522008674,交通设施服务;停车场;公共停车场,150904
B0FFLBZPZQ,人和春天G区停车场,108.64693061310221,21.963647088332085,交通设施服务;停车场;停车场相关,150900
B0H1K73DAS,海豚湾大厦停车场,108.63404119713518,21.953191820505033,交通设施服务;停车场;公共停车场,150904
B0HRRCVY46,吉利汽车钦州开心店停车场(出入口),108.60595560623749,21.94994480357837,交通设施服务;停车场;停车场出入口,150909
B0K1NRQEAI,钦州第一人民医院总院区电动车停车场,108.62720259664917,21.96494075996709,交通设施服务;停车场;公共停车场,150904
B0HARU22Q7,恒基广场地下停车场(入口),108.6196541950811,21.96039125043454,交通设施服务;停车场;停车场入口,150907
BV10494826,沙井港(公交站),108.59007808035875,21.851522812760106,交通设施服务;公交车站;公交车站相关,150700
B03090MVE9,新隆风景停车场,108.60720858705001,21.94974304550509,交通设施服务;停车场;专用停车场,150905
B0L30RLJIH,广西钦州农校停车场,108.63210880740489,21.9515748200901,交通设施服务;停车场;公共停车场,150904
B0LRLKLKBJ,吾悦公馆A区-门前停车场,108.62669336095962,21.945847296187946,交通设施服务;停车场;专用停车场,150905
B0M6CHTRH4,东方豪庭-三期珑玥府停车场,108.63674788447302,21.956970579677275,交通设施服务;停车场;公共停车场,150904
B0H1P7S53K,钦州市中医医院停车场(出入口),108.65650091051513,21.967673749997246,交通设施服务;停车场;停车场出入口,150909
BV10529050,金海湾东环路口(公交站),108.66844403975786,21.941302540710268,交通设施服务;公交车站;公交车站相关,150700
B0MGXNWJVB,平陆运河工程建设指挥部地上停车场,108.62751526563767,21.940725812177188,交通设施服务;停车场;公共停车场,150904
BV11105560,安州敏昌路口(公交站),108.61898390696952,21.902852482284604,交通设施服务;公交车站;公交车站相关,150700
B0MG9HPZ38,钦州市儿童医院(钦州市妇幼保健院茶山院区)地上停车场,108.6477204398135,21.93224072837054,交通设施服务;停车场;公共停车场,150904
B0M6GOP9WF,远辰金湾蓝岸-门前停车场,108.62576201276414,21.942674933776853,交通设施服务;停车场;公共停车场,150904
BV11510358,安州平山路口(公交站),108.62123541769378,21.93102057467741,交通设施服务;公交车站;公交车站相关,150700
BV11190953,蓬莱坭兴路口(公交站),108.65614314072931,21.9595035238324,交通设施服务;公交车站;公交车站相关,150700
B0L1377ATD,阳光城翡丽湾停车场,108.63895671787691,21.953595539504526,交通设施服务;停车场;专用停车场,150905
B0HRDCXPUL,世贸广场停车场(出入口),108.64396097160366,21.96348108492351,交通设施服务;停车场;停车场出入口,150909
BV09505937,沙井港(公交站),108.59623720775102,21.865971824734974,交通设施服务;公交车站;公交车站相关,150700
BV10528298,九鸦(公交站),108.58900738870705,21.907447955363505,交通设施服务;公交车站;公交车站相关,150700
BV11562513,北部湾金海湾路口(公交站),108.60374848099713,21.945121510879616,交通设施服务;公交车站;公交车站相关,150700
BV11510359,民大附中(公交站),108.6211084200173,21.914168670924486,交通设施服务;公交车站;公交车站相关,150700
BV11190947,千年古陶城(公交站),108.68112257184303,21.930211289339198,交通设施服务;公交车站;公交车站相关,150700
BV11139263,沙坡村委(公交站),108.63728361956309,21.85943746554258,交通设施服务;公交车站;公交车站相关,150700
B0FFL1IWIP,国家税务总局钦州市钦北区税务局停车场,108.60748162038101,21.964812077924897,交通设施服务;停车场;停车场相关,150900
B0FFLBWTI6,境东十里内部地下停车场(出入口),108.67652977042883,21.962075064768882,交通设施服务;停车场;停车场出入口,150909
B0MGJYBFNL,钦州新城吾悦广场东侧地上停车场,108.62938603486808,21.94244719426865,交通设施服务;停车场;公共停车场,150904
B0J6VR83IM,奥林名城停车场,108.65464228888396,21.965663231749534,交通设施服务;停车场;公共停车场,150904
B0J05ZWA0G,人和春天A区内部地下停车场,108.64274473792273,21.959021992231648,交通设施服务;停车场;专用停车场,150905
B0M1YUBVLN,钦州市京舟幼儿园西北侧-路侧停车场,108.64523067550489,21.955406085620012,交通设施服务;停车场;公共停车场|交通设施服务;停车场;路边停车场,150904|150906
B0IUTC61CR,蚝情广场停车点,108.5930193439192,21.859919061881637,交通设施服务;停车场;公共停车场,150904
B0FFKIVGVE,长融世贸广场t停车场,108.64782862380326,21.964353860203424,交通设施服务;停车场;公共停车场,150904
B0LR74HGXD,钦州市第三中学停车场,108.62934999072665,21.944612275922626,交通设施服务;停车场;公共停车场,150904
BV10582828,子材富民路口(公交站),108.64859192716054,21.964833748571422,交通设施服务;公交车站;公交车站相关,150700
B0M1XD5VVM,恒大学府-地下停车场,108.63425393413777,21.930061467527988,交通设施服务;停车场;专用停车场,150905
B0H3HU0A60,北部湾花卉小镇停车场,108.73911119955257,21.94904402997725,交通设施服务;停车场;公共停车场,150904
B0HKJUY72S,海豚大酒店停车场,108.60760175075183,21.959999717091293,交通设施服务;停车场;公共停车场,150904
B0HRVZUFZD,光大白石湖广场停车场,108.6337323911888,21.940481203126087,交通设施服务;停车场;公共停车场,150904
B0HKJC39CY,雅斯特酒店(钦州人民路大花园店)停车场,108.6216412160355,21.96420997225153,交通设施服务;停车场;公共停车场,150904
B0HKOCMK06,桂林银行尖山街道谷仓村农村普惠金融综合服务点,108.55974502878699,21.90570034344995,金融保险服务;金融保险服务机构;金融保险机构,160000
B0FFF5W36M,广西农村信用社(康熙岭国土资源所东南),108.50935102186628,21.916433599014614,金融保险服务;银行;农村商业银行,160121
B0HDFZFZGT,桂林银行康熙岭镇高沙村农村普惠金融服务点,108.56051998903361,21.94977954518615,金融保险服务;金融保险服务机构;金融保险机构,160000
B0I0KS0PI8,广西东征投资有限公司,108.56105659340366,21.952679721250945,公司企业;工厂;工厂|金融保险服务;金融保险服务机构;金融保险机构,170300|160000
B03090035L,中国工商银行24小时自助银行(暂停营业),108.61368941548214,21.96519199651673,金融保险服务;自动提款机;中国工商银行ATM,160302
B0LKRZ69S8,桂林银行(康熙岭镇钟屋村服务点),108.54558704162869,21.9314061249472,金融保险服务;银行;银行,160100
B0J6GMGD37,国家能源集团国华投资广西公司,108.63416262150115,21.939919307994074,金融保险服务;金融保险服务机构;金融保险机构,160000
B0FFL94PPM,钦州慧算账财务公司,108.64047806099886,21.965827941734798,金融保险服务;金融保险服务机构;金融保险机构,160000
B0I6474Y25,桂林银行沙埠镇望埠村农村普惠金融综合服务点,108.73542595835706,21.911405322785793,金融保险服务;银行相关;银行相关,160200
B0IBY756FW,保险超市,108.64622172459264,21.951865697881424,金融保险服务;金融保险服务机构;金融保险机构,160000
B0J32C21PZ,华泰保险股份有限公司,108.63074161179742,21.943919065523687,金融保险服务;保险公司;华泰财产保险股份有限公司,160407
B0I6VY5V6Q,中国渔业互助保险,108.65025167848545,21.956217698682437,金融保险服务;金融保险服务机构;金融保险机构,160000
B0G2U96385,华泰保险鑫保店,108.64912063734413,21.947058339861783,金融保险服务;保险公司;华泰财产保险股份有限公司,160407
B0FFIS7P23,兴冠金服,108.6252117495075,21.965877667506405,金融保险服务;金融保险服务机构;金融保险机构,160000
B0L25HCD76,钦州市森宇投资有限公司,108.67718939021458,21.918244910193973,金融保险服务;金融保险服务机构;金融保险机构,160000
B0KURM1I8H,桂林银行尖山街道尖山社区普惠金融综合服务点,108.59865955459394,21.942078610838166,金融保险服务;金融保险服务机构;金融保险机构,160000
B0HKTA1044,桂林银行大番坡镇青龙村农村普惠金融综合服务点,108.69423788372582,21.895824855079223,金融保险服务;金融保险服务机构;金融保险机构,160000
B0IDMCWRFV,中融财税,108.64140418935023,21.96548627705269,金融保险服务;金融保险服务机构;金融保险机构,160000
B0KKYHECW7,金诚善融钦州运营中心,108.64725844487823,21.952600252947537,金融保险服务;金融保险服务机构;金融保险机构,160000
B0FFFSITVI,顺发投资(梅园路),108.61103950281155,21.960183613176753,金融保险服务;金融保险服务机构;金融保险机构,160000
B0G0VNJDDL,PICC中国人民保险(钦州润海汽车合作点),108.63080953142176,21.943122592130063,金融保险服务;金融保险服务机构;金融保险机构,160000
B0HKOCICXL,桂林银行尖山街道西沟村农村普惠金融综合服务点,108.58740410516388,21.9322213503706,金融保险服务;金融保险服务机构;金融保险机构,160000
B0MD4MJ6KF,北部湾职业技术学校一饭堂,108.59636737806788,21.96464471439627,金融保险服务;银行;银行,160100
B0HK1795NA,桂林银行沙埠镇海棠村农村普惠金融综合服务点,108.64197677282323,21.88881881219821,金融保险服务;金融保险服务机构;金融保险机构,160000
B0L3AZQOF6,广西辰逸教育投资集团有限公司,108.65186613758596,21.95469407067356,金融保险服务;金融保险服务机构;金融保险机构,160000
B0K0TUU1SR,广西地矿拓源投资有限公司,108.64682069293906,21.946537119960606,金融保险服务;金融保险服务机构;金融保险机构,160000
B0MBC7NZAP,钦州市文峰支行,108.60923884697554,21.94819710144816,金融保险服务;银行;银行,160100
B0M6LH6FHI,大家财产保险有限责任公司钦州中心支公司,108.6362494862576,21.94386508447785,金融保险服务;保险公司;保险公司,160400
B03090M8QB,中国农业银行24小时自助银行(人民南路支行),108.61813155101102,21.95386165196895,金融保险服务;自动提款机;中国农业银行ATM,160304
B0LKH1RHC8,凰盛寄卖行,108.609078218415,21.964199834140658,金融保险服务;金融保险服务机构;金融保险机构,160000
B0K2RSCHUN,钦州市普思投资有限公司,108.6486325151484,21.95107611919684,金融保险服务;金融保险服务机构;金融保险机构,160000
B0HKVC4X2B,桂林银行大番坡镇板桥村农村普惠金融综合服务点,108.7214970072107,21.86044646134647,金融保险服务;金融保险服务机构;金融保险机构,160000
B0HKO7J1KI,桂林银行尖山街道黄坡督村农村普惠金融综合服务点,108.57419127666684,21.917626505301236,金融保险服务;金融保险服务机构;金融保险机构,160000
B0K0GAZ7LB,大番坡镇葵子村农村普惠金融综合服务点,108.62210791873224,21.85379908590707,金融保险服务;金融保险服务机构;金融保险机构,160000
B0JGKLV4LD,金港壹号投资管理有限公司,108.64478109670038,21.96631204682829,金融保险服务;金融保险服务机构;金融保险机构,160000
B0JGKOOF13,汇众通投资,108.65186486811574,21.93992302352803,金融保险服务;金融保险服务机构;金融保险机构,160000
B0FFK018ZH,中国工商银行个人分期业务中心,108.62254479265074,21.96634899282071,金融保险服务;银行相关;银行相关,160200
B0MDLHJZBO,广西盛华水务投资有限公司,108.5636217195124,21.957858809277315,金融保险服务;金融保险服务机构;金融保险机构,160000
B0KUFH4OP0,永凯投资集团,108.64027652778924,21.964634698095267,金融保险服务;金融保险服务机构;金融保险机构,160000
B0JUDDXKMV,宏达财税,108.63871578137669,21.94167122808745,金融保险服务;金融保险服务机构;金融保险机构,160000
B0JRTC22ZM,广西自贸区恒竣投资管理有限公司,108.63285438366277,21.93266473506852,金融保险服务;金融保险服务机构;金融保险机构,160000
B0L1S5QE1Z,中国人寿财产保险股份有限公司钦州市钦南区支公司,108.64518874509906,21.955810349901626,金融保险服务;保险公司;中国人寿保险公司,160402
B0LULZ7ZXG,中鑫财税管理有限公司,108.65669446390348,21.947390721944227,公司企业;公司;公司|金融保险服务;金融保险服务机构;金融保险机构,170200|160000
B0J3MHI08N,桂林银行尖山街道九鸦村农村普惠金融综合服务点,108.5976352303756,21.896024836625216,金融保险服务;金融保险服务机构;金融保险机构,160000
B0LK2MPU3O,太平财产保险有限公司,108.64394849207413,21.953426313262778,金融保险服务;金融保险服务机构;金融保险机构,160000
B0HA662J3I,阳光保险公司,108.64071357752589,21.965933611783676,金融保险服务;金融保险服务机构;金融保险机构,160000
B0JRGNX3UC,人和春天长融公司,108.64493204377798,21.960860194068836,金融保险服务;金融保险服务机构;金融保险机构|生活服务;生活服务场所;生活服务场所,160000|070000
B0FFIQWH69,中信保诚人寿保险有限公司,108.63788117719378,21.967174694628593,金融保险服务;保险公司;保险公司,160400
B0M65DI1LP,信用卡中心,108.62681574737438,21.954333192291564,金融保险服务;金融保险服务机构;金融保险机构,160000
B0L2LBPALU,紫金保险钦州市区道路救助基金便民服务受理点(驻钦州市交警二大队),108.64640330520469,21.952433655692335,金融保险服务;金融保险服务机构;金融保险机构,160000
B0FFK6MQBW,祥鑫置业投资有限责任公司,108.63402414443725,21.852640186400006,金融保险服务;金融保险服务机构;金融保险机构,160000
B0FFL5KLS9,二轻资产管理有限公司,108.61942177120211,21.95507595273383,金融保险服务;金融保险服务机构;金融保险机构,160000
B0LK5RUAPM,普利司通中国投资有限公司,108.61133606942326,21.96285267422242,金融保险服务;金融保险服务机构;金融保险机构,160000
B0L3H9BOZU,广东鸿发投资集团,108.63797927473713,21.940866996503647,金融保险服务;金融保险服务机构;金融保险机构,160000
B0GUVUUEQ3,广西常远投资有限公司,108.60763643593855,21.965850484487266,金融保险服务;金融保险服务机构;金融保险机构,160000
B0MUBR8588,农村普惠金融综合服务站,108.63485379865843,21.90990096947609,金融保险服务;金融保险服务机构;金融保险机构,160000
B0M6XMNQI9,凯盈投资,108.62082428779962,21.96614577254264,金融保险服务;金融保险服务机构;金融保险机构,160000
B0MDB1GXAA,宏达投资,108.62127396882967,21.959592169934886,金融保险服务;金融保险服务机构;金融保险机构,160000
B0MBT49UWJ,广西一通保险代理有限公司钦州分公司,108.64718946534893,21.955231628048544,金融保险服务;金融保险服务机构;金融保险机构,160000
B0MBD1GN3V,荣新投资咨询有限公司,108.61158581587166,21.96275244636193,金融保险服务;金融保险服务机构;金融保险机构,160000
B0MA3X1DY7,农村普惠金融综合服务站,108.49100361364172,21.888623503553205,金融保险服务;金融保险服务机构;金融保险机构,160000
B0LRCDFETT,中衡理赔,108.64896602802538,21.9460511325343,金融保险服务;金融保险服务机构;金融保险机构,160000
B0LGTBYXUL,广西强鸿投资有限公司,108.64108353820593,21.951378074513464,金融保险服务;金融保险服务机构;金融保险机构,160000
B0LB9RY644,智融咨询,108.63465269237895,21.940215729677714,金融保险服务;金融保险服务机构;金融保险机构,160000
B0L1ZLOJWV,三顺投资,108.61163661054711,21.945344105703853,金融保险服务;金融保险服务机构;金融保险机构,160000
B0L1SRQWG5,农村普惠金融综合服务站,108.58950039434401,21.90733200672372,金融保险服务;金融保险服务机构;金融保险机构,160000
B0L14B0DQ5,易赔,108.64904085870248,21.94613804172719,金融保险服务;金融保险服务机构;金融保险机构,160000
B0K3U4M509,广西金璨投资有限责任公司,108.65775217249863,21.964337829020433,金融保险服务;金融保险服务机构;金融保险机构,160000
B0K2YUQ5TE,中国社会保险,108.6520430902795,21.96785101856993,金融保险服务;保险公司;保险公司,160400
B0JKT79G5S,桂林银行沙埠镇下南山村农村普惠金融综合服务点,108.60370149683878,21.924879864849565,金融保险服务;金融保险服务机构;金融保险机构,160000
B0JDPSPRT7,利明财行,108.66488577946869,21.956120412327355,金融保险服务;金融保险服务机构;金融保险机构,160000
B0I1XMNTG5,保险快速理赔中心,108.60793470554106,21.954947116118092,金融保险服务;金融保险服务机构;金融保险机构,160000
B0HGT5AQ7F,PICC中国人民保险(钦州双新汽车合作点),108.62546544765117,21.94340064148025,金融保险服务;金融保险服务机构;金融保险机构,160000
B0KD7REY4B,广西电网公司钦州新区供电局,108.58206121558588,21.96715678195762,公司企业;公司;公司,170200
B0FFIW1PLG,大田气体,108.69837773181756,21.945782008897666,公司企业;公司企业;公司企业,170000
B0IRXC269I,横钦高速公路总承包项目部,108.68447847013057,21.957267069665452,公司企业;公司;公司,170200
B0FFKFD6C0,广西金桂林业科技中心,108.73801359688474,21.956967129336487,公司企业;公司;公司,170200
B0K1KHB7EW,龙屋沙场,108.73930102983755,21.91008539007474,公司企业;工厂;工厂,170300
B0FFHBP4D2,钦州市华盛混凝土有限公司,108.6990807547129,21.936672566219695,公司企业;公司企业;公司企业,170000
B0FFF2MNZX,登高集团钦州旭升水泥有限公司,108.69491323101686,21.94020689372815,公司企业;公司;公司,170200
B0FFF2RI1N,广西钦州金锋水泥有限公司,108.69508366990831,21.944207524923883,公司企业;公司;公司,170200
B0FFI7B11W,钦州市广联混凝土有限公司,108.69578981834707,21.931439280853656,公司企业;公司;公司,170200
B0FFL1HVWZ,广西军铝玻璃有限责任公司,108.68105407831712,21.903119503977123,公司企业;公司企业;公司企业,170000
B0I6X5DQ9X,钦州市利隆再生资源回收利用有限公司,108.69692221484254,21.936165717307272,公司企业;公司;公司,170200
B0GR4SI333,钦州市吉康新型建材有限公司,108.54765269801682,21.961792825175312,公司企业;工厂;工厂,170300
B0FFF2ONL8,钦州市宏冠建筑材料有限公司,108.6983689656304,21.941467963243927,公司企业;公司;公司,170200
B0K3XUZ9ST,钦州市顺发机动车检测有限公司,108.58309668159123,21.96460710209946,公司企业;公司;公司,170200
B0L17S8DEE,陶花岛坭兴陶研学基地,108.73530605559814,21.911500417393558,公司企业;公司;公司,170200
B0HU6A1GTT,广西钦州程就再生资源回收有限公司,108.69741109251775,21.938341978961414,公司企业;公司;公司,170200
B03090MH5W,长荣混凝土有限公司,108.68574221373031,21.944642773151845,公司企业;公司;公司,170200
B0GRFSD5D2,钦州昌顺玻璃有限公司,108.68112797554261,21.901725705055533,公司企业;公司;公司,170200
B0KAFHIDFO,钦州市洁林塑料科技有限公司,108.68101448136147,21.916984178368725,公司企业;公司;公司,170200
B0GDHZYNN9,钦州市钦南区清泉水塔厂,108.68371662726011,21.949084547438122,公司企业;工厂;工厂,170300
B0MG2Z1S8U,黄氏再生资源回收有限公司,108.6833923491334,21.949582374785315,公司企业;公司;公司,170200
B0L1OHONVD,彰钦再生资源回收有限公司,108.56044238762796,21.959918267224722,公司企业;公司;公司,170200
B0KAMC0F62,广西钦州市金港船汽车报废回收拆解有限公司,108.69647514199724,21.93624947264539,公司企业;公司;公司,170200
B0I04UWTG6,广西昌华工程劳务有限公司,108.56362372217481,21.957855810562105,公司企业;公司;公司,170200
B0G0D5ABPW,园丰集团,108.73786501779924,21.911143311442505,公司企业;公司;公司,170200
B0L2X5XDI2,钦州市腾福混凝土有限公司,108.6982061575788,21.94429656848098,公司企业;公司;公司,170200
B0FFF2X8Y9,星河食品,108.69576717977463,21.94516487023772,公司企业;公司企业;公司企业,170000
B0FFMDFBOZ,广西迅虹投资有限公司(建设中),108.69337079007403,21.934907911658016,公司企业;公司;公司,170200
B0J2AU8SSF,广西起源新材料有限公司,108.69931320304929,21.938278973959537,公司企业;公司;公司,170200
B0FFM83OLY,广西钦州乐居住人集装箱有限公司,108.68472069870035,21.94155113362543,公司企业;工厂;工厂,170300
B0FFIZWPFQ,福兴页岩砖厂,108.49788327220388,21.904760847776217,公司企业;公司企业;公司企业,170000
B03090MAH0,钦州承坭斋陶艺有限公司,108.65804434425101,21.94708905812385,公司企业;公司;公司,170200
B0L64M38J2,广西金陵集团钦州肉猪服务部,108.55372163080175,21.94539940179832,公司企业;公司企业;公司企业,170000
B0FFIBA4XN,广西小海屯食品有限公司,108.69453022456504,21.936606803248818,公司企业;公司;公司,170200
B0MGD1S0W6,九叔功能粥,108.61308426342046,21.961650790646967,公司企业;公司企业;公司企业,170000
B0GUKMBFX5,尖山制冰厂,108.60007720873398,21.934921870624336,公司企业;工厂;工厂,170300
B0KBFZT1MU,钦州市荣耀混凝土有限公司,108.5808688733969,21.964726949901735,公司企业;公司;公司,170200
B0KA5C8H4T,钦州市盛农牧业有限公司,108.6322852601228,21.956262807352005,公司企业;公司;公司,170200
B0FFIBDFAC,黎合江甘氏鱼苗场,108.67387308605834,21.941633341239832,公司企业;公司企业;公司企业,170000
B0FFL9QJFI,天润一号营销中心,108.67635109351869,21.964076354657095,公司企业;公司;公司,170200
B0FFKT50A6,钦州市大番坡镇世邦页岩砖厂,108.6526623948599,21.851936927375448,公司企业;工厂;工厂,170300
B0KAV7EP9T,合力叉车钦州销售服务中心,108.66167454374677,21.892174049422852,公司企业;公司;公司,170200
B0HBXZPO59,广西建技电子有限公司,108.69112544363323,21.93936382774713,公司企业;公司企业;公司企业,170000
B0KB9R5H3E,中铁二十五局集团有限公司南防铁路一工区,108.55276553677771,21.954517052281755,公司企业;公司;公司,170200
B0FFJ0D1A3,钦州车务段海棠站,108.65548795421472,21.89248579836741,公司企业;公司;公司,170200
B0H3CCC0PD,钦州金禾月子中心,108.66332361353102,21.953548163350213,公司企业;公司;公司,170200
B0LKNLQN7Z,广西安州建设工程有限公司,108.66322604371412,21.94952442941629,公司企业;公司;建筑公司,170202
B0IGSU4919,坤大制衣厂,108.59572812601243,21.933001668006895,公司企业;工厂;工厂,170300
B0H2OZBBI2,钦州医药有限责任公司中药饮片厂,108.66456450710429,21.956839368111602,公司企业;公司;医药公司,170203
B0FFHOQ5RZ,钦州市顺通车厢厂,108.63981816896991,21.95003547285728,公司企业;工厂;工厂,170300
B0FFH9CQEL,贵祥砖厂,108.68728063039136,21.88642331478427,公司企业;工厂;工厂,170300
B0I2O7SUOZ,广西钦州市南江装潢印刷厂,108.62418283297623,21.955959164851045,公司企业;工厂;工厂,170300
B0K65XP2VJ,东征冰厂,108.56116673193095,21.95294300790912,公司企业;工厂;工厂,170300
B0FFLB19ZC,绿传科技,108.66382469828207,21.948041581810973,公司企业;公司;公司,170200
B0FFLAGSM9,钦州耀华坭兴陶厂,108.63763589070557,21.962425814031487,公司企业;工厂;工厂,170300
B0HKNMPIO4,广西溢鑫再生资源有限公司,108.55370699319197,21.957998389816638,公司企业;公司;公司,170200
B0K2LUOJ2T,平陆运河控制点,108.62324819248079,21.95718883315075,公司企业;公司企业;公司企业,170000
B0J3UM1IL5,广西秀鲜食品有限公司,108.54950963059741,21.954360916117402,公司企业;公司;公司,170200
B03090037M,希望电子电脑维修中心,108.61495323882643,21.959387182504802,公司企业;公司;公司,170200
B0H1ZS7ELR,广西海盾安全服务有限公司,108.66407476434773,21.954927390314037,公司企业;公司;公司,170200
B0FFLF7HR6,家好门业广东南方门厂仓库,108.57870786178783,21.964677539544308,公司企业;公司;公司,170200
B0L6PH9UP2,广西钦果农业有限公司,108.65545801652137,21.953492927187032,公司企业;公司;公司,170200
B0GRBZFIPF,钦州市洪华纸品厂,108.60221833591747,21.94823958118847,公司企业;工厂;工厂,170300
B0HKKSHM4V,广西华航新能源有限公司,108.64077421290278,21.95047914719238,公司企业;公司;公司,170200
B0I0G59I5Z,正大天成检测,108.66584233825839,21.959481187768024,公司企业;公司;公司,170200
B0FFGZ91TY,广西港基管桩有限公司,108.69884915920552,21.937997557945256,公司企业;公司;公司,170200
B0FFJHBO97,广西帝钦物资回收有限公司,108.5606634407945,21.94460628766946,公司企业;公司企业;公司企业,170000
B0K1LL3YD3,浙江大华技术股份有限公司(钦北防办事处),108.64222589604454,21.936994338638925,公司企业;公司;公司,170200
B0GU4XXW8O,广西腾海工程咨询有限公司,108.6630711055043,21.95569166612672,公司企业;公司;公司,170200
B0LKZLFXCV,广西钦州市卫贸发展有限公司,108.66457051369112,21.956418155830562,公司企业;公司;商业贸易,170207
B0MBORXXGU,定艺装饰集团-钦州分公司,108.63953093180449,21.966620836221693,公司企业;公司;广告装饰,170201
B0FFL9OWEV,广西银翼动力科技有限公司,108.6797319335211,21.907778169712895,公司企业;公司企业;公司企业,170000
B0G3AXK3SO,钦州忠泰商贸有限公司,108.59923954262257,21.936718929723416,公司企业;公司;公司,170200
B0FFH800TV,钦州金泰精密制造有限公司,108.66555912534913,21.957194638900535,公司企业;公司企业;公司企业,170000
B0HGOSW78M,八桂种苗集团钦州市苗圃基地,108.73592136470525,21.954631750905712,公司企业;农林牧渔基地;其它农林牧渔基地,170400
B0MU25DK49,京辉建设工程有限公司钦州项目部,108.68426311370997,21.934191446863444,公司企业;公司;建筑公司,170202
B0L26CF3LR,润通航运服务有限公司广西分公司,108.67506417853993,21.90292562544875,公司企业;公司;公司,170200
B0K2SL95O8,北投养护科技集团(广西)桂畅新材料科技有限公司,108.6609003767658,21.891979423502367,公司企业;公司;公司,170200
B0I35ZKCT8,广西优居装饰,108.63966865789617,21.946193878018164,公司企业;公司;广告装饰,170201
B0FFJN622D,广西泽顺检测服务有限公司,108.66344263106359,21.947494048197267,公司企业;公司企业;公司企业,170000
B0LBKHVQLD,水魔力无土栽培示范基地,108.71442936532907,21.963041396894166,公司企业;农林牧渔基地;其它农林牧渔基地,170400
B0K3XATZ09,钦州市海浔家具制造厂,108.63909509433996,21.91989923712615,公司企业;工厂;工厂,170300
B0FFL10PPH,钦州市日日鲜食品有限责任公司,108.57167277182533,21.947936587342177,公司企业;公司;公司,170200
B0HAKNECET,钦州润泉商贸有限公司,108.67587123863056,21.943769576292528,公司企业;公司;公司,170200
B0JB6CJYQF,广西润乐项目管理咨询有限公司,108.64833140996927,21.96664907110231,公司企业;公司;公司,170200
B0JUU7KIR7,中润交通统筹钦州办事处,108.67205894333556,21.910580978779727,公司企业;公司;公司,170200
B0K2YCU908,鼎艺装饰工程设计有限公司,108.6476516143393,21.9520783184154,公司企业;公司;公司,170200
B0JUKH3QQG,广西新鹏建材有限公司,108.68067384682891,21.925600918096695,公司企业;公司;公司,170200
B0FFHUY7GX,佳兴页岩砖厂,108.6495823582445,21.850547818756834,公司企业;公司企业;公司企业,170000
B0J1RYONIB,境东十里镜东十里物业,108.67675729100534,21.96090007647444,公司企业;公司;公司,170200
B0JBT7927F,钦州市钦南区鹏顺水泥预制品厂,108.66943072260396,21.90019105519207,公司企业;工厂;工厂,170300
B0HA6D956V,匠之家装饰,108.6396068110687,21.945601693907978,公司企业;公司;公司,170200
B0I3P7HOII,钦州市伟盛建筑装饰有限公司,108.64059065713374,21.94902975223481,公司企业;公司;广告装饰,170201
B0J2S5NE90,钦州天创广告白石湖店,108.63560131169734,21.93186032944066,公司企业;公司;广告装饰|生活服务;生活服务场所;生活服务场所,170201|070000
B0IA97RWP7,广西自贸区方源包装科技有限公司,108.66465027121241,21.95748951444609,公司企业;公司;公司,170200
B0L2UUEVYY,方寸装饰(富安居店),108.67635808067126,21.964002306224714,公司企业;公司;广告装饰,170201
B0JUM7INPN,钦州市鲁工建筑装饰工程有限公司,108.63569921407233,21.93005231938536,公司企业;公司;公司,170200
B0J2MAJHCF,钦州利源肉猪服务中心,108.68610970012317,21.95824760609199,公司企业;公司;公司,170200
B0MUNM1QQJ,中建科工钦州市第二中学蓬莱校区一期项目,108.6521156700946,21.952766699845657,公司企业;公司;公司,170200
B0I1JUEGT5,钦南区发展投资集团有限公司,108.64272105352353,21.953600446402067,公司企业;公司企业;公司企业,170000
B0KBFASTXA,广西科文招标有限公司(钦州分公司),108.64135901226601,21.950613261195084,公司企业;公司;公司,170200
B0I2RHQQ2Z,壹空间装饰,108.62571809706385,21.942378846069236,公司企业;公司;广告装饰,170201
B0J067PURE,钦州恒大学府物业服务中心,108.63462826380541,21.929477638655495,公司企业;公司;公司,170200
B03090MJXE,广西远方矿业有限公司,108.6952065065987,21.94227540210357,公司企业;公司;公司,170200
B0FFKLWRAC,陈丽蜂箱厂,108.63192725370037,21.928675142902264,公司企业;公司企业;公司企业,170000
B03090MIJ8,钦州市桂钦食品有限责任公司,108.61376234337102,21.94445104575225,公司企业;公司企业;公司企业,170000
B0FFLAJJGI,泰禾集团,108.65088803675711,21.940407014304462,公司企业;公司;公司,170200
B0FFLPCQS5,钦州市远鸿养殖场,108.64126114520764,21.931609348254163,公司企业;农林牧渔基地;其它农林牧渔基地,170400
B0GKT7OQFL,广西启洋装饰工程有限公司,108.5802025450494,21.96555994144479,公司企业;公司;公司,170200
B0GR1AX8WF,顺威室内装饰服务部,108.6448387426329,21.930326781814497,公司企业;公司;广告装饰,170201
B0KRUHZA9Y,顺捷创远图文广告店,108.64885862490328,21.959050523246656,公司企业;公司;广告装饰,170201
B0MAH7M5L2,广西中人网络发展有限公司钦州项目部,108.64699389222173,21.95518494562793,公司企业;公司;公司,170200
B03090M8ZE,广西南珠制药有限公司,108.60963355752726,21.967006815676815,公司企业;公司;医药公司,170203
B0H1LMHL45,湘钦钢管脚手架租赁公司,108.64345310611643,21.941764578458038,公司企业;公司;公司,170200
B0FFHT5K8T,广西百利乐生物科技有限公司,108.67946671561404,21.904536120682803,公司企业;公司企业;公司企业,170000
B0MAT5VN0D,广西钦环工程科技有限公司,108.65973617080893,21.951539003071435,公司企业;公司;公司,170200
B0LUULPE9N,瑞佳衣柜厂(营运中心),108.63335555077472,21.930963203590935,公司企业;工厂;工厂,170300
B0309003UL,中国电信股份有限公司钦州分公司长途传输局,108.61232816831475,21.959954563625782,公司企业;公司;电信公司|生活服务;电讯营业厅;中国电信营业厅,170208|070601
B0H61MPCOC,广西和展电子科技有限公司,108.64009788906796,21.964628982224628,公司企业;公司;公司,170200
B0H2KZ8P1P,广东新居缘装饰(新时代商业广场店),108.64483495270616,21.96691224103317,公司企业;公司;广告装饰|生活服务;生活服务场所;生活服务场所,170201|070000
B0JAJHPDWB,杨帆南道天津天科工程管理有限公司(平陆运河JL6标段总监办),108.64014461852528,21.886631752992848,公司企业;公司;公司,170200
B0FFFXKUCP,钦州市蓝宇电脑科技有限公司,108.61532479288172,21.95947690574447,公司企业;公司;公司,170200
B0MA3RZR4X,宅品惠装饰,108.64650541757149,21.965996943324946,公司企业;公司;广告装饰,170201
B0H1NOD4DX,钦州市友盛集装箱有限公司,108.69314841366008,21.932007898246052,公司企业;公司企业;公司企业,170000
B0FFKZ82NF,钦州雄鑫汽车维修有限公司,108.66618541851669,21.90094161713286,公司企业;公司;公司,170200
B0MAFST5XL,恒源化工,108.64330441970672,21.941720806026808,公司企业;公司;冶金化工,170205
B0L2PDQA12,广西北部湾吉丰食品有限公司,108.68065875520416,21.908036573664035,公司企业;公司;公司,170200
B03090MTUQ,钦州海豚电力服务有限公司,108.61447338086131,21.968002691006213,公司企业;公司;公司,170200
B0ID0CPKPP,窗小侠门窗,108.65172984401754,21.92627475175687,公司企业;公司;公司,170200
B0FFFOTBJ2,钦州创兴电子科技有限公司,108.615053102565,21.959759274481854,购物服务;家电电子卖场;数码电子|公司企业;公司;公司,060306|170200
B0H19CL701,钦州实隆家禽养殖有限责任公司,108.64186839766809,21.94181222699094,公司企业;农林牧渔基地;其它农林牧渔基地,170400
B0MG4LXTXT,广西港湾食品有限公司,108.68556846080544,21.947620505773983,公司企业;公司;公司,170200
B0LDPA1PY8,学友图文广告,108.62681214055036,21.946407414711626,公司企业;公司;广告装饰,170201
B0L69UVB70,广西钦州乡投科技有限公司,108.65659584950276,21.964461044312433,公司企业;公司;公司,170200
B0L3FS512B,钦州市钦龙防水装饰工程有限公司,108.62898464938654,21.94388541308848,公司企业;公司企业;公司企业,170000
B0G2MBUL16,友兵装饰(吾悦公馆A区店),108.62659447271463,21.946841894569285,公司企业;公司;广告装饰,170201
B0I337W4PI,钦州金天香食品有限公司,108.69499619209103,21.937467450111725,公司企业;公司;公司,170200
B0FFM88G0G,昌华装饰,108.60977699840245,21.955124059677534,公司企业;公司;公司,170200
B0LDHHLO5I,广西福跃农业有限公司,108.56103455766969,21.952790741965206,公司企业;公司;公司,170200
B0I1C5AS05,云境空间设计,108.63710088322443,21.94304939639946,公司企业;公司;广告装饰,170201
B0KDGAKTQD,南宁局集团有限公司沿海铁路工程建设指挥部,108.64403291920848,21.961461001603784,公司企业;公司;公司,170200
B0HG36C3P5,创兴瓷砖加工厂,108.65266470354068,21.947202048370947,购物服务;家居建材市场;建材五金市场|公司企业;工厂;工厂,060603|170300
BZ7BO5000T,钦州茅尾海收费站(G75兰海高速入口),108.58276315752998,21.9113905397455,道路附属设施;收费站;收费站,180200
B0LR1HT17W,钦州西收费站(G75兰海高速出口),108.55368552371034,21.94633478488091,道路附属设施;收费站;收费站,180200
B0LR1HRSXN,钦州西收费站(G75兰海高速入口),108.55369652536872,21.946686972472495,道路附属设施;收费站;收费站,180200
B0FFGQFSR1,金桔收费站(S43宾钦高速出口),108.73552475432697,21.913796421712757,道路附属设施;收费站;收费站,180200
BZ7BO5001G,钦州茅尾海收费站(G75兰海高速出口),108.58246006151371,21.911314347463758,道路附属设施;收费站;收费站,180200
B0FFH51ZAR,金桔收费站(S43宾钦高速入口),108.73563865785609,21.913806380528317,道路附属设施;收费站;收费站,180200
BZ7CO500AS,钦州西收费站(G75兰海高速出口),108.5534521256238,21.946302356752188,道路附属设施;收费站;收费站,180200
BZ7CO6008I,收费站(S43宾钦高速出口),108.72374842478044,21.93202342050684,道路附属设施;收费站;收费站,180200
BZ7CO6008J,收费站(S43宾钦高速入口),108.72372645558059,21.931973414864363,道路附属设施;收费站;收费站,180200
B0FFGX8PI9,钦州茅尾海收费站入口(北海方向),108.5859587964979,21.914170257083338,地名地址信息;交通地名;高速路入口,190305
B030900BRI,望海岭,108.6809247921437,21.894812798134954,地名地址信息;自然地名;山,190203
BZ7CO5009B,钦州南出口(G75兰海高速西北向),108.58260979973271,21.917746491350776,地名地址信息;交通地名;高速路出口,190304
BZ7BO50019,钦州南出口(G75兰海高速东南向),108.58081207535247,21.918831010541265,地名地址信息;交通地名;高速路出口,190304
B0JR19WFEY,北部湾大道,108.5886274264747,21.906499414320056,地名地址信息;交通地名;道路名,190301
BZ7CO50098,钦州西出口(G75兰海高速西向),108.5500963000593,21.94262643502951,地名地址信息;交通地名;高速路出口,190304
BZ7CO5004V,钦州西收费站入口(防城港方向),108.54633794778398,21.944079721077348,地名地址信息;交通地名;高速路入口,190305
BZ7CO50090,钦州西出口(G75兰海高速东向),108.54358823771565,21.94459022260565,地名地址信息;交通地名;高速路出口,190304
B0FFGTH7KN,G75兰海高速入口(南宁方向),108.58006769064357,21.920059140500545,地名地址信息;交通地名;高速路入口,190305
BZ7BO6001E,金桔出口(S43宾钦高速北向),108.73215179404258,21.914387281406114,地名地址信息;交通地名;高速路出口,190304
B03090MCR1,三马路,108.61756143979031,21.950799737257253,地名地址信息;交通地名;道路名,190301
B0FFGQH6CG,城西二街,108.61209811863594,21.966012621981438,地名地址信息;交通地名;道路名,190301
B0FFGQJJ0N,英华三巷,108.6099127017129,21.95852859384792,地名地址信息;交通地名;道路名,190301
BZ7BO6001R,钦州港收费站入口(北海方向),108.66468732305535,21.8939951806041,地名地址信息;交通地名;高速路入口,190305
B0FFGQHNCS,西门街,108.61078501407538,21.954968304611313,地名地址信息;交通地名;道路名,190301
BZ7BO50013,敏昌大街,108.62104603654578,21.90333257886319,地名地址信息;交通地名;道路名,190301
B0FFGQG0YR,凤岭七巷,108.60917326805834,21.96135641968596,地名地址信息;交通地名;道路名,190301
B0IK1RSQ9Y,大榄江,108.57650858327709,21.944243163871747,地名地址信息;自然地名;河流,190204
B0FFGQJEF5,海城五巷,108.61056035396265,21.952605332491117,地名地址信息;交通地名;道路名,190301
BZ7BO6001N,三娘湾出口(G75兰海高速西向),108.66393407980787,21.894612909827416,地名地址信息;交通地名;高速路出口,190304
B0FFGQHTST,凤岭十巷,108.60863083484665,21.96001011500344,地名地址信息;交通地名;道路名,190301
B0FFGQG3X7,海城一巷,108.61074510565592,21.953910827878413,地名地址信息;交通地名;道路名,190301
B0IA3NE1H2,安园四巷,108.64383783002432,21.951291480826463,地名地址信息;交通地名;道路名,190301
BZ7CO6009D,桃园四巷,108.64112445864684,21.95129596883214,地名地址信息;交通地名;道路名,190301
B0L2P5RFPJ,公共卫生间,108.56054411227565,21.947937701627964,公共设施;公共厕所;公共厕所,200300
B0FFKZNCKJ,公共厕所,108.6817950430725,21.92951471798501,公共设施;公共厕所;公共厕所,200300
B0FFM8R1B3,公共厕所,108.68275632049117,21.939474710534373,公共设施;公共厕所;公共厕所,200300
B0FFMBWWHO,公共厕所(GX-QZ-0049),108.70347390738705,21.959831042062003,公共设施;公共厕所;公共厕所,200300
